// automatically generated by wsjcpp:v0.7.0

#include "__data_sample_html_style_hackerdom_fonts_glyphicons_halflings_regular_svg_pathd9c0e1.h"

REGISTRY_WSJCPP_RESOURCE_FILE(RES___data_sample_html_style_hackerdom_fonts_glyphicons_halflings_regular_svg_pathd9c0e1)

const std::string &RES___data_sample_html_style_hackerdom_fonts_glyphicons_halflings_regular_svg_pathd9c0e1::getFilename() const {
  static const std::string s = "./data_sample/html/style-hackerdom/fonts/glyphicons-halflings-regular.svg";
  return s;
}
// ---------------------------------------------------------------------

const std::string &RES___data_sample_html_style_hackerdom_fonts_glyphicons_halflings_regular_svg_pathd9c0e1::getPackAs() const {
  static const std::string s = "binary";
  return s;
}
// ---------------------------------------------------------------------

int RES___data_sample_html_style_hackerdom_fonts_glyphicons_halflings_regular_svg_pathd9c0e1::getBufferSize() const {
  return 108738;
}

// ---------------------------------------------------------------------

const char *RES___data_sample_html_style_hackerdom_fonts_glyphicons_halflings_regular_svg_pathd9c0e1::getBuffer() const {
  static const unsigned char b[108738] = {
    0x3c, 0x3f, 0x78, 0x6d, 0x6c, 0x20, 0x76, 0x65, 0x72, 0x73, 0x69, 0x6f, 0x6e, 0x3d, 0x22, 0x31,
    0x2e, 0x30, 0x22, 0x20, 0x73, 0x74, 0x61, 0x6e, 0x64, 0x61, 0x6c, 0x6f, 0x6e, 0x65, 0x3d, 0x22,
    0x6e, 0x6f, 0x22, 0x3f, 0x3e, 0x0a, 0x3c, 0x21, 0x44, 0x4f, 0x43, 0x54, 0x59, 0x50, 0x45, 0x20,
    0x73, 0x76, 0x67, 0x20, 0x50, 0x55, 0x42, 0x4c, 0x49, 0x43, 0x20, 0x22, 0x2d, 0x2f, 0x2f, 0x57,
    0x33, 0x43, 0x2f, 0x2f, 0x44, 0x54, 0x44, 0x20, 0x53, 0x56, 0x47, 0x20, 0x31, 0x2e, 0x31, 0x2f,
    0x2f, 0x45, 0x4e, 0x22, 0x20, 0x22, 0x68, 0x74, 0x74, 0x70, 0x3a, 0x2f, 0x2f, 0x77, 0x77, 0x77,
    0x2e, 0x77, 0x33, 0x2e, 0x6f, 0x72, 0x67, 0x2f, 0x47, 0x72, 0x61, 0x70, 0x68, 0x69, 0x63, 0x73,
    0x2f, 0x53, 0x56, 0x47, 0x2f, 0x31, 0x2e, 0x31, 0x2f, 0x44, 0x54, 0x44, 0x2f, 0x73, 0x76, 0x67,
    0x31, 0x31, 0x2e, 0x64, 0x74, 0x64, 0x22, 0x20, 0x3e, 0x0a, 0x3c, 0x73, 0x76, 0x67, 0x20, 0x78,
    0x6d, 0x6c, 0x6e, 0x73, 0x3d, 0x22, 0x68, 0x74, 0x74, 0x70, 0x3a, 0x2f, 0x2f, 0x77, 0x77, 0x77,
    0x2e, 0x77, 0x33, 0x2e, 0x6f, 0x72, 0x67, 0x2f, 0x32, 0x30, 0x30, 0x30, 0x2f, 0x73, 0x76, 0x67,
    0x22, 0x3e, 0x0a, 0x3c, 0x6d, 0x65, 0x74, 0x61, 0x64, 0x61, 0x74, 0x61, 0x3e, 0x3c, 0x2f, 0x6d,
    0x65, 0x74, 0x61, 0x64, 0x61, 0x74, 0x61, 0x3e, 0x0a, 0x3c, 0x64, 0x65, 0x66, 0x73, 0x3e, 0x0a,
    0x3c, 0x66, 0x6f, 0x6e, 0x74, 0x20, 0x69, 0x64, 0x3d, 0x22, 0x67, 0x6c, 0x79, 0x70, 0x68, 0x69,
    0x63, 0x6f, 0x6e, 0x73, 0x5f, 0x68, 0x61, 0x6c, 0x66, 0x6c, 0x69, 0x6e, 0x67, 0x73, 0x72, 0x65,
    0x67, 0x75, 0x6c, 0x61, 0x72, 0x22, 0x20, 0x68, 0x6f, 0x72, 0x69, 0x7a, 0x2d, 0x61, 0x64, 0x76,
    0x2d, 0x78, 0x3d, 0x22, 0x31, 0x32, 0x30, 0x30, 0x22, 0x20, 0x3e, 0x0a, 0x3c, 0x66, 0x6f, 0x6e,
    0x74, 0x2d, 0x66, 0x61, 0x63, 0x65, 0x20, 0x75, 0x6e, 0x69, 0x74, 0x73, 0x2d, 0x70, 0x65, 0x72,
    0x2d, 0x65, 0x6d, 0x3d, 0x22, 0x31, 0x32, 0x30, 0x30, 0x22, 0x20, 0x61, 0x73, 0x63, 0x65, 0x6e,
    0x74, 0x3d, 0x22, 0x39, 0x36, 0x30, 0x22, 0x20, 0x64, 0x65, 0x73, 0x63, 0x65, 0x6e, 0x74, 0x3d,
    0x22, 0x2d, 0x32, 0x34, 0x30, 0x22, 0x20, 0x2f, 0x3e, 0x0a, 0x3c, 0x6d, 0x69, 0x73, 0x73, 0x69,
    0x6e, 0x67, 0x2d, 0x67, 0x6c, 0x79, 0x70, 0x68, 0x20, 0x68, 0x6f, 0x72, 0x69, 0x7a, 0x2d, 0x61,
    0x64, 0x76, 0x2d, 0x78, 0x3d, 0x22, 0x35, 0x30, 0x30, 0x22, 0x20, 0x2f, 0x3e, 0x0a, 0x3c, 0x67,
    0x6c, 0x79, 0x70, 0x68, 0x20, 0x68, 0x6f, 0x72, 0x69, 0x7a, 0x2d, 0x61, 0x64, 0x76, 0x2d, 0x78,
    0x3d, 0x22, 0x30, 0x22, 0x20, 0x2f, 0x3e, 0x0a, 0x3c, 0x67, 0x6c, 0x79, 0x70, 0x68, 0x20, 0x68,
    0x6f, 0x72, 0x69, 0x7a, 0x2d, 0x61, 0x64, 0x76, 0x2d, 0x78, 0x3d, 0x22, 0x34, 0x30, 0x30, 0x22,
    0x20, 0x2f, 0x3e, 0x0a, 0x3c, 0x67, 0x6c, 0x79, 0x70, 0x68, 0x20, 0x75, 0x6e, 0x69, 0x63, 0x6f,
    0x64, 0x65, 0x3d, 0x22, 0x20, 0x22, 0x20, 0x2f, 0x3e, 0x0a, 0x3c, 0x67, 0x6c, 0x79, 0x70, 0x68,
    0x20, 0x75, 0x6e, 0x69, 0x63, 0x6f, 0x64, 0x65, 0x3d, 0x22, 0x2a, 0x22, 0x20, 0x64, 0x3d, 0x22,
    0x4d, 0x36, 0x30, 0x30, 0x20, 0x31, 0x31, 0x30, 0x30, 0x71, 0x31, 0x35, 0x20, 0x30, 0x20, 0x33,
    0x34, 0x20, 0x2d, 0x31, 0x2e, 0x35, 0x74, 0x33, 0x30, 0x20, 0x2d, 0x33, 0x2e, 0x35, 0x6c, 0x31,
    0x31, 0x20, 0x2d, 0x31, 0x71, 0x31, 0x30, 0x20, 0x2d, 0x32, 0x20, 0x31, 0x37, 0x2e, 0x35, 0x20,
    0x2d, 0x31, 0x30, 0x2e, 0x35, 0x74, 0x37, 0x2e, 0x35, 0x20, 0x2d, 0x31, 0x38, 0x2e, 0x35, 0x76,
    0x2d, 0x32, 0x32, 0x34, 0x6c, 0x31, 0x35, 0x38, 0x20, 0x31, 0x35, 0x38, 0x71, 0x37, 0x20, 0x37,
    0x20, 0x31, 0x38, 0x20, 0x38, 0x74, 0x31, 0x39, 0x20, 0x2d, 0x36, 0x6c, 0x31, 0x30, 0x36, 0x20,
    0x2d, 0x31, 0x30, 0x36, 0x71, 0x37, 0x20, 0x2d, 0x38, 0x20, 0x36, 0x20, 0x2d, 0x31, 0x39, 0x74,
    0x2d, 0x38, 0x20, 0x2d, 0x31, 0x38, 0x6c, 0x2d, 0x31, 0x35, 0x38, 0x20, 0x2d, 0x31, 0x35, 0x38,
    0x68, 0x32, 0x32, 0x34, 0x71, 0x31, 0x30, 0x20, 0x30, 0x20, 0x31, 0x38, 0x2e, 0x35, 0x20, 0x2d,
    0x37, 0x2e, 0x35, 0x74, 0x31, 0x30, 0x2e, 0x35, 0x20, 0x2d, 0x31, 0x37, 0x2e, 0x35, 0x71, 0x36,
    0x20, 0x2d, 0x34, 0x31, 0x20, 0x36, 0x20, 0x2d, 0x37, 0x35, 0x71, 0x30, 0x20, 0x2d, 0x31, 0x35,
    0x20, 0x2d, 0x31, 0x2e, 0x35, 0x20, 0x2d, 0x33, 0x34, 0x74, 0x2d, 0x33, 0x2e, 0x35, 0x20, 0x2d,
    0x33, 0x30, 0x6c, 0x2d, 0x31, 0x20, 0x2d, 0x31, 0x31, 0x71, 0x2d, 0x32, 0x20, 0x2d, 0x31, 0x30,
    0x20, 0x2d, 0x31, 0x30, 0x2e, 0x35, 0x20, 0x2d, 0x31, 0x37, 0x2e, 0x35, 0x74, 0x2d, 0x31, 0x38,
    0x2e, 0x35, 0x20, 0x2d, 0x37, 0x2e, 0x35, 0x68, 0x2d, 0x32, 0x32, 0x34, 0x6c, 0x31, 0x35, 0x38,
    0x20, 0x2d, 0x31, 0x35, 0x38, 0x20, 0x71, 0x37, 0x20, 0x2d, 0x37, 0x20, 0x38, 0x20, 0x2d, 0x31,
    0x38, 0x74, 0x2d, 0x36, 0x20, 0x2d, 0x31, 0x39, 0x6c, 0x2d, 0x31, 0x30, 0x36, 0x20, 0x2d, 0x31,
    0x30, 0x36, 0x71, 0x2d, 0x38, 0x20, 0x2d, 0x37, 0x20, 0x2d, 0x31, 0x39, 0x20, 0x2d, 0x36, 0x74,
    0x2d, 0x31, 0x38, 0x20, 0x38, 0x6c, 0x2d, 0x31, 0x35, 0x38, 0x20, 0x31, 0x35, 0x38, 0x76, 0x2d,
    0x32, 0x32, 0x34, 0x71, 0x30, 0x20, 0x2d, 0x31, 0x30, 0x20, 0x2d, 0x37, 0x2e, 0x35, 0x20, 0x2d,
    0x31, 0x38, 0x2e, 0x35, 0x74, 0x2d, 0x31, 0x37, 0x2e, 0x35, 0x20, 0x2d, 0x31, 0x30, 0x2e, 0x35,
    0x71, 0x2d, 0x34, 0x31, 0x20, 0x2d, 0x36, 0x20, 0x2d, 0x37, 0x35, 0x20, 0x2d, 0x36, 0x71, 0x2d,
    0x31, 0x35, 0x20, 0x30, 0x20, 0x2d, 0x33, 0x34, 0x20, 0x31, 0x2e, 0x35, 0x74, 0x2d, 0x33, 0x30,
    0x20, 0x33, 0x2e, 0x35, 0x6c, 0x2d, 0x31, 0x31, 0x20, 0x31, 0x71, 0x2d, 0x31, 0x30, 0x20, 0x32,
    0x20, 0x2d, 0x31, 0x37, 0x2e, 0x35, 0x20, 0x31, 0x30, 0x2e, 0x35, 0x74, 0x2d, 0x37, 0x2e, 0x35,
    0x20, 0x31, 0x38, 0x2e, 0x35, 0x76, 0x32, 0x32, 0x34, 0x6c, 0x2d, 0x31, 0x35, 0x38, 0x20, 0x2d,
    0x31, 0x35, 0x38, 0x71, 0x2d, 0x37, 0x20, 0x2d, 0x37, 0x20, 0x2d, 0x31, 0x38, 0x20, 0x2d, 0x38,
    0x74, 0x2d, 0x31, 0x39, 0x20, 0x36, 0x6c, 0x2d, 0x31, 0x30, 0x36, 0x20, 0x31, 0x30, 0x36, 0x71,
    0x2d, 0x37, 0x20, 0x38, 0x20, 0x2d, 0x36, 0x20, 0x31, 0x39, 0x74, 0x38, 0x20, 0x31, 0x38, 0x6c,
    0x31, 0x35, 0x38, 0x20, 0x31, 0x35, 0x38, 0x68, 0x2d, 0x32, 0x32, 0x34, 0x71, 0x2d, 0x31, 0x30,
    0x20, 0x30, 0x20, 0x2d, 0x31, 0x38, 0x2e, 0x35, 0x20, 0x37, 0x2e, 0x35, 0x20, 0x74, 0x2d, 0x31,
    0x30, 0x2e, 0x35, 0x20, 0x31, 0x37, 0x2e, 0x35, 0x71, 0x2d, 0x36, 0x20, 0x34, 0x31, 0x20, 0x2d,
    0x36, 0x20, 0x37, 0x35, 0x71, 0x30, 0x20, 0x31, 0x35, 0x20, 0x31, 0x2e, 0x35, 0x20, 0x33, 0x34,
    0x74, 0x33, 0x2e, 0x35, 0x20, 0x33, 0x30, 0x6c, 0x31, 0x20, 0x31, 0x31, 0x71, 0x32, 0x20, 0x31,
    0x30, 0x20, 0x31, 0x30, 0x2e, 0x35, 0x20, 0x31, 0x37, 0x2e, 0x35, 0x74, 0x31, 0x38, 0x2e, 0x35,
    0x20, 0x37, 0x2e, 0x35, 0x68, 0x32, 0x32, 0x34, 0x6c, 0x2d, 0x31, 0x35, 0x38, 0x20, 0x31, 0x35,
    0x38, 0x71, 0x2d, 0x37, 0x20, 0x37, 0x20, 0x2d, 0x38, 0x20, 0x31, 0x38, 0x74, 0x36, 0x20, 0x31,
    0x39, 0x6c, 0x31, 0x30, 0x36, 0x20, 0x31, 0x30, 0x36, 0x71, 0x38, 0x20, 0x37, 0x20, 0x31, 0x39,
    0x20, 0x36, 0x74, 0x31, 0x38, 0x20, 0x2d, 0x38, 0x6c, 0x31, 0x35, 0x38, 0x20, 0x2d, 0x31, 0x35,
    0x38, 0x76, 0x32, 0x32, 0x34, 0x71, 0x30, 0x20, 0x31, 0x30, 0x20, 0x37, 0x2e, 0x35, 0x20, 0x31,
    0x38, 0x2e, 0x35, 0x74, 0x31, 0x37, 0x2e, 0x35, 0x20, 0x31, 0x30, 0x2e, 0x35, 0x71, 0x34, 0x31,
    0x20, 0x36, 0x20, 0x37, 0x35, 0x20, 0x36, 0x7a, 0x22, 0x20, 0x2f, 0x3e, 0x0a, 0x3c, 0x67, 0x6c,
    0x79, 0x70, 0x68, 0x20, 0x75, 0x6e, 0x69, 0x63, 0x6f, 0x64, 0x65, 0x3d, 0x22, 0x2b, 0x22, 0x20,
    0x64, 0x3d, 0x22, 0x4d, 0x34, 0x35, 0x30, 0x20, 0x31, 0x31, 0x30, 0x30, 0x68, 0x32, 0x30, 0x30,
    0x71, 0x32, 0x31, 0x20, 0x30, 0x20, 0x33, 0x35, 0x2e, 0x35, 0x20, 0x2d, 0x31, 0x34, 0x2e, 0x35,
    0x74, 0x31, 0x34, 0x2e, 0x35, 0x20, 0x2d, 0x33, 0x35, 0x2e, 0x35, 0x76, 0x2d, 0x33, 0x35, 0x30,
    0x68, 0x33, 0x35, 0x30, 0x71, 0x32, 0x31, 0x20, 0x30, 0x20, 0x33, 0x35, 0x2e, 0x35, 0x20, 0x2d,
    0x31, 0x34, 0x2e, 0x35, 0x74, 0x31, 0x34, 0x2e, 0x35, 0x20, 0x2d, 0x33, 0x35, 0x2e, 0x35, 0x76,
    0x2d, 0x32, 0x30, 0x30, 0x71, 0x30, 0x20, 0x2d, 0x32, 0x31, 0x20, 0x2d, 0x31, 0x34, 0x2e, 0x35,
    0x20, 0x2d, 0x33, 0x35, 0x2e, 0x35, 0x74, 0x2d, 0x33, 0x35, 0x2e, 0x35, 0x20, 0x2d, 0x31, 0x34,
    0x2e, 0x35, 0x68, 0x2d, 0x33, 0x35, 0x30, 0x76, 0x2d, 0x33, 0x35, 0x30, 0x71, 0x30, 0x20, 0x2d,
    0x32, 0x31, 0x20, 0x2d, 0x31, 0x34, 0x2e, 0x35, 0x20, 0x2d, 0x33, 0x35, 0x2e, 0x35, 0x74, 0x2d,
    0x33, 0x35, 0x2e, 0x35, 0x20, 0x2d, 0x31, 0x34, 0x2e, 0x35, 0x68, 0x2d, 0x32, 0x30, 0x30, 0x71,
    0x2d, 0x32, 0x31, 0x20, 0x30, 0x20, 0x2d, 0x33, 0x35, 0x2e, 0x35, 0x20, 0x31, 0x34, 0x2e, 0x35,
    0x74, 0x2d, 0x31, 0x34, 0x2e, 0x35, 0x20, 0x33, 0x35, 0x2e, 0x35, 0x76, 0x33, 0x35, 0x30, 0x68,
    0x2d, 0x33, 0x35, 0x30, 0x71, 0x2d, 0x32, 0x31, 0x20, 0x30, 0x20, 0x2d, 0x33, 0x35, 0x2e, 0x35,
    0x20, 0x31, 0x34, 0x2e, 0x35, 0x74, 0x2d, 0x31, 0x34, 0x2e, 0x35, 0x20, 0x33, 0x35, 0x2e, 0x35,
    0x76, 0x32, 0x30, 0x30, 0x71, 0x30, 0x20, 0x32, 0x31, 0x20, 0x31, 0x34, 0x2e, 0x35, 0x20, 0x33,
    0x35, 0x2e, 0x35, 0x74, 0x33, 0x35, 0x2e, 0x35, 0x20, 0x31, 0x34, 0x2e, 0x35, 0x20, 0x68, 0x33,
    0x35, 0x30, 0x76, 0x33, 0x35, 0x30, 0x71, 0x30, 0x20, 0x32, 0x31, 0x20, 0x31, 0x34, 0x2e, 0x35,
    0x20, 0x33, 0x35, 0x2e, 0x35, 0x74, 0x33, 0x35, 0x2e, 0x35, 0x20, 0x31, 0x34, 0x2e, 0x35, 0x7a,
    0x22, 0x20, 0x2f, 0x3e, 0x0a, 0x3c, 0x67, 0x6c, 0x79, 0x70, 0x68, 0x20, 0x75, 0x6e, 0x69, 0x63,
    0x6f, 0x64, 0x65, 0x3d, 0x22, 0x26, 0x23, 0x78, 0x61, 0x30, 0x3b, 0x22, 0x20, 0x2f, 0x3e, 0x0a,
    0x3c, 0x67, 0x6c, 0x79, 0x70, 0x68, 0x20, 0x75, 0x6e, 0x69, 0x63, 0x6f, 0x64, 0x65, 0x3d, 0x22,
    0x26, 0x23, 0x78, 0x61, 0x35, 0x3b, 0x22, 0x20, 0x64, 0x3d, 0x22, 0x4d, 0x38, 0x32, 0x35, 0x20,
    0x31, 0x31, 0x30, 0x30, 0x68, 0x32, 0x35, 0x30, 0x71, 0x31, 0x30, 0x20, 0x30, 0x20, 0x31, 0x32,
    0x2e, 0x35, 0x20, 0x2d, 0x35, 0x74, 0x2d, 0x35, 0x2e, 0x35, 0x20, 0x2d, 0x31, 0x33, 0x6c, 0x2d,
    0x33, 0x36, 0x34, 0x20, 0x2d, 0x33, 0x36, 0x34, 0x71, 0x2d, 0x36, 0x20, 0x2d, 0x36, 0x20, 0x2d,
    0x31, 0x31, 0x20, 0x2d, 0x31, 0x38, 0x68, 0x32, 0x36, 0x38, 0x71, 0x31, 0x30, 0x20, 0x30, 0x20,
    0x31, 0x33, 0x20, 0x2d, 0x36, 0x74, 0x2d, 0x33, 0x20, 0x2d, 0x31, 0x34, 0x6c, 0x2d, 0x31, 0x32,
    0x30, 0x20, 0x2d, 0x31, 0x36, 0x30, 0x71, 0x2d, 0x36, 0x20, 0x2d, 0x38, 0x20, 0x2d, 0x31, 0x38,
    0x20, 0x2d, 0x31, 0x34, 0x74, 0x2d, 0x32, 0x32, 0x20, 0x2d, 0x36, 0x68, 0x2d, 0x31, 0x32, 0x35,
    0x76, 0x2d, 0x31, 0x30, 0x30, 0x68, 0x32, 0x37, 0x35, 0x71, 0x31, 0x30, 0x20, 0x30, 0x20, 0x31,
    0x33, 0x20, 0x2d, 0x36, 0x74, 0x2d, 0x33, 0x20, 0x2d, 0x31, 0x34, 0x6c, 0x2d, 0x31, 0x32, 0x30,
    0x20, 0x2d, 0x31, 0x36, 0x30, 0x71, 0x2d, 0x36, 0x20, 0x2d, 0x38, 0x20, 0x2d, 0x31, 0x38, 0x20,
    0x2d, 0x31, 0x34, 0x74, 0x2d, 0x32, 0x32, 0x20, 0x2d, 0x36, 0x68, 0x2d, 0x31, 0x32, 0x35, 0x76,
    0x2d, 0x31, 0x37, 0x34, 0x71, 0x30, 0x20, 0x2d, 0x31, 0x31, 0x20, 0x2d, 0x37, 0x2e, 0x35, 0x20,
    0x2d, 0x31, 0x38, 0x2e, 0x35, 0x74, 0x2d, 0x31, 0x38, 0x2e, 0x35, 0x20, 0x2d, 0x37, 0x2e, 0x35,
    0x68, 0x2d, 0x31, 0x34, 0x38, 0x71, 0x2d, 0x31, 0x31, 0x20, 0x30, 0x20, 0x2d, 0x31, 0x38, 0x2e,
    0x35, 0x20, 0x37, 0x2e, 0x35, 0x74, 0x2d, 0x37, 0x2e, 0x35, 0x20, 0x31, 0x38, 0x2e, 0x35, 0x76,
    0x31, 0x37, 0x34, 0x20, 0x68, 0x2d, 0x32, 0x37, 0x35, 0x71, 0x2d, 0x31, 0x30, 0x20, 0x30, 0x20,
    0x2d, 0x31, 0x33, 0x20, 0x36, 0x74, 0x33, 0x20, 0x31, 0x34, 0x6c, 0x31, 0x32, 0x30, 0x20, 0x31,
    0x36, 0x30, 0x71, 0x36, 0x20, 0x38, 0x20, 0x31, 0x38, 0x20, 0x31, 0x34, 0x74, 0x32, 0x32, 0x20,
    0x36, 0x68, 0x31, 0x32, 0x35, 0x76, 0x31, 0x30, 0x30, 0x68, 0x2d, 0x32, 0x37, 0x35, 0x71, 0x2d,
    0x31, 0x30, 0x20, 0x30, 0x20, 0x2d, 0x31, 0x33, 0x20, 0x36, 0x74, 0x33, 0x20, 0x31, 0x34, 0x6c,
    0x31, 0x32, 0x30, 0x20, 0x31, 0x36, 0x30, 0x71, 0x36, 0x20, 0x38, 0x20, 0x31, 0x38, 0x20, 0x31,
    0x34, 0x74, 0x32, 0x32, 0x20, 0x36, 0x68, 0x31, 0x31, 0x38, 0x71, 0x2d, 0x35, 0x20, 0x31, 0x32,
    0x20, 0x2d, 0x31, 0x31, 0x20, 0x31, 0x38, 0x6c, 0x2d, 0x33, 0x36, 0x34, 0x20, 0x33, 0x36, 0x34,
    0x71, 0x2d, 0x38, 0x20, 0x38, 0x20, 0x2d, 0x35, 0x2e, 0x35, 0x20, 0x31, 0x33, 0x74, 0x31, 0x32,
    0x2e, 0x35, 0x20, 0x35, 0x68, 0x32, 0x35, 0x30, 0x71, 0x32, 0x35, 0x20, 0x30, 0x20, 0x34, 0x33,
    0x20, 0x2d, 0x31, 0x38, 0x6c, 0x31, 0x36, 0x34, 0x20, 0x2d, 0x31, 0x36, 0x34, 0x71, 0x38, 0x20,
    0x2d, 0x38, 0x20, 0x31, 0x38, 0x20, 0x2d, 0x38, 0x74, 0x31, 0x38, 0x20, 0x38, 0x6c, 0x31, 0x36,
    0x34, 0x20, 0x31, 0x36, 0x34, 0x71, 0x31, 0x38, 0x20, 0x31, 0x38, 0x20, 0x34, 0x33, 0x20, 0x31,
    0x38, 0x7a, 0x22, 0x20, 0x2f, 0x3e, 0x0a, 0x3c, 0x67, 0x6c, 0x79, 0x70, 0x68, 0x20, 0x75, 0x6e,
    0x69, 0x63, 0x6f, 0x64, 0x65, 0x3d, 0x22, 0x26, 0x23, 0x78, 0x32, 0x30, 0x30, 0x30, 0x3b, 0x22,
    0x20, 0x68, 0x6f, 0x72, 0x69, 0x7a, 0x2d, 0x61, 0x64, 0x76, 0x2d, 0x78, 0x3d, 0x22, 0x36, 0x35,
    0x30, 0x22, 0x20, 0x2f, 0x3e, 0x0a, 0x3c, 0x67, 0x6c, 0x79, 0x70, 0x68, 0x20, 0x75, 0x6e, 0x69,
    0x63, 0x6f, 0x64, 0x65, 0x3d, 0x22, 0x26, 0x23, 0x78, 0x32, 0x30, 0x30, 0x31, 0x3b, 0x22, 0x20,
    0x68, 0x6f, 0x72, 0x69, 0x7a, 0x2d, 0x61, 0x64, 0x76, 0x2d, 0x78, 0x3d, 0x22, 0x31, 0x33, 0x30,
    0x30, 0x22, 0x20, 0x2f, 0x3e, 0x0a, 0x3c, 0x67, 0x6c, 0x79, 0x70, 0x68, 0x20, 0x75, 0x6e, 0x69,
    0x63, 0x6f, 0x64, 0x65, 0x3d, 0x22, 0x26, 0x23, 0x78, 0x32, 0x30, 0x30, 0x32, 0x3b, 0x22, 0x20,
    0x68, 0x6f, 0x72, 0x69, 0x7a, 0x2d, 0x61, 0x64, 0x76, 0x2d, 0x78, 0x3d, 0x22, 0x36, 0x35, 0x30,
    0x22, 0x20, 0x2f, 0x3e, 0x0a, 0x3c, 0x67, 0x6c, 0x79, 0x70, 0x68, 0x20, 0x75, 0x6e, 0x69, 0x63,
    0x6f, 0x64, 0x65, 0x3d, 0x22, 0x26, 0x23, 0x78, 0x32, 0x30, 0x30, 0x33, 0x3b, 0x22, 0x20, 0x68,
    0x6f, 0x72, 0x69, 0x7a, 0x2d, 0x61, 0x64, 0x76, 0x2d, 0x78, 0x3d, 0x22, 0x31, 0x33, 0x30, 0x30,
    0x22, 0x20, 0x2f, 0x3e, 0x0a, 0x3c, 0x67, 0x6c, 0x79, 0x70, 0x68, 0x20, 0x75, 0x6e, 0x69, 0x63,
    0x6f, 0x64, 0x65, 0x3d, 0x22, 0x26, 0x23, 0x78, 0x32, 0x30, 0x30, 0x34, 0x3b, 0x22, 0x20, 0x68,
    0x6f, 0x72, 0x69, 0x7a, 0x2d, 0x61, 0x64, 0x76, 0x2d, 0x78, 0x3d, 0x22, 0x34, 0x33, 0x33, 0x22,
    0x20, 0x2f, 0x3e, 0x0a, 0x3c, 0x67, 0x6c, 0x79, 0x70, 0x68, 0x20, 0x75, 0x6e, 0x69, 0x63, 0x6f,
    0x64, 0x65, 0x3d, 0x22, 0x26, 0x23, 0x78, 0x32, 0x30, 0x30, 0x35, 0x3b, 0x22, 0x20, 0x68, 0x6f,
    0x72, 0x69, 0x7a, 0x2d, 0x61, 0x64, 0x76, 0x2d, 0x78, 0x3d, 0x22, 0x33, 0x32, 0x35, 0x22, 0x20,
    0x2f, 0x3e, 0x0a, 0x3c, 0x67, 0x6c, 0x79, 0x70, 0x68, 0x20, 0x75, 0x6e, 0x69, 0x63, 0x6f, 0x64,
    0x65, 0x3d, 0x22, 0x26, 0x23, 0x78, 0x32, 0x30, 0x30, 0x36, 0x3b, 0x22, 0x20, 0x68, 0x6f, 0x72,
    0x69, 0x7a, 0x2d, 0x61, 0x64, 0x76, 0x2d, 0x78, 0x3d, 0x22, 0x32, 0x31, 0x36, 0x22, 0x20, 0x2f,
    0x3e, 0x0a, 0x3c, 0x67, 0x6c, 0x79, 0x70, 0x68, 0x20, 0x75, 0x6e, 0x69, 0x63, 0x6f, 0x64, 0x65,
    0x3d, 0x22, 0x26, 0x23, 0x78, 0x32, 0x30, 0x30, 0x37, 0x3b, 0x22, 0x20, 0x68, 0x6f, 0x72, 0x69,
    0x7a, 0x2d, 0x61, 0x64, 0x76, 0x2d, 0x78, 0x3d, 0x22, 0x32, 0x31, 0x36, 0x22, 0x20, 0x2f, 0x3e,
    0x0a, 0x3c, 0x67, 0x6c, 0x79, 0x70, 0x68, 0x20, 0x75, 0x6e, 0x69, 0x63, 0x6f, 0x64, 0x65, 0x3d,
    0x22, 0x26, 0x23, 0x78, 0x32, 0x30, 0x30, 0x38, 0x3b, 0x22, 0x20, 0x68, 0x6f, 0x72, 0x69, 0x7a,
    0x2d, 0x61, 0x64, 0x76, 0x2d, 0x78, 0x3d, 0x22, 0x31, 0x36, 0x32, 0x22, 0x20, 0x2f, 0x3e, 0x0a,
    0x3c, 0x67, 0x6c, 0x79, 0x70, 0x68, 0x20, 0x75, 0x6e, 0x69, 0x63, 0x6f, 0x64, 0x65, 0x3d, 0x22,
    0x26, 0x23, 0x78, 0x32, 0x30, 0x30, 0x39, 0x3b, 0x22, 0x20, 0x68, 0x6f, 0x72, 0x69, 0x7a, 0x2d,
    0x61, 0x64, 0x76, 0x2d, 0x78, 0x3d, 0x22, 0x32, 0x36, 0x30, 0x22, 0x20, 0x2f, 0x3e, 0x0a, 0x3c,
    0x67, 0x6c, 0x79, 0x70, 0x68, 0x20, 0x75, 0x6e, 0x69, 0x63, 0x6f, 0x64, 0x65, 0x3d, 0x22, 0x26,
    0x23, 0x78, 0x32, 0x30, 0x30, 0x61, 0x3b, 0x22, 0x20, 0x68, 0x6f, 0x72, 0x69, 0x7a, 0x2d, 0x61,
    0x64, 0x76, 0x2d, 0x78, 0x3d, 0x22, 0x37, 0x32, 0x22, 0x20, 0x2f, 0x3e, 0x0a, 0x3c, 0x67, 0x6c,
    0x79, 0x70, 0x68, 0x20, 0x75, 0x6e, 0x69, 0x63, 0x6f, 0x64, 0x65, 0x3d, 0x22, 0x26, 0x23, 0x78,
    0x32, 0x30, 0x32, 0x66, 0x3b, 0x22, 0x20, 0x68, 0x6f, 0x72, 0x69, 0x7a, 0x2d, 0x61, 0x64, 0x76,
    0x2d, 0x78, 0x3d, 0x22, 0x32, 0x36, 0x30, 0x22, 0x20, 0x2f, 0x3e, 0x0a, 0x3c, 0x67, 0x6c, 0x79,
    0x70, 0x68, 0x20, 0x75, 0x6e, 0x69, 0x63, 0x6f, 0x64, 0x65, 0x3d, 0x22, 0x26, 0x23, 0x78, 0x32,
    0x30, 0x35, 0x66, 0x3b, 0x22, 0x20, 0x68, 0x6f, 0x72, 0x69, 0x7a, 0x2d, 0x61, 0x64, 0x76, 0x2d,
    0x78, 0x3d, 0x22, 0x33, 0x32, 0x35, 0x22, 0x20, 0x2f, 0x3e, 0x0a, 0x3c, 0x67, 0x6c, 0x79, 0x70,
    0x68, 0x20, 0x75, 0x6e, 0x69, 0x63, 0x6f, 0x64, 0x65, 0x3d, 0x22, 0x26, 0x23, 0x78, 0x32, 0x30,
    0x61, 0x63, 0x3b, 0x22, 0x20, 0x64, 0x3d, 0x22, 0x4d, 0x37, 0x34, 0x34, 0x20, 0x31, 0x31, 0x39,
    0x38, 0x71, 0x32, 0x34, 0x32, 0x20, 0x30, 0x20, 0x33, 0x35, 0x34, 0x20, 0x2d, 0x31, 0x38, 0x39,
    0x71, 0x36, 0x30, 0x20, 0x2d, 0x31, 0x30, 0x34, 0x20, 0x36, 0x36, 0x20, 0x2d, 0x32, 0x30, 0x39,
    0x68, 0x2d, 0x31, 0x38, 0x31, 0x71, 0x30, 0x20, 0x34, 0x35, 0x20, 0x2d, 0x31, 0x37, 0x2e, 0x35,
    0x20, 0x38, 0x32, 0x2e, 0x35, 0x74, 0x2d, 0x34, 0x33, 0x2e, 0x35, 0x20, 0x36, 0x31, 0x2e, 0x35,
    0x74, 0x2d, 0x35, 0x38, 0x20, 0x34, 0x30, 0x2e, 0x35, 0x74, 0x2d, 0x36, 0x30, 0x2e, 0x35, 0x20,
    0x32, 0x34, 0x74, 0x2d, 0x35, 0x31, 0x2e, 0x35, 0x20, 0x37, 0x2e, 0x35, 0x71, 0x2d, 0x31, 0x39,
    0x20, 0x30, 0x20, 0x2d, 0x34, 0x30, 0x2e, 0x35, 0x20, 0x2d, 0x35, 0x2e, 0x35, 0x74, 0x2d, 0x34,
    0x39, 0x2e, 0x35, 0x20, 0x2d, 0x32, 0x30, 0x2e, 0x35, 0x74, 0x2d, 0x35, 0x33, 0x20, 0x2d, 0x33,
    0x38, 0x74, 0x2d, 0x34, 0x39, 0x20, 0x2d, 0x36, 0x32, 0x2e, 0x35, 0x74, 0x2d, 0x33, 0x39, 0x20,
    0x2d, 0x38, 0x39, 0x2e, 0x35, 0x68, 0x33, 0x37, 0x39, 0x6c, 0x2d, 0x31, 0x30, 0x30, 0x20, 0x2d,
    0x31, 0x30, 0x30, 0x68, 0x2d, 0x33, 0x30, 0x30, 0x71, 0x2d, 0x36, 0x20, 0x2d, 0x35, 0x30, 0x20,
    0x2d, 0x36, 0x20, 0x2d, 0x31, 0x30, 0x30, 0x68, 0x34, 0x30, 0x36, 0x6c, 0x2d, 0x31, 0x30, 0x30,
    0x20, 0x2d, 0x31, 0x30, 0x30, 0x68, 0x2d, 0x33, 0x30, 0x30, 0x71, 0x39, 0x20, 0x2d, 0x37, 0x34,
    0x20, 0x33, 0x33, 0x20, 0x2d, 0x31, 0x33, 0x32, 0x74, 0x35, 0x32, 0x2e, 0x35, 0x20, 0x2d, 0x39,
    0x31, 0x74, 0x36, 0x31, 0x2e, 0x35, 0x20, 0x2d, 0x35, 0x34, 0x2e, 0x35, 0x74, 0x35, 0x39, 0x20,
    0x2d, 0x32, 0x39, 0x20, 0x74, 0x34, 0x37, 0x20, 0x2d, 0x37, 0x2e, 0x35, 0x71, 0x32, 0x32, 0x20,
    0x30, 0x20, 0x35, 0x30, 0x2e, 0x35, 0x20, 0x37, 0x2e, 0x35, 0x74, 0x36, 0x30, 0x2e, 0x35, 0x20,
    0x32, 0x34, 0x2e, 0x35, 0x74, 0x35, 0x38, 0x20, 0x34, 0x31, 0x74, 0x34, 0x33, 0x2e, 0x35, 0x20,
    0x36, 0x31, 0x74, 0x31, 0x37, 0x2e, 0x35, 0x20, 0x38, 0x30, 0x68, 0x31, 0x37, 0x34, 0x71, 0x2d,
    0x33, 0x30, 0x20, 0x2d, 0x31, 0x37, 0x31, 0x20, 0x2d, 0x31, 0x32, 0x38, 0x20, 0x2d, 0x32, 0x37,
    0x38, 0x71, 0x2d, 0x31, 0x30, 0x37, 0x20, 0x2d, 0x31, 0x31, 0x37, 0x20, 0x2d, 0x32, 0x37, 0x34,
    0x20, 0x2d, 0x31, 0x31, 0x37, 0x71, 0x2d, 0x32, 0x30, 0x36, 0x20, 0x30, 0x20, 0x2d, 0x33, 0x32,
    0x34, 0x20, 0x31, 0x35, 0x38, 0x71, 0x2d, 0x33, 0x36, 0x20, 0x34, 0x38, 0x20, 0x2d, 0x36, 0x39,
    0x20, 0x31, 0x33, 0x33, 0x74, 0x2d, 0x34, 0x35, 0x20, 0x32, 0x30, 0x34, 0x68, 0x2d, 0x32, 0x31,
    0x37, 0x6c, 0x31, 0x30, 0x30, 0x20, 0x31, 0x30, 0x30, 0x68, 0x31, 0x31, 0x32, 0x71, 0x31, 0x20,
    0x34, 0x37, 0x20, 0x36, 0x20, 0x31, 0x30, 0x30, 0x68, 0x2d, 0x32, 0x31, 0x38, 0x6c, 0x31, 0x30,
    0x30, 0x20, 0x31, 0x30, 0x30, 0x68, 0x31, 0x33, 0x34, 0x71, 0x32, 0x30, 0x20, 0x38, 0x37, 0x20,
    0x35, 0x31, 0x20, 0x31, 0x35, 0x33, 0x2e, 0x35, 0x74, 0x36, 0x32, 0x20, 0x31, 0x30, 0x33, 0x2e,
    0x35, 0x71, 0x31, 0x31, 0x37, 0x20, 0x31, 0x34, 0x31, 0x20, 0x32, 0x39, 0x37, 0x20, 0x31, 0x34,
    0x31, 0x7a, 0x22, 0x20, 0x2f, 0x3e, 0x0a, 0x3c, 0x67, 0x6c, 0x79, 0x70, 0x68, 0x20, 0x75, 0x6e,
    0x69, 0x63, 0x6f, 0x64, 0x65, 0x3d, 0x22, 0x26, 0x23, 0x78, 0x32, 0x30, 0x62, 0x64, 0x3b, 0x22,
    0x20, 0x64, 0x3d, 0x22, 0x4d, 0x34, 0x32, 0x38, 0x20, 0x31, 0x32, 0x30, 0x30, 0x68, 0x33, 0x35,
    0x30, 0x71, 0x36, 0x37, 0x20, 0x30, 0x20, 0x31, 0x32, 0x30, 0x20, 0x2d, 0x31, 0x33, 0x74, 0x38,
    0x36, 0x20, 0x2d, 0x33, 0x31, 0x74, 0x35, 0x37, 0x20, 0x2d, 0x34, 0x39, 0x2e, 0x35, 0x74, 0x33,
    0x35, 0x20, 0x2d, 0x35, 0x36, 0x2e, 0x35, 0x74, 0x31, 0x37, 0x20, 0x2d, 0x36, 0x34, 0x2e, 0x35,
    0x74, 0x36, 0x2e, 0x35, 0x20, 0x2d, 0x36, 0x30, 0x2e, 0x35, 0x74, 0x30, 0x2e, 0x35, 0x20, 0x2d,
    0x35, 0x37, 0x76, 0x2d, 0x31, 0x36, 0x2e, 0x35, 0x76, 0x2d, 0x31, 0x36, 0x2e, 0x35, 0x71, 0x30,
    0x20, 0x2d, 0x33, 0x36, 0x20, 0x2d, 0x30, 0x2e, 0x35, 0x20, 0x2d, 0x35, 0x37, 0x74, 0x2d, 0x36,
    0x2e, 0x35, 0x20, 0x2d, 0x36, 0x31, 0x74, 0x2d, 0x31, 0x37, 0x20, 0x2d, 0x36, 0x35, 0x74, 0x2d,
    0x33, 0x35, 0x20, 0x2d, 0x35, 0x37, 0x74, 0x2d, 0x35, 0x37, 0x20, 0x2d, 0x35, 0x30, 0x2e, 0x35,
    0x74, 0x2d, 0x38, 0x36, 0x20, 0x2d, 0x33, 0x31, 0x2e, 0x35, 0x74, 0x2d, 0x31, 0x32, 0x30, 0x20,
    0x2d, 0x31, 0x33, 0x68, 0x2d, 0x31, 0x37, 0x38, 0x6c, 0x2d, 0x32, 0x20, 0x2d, 0x31, 0x30, 0x30,
    0x68, 0x32, 0x38, 0x38, 0x71, 0x31, 0x30, 0x20, 0x30, 0x20, 0x31, 0x33, 0x20, 0x2d, 0x36, 0x74,
    0x2d, 0x33, 0x20, 0x2d, 0x31, 0x34, 0x6c, 0x2d, 0x31, 0x32, 0x30, 0x20, 0x2d, 0x31, 0x36, 0x30,
    0x71, 0x2d, 0x36, 0x20, 0x2d, 0x38, 0x20, 0x2d, 0x31, 0x38, 0x20, 0x2d, 0x31, 0x34, 0x74, 0x2d,
    0x32, 0x32, 0x20, 0x2d, 0x36, 0x68, 0x2d, 0x31, 0x33, 0x38, 0x76, 0x2d, 0x31, 0x37, 0x35, 0x71,
    0x30, 0x20, 0x2d, 0x31, 0x31, 0x20, 0x2d, 0x35, 0x2e, 0x35, 0x20, 0x2d, 0x31, 0x38, 0x20, 0x74,
    0x2d, 0x31, 0x35, 0x2e, 0x35, 0x20, 0x2d, 0x37, 0x68, 0x2d, 0x31, 0x34, 0x39, 0x71, 0x2d, 0x31,
    0x30, 0x20, 0x30, 0x20, 0x2d, 0x31, 0x37, 0x2e, 0x35, 0x20, 0x37, 0x2e, 0x35, 0x74, 0x2d, 0x37,
    0x2e, 0x35, 0x20, 0x31, 0x37, 0x2e, 0x35, 0x76, 0x31, 0x37, 0x35, 0x68, 0x2d, 0x32, 0x36, 0x37,
    0x71, 0x2d, 0x31, 0x30, 0x20, 0x30, 0x20, 0x2d, 0x31, 0x33, 0x20, 0x36, 0x74, 0x33, 0x20, 0x31,
    0x34, 0x6c, 0x31, 0x32, 0x30, 0x20, 0x31, 0x36, 0x30, 0x71, 0x36, 0x20, 0x38, 0x20, 0x31, 0x38,
    0x20, 0x31, 0x34, 0x74, 0x32, 0x32, 0x20, 0x36, 0x68, 0x31, 0x31, 0x37, 0x76, 0x31, 0x30, 0x30,
    0x68, 0x2d, 0x32, 0x36, 0x37, 0x71, 0x2d, 0x31, 0x30, 0x20, 0x30, 0x20, 0x2d, 0x31, 0x33, 0x20,
    0x36, 0x74, 0x33, 0x20, 0x31, 0x34, 0x6c, 0x31, 0x32, 0x30, 0x20, 0x31, 0x36, 0x30, 0x71, 0x36,
    0x20, 0x38, 0x20, 0x31, 0x38, 0x20, 0x31, 0x34, 0x74, 0x32, 0x32, 0x20, 0x36, 0x68, 0x31, 0x31,
    0x37, 0x76, 0x34, 0x37, 0x35, 0x71, 0x30, 0x20, 0x31, 0x30, 0x20, 0x37, 0x2e, 0x35, 0x20, 0x31,
    0x37, 0x2e, 0x35, 0x74, 0x31, 0x37, 0x2e, 0x35, 0x20, 0x37, 0x2e, 0x35, 0x7a, 0x4d, 0x36, 0x30,
    0x30, 0x20, 0x31, 0x30, 0x30, 0x30, 0x76, 0x2d, 0x33, 0x30, 0x30, 0x68, 0x32, 0x30, 0x33, 0x71,
    0x36, 0x34, 0x20, 0x30, 0x20, 0x38, 0x36, 0x2e, 0x35, 0x20, 0x33, 0x33, 0x74, 0x32, 0x32, 0x2e,
    0x35, 0x20, 0x31, 0x31, 0x39, 0x71, 0x30, 0x20, 0x38, 0x34, 0x20, 0x2d, 0x32, 0x32, 0x2e, 0x35,
    0x20, 0x31, 0x31, 0x36, 0x74, 0x2d, 0x38, 0x36, 0x2e, 0x35, 0x20, 0x33, 0x32, 0x68, 0x2d, 0x32,
    0x30, 0x33, 0x7a, 0x22, 0x20, 0x2f, 0x3e, 0x0a, 0x3c, 0x67, 0x6c, 0x79, 0x70, 0x68, 0x20, 0x75,
    0x6e, 0x69, 0x63, 0x6f, 0x64, 0x65, 0x3d, 0x22, 0x26, 0x23, 0x78, 0x32, 0x32, 0x31, 0x32, 0x3b,
    0x22, 0x20, 0x64, 0x3d, 0x22, 0x4d, 0x32, 0x35, 0x30, 0x20, 0x37, 0x30, 0x30, 0x68, 0x38, 0x30,
    0x30, 0x71, 0x32, 0x31, 0x20, 0x30, 0x20, 0x33, 0x35, 0x2e, 0x35, 0x20, 0x2d, 0x31, 0x34, 0x2e,
    0x35, 0x74, 0x31, 0x34, 0x2e, 0x35, 0x20, 0x2d, 0x33, 0x35, 0x2e, 0x35, 0x76, 0x2d, 0x32, 0x30,
    0x30, 0x71, 0x30, 0x20, 0x2d, 0x32, 0x31, 0x20, 0x2d, 0x31, 0x34, 0x2e, 0x35, 0x20, 0x2d, 0x33,
    0x35, 0x2e, 0x35, 0x74, 0x2d, 0x33, 0x35, 0x2e, 0x35, 0x20, 0x2d, 0x31, 0x34, 0x2e, 0x35, 0x68,
    0x2d, 0x38, 0x30, 0x30, 0x71, 0x2d, 0x32, 0x31, 0x20, 0x30, 0x20, 0x2d, 0x33, 0x35, 0x2e, 0x35,
    0x20, 0x31, 0x34, 0x2e, 0x35, 0x74, 0x2d, 0x31, 0x34, 0x2e, 0x35, 0x20, 0x33, 0x35, 0x2e, 0x35,
    0x76, 0x32, 0x30, 0x30, 0x71, 0x30, 0x20, 0x32, 0x31, 0x20, 0x31, 0x34, 0x2e, 0x35, 0x20, 0x33,
    0x35, 0x2e, 0x35, 0x74, 0x33, 0x35, 0x2e, 0x35, 0x20, 0x31, 0x34, 0x2e, 0x35, 0x7a, 0x22, 0x20,
    0x2f, 0x3e, 0x0a, 0x3c, 0x67, 0x6c, 0x79, 0x70, 0x68, 0x20, 0x75, 0x6e, 0x69, 0x63, 0x6f, 0x64,
    0x65, 0x3d, 0x22, 0x26, 0x23, 0x78, 0x32, 0x33, 0x31, 0x62, 0x3b, 0x22, 0x20, 0x64, 0x3d, 0x22,
    0x4d, 0x31, 0x30, 0x30, 0x30, 0x20, 0x31, 0x32, 0x30, 0x30, 0x76, 0x2d, 0x31, 0x35, 0x30, 0x71,
    0x30, 0x20, 0x2d, 0x32, 0x31, 0x20, 0x2d, 0x31, 0x34, 0x2e, 0x35, 0x20, 0x2d, 0x33, 0x35, 0x2e,
    0x35, 0x74, 0x2d, 0x33, 0x35, 0x2e, 0x35, 0x20, 0x2d, 0x31, 0x34, 0x2e, 0x35, 0x68, 0x2d, 0x35,
    0x30, 0x76, 0x2d, 0x31, 0x30, 0x30, 0x71, 0x30, 0x20, 0x2d, 0x39, 0x31, 0x20, 0x2d, 0x34, 0x39,
    0x2e, 0x35, 0x20, 0x2d, 0x31, 0x36, 0x35, 0x2e, 0x35, 0x74, 0x2d, 0x31, 0x33, 0x30, 0x2e, 0x35,
    0x20, 0x2d, 0x31, 0x30, 0x39, 0x2e, 0x35, 0x71, 0x38, 0x31, 0x20, 0x2d, 0x33, 0x35, 0x20, 0x31,
    0x33, 0x30, 0x2e, 0x35, 0x20, 0x2d, 0x31, 0x30, 0x39, 0x2e, 0x35, 0x74, 0x34, 0x39, 0x2e, 0x35,
    0x20, 0x2d, 0x31, 0x36, 0x35, 0x2e, 0x35, 0x76, 0x2d, 0x31, 0x35, 0x30, 0x68, 0x35, 0x30, 0x71,
    0x32, 0x31, 0x20, 0x30, 0x20, 0x33, 0x35, 0x2e, 0x35, 0x20, 0x2d, 0x31, 0x34, 0x2e, 0x35, 0x74,
    0x31, 0x34, 0x2e, 0x35, 0x20, 0x2d, 0x33, 0x35, 0x2e, 0x35, 0x76, 0x2d, 0x31, 0x35, 0x30, 0x68,
    0x2d, 0x38, 0x30, 0x30, 0x76, 0x31, 0x35, 0x30, 0x71, 0x30, 0x20, 0x32, 0x31, 0x20, 0x31, 0x34,
    0x2e, 0x35, 0x20, 0x33, 0x35, 0x2e, 0x35, 0x74, 0x33, 0x35, 0x2e, 0x35, 0x20, 0x31, 0x34, 0x2e,
    0x35, 0x68, 0x35, 0x30, 0x76, 0x31, 0x35, 0x30, 0x71, 0x30, 0x20, 0x39, 0x31, 0x20, 0x34, 0x39,
    0x2e, 0x35, 0x20, 0x31, 0x36, 0x35, 0x2e, 0x35, 0x74, 0x31, 0x33, 0x30, 0x2e, 0x35, 0x20, 0x31,
    0x30, 0x39, 0x2e, 0x35, 0x71, 0x2d, 0x38, 0x31, 0x20, 0x33, 0x35, 0x20, 0x2d, 0x31, 0x33, 0x30,
    0x2e, 0x35, 0x20, 0x31, 0x30, 0x39, 0x2e, 0x35, 0x20, 0x74, 0x2d, 0x34, 0x39, 0x2e, 0x35, 0x20,
    0x31, 0x36, 0x35, 0x2e, 0x35, 0x76, 0x31, 0x30, 0x30, 0x68, 0x2d, 0x35, 0x30, 0x71, 0x2d, 0x32,
    0x31, 0x20, 0x30, 0x20, 0x2d, 0x33, 0x35, 0x2e, 0x35, 0x20, 0x31, 0x34, 0x2e, 0x35, 0x74, 0x2d,
    0x31, 0x34, 0x2e, 0x35, 0x20, 0x33, 0x35, 0x2e, 0x35, 0x76, 0x31, 0x35, 0x30, 0x68, 0x38, 0x30,
    0x30, 0x7a, 0x4d, 0x34, 0x30, 0x30, 0x20, 0x31, 0x30, 0x30, 0x30, 0x76, 0x2d, 0x31, 0x30, 0x30,
    0x71, 0x30, 0x20, 0x2d, 0x36, 0x30, 0x20, 0x33, 0x32, 0x2e, 0x35, 0x20, 0x2d, 0x31, 0x30, 0x39,
    0x2e, 0x35, 0x74, 0x38, 0x37, 0x2e, 0x35, 0x20, 0x2d, 0x37, 0x33, 0x2e, 0x35, 0x71, 0x32, 0x38,
    0x20, 0x2d, 0x31, 0x32, 0x20, 0x34, 0x34, 0x20, 0x2d, 0x33, 0x37, 0x74, 0x31, 0x36, 0x20, 0x2d,
    0x35, 0x35, 0x74, 0x2d, 0x31, 0x36, 0x20, 0x2d, 0x35, 0x35, 0x74, 0x2d, 0x34, 0x34, 0x20, 0x2d,
    0x33, 0x37, 0x71, 0x2d, 0x35, 0x35, 0x20, 0x2d, 0x32, 0x34, 0x20, 0x2d, 0x38, 0x37, 0x2e, 0x35,
    0x20, 0x2d, 0x37, 0x33, 0x2e, 0x35, 0x74, 0x2d, 0x33, 0x32, 0x2e, 0x35, 0x20, 0x2d, 0x31, 0x30,
    0x39, 0x2e, 0x35, 0x76, 0x2d, 0x31, 0x35, 0x30, 0x68, 0x34, 0x30, 0x30, 0x76, 0x31, 0x35, 0x30,
    0x71, 0x30, 0x20, 0x36, 0x30, 0x20, 0x2d, 0x33, 0x32, 0x2e, 0x35, 0x20, 0x31, 0x30, 0x39, 0x2e,
    0x35, 0x74, 0x2d, 0x38, 0x37, 0x2e, 0x35, 0x20, 0x37, 0x33, 0x2e, 0x35, 0x71, 0x2d, 0x32, 0x38,
    0x20, 0x31, 0x32, 0x20, 0x2d, 0x34, 0x34, 0x20, 0x33, 0x37, 0x74, 0x2d, 0x31, 0x36, 0x20, 0x35,
    0x35, 0x74, 0x31, 0x36, 0x20, 0x35, 0x35, 0x74, 0x34, 0x34, 0x20, 0x33, 0x37, 0x20, 0x71, 0x35,
    0x35, 0x20, 0x32, 0x34, 0x20, 0x38, 0x37, 0x2e, 0x35, 0x20, 0x37, 0x33, 0x2e, 0x35, 0x74, 0x33,
    0x32, 0x2e, 0x35, 0x20, 0x31, 0x30, 0x39, 0x2e, 0x35, 0x76, 0x31, 0x30, 0x30, 0x68, 0x2d, 0x34,
    0x30, 0x30, 0x7a, 0x22, 0x20, 0x2f, 0x3e, 0x0a, 0x3c, 0x67, 0x6c, 0x79, 0x70, 0x68, 0x20, 0x75,
    0x6e, 0x69, 0x63, 0x6f, 0x64, 0x65, 0x3d, 0x22, 0x26, 0x23, 0x78, 0x32, 0x35, 0x66, 0x63, 0x3b,
    0x22, 0x20, 0x68, 0x6f, 0x72, 0x69, 0x7a, 0x2d, 0x61, 0x64, 0x76, 0x2d, 0x78, 0x3d, 0x22, 0x35,
    0x30, 0x30, 0x22, 0x20, 0x64, 0x3d, 0x22, 0x4d, 0x30, 0x20, 0x30, 0x7a, 0x22, 0x20, 0x2f, 0x3e,
    0x0a, 0x3c, 0x67, 0x6c, 0x79, 0x70, 0x68, 0x20, 0x75, 0x6e, 0x69, 0x63, 0x6f, 0x64, 0x65, 0x3d,
    0x22, 0x26, 0x23, 0x78, 0x32, 0x36, 0x30, 0x31, 0x3b, 0x22, 0x20, 0x64, 0x3d, 0x22, 0x4d, 0x35,
    0x30, 0x33, 0x20, 0x31, 0x30, 0x38, 0x39, 0x71, 0x31, 0x31, 0x30, 0x20, 0x30, 0x20, 0x32, 0x30,
    0x30, 0x2e, 0x35, 0x20, 0x2d, 0x35, 0x39, 0x2e, 0x35, 0x74, 0x31, 0x33, 0x34, 0x2e, 0x35, 0x20,
    0x2d, 0x31, 0x35, 0x36, 0x2e, 0x35, 0x71, 0x34, 0x34, 0x20, 0x31, 0x34, 0x20, 0x39, 0x30, 0x20,
    0x31, 0x34, 0x71, 0x31, 0x32, 0x30, 0x20, 0x30, 0x20, 0x32, 0x30, 0x35, 0x20, 0x2d, 0x38, 0x36,
    0x2e, 0x35, 0x74, 0x38, 0x35, 0x20, 0x2d, 0x32, 0x30, 0x36, 0x2e, 0x35, 0x71, 0x30, 0x20, 0x2d,
    0x31, 0x32, 0x31, 0x20, 0x2d, 0x38, 0x35, 0x20, 0x2d, 0x32, 0x30, 0x37, 0x2e, 0x35, 0x74, 0x2d,
    0x32, 0x30, 0x35, 0x20, 0x2d, 0x38, 0x36, 0x2e, 0x35, 0x68, 0x2d, 0x37, 0x35, 0x30, 0x71, 0x2d,
    0x37, 0x39, 0x20, 0x30, 0x20, 0x2d, 0x31, 0x33, 0x35, 0x2e, 0x35, 0x20, 0x35, 0x37, 0x74, 0x2d,
    0x35, 0x36, 0x2e, 0x35, 0x20, 0x31, 0x33, 0x37, 0x71, 0x30, 0x20, 0x36, 0x39, 0x20, 0x34, 0x32,
    0x2e, 0x35, 0x20, 0x31, 0x32, 0x32, 0x2e, 0x35, 0x74, 0x31, 0x30, 0x38, 0x2e, 0x35, 0x20, 0x36,
    0x37, 0x2e, 0x35, 0x71, 0x2d, 0x32, 0x20, 0x31, 0x32, 0x20, 0x2d, 0x32, 0x20, 0x33, 0x37, 0x71,
    0x30, 0x20, 0x31, 0x35, 0x33, 0x20, 0x31, 0x30, 0x38, 0x20, 0x32, 0x36, 0x30, 0x2e, 0x35, 0x74,
    0x32, 0x36, 0x30, 0x20, 0x31, 0x30, 0x37, 0x2e, 0x35, 0x7a, 0x22, 0x20, 0x2f, 0x3e, 0x0a, 0x3c,
    0x67, 0x6c, 0x79, 0x70, 0x68, 0x20, 0x75, 0x6e, 0x69, 0x63, 0x6f, 0x64, 0x65, 0x3d, 0x22, 0x26,
    0x23, 0x78, 0x32, 0x36, 0x66, 0x61, 0x3b, 0x22, 0x20, 0x64, 0x3d, 0x22, 0x4d, 0x37, 0x37, 0x34,
    0x20, 0x31, 0x31, 0x39, 0x33, 0x2e, 0x35, 0x71, 0x31, 0x36, 0x20, 0x2d, 0x39, 0x2e, 0x35, 0x20,
    0x32, 0x30, 0x2e, 0x35, 0x20, 0x2d, 0x32, 0x37, 0x74, 0x2d, 0x35, 0x2e, 0x35, 0x20, 0x2d, 0x33,
    0x33, 0x2e, 0x35, 0x6c, 0x2d, 0x31, 0x33, 0x36, 0x20, 0x2d, 0x31, 0x38, 0x37, 0x6c, 0x34, 0x36,
    0x37, 0x20, 0x2d, 0x37, 0x34, 0x36, 0x68, 0x33, 0x30, 0x71, 0x32, 0x30, 0x20, 0x30, 0x20, 0x33,
    0x35, 0x20, 0x2d, 0x31, 0x38, 0x2e, 0x35, 0x74, 0x31, 0x35, 0x20, 0x2d, 0x33, 0x39, 0x2e, 0x35,
    0x76, 0x2d, 0x34, 0x32, 0x68, 0x2d, 0x31, 0x32, 0x30, 0x30, 0x76, 0x34, 0x32, 0x71, 0x30, 0x20,
    0x32, 0x31, 0x20, 0x31, 0x35, 0x20, 0x33, 0x39, 0x2e, 0x35, 0x74, 0x33, 0x35, 0x20, 0x31, 0x38,
    0x2e, 0x35, 0x68, 0x33, 0x30, 0x6c, 0x34, 0x36, 0x38, 0x20, 0x37, 0x34, 0x36, 0x6c, 0x2d, 0x31,
    0x33, 0x35, 0x20, 0x31, 0x38, 0x33, 0x71, 0x2d, 0x31, 0x30, 0x20, 0x31, 0x36, 0x20, 0x2d, 0x35,
    0x2e, 0x35, 0x20, 0x33, 0x34, 0x74, 0x32, 0x30, 0x2e, 0x35, 0x20, 0x32, 0x38, 0x74, 0x33, 0x34,
    0x20, 0x35, 0x2e, 0x35, 0x74, 0x32, 0x38, 0x20, 0x2d, 0x32, 0x30, 0x2e, 0x35, 0x6c, 0x31, 0x31,
    0x31, 0x20, 0x2d, 0x31, 0x34, 0x38, 0x6c, 0x31, 0x31, 0x32, 0x20, 0x31, 0x35, 0x30, 0x71, 0x39,
    0x20, 0x31, 0x36, 0x20, 0x32, 0x37, 0x20, 0x32, 0x30, 0x2e, 0x35, 0x74, 0x33, 0x34, 0x20, 0x2d,
    0x35, 0x7a, 0x4d, 0x36, 0x30, 0x30, 0x20, 0x32, 0x30, 0x30, 0x68, 0x33, 0x37, 0x37, 0x6c, 0x2d,
    0x31, 0x38, 0x32, 0x20, 0x31, 0x31, 0x32, 0x6c, 0x2d, 0x31, 0x39, 0x35, 0x20, 0x35, 0x33, 0x34,
    0x76, 0x2d, 0x36, 0x34, 0x36, 0x7a, 0x20, 0x22, 0x20, 0x2f, 0x3e, 0x0a, 0x3c, 0x67, 0x6c, 0x79,
    0x70, 0x68, 0x20, 0x75, 0x6e, 0x69, 0x63, 0x6f, 0x64, 0x65, 0x3d, 0x22, 0x26, 0x23, 0x78, 0x32,
    0x37, 0x30, 0x39, 0x3b, 0x22, 0x20, 0x64, 0x3d, 0x22, 0x4d, 0x32, 0x35, 0x20, 0x31, 0x31, 0x30,
    0x30, 0x68, 0x31, 0x31, 0x35, 0x30, 0x71, 0x31, 0x30, 0x20, 0x30, 0x20, 0x31, 0x32, 0x2e, 0x35,
    0x20, 0x2d, 0x35, 0x74, 0x2d, 0x35, 0x2e, 0x35, 0x20, 0x2d, 0x31, 0x33, 0x6c, 0x2d, 0x35, 0x36,
    0x34, 0x20, 0x2d, 0x35, 0x36, 0x37, 0x71, 0x2d, 0x38, 0x20, 0x2d, 0x38, 0x20, 0x2d, 0x31, 0x38,
    0x20, 0x2d, 0x38, 0x74, 0x2d, 0x31, 0x38, 0x20, 0x38, 0x6c, 0x2d, 0x35, 0x36, 0x34, 0x20, 0x35,
    0x36, 0x37, 0x71, 0x2d, 0x38, 0x20, 0x38, 0x20, 0x2d, 0x35, 0x2e, 0x35, 0x20, 0x31, 0x33, 0x74,
    0x31, 0x32, 0x2e, 0x35, 0x20, 0x35, 0x7a, 0x4d, 0x31, 0x38, 0x20, 0x38, 0x38, 0x32, 0x6c, 0x32,
    0x36, 0x34, 0x20, 0x2d, 0x32, 0x36, 0x34, 0x71, 0x38, 0x20, 0x2d, 0x38, 0x20, 0x38, 0x20, 0x2d,
    0x31, 0x38, 0x74, 0x2d, 0x38, 0x20, 0x2d, 0x31, 0x38, 0x6c, 0x2d, 0x32, 0x36, 0x34, 0x20, 0x2d,
    0x32, 0x36, 0x34, 0x71, 0x2d, 0x38, 0x20, 0x2d, 0x38, 0x20, 0x2d, 0x31, 0x33, 0x20, 0x2d, 0x35,
    0x2e, 0x35, 0x74, 0x2d, 0x35, 0x20, 0x31, 0x32, 0x2e, 0x35, 0x76, 0x35, 0x35, 0x30, 0x71, 0x30,
    0x20, 0x31, 0x30, 0x20, 0x35, 0x20, 0x31, 0x32, 0x2e, 0x35, 0x74, 0x31, 0x33, 0x20, 0x2d, 0x35,
    0x2e, 0x35, 0x7a, 0x4d, 0x39, 0x31, 0x38, 0x20, 0x36, 0x31, 0x38, 0x6c, 0x32, 0x36, 0x34, 0x20,
    0x32, 0x36, 0x34, 0x71, 0x38, 0x20, 0x38, 0x20, 0x31, 0x33, 0x20, 0x35, 0x2e, 0x35, 0x74, 0x35,
    0x20, 0x2d, 0x31, 0x32, 0x2e, 0x35, 0x76, 0x2d, 0x35, 0x35, 0x30, 0x71, 0x30, 0x20, 0x2d, 0x31,
    0x30, 0x20, 0x2d, 0x35, 0x20, 0x2d, 0x31, 0x32, 0x2e, 0x35, 0x74, 0x2d, 0x31, 0x33, 0x20, 0x35,
    0x2e, 0x35, 0x20, 0x6c, 0x2d, 0x32, 0x36, 0x34, 0x20, 0x32, 0x36, 0x34, 0x71, 0x2d, 0x38, 0x20,
    0x38, 0x20, 0x2d, 0x38, 0x20, 0x31, 0x38, 0x74, 0x38, 0x20, 0x31, 0x38, 0x7a, 0x4d, 0x38, 0x31,
    0x38, 0x20, 0x34, 0x38, 0x32, 0x6c, 0x33, 0x36, 0x34, 0x20, 0x2d, 0x33, 0x36, 0x34, 0x71, 0x38,
    0x20, 0x2d, 0x38, 0x20, 0x35, 0x2e, 0x35, 0x20, 0x2d, 0x31, 0x33, 0x74, 0x2d, 0x31, 0x32, 0x2e,
    0x35, 0x20, 0x2d, 0x35, 0x68, 0x2d, 0x31, 0x31, 0x35, 0x30, 0x71, 0x2d, 0x31, 0x30, 0x20, 0x30,
    0x20, 0x2d, 0x31, 0x32, 0x2e, 0x35, 0x20, 0x35, 0x74, 0x35, 0x2e, 0x35, 0x20, 0x31, 0x33, 0x6c,
    0x33, 0x36, 0x34, 0x20, 0x33, 0x36, 0x34, 0x71, 0x38, 0x20, 0x38, 0x20, 0x31, 0x38, 0x20, 0x38,
    0x74, 0x31, 0x38, 0x20, 0x2d, 0x38, 0x6c, 0x31, 0x36, 0x34, 0x20, 0x2d, 0x31, 0x36, 0x34, 0x71,
    0x38, 0x20, 0x2d, 0x38, 0x20, 0x31, 0x38, 0x20, 0x2d, 0x38, 0x74, 0x31, 0x38, 0x20, 0x38, 0x6c,
    0x31, 0x36, 0x34, 0x20, 0x31, 0x36, 0x34, 0x71, 0x38, 0x20, 0x38, 0x20, 0x31, 0x38, 0x20, 0x38,
    0x74, 0x31, 0x38, 0x20, 0x2d, 0x38, 0x7a, 0x22, 0x20, 0x2f, 0x3e, 0x0a, 0x3c, 0x67, 0x6c, 0x79,
    0x70, 0x68, 0x20, 0x75, 0x6e, 0x69, 0x63, 0x6f, 0x64, 0x65, 0x3d, 0x22, 0x26, 0x23, 0x78, 0x32,
    0x37, 0x30, 0x66, 0x3b, 0x22, 0x20, 0x64, 0x3d, 0x22, 0x4d, 0x31, 0x30, 0x31, 0x31, 0x20, 0x31,
    0x32, 0x31, 0x30, 0x71, 0x31, 0x39, 0x20, 0x30, 0x20, 0x33, 0x33, 0x20, 0x2d, 0x31, 0x33, 0x6c,
    0x31, 0x35, 0x33, 0x20, 0x2d, 0x31, 0x35, 0x33, 0x71, 0x31, 0x33, 0x20, 0x2d, 0x31, 0x34, 0x20,
    0x31, 0x33, 0x20, 0x2d, 0x33, 0x33, 0x74, 0x2d, 0x31, 0x33, 0x20, 0x2d, 0x33, 0x33, 0x6c, 0x2d,
    0x39, 0x39, 0x20, 0x2d, 0x39, 0x32, 0x6c, 0x2d, 0x32, 0x31, 0x34, 0x20, 0x32, 0x31, 0x34, 0x6c,
    0x39, 0x35, 0x20, 0x39, 0x36, 0x71, 0x31, 0x33, 0x20, 0x31, 0x34, 0x20, 0x33, 0x32, 0x20, 0x31,
    0x34, 0x7a, 0x4d, 0x31, 0x30, 0x31, 0x33, 0x20, 0x38, 0x30, 0x30, 0x6c, 0x2d, 0x36, 0x31, 0x35,
    0x20, 0x2d, 0x36, 0x31, 0x34, 0x6c, 0x2d, 0x32, 0x31, 0x34, 0x20, 0x32, 0x31, 0x34, 0x6c, 0x36,
    0x31, 0x34, 0x20, 0x36, 0x31, 0x34, 0x7a, 0x4d, 0x33, 0x31, 0x37, 0x20, 0x39, 0x36, 0x6c, 0x2d,
    0x33, 0x33, 0x33, 0x20, 0x2d, 0x31, 0x31, 0x32, 0x6c, 0x31, 0x31, 0x30, 0x20, 0x33, 0x33, 0x35,
    0x7a, 0x22, 0x20, 0x2f, 0x3e, 0x0a, 0x3c, 0x67, 0x6c, 0x79, 0x70, 0x68, 0x20, 0x75, 0x6e, 0x69,
    0x63, 0x6f, 0x64, 0x65, 0x3d, 0x22, 0x26, 0x23, 0x78, 0x65, 0x30, 0x30, 0x31, 0x3b, 0x22, 0x20,
    0x64, 0x3d, 0x22, 0x4d, 0x37, 0x30, 0x30, 0x20, 0x36, 0x35, 0x30, 0x76, 0x2d, 0x35, 0x35, 0x30,
    0x68, 0x32, 0x35, 0x30, 0x71, 0x32, 0x31, 0x20, 0x30, 0x20, 0x33, 0x35, 0x2e, 0x35, 0x20, 0x2d,
    0x31, 0x34, 0x2e, 0x35, 0x74, 0x31, 0x34, 0x2e, 0x35, 0x20, 0x2d, 0x33, 0x35, 0x2e, 0x35, 0x76,
    0x2d, 0x35, 0x30, 0x68, 0x2d, 0x38, 0x30, 0x30, 0x76, 0x35, 0x30, 0x71, 0x30, 0x20, 0x32, 0x31,
    0x20, 0x31, 0x34, 0x2e, 0x35, 0x20, 0x33, 0x35, 0x2e, 0x35, 0x74, 0x33, 0x35, 0x2e, 0x35, 0x20,
    0x31, 0x34, 0x2e, 0x35, 0x68, 0x32, 0x35, 0x30, 0x76, 0x35, 0x35, 0x30, 0x6c, 0x2d, 0x35, 0x30,
    0x30, 0x20, 0x35, 0x35, 0x30, 0x68, 0x31, 0x32, 0x30, 0x30, 0x7a, 0x22, 0x20, 0x2f, 0x3e, 0x0a,
    0x3c, 0x67, 0x6c, 0x79, 0x70, 0x68, 0x20, 0x75, 0x6e, 0x69, 0x63, 0x6f, 0x64, 0x65, 0x3d, 0x22,
    0x26, 0x23, 0x78, 0x65, 0x30, 0x30, 0x32, 0x3b, 0x22, 0x20, 0x64, 0x3d, 0x22, 0x4d, 0x33, 0x36,
    0x38, 0x20, 0x31, 0x30, 0x31, 0x37, 0x6c, 0x36, 0x34, 0x35, 0x20, 0x31, 0x36, 0x33, 0x71, 0x33,
    0x39, 0x20, 0x31, 0x35, 0x20, 0x36, 0x33, 0x20, 0x30, 0x74, 0x32, 0x34, 0x20, 0x2d, 0x34, 0x39,
    0x76, 0x2d, 0x38, 0x33, 0x31, 0x71, 0x30, 0x20, 0x2d, 0x35, 0x35, 0x20, 0x2d, 0x34, 0x31, 0x2e,
    0x35, 0x20, 0x2d, 0x39, 0x35, 0x2e, 0x35, 0x74, 0x2d, 0x31, 0x31, 0x31, 0x2e, 0x35, 0x20, 0x2d,
    0x36, 0x33, 0x2e, 0x35, 0x71, 0x2d, 0x37, 0x39, 0x20, 0x2d, 0x32, 0x35, 0x20, 0x2d, 0x31, 0x34,
    0x37, 0x20, 0x2d, 0x34, 0x2e, 0x35, 0x74, 0x2d, 0x38, 0x36, 0x20, 0x37, 0x35, 0x74, 0x32, 0x35,
    0x2e, 0x35, 0x20, 0x31, 0x31, 0x31, 0x2e, 0x35, 0x74, 0x31, 0x32, 0x32, 0x2e, 0x35, 0x20, 0x38,
    0x32, 0x71, 0x37, 0x32, 0x20, 0x32, 0x34, 0x20, 0x31, 0x33, 0x38, 0x20, 0x38, 0x76, 0x35, 0x32,
    0x31, 0x6c, 0x2d, 0x36, 0x30, 0x30, 0x20, 0x2d, 0x31, 0x35, 0x35, 0x76, 0x2d, 0x36, 0x30, 0x36,
    0x71, 0x30, 0x20, 0x2d, 0x34, 0x32, 0x20, 0x2d, 0x34, 0x34, 0x20, 0x2d, 0x39, 0x30, 0x74, 0x2d,
    0x31, 0x30, 0x39, 0x20, 0x2d, 0x36, 0x39, 0x71, 0x2d, 0x37, 0x39, 0x20, 0x2d, 0x32, 0x36, 0x20,
    0x2d, 0x31, 0x34, 0x37, 0x20, 0x2d, 0x35, 0x2e, 0x35, 0x74, 0x2d, 0x38, 0x36, 0x20, 0x37, 0x35,
    0x2e, 0x35, 0x74, 0x32, 0x35, 0x2e, 0x35, 0x20, 0x31, 0x31, 0x31, 0x2e, 0x35, 0x74, 0x31, 0x32,
    0x32, 0x2e, 0x35, 0x20, 0x38, 0x32, 0x2e, 0x35, 0x71, 0x37, 0x32, 0x20, 0x32, 0x34, 0x20, 0x31,
    0x33, 0x38, 0x20, 0x37, 0x76, 0x36, 0x33, 0x39, 0x71, 0x30, 0x20, 0x33, 0x38, 0x20, 0x31, 0x34,
    0x2e, 0x35, 0x20, 0x35, 0x39, 0x20, 0x74, 0x35, 0x33, 0x2e, 0x35, 0x20, 0x33, 0x34, 0x7a, 0x22,
    0x20, 0x2f, 0x3e, 0x0a, 0x3c, 0x67, 0x6c, 0x79, 0x70, 0x68, 0x20, 0x75, 0x6e, 0x69, 0x63, 0x6f,
    0x64, 0x65, 0x3d, 0x22, 0x26, 0x23, 0x78, 0x65, 0x30, 0x30, 0x33, 0x3b, 0x22, 0x20, 0x64, 0x3d,
    0x22, 0x4d, 0x35, 0x30, 0x30, 0x20, 0x31, 0x31, 0x39, 0x31, 0x71, 0x31, 0x30, 0x30, 0x20, 0x30,
    0x20, 0x31, 0x39, 0x31, 0x20, 0x2d, 0x33, 0x39, 0x74, 0x31, 0x35, 0x36, 0x2e, 0x35, 0x20, 0x2d,
    0x31, 0x30, 0x34, 0x2e, 0x35, 0x74, 0x31, 0x30, 0x34, 0x2e, 0x35, 0x20, 0x2d, 0x31, 0x35, 0x36,
    0x2e, 0x35, 0x74, 0x33, 0x39, 0x20, 0x2d, 0x31, 0x39, 0x31, 0x6c, 0x2d, 0x31, 0x20, 0x2d, 0x32,
    0x6c, 0x31, 0x20, 0x2d, 0x35, 0x71, 0x30, 0x20, 0x2d, 0x31, 0x34, 0x31, 0x20, 0x2d, 0x37, 0x38,
    0x20, 0x2d, 0x32, 0x36, 0x32, 0x6c, 0x32, 0x37, 0x35, 0x20, 0x2d, 0x32, 0x37, 0x34, 0x71, 0x32,
    0x33, 0x20, 0x2d, 0x32, 0x36, 0x20, 0x32, 0x32, 0x2e, 0x35, 0x20, 0x2d, 0x34, 0x34, 0x2e, 0x35,
    0x74, 0x2d, 0x32, 0x32, 0x2e, 0x35, 0x20, 0x2d, 0x34, 0x32, 0x2e, 0x35, 0x6c, 0x2d, 0x35, 0x39,
    0x20, 0x2d, 0x35, 0x38, 0x71, 0x2d, 0x32, 0x36, 0x20, 0x2d, 0x32, 0x30, 0x20, 0x2d, 0x34, 0x36,
    0x2e, 0x35, 0x20, 0x2d, 0x32, 0x30, 0x74, 0x2d, 0x33, 0x39, 0x2e, 0x35, 0x20, 0x32, 0x30, 0x6c,
    0x2d, 0x32, 0x37, 0x35, 0x20, 0x32, 0x37, 0x34, 0x71, 0x2d, 0x31, 0x31, 0x39, 0x20, 0x2d, 0x37,
    0x37, 0x20, 0x2d, 0x32, 0x36, 0x31, 0x20, 0x2d, 0x37, 0x37, 0x6c, 0x2d, 0x35, 0x20, 0x31, 0x6c,
    0x2d, 0x32, 0x20, 0x2d, 0x31, 0x71, 0x2d, 0x31, 0x30, 0x30, 0x20, 0x30, 0x20, 0x2d, 0x31, 0x39,
    0x31, 0x20, 0x33, 0x39, 0x74, 0x2d, 0x31, 0x35, 0x36, 0x2e, 0x35, 0x20, 0x31, 0x30, 0x34, 0x2e,
    0x35, 0x74, 0x2d, 0x31, 0x30, 0x34, 0x2e, 0x35, 0x20, 0x31, 0x35, 0x36, 0x2e, 0x35, 0x74, 0x2d,
    0x33, 0x39, 0x20, 0x31, 0x39, 0x31, 0x20, 0x74, 0x33, 0x39, 0x20, 0x31, 0x39, 0x31, 0x74, 0x31,
    0x30, 0x34, 0x2e, 0x35, 0x20, 0x31, 0x35, 0x36, 0x2e, 0x35, 0x74, 0x31, 0x35, 0x36, 0x2e, 0x35,
    0x20, 0x31, 0x30, 0x34, 0x2e, 0x35, 0x74, 0x31, 0x39, 0x31, 0x20, 0x33, 0x39, 0x7a, 0x4d, 0x35,
    0x30, 0x30, 0x20, 0x31, 0x30, 0x32, 0x32, 0x71, 0x2d, 0x38, 0x38, 0x20, 0x30, 0x20, 0x2d, 0x31,
    0x36, 0x32, 0x20, 0x2d, 0x34, 0x33, 0x74, 0x2d, 0x31, 0x31, 0x37, 0x20, 0x2d, 0x31, 0x31, 0x37,
    0x74, 0x2d, 0x34, 0x33, 0x20, 0x2d, 0x31, 0x36, 0x32, 0x74, 0x34, 0x33, 0x20, 0x2d, 0x31, 0x36,
    0x32, 0x74, 0x31, 0x31, 0x37, 0x20, 0x2d, 0x31, 0x31, 0x37, 0x74, 0x31, 0x36, 0x32, 0x20, 0x2d,
    0x34, 0x33, 0x74, 0x31, 0x36, 0x32, 0x20, 0x34, 0x33, 0x74, 0x31, 0x31, 0x37, 0x20, 0x31, 0x31,
    0x37, 0x74, 0x34, 0x33, 0x20, 0x31, 0x36, 0x32, 0x74, 0x2d, 0x34, 0x33, 0x20, 0x31, 0x36, 0x32,
    0x74, 0x2d, 0x31, 0x31, 0x37, 0x20, 0x31, 0x31, 0x37, 0x74, 0x2d, 0x31, 0x36, 0x32, 0x20, 0x34,
    0x33, 0x7a, 0x22, 0x20, 0x2f, 0x3e, 0x0a, 0x3c, 0x67, 0x6c, 0x79, 0x70, 0x68, 0x20, 0x75, 0x6e,
    0x69, 0x63, 0x6f, 0x64, 0x65, 0x3d, 0x22, 0x26, 0x23, 0x78, 0x65, 0x30, 0x30, 0x35, 0x3b, 0x22,
    0x20, 0x64, 0x3d, 0x22, 0x4d, 0x36, 0x34, 0x39, 0x20, 0x39, 0x34, 0x39, 0x71, 0x34, 0x38, 0x20,
    0x36, 0x38, 0x20, 0x31, 0x30, 0x39, 0x2e, 0x35, 0x20, 0x31, 0x30, 0x34, 0x74, 0x31, 0x32, 0x31,
    0x2e, 0x35, 0x20, 0x33, 0x38, 0x2e, 0x35, 0x74, 0x31, 0x31, 0x38, 0x2e, 0x35, 0x20, 0x2d, 0x32,
    0x30, 0x74, 0x31, 0x30, 0x32, 0x2e, 0x35, 0x20, 0x2d, 0x36, 0x34, 0x74, 0x37, 0x31, 0x20, 0x2d,
    0x31, 0x30, 0x30, 0x2e, 0x35, 0x74, 0x32, 0x37, 0x20, 0x2d, 0x31, 0x32, 0x33, 0x71, 0x30, 0x20,
    0x2d, 0x35, 0x37, 0x20, 0x2d, 0x33, 0x33, 0x2e, 0x35, 0x20, 0x2d, 0x31, 0x31, 0x37, 0x2e, 0x35,
    0x74, 0x2d, 0x39, 0x34, 0x20, 0x2d, 0x31, 0x32, 0x34, 0x2e, 0x35, 0x74, 0x2d, 0x31, 0x32, 0x36,
    0x2e, 0x35, 0x20, 0x2d, 0x31, 0x32, 0x37, 0x2e, 0x35, 0x74, 0x2d, 0x31, 0x35, 0x30, 0x20, 0x2d,
    0x31, 0x35, 0x32, 0x2e, 0x35, 0x74, 0x2d, 0x31, 0x34, 0x36, 0x20, 0x2d, 0x31, 0x37, 0x34, 0x71,
    0x2d, 0x36, 0x32, 0x20, 0x38, 0x35, 0x20, 0x2d, 0x31, 0x34, 0x35, 0x2e, 0x35, 0x20, 0x31, 0x37,
    0x34, 0x74, 0x2d, 0x31, 0x35, 0x30, 0x20, 0x31, 0x35, 0x32, 0x2e, 0x35, 0x74, 0x2d, 0x31, 0x32,
    0x36, 0x2e, 0x35, 0x20, 0x31, 0x32, 0x37, 0x2e, 0x35, 0x74, 0x2d, 0x39, 0x33, 0x2e, 0x35, 0x20,
    0x31, 0x32, 0x34, 0x2e, 0x35, 0x74, 0x2d, 0x33, 0x33, 0x2e, 0x35, 0x20, 0x31, 0x31, 0x37, 0x2e,
    0x35, 0x71, 0x30, 0x20, 0x36, 0x34, 0x20, 0x32, 0x38, 0x20, 0x31, 0x32, 0x33, 0x74, 0x37, 0x33,
    0x20, 0x31, 0x30, 0x30, 0x2e, 0x35, 0x74, 0x31, 0x30, 0x34, 0x20, 0x36, 0x34, 0x74, 0x31, 0x31,
    0x39, 0x20, 0x32, 0x30, 0x20, 0x74, 0x31, 0x32, 0x30, 0x2e, 0x35, 0x20, 0x2d, 0x33, 0x38, 0x2e,
    0x35, 0x74, 0x31, 0x30, 0x34, 0x2e, 0x35, 0x20, 0x2d, 0x31, 0x30, 0x34, 0x7a, 0x22, 0x20, 0x2f,
    0x3e, 0x0a, 0x3c, 0x67, 0x6c, 0x79, 0x70, 0x68, 0x20, 0x75, 0x6e, 0x69, 0x63, 0x6f, 0x64, 0x65,
    0x3d, 0x22, 0x26, 0x23, 0x78, 0x65, 0x30, 0x30, 0x36, 0x3b, 0x22, 0x20, 0x64, 0x3d, 0x22, 0x4d,
    0x34, 0x30, 0x37, 0x20, 0x38, 0x30, 0x30, 0x6c, 0x31, 0x33, 0x31, 0x20, 0x33, 0x35, 0x33, 0x71,
    0x37, 0x20, 0x31, 0x39, 0x20, 0x31, 0x37, 0x2e, 0x35, 0x20, 0x31, 0x39, 0x74, 0x31, 0x37, 0x2e,
    0x35, 0x20, 0x2d, 0x31, 0x39, 0x6c, 0x31, 0x32, 0x39, 0x20, 0x2d, 0x33, 0x35, 0x33, 0x68, 0x34,
    0x32, 0x31, 0x71, 0x32, 0x31, 0x20, 0x30, 0x20, 0x32, 0x34, 0x20, 0x2d, 0x38, 0x2e, 0x35, 0x74,
    0x2d, 0x31, 0x34, 0x20, 0x2d, 0x32, 0x30, 0x2e, 0x35, 0x6c, 0x2d, 0x33, 0x34, 0x32, 0x20, 0x2d,
    0x32, 0x34, 0x39, 0x6c, 0x31, 0x33, 0x30, 0x20, 0x2d, 0x34, 0x30, 0x31, 0x71, 0x37, 0x20, 0x2d,
    0x32, 0x30, 0x20, 0x2d, 0x30, 0x2e, 0x35, 0x20, 0x2d, 0x32, 0x35, 0x2e, 0x35, 0x74, 0x2d, 0x32,
    0x34, 0x2e, 0x35, 0x20, 0x36, 0x2e, 0x35, 0x6c, 0x2d, 0x33, 0x34, 0x33, 0x20, 0x32, 0x34, 0x36,
    0x6c, 0x2d, 0x33, 0x34, 0x32, 0x20, 0x2d, 0x32, 0x34, 0x37, 0x71, 0x2d, 0x31, 0x37, 0x20, 0x2d,
    0x31, 0x32, 0x20, 0x2d, 0x32, 0x34, 0x2e, 0x35, 0x20, 0x2d, 0x36, 0x2e, 0x35, 0x74, 0x2d, 0x30,
    0x2e, 0x35, 0x20, 0x32, 0x35, 0x2e, 0x35, 0x6c, 0x31, 0x33, 0x30, 0x20, 0x34, 0x30, 0x30, 0x6c,
    0x2d, 0x33, 0x34, 0x37, 0x20, 0x32, 0x35, 0x31, 0x71, 0x2d, 0x31, 0x37, 0x20, 0x31, 0x32, 0x20,
    0x2d, 0x31, 0x34, 0x20, 0x32, 0x30, 0x2e, 0x35, 0x74, 0x32, 0x33, 0x20, 0x38, 0x2e, 0x35, 0x68,
    0x34, 0x32, 0x39, 0x7a, 0x22, 0x20, 0x2f, 0x3e, 0x0a, 0x3c, 0x67, 0x6c, 0x79, 0x70, 0x68, 0x20,
    0x75, 0x6e, 0x69, 0x63, 0x6f, 0x64, 0x65, 0x3d, 0x22, 0x26, 0x23, 0x78, 0x65, 0x30, 0x30, 0x37,
    0x3b, 0x22, 0x20, 0x64, 0x3d, 0x22, 0x4d, 0x34, 0x30, 0x37, 0x20, 0x38, 0x30, 0x30, 0x6c, 0x31,
    0x33, 0x31, 0x20, 0x33, 0x35, 0x33, 0x71, 0x37, 0x20, 0x31, 0x39, 0x20, 0x31, 0x37, 0x2e, 0x35,
    0x20, 0x31, 0x39, 0x74, 0x31, 0x37, 0x2e, 0x35, 0x20, 0x2d, 0x31, 0x39, 0x6c, 0x31, 0x32, 0x39,
    0x20, 0x2d, 0x33, 0x35, 0x33, 0x68, 0x34, 0x32, 0x31, 0x71, 0x32, 0x31, 0x20, 0x30, 0x20, 0x32,
    0x34, 0x20, 0x2d, 0x38, 0x2e, 0x35, 0x74, 0x2d, 0x31, 0x34, 0x20, 0x2d, 0x32, 0x30, 0x2e, 0x35,
    0x6c, 0x2d, 0x33, 0x34, 0x32, 0x20, 0x2d, 0x32, 0x34, 0x39, 0x6c, 0x31, 0x33, 0x30, 0x20, 0x2d,
    0x34, 0x30, 0x31, 0x71, 0x37, 0x20, 0x2d, 0x32, 0x30, 0x20, 0x2d, 0x30, 0x2e, 0x35, 0x20, 0x2d,
    0x32, 0x35, 0x2e, 0x35, 0x74, 0x2d, 0x32, 0x34, 0x2e, 0x35, 0x20, 0x36, 0x2e, 0x35, 0x6c, 0x2d,
    0x33, 0x34, 0x33, 0x20, 0x32, 0x34, 0x36, 0x6c, 0x2d, 0x33, 0x34, 0x32, 0x20, 0x2d, 0x32, 0x34,
    0x37, 0x71, 0x2d, 0x31, 0x37, 0x20, 0x2d, 0x31, 0x32, 0x20, 0x2d, 0x32, 0x34, 0x2e, 0x35, 0x20,
    0x2d, 0x36, 0x2e, 0x35, 0x74, 0x2d, 0x30, 0x2e, 0x35, 0x20, 0x32, 0x35, 0x2e, 0x35, 0x6c, 0x31,
    0x33, 0x30, 0x20, 0x34, 0x30, 0x30, 0x6c, 0x2d, 0x33, 0x34, 0x37, 0x20, 0x32, 0x35, 0x31, 0x71,
    0x2d, 0x31, 0x37, 0x20, 0x31, 0x32, 0x20, 0x2d, 0x31, 0x34, 0x20, 0x32, 0x30, 0x2e, 0x35, 0x74,
    0x32, 0x33, 0x20, 0x38, 0x2e, 0x35, 0x68, 0x34, 0x32, 0x39, 0x7a, 0x4d, 0x34, 0x37, 0x37, 0x20,
    0x37, 0x30, 0x30, 0x68, 0x2d, 0x32, 0x34, 0x30, 0x6c, 0x31, 0x39, 0x37, 0x20, 0x2d, 0x31, 0x34,
    0x32, 0x6c, 0x2d, 0x37, 0x34, 0x20, 0x2d, 0x32, 0x32, 0x36, 0x20, 0x6c, 0x31, 0x39, 0x33, 0x20,
    0x31, 0x33, 0x39, 0x6c, 0x31, 0x39, 0x35, 0x20, 0x2d, 0x31, 0x34, 0x30, 0x6c, 0x2d, 0x37, 0x34,
    0x20, 0x32, 0x32, 0x39, 0x6c, 0x31, 0x39, 0x32, 0x20, 0x31, 0x34, 0x30, 0x68, 0x2d, 0x32, 0x33,
    0x34, 0x6c, 0x2d, 0x37, 0x38, 0x20, 0x32, 0x31, 0x31, 0x7a, 0x22, 0x20, 0x2f, 0x3e, 0x0a, 0x3c,
    0x67, 0x6c, 0x79, 0x70, 0x68, 0x20, 0x75, 0x6e, 0x69, 0x63, 0x6f, 0x64, 0x65, 0x3d, 0x22, 0x26,
    0x23, 0x78, 0x65, 0x30, 0x30, 0x38, 0x3b, 0x22, 0x20, 0x64, 0x3d, 0x22, 0x4d, 0x36, 0x30, 0x30,
    0x20, 0x31, 0x32, 0x30, 0x30, 0x71, 0x31, 0x32, 0x34, 0x20, 0x30, 0x20, 0x32, 0x31, 0x32, 0x20,
    0x2d, 0x38, 0x38, 0x74, 0x38, 0x38, 0x20, 0x2d, 0x32, 0x31, 0x32, 0x76, 0x2d, 0x32, 0x35, 0x30,
    0x71, 0x30, 0x20, 0x2d, 0x34, 0x36, 0x20, 0x2d, 0x33, 0x31, 0x20, 0x2d, 0x39, 0x38, 0x74, 0x2d,
    0x36, 0x39, 0x20, 0x2d, 0x35, 0x32, 0x76, 0x2d, 0x37, 0x35, 0x71, 0x30, 0x20, 0x2d, 0x31, 0x30,
    0x20, 0x36, 0x20, 0x2d, 0x32, 0x31, 0x2e, 0x35, 0x74, 0x31, 0x35, 0x20, 0x2d, 0x31, 0x37, 0x2e,
    0x35, 0x6c, 0x33, 0x35, 0x38, 0x20, 0x2d, 0x32, 0x33, 0x30, 0x71, 0x39, 0x20, 0x2d, 0x35, 0x20,
    0x31, 0x35, 0x20, 0x2d, 0x31, 0x36, 0x2e, 0x35, 0x74, 0x36, 0x20, 0x2d, 0x32, 0x31, 0x2e, 0x35,
    0x76, 0x2d, 0x39, 0x33, 0x71, 0x30, 0x20, 0x2d, 0x31, 0x30, 0x20, 0x2d, 0x37, 0x2e, 0x35, 0x20,
    0x2d, 0x31, 0x37, 0x2e, 0x35, 0x74, 0x2d, 0x31, 0x37, 0x2e, 0x35, 0x20, 0x2d, 0x37, 0x2e, 0x35,
    0x68, 0x2d, 0x31, 0x31, 0x35, 0x30, 0x71, 0x2d, 0x31, 0x30, 0x20, 0x30, 0x20, 0x2d, 0x31, 0x37,
    0x2e, 0x35, 0x20, 0x37, 0x2e, 0x35, 0x74, 0x2d, 0x37, 0x2e, 0x35, 0x20, 0x31, 0x37, 0x2e, 0x35,
    0x76, 0x39, 0x33, 0x71, 0x30, 0x20, 0x31, 0x30, 0x20, 0x36, 0x20, 0x32, 0x31, 0x2e, 0x35, 0x74,
    0x31, 0x35, 0x20, 0x31, 0x36, 0x2e, 0x35, 0x6c, 0x33, 0x35, 0x38, 0x20, 0x32, 0x33, 0x30, 0x71,
    0x39, 0x20, 0x36, 0x20, 0x31, 0x35, 0x20, 0x31, 0x37, 0x2e, 0x35, 0x74, 0x36, 0x20, 0x32, 0x31,
    0x2e, 0x35, 0x76, 0x37, 0x35, 0x71, 0x2d, 0x33, 0x38, 0x20, 0x30, 0x20, 0x2d, 0x36, 0x39, 0x20,
    0x35, 0x32, 0x20, 0x74, 0x2d, 0x33, 0x31, 0x20, 0x39, 0x38, 0x76, 0x32, 0x35, 0x30, 0x71, 0x30,
    0x20, 0x31, 0x32, 0x34, 0x20, 0x38, 0x38, 0x20, 0x32, 0x31, 0x32, 0x74, 0x32, 0x31, 0x32, 0x20,
    0x38, 0x38, 0x7a, 0x22, 0x20, 0x2f, 0x3e, 0x0a, 0x3c, 0x67, 0x6c, 0x79, 0x70, 0x68, 0x20, 0x75,
    0x6e, 0x69, 0x63, 0x6f, 0x64, 0x65, 0x3d, 0x22, 0x26, 0x23, 0x78, 0x65, 0x30, 0x30, 0x39, 0x3b,
    0x22, 0x20, 0x64, 0x3d, 0x22, 0x4d, 0x32, 0x35, 0x20, 0x31, 0x31, 0x30, 0x30, 0x68, 0x31, 0x31,
    0x35, 0x30, 0x71, 0x31, 0x30, 0x20, 0x30, 0x20, 0x31, 0x37, 0x2e, 0x35, 0x20, 0x2d, 0x37, 0x2e,
    0x35, 0x74, 0x37, 0x2e, 0x35, 0x20, 0x2d, 0x31, 0x37, 0x2e, 0x35, 0x76, 0x2d, 0x31, 0x30, 0x35,
    0x30, 0x71, 0x30, 0x20, 0x2d, 0x31, 0x30, 0x20, 0x2d, 0x37, 0x2e, 0x35, 0x20, 0x2d, 0x31, 0x37,
    0x2e, 0x35, 0x74, 0x2d, 0x31, 0x37, 0x2e, 0x35, 0x20, 0x2d, 0x37, 0x2e, 0x35, 0x68, 0x2d, 0x31,
    0x31, 0x35, 0x30, 0x71, 0x2d, 0x31, 0x30, 0x20, 0x30, 0x20, 0x2d, 0x31, 0x37, 0x2e, 0x35, 0x20,
    0x37, 0x2e, 0x35, 0x74, 0x2d, 0x37, 0x2e, 0x35, 0x20, 0x31, 0x37, 0x2e, 0x35, 0x76, 0x31, 0x30,
    0x35, 0x30, 0x71, 0x30, 0x20, 0x31, 0x30, 0x20, 0x37, 0x2e, 0x35, 0x20, 0x31, 0x37, 0x2e, 0x35,
    0x74, 0x31, 0x37, 0x2e, 0x35, 0x20, 0x37, 0x2e, 0x35, 0x7a, 0x4d, 0x31, 0x30, 0x30, 0x20, 0x31,
    0x30, 0x30, 0x30, 0x76, 0x2d, 0x31, 0x30, 0x30, 0x68, 0x31, 0x30, 0x30, 0x76, 0x31, 0x30, 0x30,
    0x68, 0x2d, 0x31, 0x30, 0x30, 0x7a, 0x4d, 0x38, 0x37, 0x35, 0x20, 0x31, 0x30, 0x30, 0x30, 0x68,
    0x2d, 0x35, 0x35, 0x30, 0x71, 0x2d, 0x31, 0x30, 0x20, 0x30, 0x20, 0x2d, 0x31, 0x37, 0x2e, 0x35,
    0x20, 0x2d, 0x37, 0x2e, 0x35, 0x74, 0x2d, 0x37, 0x2e, 0x35, 0x20, 0x2d, 0x31, 0x37, 0x2e, 0x35,
    0x76, 0x2d, 0x33, 0x35, 0x30, 0x71, 0x30, 0x20, 0x2d, 0x31, 0x30, 0x20, 0x37, 0x2e, 0x35, 0x20,
    0x2d, 0x31, 0x37, 0x2e, 0x35, 0x74, 0x31, 0x37, 0x2e, 0x35, 0x20, 0x2d, 0x37, 0x2e, 0x35, 0x68,
    0x35, 0x35, 0x30, 0x20, 0x71, 0x31, 0x30, 0x20, 0x30, 0x20, 0x31, 0x37, 0x2e, 0x35, 0x20, 0x37,
    0x2e, 0x35, 0x74, 0x37, 0x2e, 0x35, 0x20, 0x31, 0x37, 0x2e, 0x35, 0x76, 0x33, 0x35, 0x30, 0x71,
    0x30, 0x20, 0x31, 0x30, 0x20, 0x2d, 0x37, 0x2e, 0x35, 0x20, 0x31, 0x37, 0x2e, 0x35, 0x74, 0x2d,
    0x31, 0x37, 0x2e, 0x35, 0x20, 0x37, 0x2e, 0x35, 0x7a, 0x4d, 0x31, 0x30, 0x30, 0x30, 0x20, 0x31,
    0x30, 0x30, 0x30, 0x76, 0x2d, 0x31, 0x30, 0x30, 0x68, 0x31, 0x30, 0x30, 0x76, 0x31, 0x30, 0x30,
    0x68, 0x2d, 0x31, 0x30, 0x30, 0x7a, 0x4d, 0x31, 0x30, 0x30, 0x20, 0x38, 0x30, 0x30, 0x76, 0x2d,
    0x31, 0x30, 0x30, 0x68, 0x31, 0x30, 0x30, 0x76, 0x31, 0x30, 0x30, 0x68, 0x2d, 0x31, 0x30, 0x30,
    0x7a, 0x4d, 0x31, 0x30, 0x30, 0x30, 0x20, 0x38, 0x30, 0x30, 0x76, 0x2d, 0x31, 0x30, 0x30, 0x68,
    0x31, 0x30, 0x30, 0x76, 0x31, 0x30, 0x30, 0x68, 0x2d, 0x31, 0x30, 0x30, 0x7a, 0x4d, 0x31, 0x30,
    0x30, 0x20, 0x36, 0x30, 0x30, 0x76, 0x2d, 0x31, 0x30, 0x30, 0x68, 0x31, 0x30, 0x30, 0x76, 0x31,
    0x30, 0x30, 0x68, 0x2d, 0x31, 0x30, 0x30, 0x7a, 0x4d, 0x31, 0x30, 0x30, 0x30, 0x20, 0x36, 0x30,
    0x30, 0x76, 0x2d, 0x31, 0x30, 0x30, 0x68, 0x31, 0x30, 0x30, 0x76, 0x31, 0x30, 0x30, 0x68, 0x2d,
    0x31, 0x30, 0x30, 0x7a, 0x4d, 0x38, 0x37, 0x35, 0x20, 0x35, 0x30, 0x30, 0x68, 0x2d, 0x35, 0x35,
    0x30, 0x71, 0x2d, 0x31, 0x30, 0x20, 0x30, 0x20, 0x2d, 0x31, 0x37, 0x2e, 0x35, 0x20, 0x2d, 0x37,
    0x2e, 0x35, 0x74, 0x2d, 0x37, 0x2e, 0x35, 0x20, 0x2d, 0x31, 0x37, 0x2e, 0x35, 0x76, 0x2d, 0x33,
    0x35, 0x30, 0x71, 0x30, 0x20, 0x2d, 0x31, 0x30, 0x20, 0x37, 0x2e, 0x35, 0x20, 0x2d, 0x31, 0x37,
    0x2e, 0x35, 0x20, 0x74, 0x31, 0x37, 0x2e, 0x35, 0x20, 0x2d, 0x37, 0x2e, 0x35, 0x68, 0x35, 0x35,
    0x30, 0x71, 0x31, 0x30, 0x20, 0x30, 0x20, 0x31, 0x37, 0x2e, 0x35, 0x20, 0x37, 0x2e, 0x35, 0x74,
    0x37, 0x2e, 0x35, 0x20, 0x31, 0x37, 0x2e, 0x35, 0x76, 0x33, 0x35, 0x30, 0x71, 0x30, 0x20, 0x31,
    0x30, 0x20, 0x2d, 0x37, 0x2e, 0x35, 0x20, 0x31, 0x37, 0x2e, 0x35, 0x74, 0x2d, 0x31, 0x37, 0x2e,
    0x35, 0x20, 0x37, 0x2e, 0x35, 0x7a, 0x4d, 0x31, 0x30, 0x30, 0x20, 0x34, 0x30, 0x30, 0x76, 0x2d,
    0x31, 0x30, 0x30, 0x68, 0x31, 0x30, 0x30, 0x76, 0x31, 0x30, 0x30, 0x68, 0x2d, 0x31, 0x30, 0x30,
    0x7a, 0x4d, 0x31, 0x30, 0x30, 0x30, 0x20, 0x34, 0x30, 0x30, 0x76, 0x2d, 0x31, 0x30, 0x30, 0x68,
    0x31, 0x30, 0x30, 0x76, 0x31, 0x30, 0x30, 0x68, 0x2d, 0x31, 0x30, 0x30, 0x7a, 0x4d, 0x31, 0x30,
    0x30, 0x20, 0x32, 0x30, 0x30, 0x76, 0x2d, 0x31, 0x30, 0x30, 0x68, 0x31, 0x30, 0x30, 0x76, 0x31,
    0x30, 0x30, 0x68, 0x2d, 0x31, 0x30, 0x30, 0x7a, 0x4d, 0x31, 0x30, 0x30, 0x30, 0x20, 0x32, 0x30,
    0x30, 0x76, 0x2d, 0x31, 0x30, 0x30, 0x68, 0x31, 0x30, 0x30, 0x76, 0x31, 0x30, 0x30, 0x68, 0x2d,
    0x31, 0x30, 0x30, 0x7a, 0x22, 0x20, 0x2f, 0x3e, 0x0a, 0x3c, 0x67, 0x6c, 0x79, 0x70, 0x68, 0x20,
    0x75, 0x6e, 0x69, 0x63, 0x6f, 0x64, 0x65, 0x3d, 0x22, 0x26, 0x23, 0x78, 0x65, 0x30, 0x31, 0x30,
    0x3b, 0x22, 0x20, 0x64, 0x3d, 0x22, 0x4d, 0x35, 0x30, 0x20, 0x31, 0x31, 0x30, 0x30, 0x68, 0x34,
    0x30, 0x30, 0x71, 0x32, 0x31, 0x20, 0x30, 0x20, 0x33, 0x35, 0x2e, 0x35, 0x20, 0x2d, 0x31, 0x34,
    0x2e, 0x35, 0x74, 0x31, 0x34, 0x2e, 0x35, 0x20, 0x2d, 0x33, 0x35, 0x2e, 0x35, 0x76, 0x2d, 0x34,
    0x30, 0x30, 0x71, 0x30, 0x20, 0x2d, 0x32, 0x31, 0x20, 0x2d, 0x31, 0x34, 0x2e, 0x35, 0x20, 0x2d,
    0x33, 0x35, 0x2e, 0x35, 0x74, 0x2d, 0x33, 0x35, 0x2e, 0x35, 0x20, 0x2d, 0x31, 0x34, 0x2e, 0x35,
    0x68, 0x2d, 0x34, 0x30, 0x30, 0x71, 0x2d, 0x32, 0x31, 0x20, 0x30, 0x20, 0x2d, 0x33, 0x35, 0x2e,
    0x35, 0x20, 0x31, 0x34, 0x2e, 0x35, 0x74, 0x2d, 0x31, 0x34, 0x2e, 0x35, 0x20, 0x33, 0x35, 0x2e,
    0x35, 0x76, 0x34, 0x30, 0x30, 0x71, 0x30, 0x20, 0x32, 0x31, 0x20, 0x31, 0x34, 0x2e, 0x35, 0x20,
    0x33, 0x35, 0x2e, 0x35, 0x74, 0x33, 0x35, 0x2e, 0x35, 0x20, 0x31, 0x34, 0x2e, 0x35, 0x7a, 0x4d,
    0x36, 0x35, 0x30, 0x20, 0x31, 0x31, 0x30, 0x30, 0x68, 0x34, 0x30, 0x30, 0x71, 0x32, 0x31, 0x20,
    0x30, 0x20, 0x33, 0x35, 0x2e, 0x35, 0x20, 0x2d, 0x31, 0x34, 0x2e, 0x35, 0x74, 0x31, 0x34, 0x2e,
    0x35, 0x20, 0x2d, 0x33, 0x35, 0x2e, 0x35, 0x76, 0x2d, 0x34, 0x30, 0x30, 0x71, 0x30, 0x20, 0x2d,
    0x32, 0x31, 0x20, 0x2d, 0x31, 0x34, 0x2e, 0x35, 0x20, 0x2d, 0x33, 0x35, 0x2e, 0x35, 0x74, 0x2d,
    0x33, 0x35, 0x2e, 0x35, 0x20, 0x2d, 0x31, 0x34, 0x2e, 0x35, 0x68, 0x2d, 0x34, 0x30, 0x30, 0x71,
    0x2d, 0x32, 0x31, 0x20, 0x30, 0x20, 0x2d, 0x33, 0x35, 0x2e, 0x35, 0x20, 0x31, 0x34, 0x2e, 0x35,
    0x74, 0x2d, 0x31, 0x34, 0x2e, 0x35, 0x20, 0x33, 0x35, 0x2e, 0x35, 0x76, 0x34, 0x30, 0x30, 0x20,
    0x71, 0x30, 0x20, 0x32, 0x31, 0x20, 0x31, 0x34, 0x2e, 0x35, 0x20, 0x33, 0x35, 0x2e, 0x35, 0x74,
    0x33, 0x35, 0x2e, 0x35, 0x20, 0x31, 0x34, 0x2e, 0x35, 0x7a, 0x4d, 0x35, 0x30, 0x20, 0x35, 0x30,
    0x30, 0x68, 0x34, 0x30, 0x30, 0x71, 0x32, 0x31, 0x20, 0x30, 0x20, 0x33, 0x35, 0x2e, 0x35, 0x20,
    0x2d, 0x31, 0x34, 0x2e, 0x35, 0x74, 0x31, 0x34, 0x2e, 0x35, 0x20, 0x2d, 0x33, 0x35, 0x2e, 0x35,
    0x76, 0x2d, 0x34, 0x30, 0x30, 0x71, 0x30, 0x20, 0x2d, 0x32, 0x31, 0x20, 0x2d, 0x31, 0x34, 0x2e,
    0x35, 0x20, 0x2d, 0x33, 0x35, 0x2e, 0x35, 0x74, 0x2d, 0x33, 0x35, 0x2e, 0x35, 0x20, 0x2d, 0x31,
    0x34, 0x2e, 0x35, 0x68, 0x2d, 0x34, 0x30, 0x30, 0x71, 0x2d, 0x32, 0x31, 0x20, 0x30, 0x20, 0x2d,
    0x33, 0x35, 0x2e, 0x35, 0x20, 0x31, 0x34, 0x2e, 0x35, 0x74, 0x2d, 0x31, 0x34, 0x2e, 0x35, 0x20,
    0x33, 0x35, 0x2e, 0x35, 0x76, 0x34, 0x30, 0x30, 0x71, 0x30, 0x20, 0x32, 0x31, 0x20, 0x31, 0x34,
    0x2e, 0x35, 0x20, 0x33, 0x35, 0x2e, 0x35, 0x74, 0x33, 0x35, 0x2e, 0x35, 0x20, 0x31, 0x34, 0x2e,
    0x35, 0x7a, 0x4d, 0x36, 0x35, 0x30, 0x20, 0x35, 0x30, 0x30, 0x68, 0x34, 0x30, 0x30, 0x71, 0x32,
    0x31, 0x20, 0x30, 0x20, 0x33, 0x35, 0x2e, 0x35, 0x20, 0x2d, 0x31, 0x34, 0x2e, 0x35, 0x74, 0x31,
    0x34, 0x2e, 0x35, 0x20, 0x2d, 0x33, 0x35, 0x2e, 0x35, 0x76, 0x2d, 0x34, 0x30, 0x30, 0x71, 0x30,
    0x20, 0x2d, 0x32, 0x31, 0x20, 0x2d, 0x31, 0x34, 0x2e, 0x35, 0x20, 0x2d, 0x33, 0x35, 0x2e, 0x35,
    0x74, 0x2d, 0x33, 0x35, 0x2e, 0x35, 0x20, 0x2d, 0x31, 0x34, 0x2e, 0x35, 0x68, 0x2d, 0x34, 0x30,
    0x30, 0x20, 0x71, 0x2d, 0x32, 0x31, 0x20, 0x30, 0x20, 0x2d, 0x33, 0x35, 0x2e, 0x35, 0x20, 0x31,
    0x34, 0x2e, 0x35, 0x74, 0x2d, 0x31, 0x34, 0x2e, 0x35, 0x20, 0x33, 0x35, 0x2e, 0x35, 0x76, 0x34,
    0x30, 0x30, 0x71, 0x30, 0x20, 0x32, 0x31, 0x20, 0x31, 0x34, 0x2e, 0x35, 0x20, 0x33, 0x35, 0x2e,
    0x35, 0x74, 0x33, 0x35, 0x2e, 0x35, 0x20, 0x31, 0x34, 0x2e, 0x35, 0x7a, 0x22, 0x20, 0x2f, 0x3e,
    0x0a, 0x3c, 0x67, 0x6c, 0x79, 0x70, 0x68, 0x20, 0x75, 0x6e, 0x69, 0x63, 0x6f, 0x64, 0x65, 0x3d,
    0x22, 0x26, 0x23, 0x78, 0x65, 0x30, 0x31, 0x31, 0x3b, 0x22, 0x20, 0x64, 0x3d, 0x22, 0x4d, 0x35,
    0x30, 0x20, 0x31, 0x31, 0x30, 0x30, 0x68, 0x32, 0x30, 0x30, 0x71, 0x32, 0x31, 0x20, 0x30, 0x20,
    0x33, 0x35, 0x2e, 0x35, 0x20, 0x2d, 0x31, 0x34, 0x2e, 0x35, 0x74, 0x31, 0x34, 0x2e, 0x35, 0x20,
    0x2d, 0x33, 0x35, 0x2e, 0x35, 0x76, 0x2d, 0x32, 0x30, 0x30, 0x71, 0x30, 0x20, 0x2d, 0x32, 0x31,
    0x20, 0x2d, 0x31, 0x34, 0x2e, 0x35, 0x20, 0x2d, 0x33, 0x35, 0x2e, 0x35, 0x74, 0x2d, 0x33, 0x35,
    0x2e, 0x35, 0x20, 0x2d, 0x31, 0x34, 0x2e, 0x35, 0x68, 0x2d, 0x32, 0x30, 0x30, 0x71, 0x2d, 0x32,
    0x31, 0x20, 0x30, 0x20, 0x2d, 0x33, 0x35, 0x2e, 0x35, 0x20, 0x31, 0x34, 0x2e, 0x35, 0x74, 0x2d,
    0x31, 0x34, 0x2e, 0x35, 0x20, 0x33, 0x35, 0x2e, 0x35, 0x76, 0x32, 0x30, 0x30, 0x71, 0x30, 0x20,
    0x32, 0x31, 0x20, 0x31, 0x34, 0x2e, 0x35, 0x20, 0x33, 0x35, 0x2e, 0x35, 0x74, 0x33, 0x35, 0x2e,
    0x35, 0x20, 0x31, 0x34, 0x2e, 0x35, 0x7a, 0x4d, 0x34, 0x35, 0x30, 0x20, 0x31, 0x31, 0x30, 0x30,
    0x68, 0x32, 0x30, 0x30, 0x71, 0x32, 0x31, 0x20, 0x30, 0x20, 0x33, 0x35, 0x2e, 0x35, 0x20, 0x2d,
    0x31, 0x34, 0x2e, 0x35, 0x74, 0x31, 0x34, 0x2e, 0x35, 0x20, 0x2d, 0x33, 0x35, 0x2e, 0x35, 0x76,
    0x2d, 0x32, 0x30, 0x30, 0x71, 0x30, 0x20, 0x2d, 0x32, 0x31, 0x20, 0x2d, 0x31, 0x34, 0x2e, 0x35,
    0x20, 0x2d, 0x33, 0x35, 0x2e, 0x35, 0x74, 0x2d, 0x33, 0x35, 0x2e, 0x35, 0x20, 0x2d, 0x31, 0x34,
    0x2e, 0x35, 0x68, 0x2d, 0x32, 0x30, 0x30, 0x71, 0x2d, 0x32, 0x31, 0x20, 0x30, 0x20, 0x2d, 0x33,
    0x35, 0x2e, 0x35, 0x20, 0x31, 0x34, 0x2e, 0x35, 0x74, 0x2d, 0x31, 0x34, 0x2e, 0x35, 0x20, 0x33,
    0x35, 0x2e, 0x35, 0x76, 0x32, 0x30, 0x30, 0x20, 0x71, 0x30, 0x20, 0x32, 0x31, 0x20, 0x31, 0x34,
    0x2e, 0x35, 0x20, 0x33, 0x35, 0x2e, 0x35, 0x74, 0x33, 0x35, 0x2e, 0x35, 0x20, 0x31, 0x34, 0x2e,
    0x35, 0x7a, 0x4d, 0x38, 0x35, 0x30, 0x20, 0x31, 0x31, 0x30, 0x30, 0x68, 0x32, 0x30, 0x30, 0x71,
    0x32, 0x31, 0x20, 0x30, 0x20, 0x33, 0x35, 0x2e, 0x35, 0x20, 0x2d, 0x31, 0x34, 0x2e, 0x35, 0x74,
    0x31, 0x34, 0x2e, 0x35, 0x20, 0x2d, 0x33, 0x35, 0x2e, 0x35, 0x76, 0x2d, 0x32, 0x30, 0x30, 0x71,
    0x30, 0x20, 0x2d, 0x32, 0x31, 0x20, 0x2d, 0x31, 0x34, 0x2e, 0x35, 0x20, 0x2d, 0x33, 0x35, 0x2e,
    0x35, 0x74, 0x2d, 0x33, 0x35, 0x2e, 0x35, 0x20, 0x2d, 0x31, 0x34, 0x2e, 0x35, 0x68, 0x2d, 0x32,
    0x30, 0x30, 0x71, 0x2d, 0x32, 0x31, 0x20, 0x30, 0x20, 0x2d, 0x33, 0x35, 0x2e, 0x35, 0x20, 0x31,
    0x34, 0x2e, 0x35, 0x74, 0x2d, 0x31, 0x34, 0x2e, 0x35, 0x20, 0x33, 0x35, 0x2e, 0x35, 0x76, 0x32,
    0x30, 0x30, 0x71, 0x30, 0x20, 0x32, 0x31, 0x20, 0x31, 0x34, 0x2e, 0x35, 0x20, 0x33, 0x35, 0x2e,
    0x35, 0x74, 0x33, 0x35, 0x2e, 0x35, 0x20, 0x31, 0x34, 0x2e, 0x35, 0x7a, 0x4d, 0x35, 0x30, 0x20,
    0x37, 0x30, 0x30, 0x68, 0x32, 0x30, 0x30, 0x71, 0x32, 0x31, 0x20, 0x30, 0x20, 0x33, 0x35, 0x2e,
    0x35, 0x20, 0x2d, 0x31, 0x34, 0x2e, 0x35, 0x74, 0x31, 0x34, 0x2e, 0x35, 0x20, 0x2d, 0x33, 0x35,
    0x2e, 0x35, 0x76, 0x2d, 0x32, 0x30, 0x30, 0x71, 0x30, 0x20, 0x2d, 0x32, 0x31, 0x20, 0x2d, 0x31,
    0x34, 0x2e, 0x35, 0x20, 0x2d, 0x33, 0x35, 0x2e, 0x35, 0x74, 0x2d, 0x33, 0x35, 0x2e, 0x35, 0x20,
    0x2d, 0x31, 0x34, 0x2e, 0x35, 0x68, 0x2d, 0x32, 0x30, 0x30, 0x20, 0x71, 0x2d, 0x32, 0x31, 0x20,
    0x30, 0x20, 0x2d, 0x33, 0x35, 0x2e, 0x35, 0x20, 0x31, 0x34, 0x2e, 0x35, 0x74, 0x2d, 0x31, 0x34,
    0x2e, 0x35, 0x20, 0x33, 0x35, 0x2e, 0x35, 0x76, 0x32, 0x30, 0x30, 0x71, 0x30, 0x20, 0x32, 0x31,
    0x20, 0x31, 0x34, 0x2e, 0x35, 0x20, 0x33, 0x35, 0x2e, 0x35, 0x74, 0x33, 0x35, 0x2e, 0x35, 0x20,
    0x31, 0x34, 0x2e, 0x35, 0x7a, 0x4d, 0x34, 0x35, 0x30, 0x20, 0x37, 0x30, 0x30, 0x68, 0x32, 0x30,
    0x30, 0x71, 0x32, 0x31, 0x20, 0x30, 0x20, 0x33, 0x35, 0x2e, 0x35, 0x20, 0x2d, 0x31, 0x34, 0x2e,
    0x35, 0x74, 0x31, 0x34, 0x2e, 0x35, 0x20, 0x2d, 0x33, 0x35, 0x2e, 0x35, 0x76, 0x2d, 0x32, 0x30,
    0x30, 0x71, 0x30, 0x20, 0x2d, 0x32, 0x31, 0x20, 0x2d, 0x31, 0x34, 0x2e, 0x35, 0x20, 0x2d, 0x33,
    0x35, 0x2e, 0x35, 0x74, 0x2d, 0x33, 0x35, 0x2e, 0x35, 0x20, 0x2d, 0x31, 0x34, 0x2e, 0x35, 0x68,
    0x2d, 0x32, 0x30, 0x30, 0x71, 0x2d, 0x32, 0x31, 0x20, 0x30, 0x20, 0x2d, 0x33, 0x35, 0x2e, 0x35,
    0x20, 0x31, 0x34, 0x2e, 0x35, 0x74, 0x2d, 0x31, 0x34, 0x2e, 0x35, 0x20, 0x33, 0x35, 0x2e, 0x35,
    0x76, 0x32, 0x30, 0x30, 0x71, 0x30, 0x20, 0x32, 0x31, 0x20, 0x31, 0x34, 0x2e, 0x35, 0x20, 0x33,
    0x35, 0x2e, 0x35, 0x74, 0x33, 0x35, 0x2e, 0x35, 0x20, 0x31, 0x34, 0x2e, 0x35, 0x7a, 0x4d, 0x38,
    0x35, 0x30, 0x20, 0x37, 0x30, 0x30, 0x68, 0x32, 0x30, 0x30, 0x71, 0x32, 0x31, 0x20, 0x30, 0x20,
    0x33, 0x35, 0x2e, 0x35, 0x20, 0x2d, 0x31, 0x34, 0x2e, 0x35, 0x74, 0x31, 0x34, 0x2e, 0x35, 0x20,
    0x2d, 0x33, 0x35, 0x2e, 0x35, 0x76, 0x2d, 0x32, 0x30, 0x30, 0x20, 0x71, 0x30, 0x20, 0x2d, 0x32,
    0x31, 0x20, 0x2d, 0x31, 0x34, 0x2e, 0x35, 0x20, 0x2d, 0x33, 0x35, 0x2e, 0x35, 0x74, 0x2d, 0x33,
    0x35, 0x2e, 0x35, 0x20, 0x2d, 0x31, 0x34, 0x2e, 0x35, 0x68, 0x2d, 0x32, 0x30, 0x30, 0x71, 0x2d,
    0x32, 0x31, 0x20, 0x30, 0x20, 0x2d, 0x33, 0x35, 0x2e, 0x35, 0x20, 0x31, 0x34, 0x2e, 0x35, 0x74,
    0x2d, 0x31, 0x34, 0x2e, 0x35, 0x20, 0x33, 0x35, 0x2e, 0x35, 0x76, 0x32, 0x30, 0x30, 0x71, 0x30,
    0x20, 0x32, 0x31, 0x20, 0x31, 0x34, 0x2e, 0x35, 0x20, 0x33, 0x35, 0x2e, 0x35, 0x74, 0x33, 0x35,
    0x2e, 0x35, 0x20, 0x31, 0x34, 0x2e, 0x35, 0x7a, 0x4d, 0x35, 0x30, 0x20, 0x33, 0x30, 0x30, 0x68,
    0x32, 0x30, 0x30, 0x71, 0x32, 0x31, 0x20, 0x30, 0x20, 0x33, 0x35, 0x2e, 0x35, 0x20, 0x2d, 0x31,
    0x34, 0x2e, 0x35, 0x74, 0x31, 0x34, 0x2e, 0x35, 0x20, 0x2d, 0x33, 0x35, 0x2e, 0x35, 0x76, 0x2d,
    0x32, 0x30, 0x30, 0x71, 0x30, 0x20, 0x2d, 0x32, 0x31, 0x20, 0x2d, 0x31, 0x34, 0x2e, 0x35, 0x20,
    0x2d, 0x33, 0x35, 0x2e, 0x35, 0x74, 0x2d, 0x33, 0x35, 0x2e, 0x35, 0x20, 0x2d, 0x31, 0x34, 0x2e,
    0x35, 0x68, 0x2d, 0x32, 0x30, 0x30, 0x71, 0x2d, 0x32, 0x31, 0x20, 0x30, 0x20, 0x2d, 0x33, 0x35,
    0x2e, 0x35, 0x20, 0x31, 0x34, 0x2e, 0x35, 0x74, 0x2d, 0x31, 0x34, 0x2e, 0x35, 0x20, 0x33, 0x35,
    0x2e, 0x35, 0x76, 0x32, 0x30, 0x30, 0x71, 0x30, 0x20, 0x32, 0x31, 0x20, 0x31, 0x34, 0x2e, 0x35,
    0x20, 0x33, 0x35, 0x2e, 0x35, 0x74, 0x33, 0x35, 0x2e, 0x35, 0x20, 0x31, 0x34, 0x2e, 0x35, 0x7a,
    0x4d, 0x34, 0x35, 0x30, 0x20, 0x33, 0x30, 0x30, 0x68, 0x32, 0x30, 0x30, 0x20, 0x71, 0x32, 0x31,
    0x20, 0x30, 0x20, 0x33, 0x35, 0x2e, 0x35, 0x20, 0x2d, 0x31, 0x34, 0x2e, 0x35, 0x74, 0x31, 0x34,
    0x2e, 0x35, 0x20, 0x2d, 0x33, 0x35, 0x2e, 0x35, 0x76, 0x2d, 0x32, 0x30, 0x30, 0x71, 0x30, 0x20,
    0x2d, 0x32, 0x31, 0x20, 0x2d, 0x31, 0x34, 0x2e, 0x35, 0x20, 0x2d, 0x33, 0x35, 0x2e, 0x35, 0x74,
    0x2d, 0x33, 0x35, 0x2e, 0x35, 0x20, 0x2d, 0x31, 0x34, 0x2e, 0x35, 0x68, 0x2d, 0x32, 0x30, 0x30,
    0x71, 0x2d, 0x32, 0x31, 0x20, 0x30, 0x20, 0x2d, 0x33, 0x35, 0x2e, 0x35, 0x20, 0x31, 0x34, 0x2e,
    0x35, 0x74, 0x2d, 0x31, 0x34, 0x2e, 0x35, 0x20, 0x33, 0x35, 0x2e, 0x35, 0x76, 0x32, 0x30, 0x30,
    0x71, 0x30, 0x20, 0x32, 0x31, 0x20, 0x31, 0x34, 0x2e, 0x35, 0x20, 0x33, 0x35, 0x2e, 0x35, 0x74,
    0x33, 0x35, 0x2e, 0x35, 0x20, 0x31, 0x34, 0x2e, 0x35, 0x7a, 0x4d, 0x38, 0x35, 0x30, 0x20, 0x33,
    0x30, 0x30, 0x68, 0x32, 0x30, 0x30, 0x71, 0x32, 0x31, 0x20, 0x30, 0x20, 0x33, 0x35, 0x2e, 0x35,
    0x20, 0x2d, 0x31, 0x34, 0x2e, 0x35, 0x74, 0x31, 0x34, 0x2e, 0x35, 0x20, 0x2d, 0x33, 0x35, 0x2e,
    0x35, 0x76, 0x2d, 0x32, 0x30, 0x30, 0x71, 0x30, 0x20, 0x2d, 0x32, 0x31, 0x20, 0x2d, 0x31, 0x34,
    0x2e, 0x35, 0x20, 0x2d, 0x33, 0x35, 0x2e, 0x35, 0x74, 0x2d, 0x33, 0x35, 0x2e, 0x35, 0x20, 0x2d,
    0x31, 0x34, 0x2e, 0x35, 0x68, 0x2d, 0x32, 0x30, 0x30, 0x71, 0x2d, 0x32, 0x31, 0x20, 0x30, 0x20,
    0x2d, 0x33, 0x35, 0x2e, 0x35, 0x20, 0x31, 0x34, 0x2e, 0x35, 0x74, 0x2d, 0x31, 0x34, 0x2e, 0x35,
    0x20, 0x33, 0x35, 0x2e, 0x35, 0x76, 0x32, 0x30, 0x30, 0x71, 0x30, 0x20, 0x32, 0x31, 0x20, 0x31,
    0x34, 0x2e, 0x35, 0x20, 0x33, 0x35, 0x2e, 0x35, 0x20, 0x74, 0x33, 0x35, 0x2e, 0x35, 0x20, 0x31,
    0x34, 0x2e, 0x35, 0x7a, 0x22, 0x20, 0x2f, 0x3e, 0x0a, 0x3c, 0x67, 0x6c, 0x79, 0x70, 0x68, 0x20,
    0x75, 0x6e, 0x69, 0x63, 0x6f, 0x64, 0x65, 0x3d, 0x22, 0x26, 0x23, 0x78, 0x65, 0x30, 0x31, 0x32,
    0x3b, 0x22, 0x20, 0x64, 0x3d, 0x22, 0x4d, 0x35, 0x30, 0x20, 0x31, 0x31, 0x30, 0x30, 0x68, 0x32,
    0x30, 0x30, 0x71, 0x32, 0x31, 0x20, 0x30, 0x20, 0x33, 0x35, 0x2e, 0x35, 0x20, 0x2d, 0x31, 0x34,
    0x2e, 0x35, 0x74, 0x31, 0x34, 0x2e, 0x35, 0x20, 0x2d, 0x33, 0x35, 0x2e, 0x35, 0x76, 0x2d, 0x32,
    0x30, 0x30, 0x71, 0x30, 0x20, 0x2d, 0x32, 0x31, 0x20, 0x2d, 0x31, 0x34, 0x2e, 0x35, 0x20, 0x2d,
    0x33, 0x35, 0x2e, 0x35, 0x74, 0x2d, 0x33, 0x35, 0x2e, 0x35, 0x20, 0x2d, 0x31, 0x34, 0x2e, 0x35,
    0x68, 0x2d, 0x32, 0x30, 0x30, 0x71, 0x2d, 0x32, 0x31, 0x20, 0x30, 0x20, 0x2d, 0x33, 0x35, 0x2e,
    0x35, 0x20, 0x31, 0x34, 0x2e, 0x35, 0x74, 0x2d, 0x31, 0x34, 0x2e, 0x35, 0x20, 0x33, 0x35, 0x2e,
    0x35, 0x76, 0x32, 0x30, 0x30, 0x71, 0x30, 0x20, 0x32, 0x31, 0x20, 0x31, 0x34, 0x2e, 0x35, 0x20,
    0x33, 0x35, 0x2e, 0x35, 0x74, 0x33, 0x35, 0x2e, 0x35, 0x20, 0x31, 0x34, 0x2e, 0x35, 0x7a, 0x4d,
    0x34, 0x35, 0x30, 0x20, 0x31, 0x31, 0x30, 0x30, 0x68, 0x37, 0x30, 0x30, 0x71, 0x32, 0x31, 0x20,
    0x30, 0x20, 0x33, 0x35, 0x2e, 0x35, 0x20, 0x2d, 0x31, 0x34, 0x2e, 0x35, 0x74, 0x31, 0x34, 0x2e,
    0x35, 0x20, 0x2d, 0x33, 0x35, 0x2e, 0x35, 0x76, 0x2d, 0x32, 0x30, 0x30, 0x71, 0x30, 0x20, 0x2d,
    0x32, 0x31, 0x20, 0x2d, 0x31, 0x34, 0x2e, 0x35, 0x20, 0x2d, 0x33, 0x35, 0x2e, 0x35, 0x74, 0x2d,
    0x33, 0x35, 0x2e, 0x35, 0x20, 0x2d, 0x31, 0x34, 0x2e, 0x35, 0x68, 0x2d, 0x37, 0x30, 0x30, 0x71,
    0x2d, 0x32, 0x31, 0x20, 0x30, 0x20, 0x2d, 0x33, 0x35, 0x2e, 0x35, 0x20, 0x31, 0x34, 0x2e, 0x35,
    0x74, 0x2d, 0x31, 0x34, 0x2e, 0x35, 0x20, 0x33, 0x35, 0x2e, 0x35, 0x76, 0x32, 0x30, 0x30, 0x20,
    0x71, 0x30, 0x20, 0x32, 0x31, 0x20, 0x31, 0x34, 0x2e, 0x35, 0x20, 0x33, 0x35, 0x2e, 0x35, 0x74,
    0x33, 0x35, 0x2e, 0x35, 0x20, 0x31, 0x34, 0x2e, 0x35, 0x7a, 0x4d, 0x35, 0x30, 0x20, 0x37, 0x30,
    0x30, 0x68, 0x32, 0x30, 0x30, 0x71, 0x32, 0x31, 0x20, 0x30, 0x20, 0x33, 0x35, 0x2e, 0x35, 0x20,
    0x2d, 0x31, 0x34, 0x2e, 0x35, 0x74, 0x31, 0x34, 0x2e, 0x35, 0x20, 0x2d, 0x33, 0x35, 0x2e, 0x35,
    0x76, 0x2d, 0x32, 0x30, 0x30, 0x71, 0x30, 0x20, 0x2d, 0x32, 0x31, 0x20, 0x2d, 0x31, 0x34, 0x2e,
    0x35, 0x20, 0x2d, 0x33, 0x35, 0x2e, 0x35, 0x74, 0x2d, 0x33, 0x35, 0x2e, 0x35, 0x20, 0x2d, 0x31,
    0x34, 0x2e, 0x35, 0x68, 0x2d, 0x32, 0x30, 0x30, 0x71, 0x2d, 0x32, 0x31, 0x20, 0x30, 0x20, 0x2d,
    0x33, 0x35, 0x2e, 0x35, 0x20, 0x31, 0x34, 0x2e, 0x35, 0x74, 0x2d, 0x31, 0x34, 0x2e, 0x35, 0x20,
    0x33, 0x35, 0x2e, 0x35, 0x76, 0x32, 0x30, 0x30, 0x71, 0x30, 0x20, 0x32, 0x31, 0x20, 0x31, 0x34,
    0x2e, 0x35, 0x20, 0x33, 0x35, 0x2e, 0x35, 0x74, 0x33, 0x35, 0x2e, 0x35, 0x20, 0x31, 0x34, 0x2e,
    0x35, 0x7a, 0x4d, 0x34, 0x35, 0x30, 0x20, 0x37, 0x30, 0x30, 0x68, 0x37, 0x30, 0x30, 0x71, 0x32,
    0x31, 0x20, 0x30, 0x20, 0x33, 0x35, 0x2e, 0x35, 0x20, 0x2d, 0x31, 0x34, 0x2e, 0x35, 0x74, 0x31,
    0x34, 0x2e, 0x35, 0x20, 0x2d, 0x33, 0x35, 0x2e, 0x35, 0x76, 0x2d, 0x32, 0x30, 0x30, 0x71, 0x30,
    0x20, 0x2d, 0x32, 0x31, 0x20, 0x2d, 0x31, 0x34, 0x2e, 0x35, 0x20, 0x2d, 0x33, 0x35, 0x2e, 0x35,
    0x74, 0x2d, 0x33, 0x35, 0x2e, 0x35, 0x20, 0x2d, 0x31, 0x34, 0x2e, 0x35, 0x68, 0x2d, 0x37, 0x30,
    0x30, 0x20, 0x71, 0x2d, 0x32, 0x31, 0x20, 0x30, 0x20, 0x2d, 0x33, 0x35, 0x2e, 0x35, 0x20, 0x31,
    0x34, 0x2e, 0x35, 0x74, 0x2d, 0x31, 0x34, 0x2e, 0x35, 0x20, 0x33, 0x35, 0x2e, 0x35, 0x76, 0x32,
    0x30, 0x30, 0x71, 0x30, 0x20, 0x32, 0x31, 0x20, 0x31, 0x34, 0x2e, 0x35, 0x20, 0x33, 0x35, 0x2e,
    0x35, 0x74, 0x33, 0x35, 0x2e, 0x35, 0x20, 0x31, 0x34, 0x2e, 0x35, 0x7a, 0x4d, 0x35, 0x30, 0x20,
    0x33, 0x30, 0x30, 0x68, 0x32, 0x30, 0x30, 0x71, 0x32, 0x31, 0x20, 0x30, 0x20, 0x33, 0x35, 0x2e,
    0x35, 0x20, 0x2d, 0x31, 0x34, 0x2e, 0x35, 0x74, 0x31, 0x34, 0x2e, 0x35, 0x20, 0x2d, 0x33, 0x35,
    0x2e, 0x35, 0x76, 0x2d, 0x32, 0x30, 0x30, 0x71, 0x30, 0x20, 0x2d, 0x32, 0x31, 0x20, 0x2d, 0x31,
    0x34, 0x2e, 0x35, 0x20, 0x2d, 0x33, 0x35, 0x2e, 0x35, 0x74, 0x2d, 0x33, 0x35, 0x2e, 0x35, 0x20,
    0x2d, 0x31, 0x34, 0x2e, 0x35, 0x68, 0x2d, 0x32, 0x30, 0x30, 0x71, 0x2d, 0x32, 0x31, 0x20, 0x30,
    0x20, 0x2d, 0x33, 0x35, 0x2e, 0x35, 0x20, 0x31, 0x34, 0x2e, 0x35, 0x74, 0x2d, 0x31, 0x34, 0x2e,
    0x35, 0x20, 0x33, 0x35, 0x2e, 0x35, 0x76, 0x32, 0x30, 0x30, 0x71, 0x30, 0x20, 0x32, 0x31, 0x20,
    0x31, 0x34, 0x2e, 0x35, 0x20, 0x33, 0x35, 0x2e, 0x35, 0x74, 0x33, 0x35, 0x2e, 0x35, 0x20, 0x31,
    0x34, 0x2e, 0x35, 0x7a, 0x4d, 0x34, 0x35, 0x30, 0x20, 0x33, 0x30, 0x30, 0x68, 0x37, 0x30, 0x30,
    0x71, 0x32, 0x31, 0x20, 0x30, 0x20, 0x33, 0x35, 0x2e, 0x35, 0x20, 0x2d, 0x31, 0x34, 0x2e, 0x35,
    0x74, 0x31, 0x34, 0x2e, 0x35, 0x20, 0x2d, 0x33, 0x35, 0x2e, 0x35, 0x76, 0x2d, 0x32, 0x30, 0x30,
    0x20, 0x71, 0x30, 0x20, 0x2d, 0x32, 0x31, 0x20, 0x2d, 0x31, 0x34, 0x2e, 0x35, 0x20, 0x2d, 0x33,
    0x35, 0x2e, 0x35, 0x74, 0x2d, 0x33, 0x35, 0x2e, 0x35, 0x20, 0x2d, 0x31, 0x34, 0x2e, 0x35, 0x68,
    0x2d, 0x37, 0x30, 0x30, 0x71, 0x2d, 0x32, 0x31, 0x20, 0x30, 0x20, 0x2d, 0x33, 0x35, 0x2e, 0x35,
    0x20, 0x31, 0x34, 0x2e, 0x35, 0x74, 0x2d, 0x31, 0x34, 0x2e, 0x35, 0x20, 0x33, 0x35, 0x2e, 0x35,
    0x76, 0x32, 0x30, 0x30, 0x71, 0x30, 0x20, 0x32, 0x31, 0x20, 0x31, 0x34, 0x2e, 0x35, 0x20, 0x33,
    0x35, 0x2e, 0x35, 0x74, 0x33, 0x35, 0x2e, 0x35, 0x20, 0x31, 0x34, 0x2e, 0x35, 0x7a, 0x22, 0x20,
    0x2f, 0x3e, 0x0a, 0x3c, 0x67, 0x6c, 0x79, 0x70, 0x68, 0x20, 0x75, 0x6e, 0x69, 0x63, 0x6f, 0x64,
    0x65, 0x3d, 0x22, 0x26, 0x23, 0x78, 0x65, 0x30, 0x31, 0x33, 0x3b, 0x22, 0x20, 0x64, 0x3d, 0x22,
    0x4d, 0x34, 0x36, 0x35, 0x20, 0x34, 0x37, 0x37, 0x6c, 0x35, 0x37, 0x31, 0x20, 0x35, 0x37, 0x31,
    0x71, 0x38, 0x20, 0x38, 0x20, 0x31, 0x38, 0x20, 0x38, 0x74, 0x31, 0x37, 0x20, 0x2d, 0x38, 0x6c,
    0x31, 0x37, 0x37, 0x20, 0x2d, 0x31, 0x37, 0x37, 0x71, 0x38, 0x20, 0x2d, 0x37, 0x20, 0x38, 0x20,
    0x2d, 0x31, 0x37, 0x74, 0x2d, 0x38, 0x20, 0x2d, 0x31, 0x38, 0x6c, 0x2d, 0x37, 0x38, 0x33, 0x20,
    0x2d, 0x37, 0x38, 0x34, 0x71, 0x2d, 0x37, 0x20, 0x2d, 0x38, 0x20, 0x2d, 0x31, 0x37, 0x2e, 0x35,
    0x20, 0x2d, 0x38, 0x74, 0x2d, 0x31, 0x37, 0x2e, 0x35, 0x20, 0x38, 0x6c, 0x2d, 0x33, 0x38, 0x34,
    0x20, 0x33, 0x38, 0x34, 0x71, 0x2d, 0x38, 0x20, 0x38, 0x20, 0x2d, 0x38, 0x20, 0x31, 0x38, 0x74,
    0x38, 0x20, 0x31, 0x37, 0x6c, 0x31, 0x37, 0x37, 0x20, 0x31, 0x37, 0x37, 0x71, 0x37, 0x20, 0x38,
    0x20, 0x31, 0x37, 0x20, 0x38, 0x74, 0x31, 0x38, 0x20, 0x2d, 0x38, 0x6c, 0x31, 0x37, 0x31, 0x20,
    0x2d, 0x31, 0x37, 0x31, 0x71, 0x37, 0x20, 0x2d, 0x37, 0x20, 0x31, 0x38, 0x20, 0x2d, 0x37, 0x74,
    0x31, 0x38, 0x20, 0x37, 0x7a, 0x22, 0x20, 0x2f, 0x3e, 0x0a, 0x3c, 0x67, 0x6c, 0x79, 0x70, 0x68,
    0x20, 0x75, 0x6e, 0x69, 0x63, 0x6f, 0x64, 0x65, 0x3d, 0x22, 0x26, 0x23, 0x78, 0x65, 0x30, 0x31,
    0x34, 0x3b, 0x22, 0x20, 0x64, 0x3d, 0x22, 0x4d, 0x39, 0x30, 0x34, 0x20, 0x31, 0x30, 0x38, 0x33,
    0x6c, 0x31, 0x37, 0x38, 0x20, 0x2d, 0x31, 0x37, 0x39, 0x71, 0x38, 0x20, 0x2d, 0x38, 0x20, 0x38,
    0x20, 0x2d, 0x31, 0x38, 0x2e, 0x35, 0x74, 0x2d, 0x38, 0x20, 0x2d, 0x31, 0x37, 0x2e, 0x35, 0x6c,
    0x2d, 0x32, 0x36, 0x37, 0x20, 0x2d, 0x32, 0x36, 0x38, 0x6c, 0x32, 0x36, 0x37, 0x20, 0x2d, 0x32,
    0x36, 0x38, 0x71, 0x38, 0x20, 0x2d, 0x37, 0x20, 0x38, 0x20, 0x2d, 0x31, 0x37, 0x2e, 0x35, 0x74,
    0x2d, 0x38, 0x20, 0x2d, 0x31, 0x38, 0x2e, 0x35, 0x6c, 0x2d, 0x31, 0x37, 0x38, 0x20, 0x2d, 0x31,
    0x37, 0x38, 0x71, 0x2d, 0x38, 0x20, 0x2d, 0x38, 0x20, 0x2d, 0x31, 0x38, 0x2e, 0x35, 0x20, 0x2d,
    0x38, 0x74, 0x2d, 0x31, 0x37, 0x2e, 0x35, 0x20, 0x38, 0x6c, 0x2d, 0x32, 0x36, 0x38, 0x20, 0x32,
    0x36, 0x37, 0x6c, 0x2d, 0x32, 0x36, 0x38, 0x20, 0x2d, 0x32, 0x36, 0x37, 0x71, 0x2d, 0x37, 0x20,
    0x2d, 0x38, 0x20, 0x2d, 0x31, 0x37, 0x2e, 0x35, 0x20, 0x2d, 0x38, 0x74, 0x2d, 0x31, 0x38, 0x2e,
    0x35, 0x20, 0x38, 0x6c, 0x2d, 0x31, 0x37, 0x38, 0x20, 0x31, 0x37, 0x38, 0x71, 0x2d, 0x38, 0x20,
    0x38, 0x20, 0x2d, 0x38, 0x20, 0x31, 0x38, 0x2e, 0x35, 0x74, 0x38, 0x20, 0x31, 0x37, 0x2e, 0x35,
    0x6c, 0x32, 0x36, 0x37, 0x20, 0x32, 0x36, 0x38, 0x6c, 0x2d, 0x32, 0x36, 0x37, 0x20, 0x32, 0x36,
    0x38, 0x71, 0x2d, 0x38, 0x20, 0x37, 0x20, 0x2d, 0x38, 0x20, 0x31, 0x37, 0x2e, 0x35, 0x74, 0x38,
    0x20, 0x31, 0x38, 0x2e, 0x35, 0x6c, 0x31, 0x37, 0x38, 0x20, 0x31, 0x37, 0x38, 0x71, 0x38, 0x20,
    0x38, 0x20, 0x31, 0x38, 0x2e, 0x35, 0x20, 0x38, 0x74, 0x31, 0x37, 0x2e, 0x35, 0x20, 0x2d, 0x38,
    0x20, 0x6c, 0x32, 0x36, 0x38, 0x20, 0x2d, 0x32, 0x36, 0x37, 0x6c, 0x32, 0x36, 0x38, 0x20, 0x32,
    0x36, 0x38, 0x71, 0x37, 0x20, 0x37, 0x20, 0x31, 0x37, 0x2e, 0x35, 0x20, 0x37, 0x74, 0x31, 0x38,
    0x2e, 0x35, 0x20, 0x2d, 0x37, 0x7a, 0x22, 0x20, 0x2f, 0x3e, 0x0a, 0x3c, 0x67, 0x6c, 0x79, 0x70,
    0x68, 0x20, 0x75, 0x6e, 0x69, 0x63, 0x6f, 0x64, 0x65, 0x3d, 0x22, 0x26, 0x23, 0x78, 0x65, 0x30,
    0x31, 0x35, 0x3b, 0x22, 0x20, 0x64, 0x3d, 0x22, 0x4d, 0x35, 0x30, 0x37, 0x20, 0x31, 0x31, 0x37,
    0x37, 0x71, 0x39, 0x38, 0x20, 0x30, 0x20, 0x31, 0x38, 0x37, 0x2e, 0x35, 0x20, 0x2d, 0x33, 0x38,
    0x2e, 0x35, 0x74, 0x31, 0x35, 0x34, 0x2e, 0x35, 0x20, 0x2d, 0x31, 0x30, 0x33, 0x2e, 0x35, 0x74,
    0x31, 0x30, 0x33, 0x2e, 0x35, 0x20, 0x2d, 0x31, 0x35, 0x34, 0x2e, 0x35, 0x74, 0x33, 0x38, 0x2e,
    0x35, 0x20, 0x2d, 0x31, 0x38, 0x37, 0x2e, 0x35, 0x71, 0x30, 0x20, 0x2d, 0x31, 0x34, 0x31, 0x20,
    0x2d, 0x37, 0x38, 0x20, 0x2d, 0x32, 0x36, 0x32, 0x6c, 0x33, 0x30, 0x30, 0x20, 0x2d, 0x32, 0x39,
    0x39, 0x71, 0x38, 0x20, 0x2d, 0x38, 0x20, 0x38, 0x20, 0x2d, 0x31, 0x38, 0x2e, 0x35, 0x74, 0x2d,
    0x38, 0x20, 0x2d, 0x31, 0x38, 0x2e, 0x35, 0x6c, 0x2d, 0x31, 0x30, 0x39, 0x20, 0x2d, 0x31, 0x30,
    0x38, 0x71, 0x2d, 0x37, 0x20, 0x2d, 0x38, 0x20, 0x2d, 0x31, 0x37, 0x2e, 0x35, 0x20, 0x2d, 0x38,
    0x74, 0x2d, 0x31, 0x38, 0x2e, 0x35, 0x20, 0x38, 0x6c, 0x2d, 0x33, 0x30, 0x30, 0x20, 0x32, 0x39,
    0x39, 0x71, 0x2d, 0x31, 0x31, 0x39, 0x20, 0x2d, 0x37, 0x37, 0x20, 0x2d, 0x32, 0x36, 0x31, 0x20,
    0x2d, 0x37, 0x37, 0x71, 0x2d, 0x39, 0x38, 0x20, 0x30, 0x20, 0x2d, 0x31, 0x38, 0x38, 0x20, 0x33,
    0x38, 0x2e, 0x35, 0x74, 0x2d, 0x31, 0x35, 0x34, 0x2e, 0x35, 0x20, 0x31, 0x30, 0x33, 0x74, 0x2d,
    0x31, 0x30, 0x33, 0x20, 0x31, 0x35, 0x34, 0x2e, 0x35, 0x74, 0x2d, 0x33, 0x38, 0x2e, 0x35, 0x20,
    0x31, 0x38, 0x38, 0x74, 0x33, 0x38, 0x2e, 0x35, 0x20, 0x31, 0x38, 0x37, 0x2e, 0x35, 0x74, 0x31,
    0x30, 0x33, 0x20, 0x31, 0x35, 0x34, 0x2e, 0x35, 0x20, 0x74, 0x31, 0x35, 0x34, 0x2e, 0x35, 0x20,
    0x31, 0x30, 0x33, 0x2e, 0x35, 0x74, 0x31, 0x38, 0x38, 0x20, 0x33, 0x38, 0x2e, 0x35, 0x7a, 0x4d,
    0x35, 0x30, 0x36, 0x2e, 0x35, 0x20, 0x31, 0x30, 0x32, 0x33, 0x71, 0x2d, 0x38, 0x39, 0x2e, 0x35,
    0x20, 0x30, 0x20, 0x2d, 0x31, 0x36, 0x35, 0x2e, 0x35, 0x20, 0x2d, 0x34, 0x34, 0x74, 0x2d, 0x31,
    0x32, 0x30, 0x20, 0x2d, 0x31, 0x32, 0x30, 0x2e, 0x35, 0x74, 0x2d, 0x34, 0x34, 0x20, 0x2d, 0x31,
    0x36, 0x36, 0x74, 0x34, 0x34, 0x20, 0x2d, 0x31, 0x36, 0x35, 0x2e, 0x35, 0x74, 0x31, 0x32, 0x30,
    0x20, 0x2d, 0x31, 0x32, 0x30, 0x74, 0x31, 0x36, 0x35, 0x2e, 0x35, 0x20, 0x2d, 0x34, 0x34, 0x74,
    0x31, 0x36, 0x36, 0x20, 0x34, 0x34, 0x74, 0x31, 0x32, 0x30, 0x2e, 0x35, 0x20, 0x31, 0x32, 0x30,
    0x74, 0x34, 0x34, 0x20, 0x31, 0x36, 0x35, 0x2e, 0x35, 0x74, 0x2d, 0x34, 0x34, 0x20, 0x31, 0x36,
    0x36, 0x74, 0x2d, 0x31, 0x32, 0x30, 0x2e, 0x35, 0x20, 0x31, 0x32, 0x30, 0x2e, 0x35, 0x74, 0x2d,
    0x31, 0x36, 0x36, 0x20, 0x34, 0x34, 0x7a, 0x4d, 0x34, 0x32, 0x35, 0x20, 0x39, 0x30, 0x30, 0x68,
    0x31, 0x35, 0x30, 0x71, 0x31, 0x30, 0x20, 0x30, 0x20, 0x31, 0x37, 0x2e, 0x35, 0x20, 0x2d, 0x37,
    0x2e, 0x35, 0x74, 0x37, 0x2e, 0x35, 0x20, 0x2d, 0x31, 0x37, 0x2e, 0x35, 0x76, 0x2d, 0x37, 0x35,
    0x68, 0x37, 0x35, 0x71, 0x31, 0x30, 0x20, 0x30, 0x20, 0x31, 0x37, 0x2e, 0x35, 0x20, 0x2d, 0x37,
    0x2e, 0x35, 0x74, 0x37, 0x2e, 0x35, 0x20, 0x2d, 0x31, 0x37, 0x2e, 0x35, 0x76, 0x2d, 0x31, 0x35,
    0x30, 0x71, 0x30, 0x20, 0x2d, 0x31, 0x30, 0x20, 0x2d, 0x37, 0x2e, 0x35, 0x20, 0x2d, 0x31, 0x37,
    0x2e, 0x35, 0x20, 0x74, 0x2d, 0x31, 0x37, 0x2e, 0x35, 0x20, 0x2d, 0x37, 0x2e, 0x35, 0x68, 0x2d,
    0x37, 0x35, 0x76, 0x2d, 0x37, 0x35, 0x71, 0x30, 0x20, 0x2d, 0x31, 0x30, 0x20, 0x2d, 0x37, 0x2e,
    0x35, 0x20, 0x2d, 0x31, 0x37, 0x2e, 0x35, 0x74, 0x2d, 0x31, 0x37, 0x2e, 0x35, 0x20, 0x2d, 0x37,
    0x2e, 0x35, 0x68, 0x2d, 0x31, 0x35, 0x30, 0x71, 0x2d, 0x31, 0x30, 0x20, 0x30, 0x20, 0x2d, 0x31,
    0x37, 0x2e, 0x35, 0x20, 0x37, 0x2e, 0x35, 0x74, 0x2d, 0x37, 0x2e, 0x35, 0x20, 0x31, 0x37, 0x2e,
    0x35, 0x76, 0x37, 0x35, 0x68, 0x2d, 0x37, 0x35, 0x71, 0x2d, 0x31, 0x30, 0x20, 0x30, 0x20, 0x2d,
    0x31, 0x37, 0x2e, 0x35, 0x20, 0x37, 0x2e, 0x35, 0x74, 0x2d, 0x37, 0x2e, 0x35, 0x20, 0x31, 0x37,
    0x2e, 0x35, 0x76, 0x31, 0x35, 0x30, 0x71, 0x30, 0x20, 0x31, 0x30, 0x20, 0x37, 0x2e, 0x35, 0x20,
    0x31, 0x37, 0x2e, 0x35, 0x74, 0x31, 0x37, 0x2e, 0x35, 0x20, 0x37, 0x2e, 0x35, 0x68, 0x37, 0x35,
    0x76, 0x37, 0x35, 0x71, 0x30, 0x20, 0x31, 0x30, 0x20, 0x37, 0x2e, 0x35, 0x20, 0x31, 0x37, 0x2e,
    0x35, 0x74, 0x31, 0x37, 0x2e, 0x35, 0x20, 0x37, 0x2e, 0x35, 0x7a, 0x22, 0x20, 0x2f, 0x3e, 0x0a,
    0x3c, 0x67, 0x6c, 0x79, 0x70, 0x68, 0x20, 0x75, 0x6e, 0x69, 0x63, 0x6f, 0x64, 0x65, 0x3d, 0x22,
    0x26, 0x23, 0x78, 0x65, 0x30, 0x31, 0x36, 0x3b, 0x22, 0x20, 0x64, 0x3d, 0x22, 0x4d, 0x35, 0x30,
    0x37, 0x20, 0x31, 0x31, 0x37, 0x37, 0x71, 0x39, 0x38, 0x20, 0x30, 0x20, 0x31, 0x38, 0x37, 0x2e,
    0x35, 0x20, 0x2d, 0x33, 0x38, 0x2e, 0x35, 0x74, 0x31, 0x35, 0x34, 0x2e, 0x35, 0x20, 0x2d, 0x31,
    0x30, 0x33, 0x2e, 0x35, 0x74, 0x31, 0x30, 0x33, 0x2e, 0x35, 0x20, 0x2d, 0x31, 0x35, 0x34, 0x2e,
    0x35, 0x74, 0x33, 0x38, 0x2e, 0x35, 0x20, 0x2d, 0x31, 0x38, 0x37, 0x2e, 0x35, 0x71, 0x30, 0x20,
    0x2d, 0x31, 0x34, 0x31, 0x20, 0x2d, 0x37, 0x38, 0x20, 0x2d, 0x32, 0x36, 0x32, 0x6c, 0x33, 0x30,
    0x30, 0x20, 0x2d, 0x32, 0x39, 0x39, 0x71, 0x38, 0x20, 0x2d, 0x38, 0x20, 0x38, 0x20, 0x2d, 0x31,
    0x38, 0x2e, 0x35, 0x74, 0x2d, 0x38, 0x20, 0x2d, 0x31, 0x38, 0x2e, 0x35, 0x6c, 0x2d, 0x31, 0x30,
    0x39, 0x20, 0x2d, 0x31, 0x30, 0x38, 0x71, 0x2d, 0x37, 0x20, 0x2d, 0x38, 0x20, 0x2d, 0x31, 0x37,
    0x2e, 0x35, 0x20, 0x2d, 0x38, 0x74, 0x2d, 0x31, 0x38, 0x2e, 0x35, 0x20, 0x38, 0x6c, 0x2d, 0x33,
    0x30, 0x30, 0x20, 0x32, 0x39, 0x39, 0x71, 0x2d, 0x31, 0x31, 0x39, 0x20, 0x2d, 0x37, 0x37, 0x20,
    0x2d, 0x32, 0x36, 0x31, 0x20, 0x2d, 0x37, 0x37, 0x71, 0x2d, 0x39, 0x38, 0x20, 0x30, 0x20, 0x2d,
    0x31, 0x38, 0x38, 0x20, 0x33, 0x38, 0x2e, 0x35, 0x74, 0x2d, 0x31, 0x35, 0x34, 0x2e, 0x35, 0x20,
    0x31, 0x30, 0x33, 0x74, 0x2d, 0x31, 0x30, 0x33, 0x20, 0x31, 0x35, 0x34, 0x2e, 0x35, 0x74, 0x2d,
    0x33, 0x38, 0x2e, 0x35, 0x20, 0x31, 0x38, 0x38, 0x74, 0x33, 0x38, 0x2e, 0x35, 0x20, 0x31, 0x38,
    0x37, 0x2e, 0x35, 0x74, 0x31, 0x30, 0x33, 0x20, 0x31, 0x35, 0x34, 0x2e, 0x35, 0x20, 0x74, 0x31,
    0x35, 0x34, 0x2e, 0x35, 0x20, 0x31, 0x30, 0x33, 0x2e, 0x35, 0x74, 0x31, 0x38, 0x38, 0x20, 0x33,
    0x38, 0x2e, 0x35, 0x7a, 0x4d, 0x35, 0x30, 0x36, 0x2e, 0x35, 0x20, 0x31, 0x30, 0x32, 0x33, 0x71,
    0x2d, 0x38, 0x39, 0x2e, 0x35, 0x20, 0x30, 0x20, 0x2d, 0x31, 0x36, 0x35, 0x2e, 0x35, 0x20, 0x2d,
    0x34, 0x34, 0x74, 0x2d, 0x31, 0x32, 0x30, 0x20, 0x2d, 0x31, 0x32, 0x30, 0x2e, 0x35, 0x74, 0x2d,
    0x34, 0x34, 0x20, 0x2d, 0x31, 0x36, 0x36, 0x74, 0x34, 0x34, 0x20, 0x2d, 0x31, 0x36, 0x35, 0x2e,
    0x35, 0x74, 0x31, 0x32, 0x30, 0x20, 0x2d, 0x31, 0x32, 0x30, 0x74, 0x31, 0x36, 0x35, 0x2e, 0x35,
    0x20, 0x2d, 0x34, 0x34, 0x74, 0x31, 0x36, 0x36, 0x20, 0x34, 0x34, 0x74, 0x31, 0x32, 0x30, 0x2e,
    0x35, 0x20, 0x31, 0x32, 0x30, 0x74, 0x34, 0x34, 0x20, 0x31, 0x36, 0x35, 0x2e, 0x35, 0x74, 0x2d,
    0x34, 0x34, 0x20, 0x31, 0x36, 0x36, 0x74, 0x2d, 0x31, 0x32, 0x30, 0x2e, 0x35, 0x20, 0x31, 0x32,
    0x30, 0x2e, 0x35, 0x74, 0x2d, 0x31, 0x36, 0x36, 0x20, 0x34, 0x34, 0x7a, 0x4d, 0x33, 0x32, 0x35,
    0x20, 0x38, 0x30, 0x30, 0x68, 0x33, 0x35, 0x30, 0x71, 0x31, 0x30, 0x20, 0x30, 0x20, 0x31, 0x37,
    0x2e, 0x35, 0x20, 0x2d, 0x37, 0x2e, 0x35, 0x74, 0x37, 0x2e, 0x35, 0x20, 0x2d, 0x31, 0x37, 0x2e,
    0x35, 0x76, 0x2d, 0x31, 0x35, 0x30, 0x71, 0x30, 0x20, 0x2d, 0x31, 0x30, 0x20, 0x2d, 0x37, 0x2e,
    0x35, 0x20, 0x2d, 0x31, 0x37, 0x2e, 0x35, 0x74, 0x2d, 0x31, 0x37, 0x2e, 0x35, 0x20, 0x2d, 0x37,
    0x2e, 0x35, 0x68, 0x2d, 0x33, 0x35, 0x30, 0x71, 0x2d, 0x31, 0x30, 0x20, 0x30, 0x20, 0x2d, 0x31,
    0x37, 0x2e, 0x35, 0x20, 0x37, 0x2e, 0x35, 0x20, 0x74, 0x2d, 0x37, 0x2e, 0x35, 0x20, 0x31, 0x37,
    0x2e, 0x35, 0x76, 0x31, 0x35, 0x30, 0x71, 0x30, 0x20, 0x31, 0x30, 0x20, 0x37, 0x2e, 0x35, 0x20,
    0x31, 0x37, 0x2e, 0x35, 0x74, 0x31, 0x37, 0x2e, 0x35, 0x20, 0x37, 0x2e, 0x35, 0x7a, 0x22, 0x20,
    0x2f, 0x3e, 0x0a, 0x3c, 0x67, 0x6c, 0x79, 0x70, 0x68, 0x20, 0x75, 0x6e, 0x69, 0x63, 0x6f, 0x64,
    0x65, 0x3d, 0x22, 0x26, 0x23, 0x78, 0x65, 0x30, 0x31, 0x37, 0x3b, 0x22, 0x20, 0x64, 0x3d, 0x22,
    0x4d, 0x35, 0x35, 0x30, 0x20, 0x31, 0x32, 0x30, 0x30, 0x68, 0x31, 0x30, 0x30, 0x71, 0x32, 0x31,
    0x20, 0x30, 0x20, 0x33, 0x35, 0x2e, 0x35, 0x20, 0x2d, 0x31, 0x34, 0x2e, 0x35, 0x74, 0x31, 0x34,
    0x2e, 0x35, 0x20, 0x2d, 0x33, 0x35, 0x2e, 0x35, 0x76, 0x2d, 0x34, 0x30, 0x30, 0x71, 0x30, 0x20,
    0x2d, 0x32, 0x31, 0x20, 0x2d, 0x31, 0x34, 0x2e, 0x35, 0x20, 0x2d, 0x33, 0x35, 0x2e, 0x35, 0x74,
    0x2d, 0x33, 0x35, 0x2e, 0x35, 0x20, 0x2d, 0x31, 0x34, 0x2e, 0x35, 0x68, 0x2d, 0x31, 0x30, 0x30,
    0x71, 0x2d, 0x32, 0x31, 0x20, 0x30, 0x20, 0x2d, 0x33, 0x35, 0x2e, 0x35, 0x20, 0x31, 0x34, 0x2e,
    0x35, 0x74, 0x2d, 0x31, 0x34, 0x2e, 0x35, 0x20, 0x33, 0x35, 0x2e, 0x35, 0x76, 0x34, 0x30, 0x30,
    0x71, 0x30, 0x20, 0x32, 0x31, 0x20, 0x31, 0x34, 0x2e, 0x35, 0x20, 0x33, 0x35, 0x2e, 0x35, 0x74,
    0x33, 0x35, 0x2e, 0x35, 0x20, 0x31, 0x34, 0x2e, 0x35, 0x7a, 0x4d, 0x38, 0x30, 0x30, 0x20, 0x39,
    0x37, 0x35, 0x76, 0x31, 0x36, 0x36, 0x71, 0x31, 0x36, 0x37, 0x20, 0x2d, 0x36, 0x32, 0x20, 0x32,
    0x37, 0x32, 0x20, 0x2d, 0x32, 0x30, 0x39, 0x2e, 0x35, 0x74, 0x31, 0x30, 0x35, 0x20, 0x2d, 0x33,
    0x33, 0x31, 0x2e, 0x35, 0x71, 0x30, 0x20, 0x2d, 0x31, 0x31, 0x37, 0x20, 0x2d, 0x34, 0x35, 0x2e,
    0x35, 0x20, 0x2d, 0x32, 0x32, 0x34, 0x74, 0x2d, 0x31, 0x32, 0x33, 0x20, 0x2d, 0x31, 0x38, 0x34,
    0x2e, 0x35, 0x74, 0x2d, 0x31, 0x38, 0x34, 0x2e, 0x35, 0x20, 0x2d, 0x31, 0x32, 0x33, 0x74, 0x2d,
    0x32, 0x32, 0x34, 0x20, 0x2d, 0x34, 0x35, 0x2e, 0x35, 0x74, 0x2d, 0x32, 0x32, 0x34, 0x20, 0x34,
    0x35, 0x2e, 0x35, 0x20, 0x74, 0x2d, 0x31, 0x38, 0x34, 0x2e, 0x35, 0x20, 0x31, 0x32, 0x33, 0x74,
    0x2d, 0x31, 0x32, 0x33, 0x20, 0x31, 0x38, 0x34, 0x2e, 0x35, 0x74, 0x2d, 0x34, 0x35, 0x2e, 0x35,
    0x20, 0x32, 0x32, 0x34, 0x71, 0x30, 0x20, 0x31, 0x38, 0x34, 0x20, 0x31, 0x30, 0x35, 0x20, 0x33,
    0x33, 0x31, 0x2e, 0x35, 0x74, 0x32, 0x37, 0x32, 0x20, 0x32, 0x30, 0x39, 0x2e, 0x35, 0x76, 0x2d,
    0x31, 0x36, 0x36, 0x71, 0x2d, 0x31, 0x30, 0x33, 0x20, 0x2d, 0x35, 0x35, 0x20, 0x2d, 0x31, 0x36,
    0x35, 0x20, 0x2d, 0x31, 0x35, 0x35, 0x74, 0x2d, 0x36, 0x32, 0x20, 0x2d, 0x32, 0x32, 0x30, 0x71,
    0x30, 0x20, 0x2d, 0x31, 0x31, 0x36, 0x20, 0x35, 0x37, 0x20, 0x2d, 0x32, 0x31, 0x34, 0x2e, 0x35,
    0x74, 0x31, 0x35, 0x35, 0x2e, 0x35, 0x20, 0x2d, 0x31, 0x35, 0x35, 0x2e, 0x35, 0x74, 0x32, 0x31,
    0x34, 0x2e, 0x35, 0x20, 0x2d, 0x35, 0x37, 0x74, 0x32, 0x31, 0x34, 0x2e, 0x35, 0x20, 0x35, 0x37,
    0x74, 0x31, 0x35, 0x35, 0x2e, 0x35, 0x20, 0x31, 0x35, 0x35, 0x2e, 0x35, 0x74, 0x35, 0x37, 0x20,
    0x32, 0x31, 0x34, 0x2e, 0x35, 0x71, 0x30, 0x20, 0x31, 0x32, 0x30, 0x20, 0x2d, 0x36, 0x32, 0x20,
    0x32, 0x32, 0x30, 0x74, 0x2d, 0x31, 0x36, 0x35, 0x20, 0x31, 0x35, 0x35, 0x7a, 0x22, 0x20, 0x2f,
    0x3e, 0x0a, 0x3c, 0x67, 0x6c, 0x79, 0x70, 0x68, 0x20, 0x75, 0x6e, 0x69, 0x63, 0x6f, 0x64, 0x65,
    0x3d, 0x22, 0x26, 0x23, 0x78, 0x65, 0x30, 0x31, 0x38, 0x3b, 0x22, 0x20, 0x64, 0x3d, 0x22, 0x4d,
    0x31, 0x30, 0x32, 0x35, 0x20, 0x31, 0x32, 0x30, 0x30, 0x68, 0x31, 0x35, 0x30, 0x71, 0x31, 0x30,
    0x20, 0x30, 0x20, 0x31, 0x37, 0x2e, 0x35, 0x20, 0x2d, 0x37, 0x2e, 0x35, 0x74, 0x37, 0x2e, 0x35,
    0x20, 0x2d, 0x31, 0x37, 0x2e, 0x35, 0x76, 0x2d, 0x31, 0x31, 0x35, 0x30, 0x71, 0x30, 0x20, 0x2d,
    0x31, 0x30, 0x20, 0x2d, 0x37, 0x2e, 0x35, 0x20, 0x2d, 0x31, 0x37, 0x2e, 0x35, 0x74, 0x2d, 0x31,
    0x37, 0x2e, 0x35, 0x20, 0x2d, 0x37, 0x2e, 0x35, 0x68, 0x2d, 0x31, 0x35, 0x30, 0x71, 0x2d, 0x31,
    0x30, 0x20, 0x30, 0x20, 0x2d, 0x31, 0x37, 0x2e, 0x35, 0x20, 0x37, 0x2e, 0x35, 0x74, 0x2d, 0x37,
    0x2e, 0x35, 0x20, 0x31, 0x37, 0x2e, 0x35, 0x76, 0x31, 0x31, 0x35, 0x30, 0x71, 0x30, 0x20, 0x31,
    0x30, 0x20, 0x37, 0x2e, 0x35, 0x20, 0x31, 0x37, 0x2e, 0x35, 0x74, 0x31, 0x37, 0x2e, 0x35, 0x20,
    0x37, 0x2e, 0x35, 0x7a, 0x4d, 0x37, 0x32, 0x35, 0x20, 0x38, 0x30, 0x30, 0x68, 0x31, 0x35, 0x30,
    0x71, 0x31, 0x30, 0x20, 0x30, 0x20, 0x31, 0x37, 0x2e, 0x35, 0x20, 0x2d, 0x37, 0x2e, 0x35, 0x74,
    0x37, 0x2e, 0x35, 0x20, 0x2d, 0x31, 0x37, 0x2e, 0x35, 0x76, 0x2d, 0x37, 0x35, 0x30, 0x71, 0x30,
    0x20, 0x2d, 0x31, 0x30, 0x20, 0x2d, 0x37, 0x2e, 0x35, 0x20, 0x2d, 0x31, 0x37, 0x2e, 0x35, 0x74,
    0x2d, 0x31, 0x37, 0x2e, 0x35, 0x20, 0x2d, 0x37, 0x2e, 0x35, 0x68, 0x2d, 0x31, 0x35, 0x30, 0x71,
    0x2d, 0x31, 0x30, 0x20, 0x30, 0x20, 0x2d, 0x31, 0x37, 0x2e, 0x35, 0x20, 0x37, 0x2e, 0x35, 0x74,
    0x2d, 0x37, 0x2e, 0x35, 0x20, 0x31, 0x37, 0x2e, 0x35, 0x76, 0x37, 0x35, 0x30, 0x20, 0x71, 0x30,
    0x20, 0x31, 0x30, 0x20, 0x37, 0x2e, 0x35, 0x20, 0x31, 0x37, 0x2e, 0x35, 0x74, 0x31, 0x37, 0x2e,
    0x35, 0x20, 0x37, 0x2e, 0x35, 0x7a, 0x4d, 0x34, 0x32, 0x35, 0x20, 0x35, 0x30, 0x30, 0x68, 0x31,
    0x35, 0x30, 0x71, 0x31, 0x30, 0x20, 0x30, 0x20, 0x31, 0x37, 0x2e, 0x35, 0x20, 0x2d, 0x37, 0x2e,
    0x35, 0x74, 0x37, 0x2e, 0x35, 0x20, 0x2d, 0x31, 0x37, 0x2e, 0x35, 0x76, 0x2d, 0x34, 0x35, 0x30,
    0x71, 0x30, 0x20, 0x2d, 0x31, 0x30, 0x20, 0x2d, 0x37, 0x2e, 0x35, 0x20, 0x2d, 0x31, 0x37, 0x2e,
    0x35, 0x74, 0x2d, 0x31, 0x37, 0x2e, 0x35, 0x20, 0x2d, 0x37, 0x2e, 0x35, 0x68, 0x2d, 0x31, 0x35,
    0x30, 0x71, 0x2d, 0x31, 0x30, 0x20, 0x30, 0x20, 0x2d, 0x31, 0x37, 0x2e, 0x35, 0x20, 0x37, 0x2e,
    0x35, 0x74, 0x2d, 0x37, 0x2e, 0x35, 0x20, 0x31, 0x37, 0x2e, 0x35, 0x76, 0x34, 0x35, 0x30, 0x71,
    0x30, 0x20, 0x31, 0x30, 0x20, 0x37, 0x2e, 0x35, 0x20, 0x31, 0x37, 0x2e, 0x35, 0x74, 0x31, 0x37,
    0x2e, 0x35, 0x20, 0x37, 0x2e, 0x35, 0x7a, 0x4d, 0x31, 0x32, 0x35, 0x20, 0x33, 0x30, 0x30, 0x68,
    0x31, 0x35, 0x30, 0x71, 0x31, 0x30, 0x20, 0x30, 0x20, 0x31, 0x37, 0x2e, 0x35, 0x20, 0x2d, 0x37,
    0x2e, 0x35, 0x74, 0x37, 0x2e, 0x35, 0x20, 0x2d, 0x31, 0x37, 0x2e, 0x35, 0x76, 0x2d, 0x32, 0x35,
    0x30, 0x71, 0x30, 0x20, 0x2d, 0x31, 0x30, 0x20, 0x2d, 0x37, 0x2e, 0x35, 0x20, 0x2d, 0x31, 0x37,
    0x2e, 0x35, 0x74, 0x2d, 0x31, 0x37, 0x2e, 0x35, 0x20, 0x2d, 0x37, 0x2e, 0x35, 0x68, 0x2d, 0x31,
    0x35, 0x30, 0x71, 0x2d, 0x31, 0x30, 0x20, 0x30, 0x20, 0x2d, 0x31, 0x37, 0x2e, 0x35, 0x20, 0x37,
    0x2e, 0x35, 0x74, 0x2d, 0x37, 0x2e, 0x35, 0x20, 0x31, 0x37, 0x2e, 0x35, 0x20, 0x76, 0x32, 0x35,
    0x30, 0x71, 0x30, 0x20, 0x31, 0x30, 0x20, 0x37, 0x2e, 0x35, 0x20, 0x31, 0x37, 0x2e, 0x35, 0x74,
    0x31, 0x37, 0x2e, 0x35, 0x20, 0x37, 0x2e, 0x35, 0x7a, 0x22, 0x20, 0x2f, 0x3e, 0x0a, 0x3c, 0x67,
    0x6c, 0x79, 0x70, 0x68, 0x20, 0x75, 0x6e, 0x69, 0x63, 0x6f, 0x64, 0x65, 0x3d, 0x22, 0x26, 0x23,
    0x78, 0x65, 0x30, 0x31, 0x39, 0x3b, 0x22, 0x20, 0x64, 0x3d, 0x22, 0x4d, 0x36, 0x30, 0x30, 0x20,
    0x31, 0x31, 0x37, 0x34, 0x71, 0x33, 0x33, 0x20, 0x30, 0x20, 0x37, 0x34, 0x20, 0x2d, 0x35, 0x6c,
    0x33, 0x38, 0x20, 0x2d, 0x31, 0x35, 0x32, 0x6c, 0x35, 0x20, 0x2d, 0x31, 0x71, 0x34, 0x39, 0x20,
    0x2d, 0x31, 0x34, 0x20, 0x39, 0x34, 0x20, 0x2d, 0x33, 0x39, 0x6c, 0x35, 0x20, 0x2d, 0x32, 0x6c,
    0x31, 0x33, 0x34, 0x20, 0x38, 0x30, 0x71, 0x36, 0x31, 0x20, 0x2d, 0x34, 0x38, 0x20, 0x31, 0x30,
    0x34, 0x20, 0x2d, 0x31, 0x30, 0x35, 0x6c, 0x2d, 0x38, 0x30, 0x20, 0x2d, 0x31, 0x33, 0x34, 0x6c,
    0x33, 0x20, 0x2d, 0x35, 0x71, 0x32, 0x35, 0x20, 0x2d, 0x34, 0x34, 0x20, 0x33, 0x39, 0x20, 0x2d,
    0x39, 0x33, 0x6c, 0x31, 0x20, 0x2d, 0x36, 0x6c, 0x31, 0x35, 0x32, 0x20, 0x2d, 0x33, 0x38, 0x71,
    0x35, 0x20, 0x2d, 0x34, 0x33, 0x20, 0x35, 0x20, 0x2d, 0x37, 0x33, 0x71, 0x30, 0x20, 0x2d, 0x33,
    0x34, 0x20, 0x2d, 0x35, 0x20, 0x2d, 0x37, 0x34, 0x6c, 0x2d, 0x31, 0x35, 0x32, 0x20, 0x2d, 0x33,
    0x38, 0x6c, 0x2d, 0x31, 0x20, 0x2d, 0x36, 0x71, 0x2d, 0x31, 0x35, 0x20, 0x2d, 0x34, 0x39, 0x20,
    0x2d, 0x33, 0x39, 0x20, 0x2d, 0x39, 0x33, 0x6c, 0x2d, 0x33, 0x20, 0x2d, 0x35, 0x6c, 0x38, 0x30,
    0x20, 0x2d, 0x31, 0x33, 0x34, 0x71, 0x2d, 0x34, 0x38, 0x20, 0x2d, 0x36, 0x31, 0x20, 0x2d, 0x31,
    0x30, 0x34, 0x20, 0x2d, 0x31, 0x30, 0x35, 0x6c, 0x2d, 0x31, 0x33, 0x34, 0x20, 0x38, 0x31, 0x6c,
    0x2d, 0x35, 0x20, 0x2d, 0x33, 0x71, 0x2d, 0x34, 0x34, 0x20, 0x2d, 0x32, 0x35, 0x20, 0x2d, 0x39,
    0x34, 0x20, 0x2d, 0x33, 0x39, 0x6c, 0x2d, 0x35, 0x20, 0x2d, 0x32, 0x6c, 0x2d, 0x33, 0x38, 0x20,
    0x2d, 0x31, 0x35, 0x31, 0x20, 0x71, 0x2d, 0x34, 0x33, 0x20, 0x2d, 0x35, 0x20, 0x2d, 0x37, 0x34,
    0x20, 0x2d, 0x35, 0x71, 0x2d, 0x33, 0x33, 0x20, 0x30, 0x20, 0x2d, 0x37, 0x34, 0x20, 0x35, 0x6c,
    0x2d, 0x33, 0x38, 0x20, 0x31, 0x35, 0x31, 0x6c, 0x2d, 0x35, 0x20, 0x32, 0x71, 0x2d, 0x34, 0x39,
    0x20, 0x31, 0x34, 0x20, 0x2d, 0x39, 0x34, 0x20, 0x33, 0x39, 0x6c, 0x2d, 0x35, 0x20, 0x33, 0x6c,
    0x2d, 0x31, 0x33, 0x34, 0x20, 0x2d, 0x38, 0x31, 0x71, 0x2d, 0x36, 0x30, 0x20, 0x34, 0x38, 0x20,
    0x2d, 0x31, 0x30, 0x34, 0x20, 0x31, 0x30, 0x35, 0x6c, 0x38, 0x30, 0x20, 0x31, 0x33, 0x34, 0x6c,
    0x2d, 0x33, 0x20, 0x35, 0x71, 0x2d, 0x32, 0x35, 0x20, 0x34, 0x35, 0x20, 0x2d, 0x33, 0x38, 0x20,
    0x39, 0x33, 0x6c, 0x2d, 0x32, 0x20, 0x36, 0x6c, 0x2d, 0x31, 0x35, 0x31, 0x20, 0x33, 0x38, 0x71,
    0x2d, 0x36, 0x20, 0x34, 0x32, 0x20, 0x2d, 0x36, 0x20, 0x37, 0x34, 0x71, 0x30, 0x20, 0x33, 0x33,
    0x20, 0x36, 0x20, 0x37, 0x33, 0x6c, 0x31, 0x35, 0x31, 0x20, 0x33, 0x38, 0x6c, 0x32, 0x20, 0x36,
    0x71, 0x31, 0x33, 0x20, 0x34, 0x38, 0x20, 0x33, 0x38, 0x20, 0x39, 0x33, 0x6c, 0x33, 0x20, 0x35,
    0x6c, 0x2d, 0x38, 0x30, 0x20, 0x31, 0x33, 0x34, 0x71, 0x34, 0x37, 0x20, 0x36, 0x31, 0x20, 0x31,
    0x30, 0x35, 0x20, 0x31, 0x30, 0x35, 0x6c, 0x31, 0x33, 0x33, 0x20, 0x2d, 0x38, 0x30, 0x6c, 0x35,
    0x20, 0x32, 0x71, 0x34, 0x35, 0x20, 0x32, 0x35, 0x20, 0x39, 0x34, 0x20, 0x33, 0x39, 0x6c, 0x35,
    0x20, 0x31, 0x6c, 0x33, 0x38, 0x20, 0x31, 0x35, 0x32, 0x71, 0x34, 0x33, 0x20, 0x35, 0x20, 0x37,
    0x34, 0x20, 0x35, 0x7a, 0x4d, 0x36, 0x30, 0x30, 0x20, 0x38, 0x31, 0x35, 0x20, 0x71, 0x2d, 0x38,
    0x39, 0x20, 0x30, 0x20, 0x2d, 0x31, 0x35, 0x32, 0x20, 0x2d, 0x36, 0x33, 0x74, 0x2d, 0x36, 0x33,
    0x20, 0x2d, 0x31, 0x35, 0x31, 0x2e, 0x35, 0x74, 0x36, 0x33, 0x20, 0x2d, 0x31, 0x35, 0x31, 0x2e,
    0x35, 0x74, 0x31, 0x35, 0x32, 0x20, 0x2d, 0x36, 0x33, 0x74, 0x31, 0x35, 0x32, 0x20, 0x36, 0x33,
    0x74, 0x36, 0x33, 0x20, 0x31, 0x35, 0x31, 0x2e, 0x35, 0x74, 0x2d, 0x36, 0x33, 0x20, 0x31, 0x35,
    0x31, 0x2e, 0x35, 0x74, 0x2d, 0x31, 0x35, 0x32, 0x20, 0x36, 0x33, 0x7a, 0x22, 0x20, 0x2f, 0x3e,
    0x0a, 0x3c, 0x67, 0x6c, 0x79, 0x70, 0x68, 0x20, 0x75, 0x6e, 0x69, 0x63, 0x6f, 0x64, 0x65, 0x3d,
    0x22, 0x26, 0x23, 0x78, 0x65, 0x30, 0x32, 0x30, 0x3b, 0x22, 0x20, 0x64, 0x3d, 0x22, 0x4d, 0x35,
    0x30, 0x30, 0x20, 0x31, 0x33, 0x30, 0x30, 0x68, 0x33, 0x30, 0x30, 0x71, 0x34, 0x31, 0x20, 0x30,
    0x20, 0x37, 0x30, 0x2e, 0x35, 0x20, 0x2d, 0x32, 0x39, 0x2e, 0x35, 0x74, 0x32, 0x39, 0x2e, 0x35,
    0x20, 0x2d, 0x37, 0x30, 0x2e, 0x35, 0x76, 0x2d, 0x31, 0x30, 0x30, 0x68, 0x32, 0x37, 0x35, 0x71,
    0x31, 0x30, 0x20, 0x30, 0x20, 0x31, 0x37, 0x2e, 0x35, 0x20, 0x2d, 0x37, 0x2e, 0x35, 0x74, 0x37,
    0x2e, 0x35, 0x20, 0x2d, 0x31, 0x37, 0x2e, 0x35, 0x76, 0x2d, 0x37, 0x35, 0x68, 0x2d, 0x31, 0x31,
    0x30, 0x30, 0x76, 0x37, 0x35, 0x71, 0x30, 0x20, 0x31, 0x30, 0x20, 0x37, 0x2e, 0x35, 0x20, 0x31,
    0x37, 0x2e, 0x35, 0x74, 0x31, 0x37, 0x2e, 0x35, 0x20, 0x37, 0x2e, 0x35, 0x68, 0x32, 0x37, 0x35,
    0x76, 0x31, 0x30, 0x30, 0x71, 0x30, 0x20, 0x34, 0x31, 0x20, 0x32, 0x39, 0x2e, 0x35, 0x20, 0x37,
    0x30, 0x2e, 0x35, 0x74, 0x37, 0x30, 0x2e, 0x35, 0x20, 0x32, 0x39, 0x2e, 0x35, 0x7a, 0x4d, 0x35,
    0x30, 0x30, 0x20, 0x31, 0x32, 0x30, 0x30, 0x76, 0x2d, 0x31, 0x30, 0x30, 0x68, 0x33, 0x30, 0x30,
    0x76, 0x31, 0x30, 0x30, 0x68, 0x2d, 0x33, 0x30, 0x30, 0x7a, 0x4d, 0x31, 0x31, 0x30, 0x30, 0x20,
    0x39, 0x30, 0x30, 0x76, 0x2d, 0x38, 0x30, 0x30, 0x71, 0x30, 0x20, 0x2d, 0x34, 0x31, 0x20, 0x2d,
    0x32, 0x39, 0x2e, 0x35, 0x20, 0x2d, 0x37, 0x30, 0x2e, 0x35, 0x74, 0x2d, 0x37, 0x30, 0x2e, 0x35,
    0x20, 0x2d, 0x32, 0x39, 0x2e, 0x35, 0x68, 0x2d, 0x37, 0x30, 0x30, 0x71, 0x2d, 0x34, 0x31, 0x20,
    0x30, 0x20, 0x2d, 0x37, 0x30, 0x2e, 0x35, 0x20, 0x32, 0x39, 0x2e, 0x35, 0x74, 0x2d, 0x32, 0x39,
    0x2e, 0x35, 0x20, 0x37, 0x30, 0x2e, 0x35, 0x20, 0x76, 0x38, 0x30, 0x30, 0x68, 0x39, 0x30, 0x30,
    0x7a, 0x4d, 0x33, 0x30, 0x30, 0x20, 0x38, 0x30, 0x30, 0x76, 0x2d, 0x37, 0x30, 0x30, 0x68, 0x31,
    0x30, 0x30, 0x76, 0x37, 0x30, 0x30, 0x68, 0x2d, 0x31, 0x30, 0x30, 0x7a, 0x4d, 0x35, 0x30, 0x30,
    0x20, 0x38, 0x30, 0x30, 0x76, 0x2d, 0x37, 0x30, 0x30, 0x68, 0x31, 0x30, 0x30, 0x76, 0x37, 0x30,
    0x30, 0x68, 0x2d, 0x31, 0x30, 0x30, 0x7a, 0x4d, 0x37, 0x30, 0x30, 0x20, 0x38, 0x30, 0x30, 0x76,
    0x2d, 0x37, 0x30, 0x30, 0x68, 0x31, 0x30, 0x30, 0x76, 0x37, 0x30, 0x30, 0x68, 0x2d, 0x31, 0x30,
    0x30, 0x7a, 0x4d, 0x39, 0x30, 0x30, 0x20, 0x38, 0x30, 0x30, 0x76, 0x2d, 0x37, 0x30, 0x30, 0x68,
    0x31, 0x30, 0x30, 0x76, 0x37, 0x30, 0x30, 0x68, 0x2d, 0x31, 0x30, 0x30, 0x7a, 0x22, 0x20, 0x2f,
    0x3e, 0x0a, 0x3c, 0x67, 0x6c, 0x79, 0x70, 0x68, 0x20, 0x75, 0x6e, 0x69, 0x63, 0x6f, 0x64, 0x65,
    0x3d, 0x22, 0x26, 0x23, 0x78, 0x65, 0x30, 0x32, 0x31, 0x3b, 0x22, 0x20, 0x64, 0x3d, 0x22, 0x4d,
    0x31, 0x38, 0x20, 0x36, 0x31, 0x38, 0x6c, 0x36, 0x32, 0x30, 0x20, 0x36, 0x30, 0x38, 0x71, 0x38,
    0x20, 0x37, 0x20, 0x31, 0x38, 0x2e, 0x35, 0x20, 0x37, 0x74, 0x31, 0x37, 0x2e, 0x35, 0x20, 0x2d,
    0x37, 0x6c, 0x36, 0x30, 0x38, 0x20, 0x2d, 0x36, 0x30, 0x38, 0x71, 0x38, 0x20, 0x2d, 0x38, 0x20,
    0x35, 0x2e, 0x35, 0x20, 0x2d, 0x31, 0x33, 0x74, 0x2d, 0x31, 0x32, 0x2e, 0x35, 0x20, 0x2d, 0x35,
    0x68, 0x2d, 0x31, 0x37, 0x35, 0x76, 0x2d, 0x35, 0x37, 0x35, 0x71, 0x30, 0x20, 0x2d, 0x31, 0x30,
    0x20, 0x2d, 0x37, 0x2e, 0x35, 0x20, 0x2d, 0x31, 0x37, 0x2e, 0x35, 0x74, 0x2d, 0x31, 0x37, 0x2e,
    0x35, 0x20, 0x2d, 0x37, 0x2e, 0x35, 0x68, 0x2d, 0x32, 0x35, 0x30, 0x71, 0x2d, 0x31, 0x30, 0x20,
    0x30, 0x20, 0x2d, 0x31, 0x37, 0x2e, 0x35, 0x20, 0x37, 0x2e, 0x35, 0x74, 0x2d, 0x37, 0x2e, 0x35,
    0x20, 0x31, 0x37, 0x2e, 0x35, 0x76, 0x33, 0x37, 0x35, 0x68, 0x2d, 0x33, 0x30, 0x30, 0x76, 0x2d,
    0x33, 0x37, 0x35, 0x71, 0x30, 0x20, 0x2d, 0x31, 0x30, 0x20, 0x2d, 0x37, 0x2e, 0x35, 0x20, 0x2d,
    0x31, 0x37, 0x2e, 0x35, 0x74, 0x2d, 0x31, 0x37, 0x2e, 0x35, 0x20, 0x2d, 0x37, 0x2e, 0x35, 0x68,
    0x2d, 0x32, 0x35, 0x30, 0x71, 0x2d, 0x31, 0x30, 0x20, 0x30, 0x20, 0x2d, 0x31, 0x37, 0x2e, 0x35,
    0x20, 0x37, 0x2e, 0x35, 0x74, 0x2d, 0x37, 0x2e, 0x35, 0x20, 0x31, 0x37, 0x2e, 0x35, 0x76, 0x35,
    0x37, 0x35, 0x68, 0x2d, 0x31, 0x37, 0x35, 0x71, 0x2d, 0x31, 0x30, 0x20, 0x30, 0x20, 0x2d, 0x31,
    0x32, 0x2e, 0x35, 0x20, 0x35, 0x74, 0x35, 0x2e, 0x35, 0x20, 0x31, 0x33, 0x7a, 0x22, 0x20, 0x2f,
    0x3e, 0x0a, 0x3c, 0x67, 0x6c, 0x79, 0x70, 0x68, 0x20, 0x75, 0x6e, 0x69, 0x63, 0x6f, 0x64, 0x65,
    0x3d, 0x22, 0x26, 0x23, 0x78, 0x65, 0x30, 0x32, 0x32, 0x3b, 0x22, 0x20, 0x64, 0x3d, 0x22, 0x4d,
    0x36, 0x30, 0x30, 0x20, 0x31, 0x32, 0x30, 0x30, 0x76, 0x2d, 0x34, 0x30, 0x30, 0x71, 0x30, 0x20,
    0x2d, 0x34, 0x31, 0x20, 0x32, 0x39, 0x2e, 0x35, 0x20, 0x2d, 0x37, 0x30, 0x2e, 0x35, 0x74, 0x37,
    0x30, 0x2e, 0x35, 0x20, 0x2d, 0x32, 0x39, 0x2e, 0x35, 0x68, 0x33, 0x30, 0x30, 0x76, 0x2d, 0x36,
    0x35, 0x30, 0x71, 0x30, 0x20, 0x2d, 0x32, 0x31, 0x20, 0x2d, 0x31, 0x34, 0x2e, 0x35, 0x20, 0x2d,
    0x33, 0x35, 0x2e, 0x35, 0x74, 0x2d, 0x33, 0x35, 0x2e, 0x35, 0x20, 0x2d, 0x31, 0x34, 0x2e, 0x35,
    0x68, 0x2d, 0x38, 0x30, 0x30, 0x71, 0x2d, 0x32, 0x31, 0x20, 0x30, 0x20, 0x2d, 0x33, 0x35, 0x2e,
    0x35, 0x20, 0x31, 0x34, 0x2e, 0x35, 0x74, 0x2d, 0x31, 0x34, 0x2e, 0x35, 0x20, 0x33, 0x35, 0x2e,
    0x35, 0x76, 0x31, 0x31, 0x30, 0x30, 0x71, 0x30, 0x20, 0x32, 0x31, 0x20, 0x31, 0x34, 0x2e, 0x35,
    0x20, 0x33, 0x35, 0x2e, 0x35, 0x74, 0x33, 0x35, 0x2e, 0x35, 0x20, 0x31, 0x34, 0x2e, 0x35, 0x68,
    0x34, 0x35, 0x30, 0x7a, 0x4d, 0x31, 0x30, 0x30, 0x30, 0x20, 0x38, 0x30, 0x30, 0x68, 0x2d, 0x32,
    0x35, 0x30, 0x71, 0x2d, 0x32, 0x31, 0x20, 0x30, 0x20, 0x2d, 0x33, 0x35, 0x2e, 0x35, 0x20, 0x31,
    0x34, 0x2e, 0x35, 0x74, 0x2d, 0x31, 0x34, 0x2e, 0x35, 0x20, 0x33, 0x35, 0x2e, 0x35, 0x76, 0x32,
    0x35, 0x30, 0x7a, 0x22, 0x20, 0x2f, 0x3e, 0x0a, 0x3c, 0x67, 0x6c, 0x79, 0x70, 0x68, 0x20, 0x75,
    0x6e, 0x69, 0x63, 0x6f, 0x64, 0x65, 0x3d, 0x22, 0x26, 0x23, 0x78, 0x65, 0x30, 0x32, 0x33, 0x3b,
    0x22, 0x20, 0x64, 0x3d, 0x22, 0x4d, 0x36, 0x30, 0x30, 0x20, 0x31, 0x31, 0x37, 0x37, 0x71, 0x31,
    0x31, 0x37, 0x20, 0x30, 0x20, 0x32, 0x32, 0x34, 0x20, 0x2d, 0x34, 0x35, 0x2e, 0x35, 0x74, 0x31,
    0x38, 0x34, 0x2e, 0x35, 0x20, 0x2d, 0x31, 0x32, 0x33, 0x74, 0x31, 0x32, 0x33, 0x20, 0x2d, 0x31,
    0x38, 0x34, 0x2e, 0x35, 0x74, 0x34, 0x35, 0x2e, 0x35, 0x20, 0x2d, 0x32, 0x32, 0x34, 0x74, 0x2d,
    0x34, 0x35, 0x2e, 0x35, 0x20, 0x2d, 0x32, 0x32, 0x34, 0x74, 0x2d, 0x31, 0x32, 0x33, 0x20, 0x2d,
    0x31, 0x38, 0x34, 0x2e, 0x35, 0x74, 0x2d, 0x31, 0x38, 0x34, 0x2e, 0x35, 0x20, 0x2d, 0x31, 0x32,
    0x33, 0x74, 0x2d, 0x32, 0x32, 0x34, 0x20, 0x2d, 0x34, 0x35, 0x2e, 0x35, 0x74, 0x2d, 0x32, 0x32,
    0x34, 0x20, 0x34, 0x35, 0x2e, 0x35, 0x74, 0x2d, 0x31, 0x38, 0x34, 0x2e, 0x35, 0x20, 0x31, 0x32,
    0x33, 0x74, 0x2d, 0x31, 0x32, 0x33, 0x20, 0x31, 0x38, 0x34, 0x2e, 0x35, 0x74, 0x2d, 0x34, 0x35,
    0x2e, 0x35, 0x20, 0x32, 0x32, 0x34, 0x74, 0x34, 0x35, 0x2e, 0x35, 0x20, 0x32, 0x32, 0x34, 0x74,
    0x31, 0x32, 0x33, 0x20, 0x31, 0x38, 0x34, 0x2e, 0x35, 0x74, 0x31, 0x38, 0x34, 0x2e, 0x35, 0x20,
    0x31, 0x32, 0x33, 0x74, 0x32, 0x32, 0x34, 0x20, 0x34, 0x35, 0x2e, 0x35, 0x7a, 0x4d, 0x36, 0x30,
    0x30, 0x20, 0x31, 0x30, 0x32, 0x37, 0x71, 0x2d, 0x31, 0x31, 0x36, 0x20, 0x30, 0x20, 0x2d, 0x32,
    0x31, 0x34, 0x2e, 0x35, 0x20, 0x2d, 0x35, 0x37, 0x74, 0x2d, 0x31, 0x35, 0x35, 0x2e, 0x35, 0x20,
    0x2d, 0x31, 0x35, 0x35, 0x2e, 0x35, 0x74, 0x2d, 0x35, 0x37, 0x20, 0x2d, 0x32, 0x31, 0x34, 0x2e,
    0x35, 0x74, 0x35, 0x37, 0x20, 0x2d, 0x32, 0x31, 0x34, 0x2e, 0x35, 0x20, 0x74, 0x31, 0x35, 0x35,
    0x2e, 0x35, 0x20, 0x2d, 0x31, 0x35, 0x35, 0x2e, 0x35, 0x74, 0x32, 0x31, 0x34, 0x2e, 0x35, 0x20,
    0x2d, 0x35, 0x37, 0x74, 0x32, 0x31, 0x34, 0x2e, 0x35, 0x20, 0x35, 0x37, 0x74, 0x31, 0x35, 0x35,
    0x2e, 0x35, 0x20, 0x31, 0x35, 0x35, 0x2e, 0x35, 0x74, 0x35, 0x37, 0x20, 0x32, 0x31, 0x34, 0x2e,
    0x35, 0x74, 0x2d, 0x35, 0x37, 0x20, 0x32, 0x31, 0x34, 0x2e, 0x35, 0x74, 0x2d, 0x31, 0x35, 0x35,
    0x2e, 0x35, 0x20, 0x31, 0x35, 0x35, 0x2e, 0x35, 0x74, 0x2d, 0x32, 0x31, 0x34, 0x2e, 0x35, 0x20,
    0x35, 0x37, 0x7a, 0x4d, 0x35, 0x32, 0x35, 0x20, 0x39, 0x30, 0x30, 0x68, 0x35, 0x30, 0x71, 0x31,
    0x30, 0x20, 0x30, 0x20, 0x31, 0x37, 0x2e, 0x35, 0x20, 0x2d, 0x37, 0x2e, 0x35, 0x74, 0x37, 0x2e,
    0x35, 0x20, 0x2d, 0x31, 0x37, 0x2e, 0x35, 0x76, 0x2d, 0x32, 0x37, 0x35, 0x68, 0x31, 0x37, 0x35,
    0x71, 0x31, 0x30, 0x20, 0x30, 0x20, 0x31, 0x37, 0x2e, 0x35, 0x20, 0x2d, 0x37, 0x2e, 0x35, 0x74,
    0x37, 0x2e, 0x35, 0x20, 0x2d, 0x31, 0x37, 0x2e, 0x35, 0x76, 0x2d, 0x35, 0x30, 0x71, 0x30, 0x20,
    0x2d, 0x31, 0x30, 0x20, 0x2d, 0x37, 0x2e, 0x35, 0x20, 0x2d, 0x31, 0x37, 0x2e, 0x35, 0x74, 0x2d,
    0x31, 0x37, 0x2e, 0x35, 0x20, 0x2d, 0x37, 0x2e, 0x35, 0x68, 0x2d, 0x32, 0x35, 0x30, 0x71, 0x2d,
    0x31, 0x30, 0x20, 0x30, 0x20, 0x2d, 0x31, 0x37, 0x2e, 0x35, 0x20, 0x37, 0x2e, 0x35, 0x74, 0x2d,
    0x37, 0x2e, 0x35, 0x20, 0x31, 0x37, 0x2e, 0x35, 0x76, 0x33, 0x35, 0x30, 0x71, 0x30, 0x20, 0x31,
    0x30, 0x20, 0x37, 0x2e, 0x35, 0x20, 0x31, 0x37, 0x2e, 0x35, 0x74, 0x31, 0x37, 0x2e, 0x35, 0x20,
    0x37, 0x2e, 0x35, 0x7a, 0x22, 0x20, 0x2f, 0x3e, 0x0a, 0x3c, 0x67, 0x6c, 0x79, 0x70, 0x68, 0x20,
    0x75, 0x6e, 0x69, 0x63, 0x6f, 0x64, 0x65, 0x3d, 0x22, 0x26, 0x23, 0x78, 0x65, 0x30, 0x32, 0x34,
    0x3b, 0x22, 0x20, 0x64, 0x3d, 0x22, 0x4d, 0x31, 0x33, 0x30, 0x30, 0x20, 0x30, 0x68, 0x2d, 0x35,
    0x33, 0x38, 0x6c, 0x2d, 0x34, 0x31, 0x20, 0x34, 0x30, 0x30, 0x68, 0x2d, 0x32, 0x34, 0x32, 0x6c,
    0x2d, 0x34, 0x31, 0x20, 0x2d, 0x34, 0x30, 0x30, 0x68, 0x2d, 0x35, 0x33, 0x38, 0x6c, 0x34, 0x33,
    0x31, 0x20, 0x31, 0x32, 0x30, 0x30, 0x68, 0x32, 0x30, 0x39, 0x6c, 0x2d, 0x32, 0x31, 0x20, 0x2d,
    0x33, 0x30, 0x30, 0x68, 0x31, 0x36, 0x32, 0x6c, 0x2d, 0x32, 0x30, 0x20, 0x33, 0x30, 0x30, 0x68,
    0x32, 0x30, 0x38, 0x7a, 0x4d, 0x35, 0x31, 0x35, 0x20, 0x38, 0x30, 0x30, 0x6c, 0x2d, 0x32, 0x37,
    0x20, 0x2d, 0x33, 0x30, 0x30, 0x68, 0x32, 0x32, 0x34, 0x6c, 0x2d, 0x32, 0x37, 0x20, 0x33, 0x30,
    0x30, 0x68, 0x2d, 0x31, 0x37, 0x30, 0x7a, 0x22, 0x20, 0x2f, 0x3e, 0x0a, 0x3c, 0x67, 0x6c, 0x79,
    0x70, 0x68, 0x20, 0x75, 0x6e, 0x69, 0x63, 0x6f, 0x64, 0x65, 0x3d, 0x22, 0x26, 0x23, 0x78, 0x65,
    0x30, 0x32, 0x35, 0x3b, 0x22, 0x20, 0x64, 0x3d, 0x22, 0x4d, 0x35, 0x35, 0x30, 0x20, 0x31, 0x32,
    0x30, 0x30, 0x68, 0x32, 0x30, 0x30, 0x71, 0x32, 0x31, 0x20, 0x30, 0x20, 0x33, 0x35, 0x2e, 0x35,
    0x20, 0x2d, 0x31, 0x34, 0x2e, 0x35, 0x74, 0x31, 0x34, 0x2e, 0x35, 0x20, 0x2d, 0x33, 0x35, 0x2e,
    0x35, 0x76, 0x2d, 0x34, 0x35, 0x30, 0x68, 0x31, 0x39, 0x31, 0x71, 0x32, 0x30, 0x20, 0x30, 0x20,
    0x32, 0x35, 0x2e, 0x35, 0x20, 0x2d, 0x31, 0x31, 0x2e, 0x35, 0x74, 0x2d, 0x37, 0x2e, 0x35, 0x20,
    0x2d, 0x32, 0x37, 0x2e, 0x35, 0x6c, 0x2d, 0x33, 0x32, 0x37, 0x20, 0x2d, 0x34, 0x30, 0x30, 0x71,
    0x2d, 0x31, 0x33, 0x20, 0x2d, 0x31, 0x36, 0x20, 0x2d, 0x33, 0x32, 0x20, 0x2d, 0x31, 0x36, 0x74,
    0x2d, 0x33, 0x32, 0x20, 0x31, 0x36, 0x6c, 0x2d, 0x33, 0x32, 0x37, 0x20, 0x34, 0x30, 0x30, 0x71,
    0x2d, 0x31, 0x33, 0x20, 0x31, 0x36, 0x20, 0x2d, 0x37, 0x2e, 0x35, 0x20, 0x32, 0x37, 0x2e, 0x35,
    0x74, 0x32, 0x35, 0x2e, 0x35, 0x20, 0x31, 0x31, 0x2e, 0x35, 0x68, 0x31, 0x39, 0x31, 0x76, 0x34,
    0x35, 0x30, 0x71, 0x30, 0x20, 0x32, 0x31, 0x20, 0x31, 0x34, 0x2e, 0x35, 0x20, 0x33, 0x35, 0x2e,
    0x35, 0x74, 0x33, 0x35, 0x2e, 0x35, 0x20, 0x31, 0x34, 0x2e, 0x35, 0x7a, 0x4d, 0x31, 0x31, 0x32,
    0x35, 0x20, 0x34, 0x30, 0x30, 0x68, 0x35, 0x30, 0x71, 0x31, 0x30, 0x20, 0x30, 0x20, 0x31, 0x37,
    0x2e, 0x35, 0x20, 0x2d, 0x37, 0x2e, 0x35, 0x74, 0x37, 0x2e, 0x35, 0x20, 0x2d, 0x31, 0x37, 0x2e,
    0x35, 0x76, 0x2d, 0x33, 0x35, 0x30, 0x71, 0x30, 0x20, 0x2d, 0x31, 0x30, 0x20, 0x2d, 0x37, 0x2e,
    0x35, 0x20, 0x2d, 0x31, 0x37, 0x2e, 0x35, 0x74, 0x2d, 0x31, 0x37, 0x2e, 0x35, 0x20, 0x2d, 0x37,
    0x2e, 0x35, 0x20, 0x68, 0x2d, 0x31, 0x30, 0x35, 0x30, 0x71, 0x2d, 0x31, 0x30, 0x20, 0x30, 0x20,
    0x2d, 0x31, 0x37, 0x2e, 0x35, 0x20, 0x37, 0x2e, 0x35, 0x74, 0x2d, 0x37, 0x2e, 0x35, 0x20, 0x31,
    0x37, 0x2e, 0x35, 0x76, 0x33, 0x35, 0x30, 0x71, 0x30, 0x20, 0x31, 0x30, 0x20, 0x37, 0x2e, 0x35,
    0x20, 0x31, 0x37, 0x2e, 0x35, 0x74, 0x31, 0x37, 0x2e, 0x35, 0x20, 0x37, 0x2e, 0x35, 0x68, 0x35,
    0x30, 0x71, 0x31, 0x30, 0x20, 0x30, 0x20, 0x31, 0x37, 0x2e, 0x35, 0x20, 0x2d, 0x37, 0x2e, 0x35,
    0x74, 0x37, 0x2e, 0x35, 0x20, 0x2d, 0x31, 0x37, 0x2e, 0x35, 0x76, 0x2d, 0x31, 0x37, 0x35, 0x68,
    0x39, 0x30, 0x30, 0x76, 0x31, 0x37, 0x35, 0x71, 0x30, 0x20, 0x31, 0x30, 0x20, 0x37, 0x2e, 0x35,
    0x20, 0x31, 0x37, 0x2e, 0x35, 0x74, 0x31, 0x37, 0x2e, 0x35, 0x20, 0x37, 0x2e, 0x35, 0x7a, 0x22,
    0x20, 0x2f, 0x3e, 0x0a, 0x3c, 0x67, 0x6c, 0x79, 0x70, 0x68, 0x20, 0x75, 0x6e, 0x69, 0x63, 0x6f,
    0x64, 0x65, 0x3d, 0x22, 0x26, 0x23, 0x78, 0x65, 0x30, 0x32, 0x36, 0x3b, 0x22, 0x20, 0x64, 0x3d,
    0x22, 0x4d, 0x36, 0x30, 0x30, 0x20, 0x31, 0x31, 0x37, 0x37, 0x71, 0x31, 0x31, 0x37, 0x20, 0x30,
    0x20, 0x32, 0x32, 0x34, 0x20, 0x2d, 0x34, 0x35, 0x2e, 0x35, 0x74, 0x31, 0x38, 0x34, 0x2e, 0x35,
    0x20, 0x2d, 0x31, 0x32, 0x33, 0x74, 0x31, 0x32, 0x33, 0x20, 0x2d, 0x31, 0x38, 0x34, 0x2e, 0x35,
    0x74, 0x34, 0x35, 0x2e, 0x35, 0x20, 0x2d, 0x32, 0x32, 0x34, 0x74, 0x2d, 0x34, 0x35, 0x2e, 0x35,
    0x20, 0x2d, 0x32, 0x32, 0x34, 0x74, 0x2d, 0x31, 0x32, 0x33, 0x20, 0x2d, 0x31, 0x38, 0x34, 0x2e,
    0x35, 0x74, 0x2d, 0x31, 0x38, 0x34, 0x2e, 0x35, 0x20, 0x2d, 0x31, 0x32, 0x33, 0x74, 0x2d, 0x32,
    0x32, 0x34, 0x20, 0x2d, 0x34, 0x35, 0x2e, 0x35, 0x74, 0x2d, 0x32, 0x32, 0x34, 0x20, 0x34, 0x35,
    0x2e, 0x35, 0x74, 0x2d, 0x31, 0x38, 0x34, 0x2e, 0x35, 0x20, 0x31, 0x32, 0x33, 0x74, 0x2d, 0x31,
    0x32, 0x33, 0x20, 0x31, 0x38, 0x34, 0x2e, 0x35, 0x74, 0x2d, 0x34, 0x35, 0x2e, 0x35, 0x20, 0x32,
    0x32, 0x34, 0x74, 0x34, 0x35, 0x2e, 0x35, 0x20, 0x32, 0x32, 0x34, 0x74, 0x31, 0x32, 0x33, 0x20,
    0x31, 0x38, 0x34, 0x2e, 0x35, 0x74, 0x31, 0x38, 0x34, 0x2e, 0x35, 0x20, 0x31, 0x32, 0x33, 0x74,
    0x32, 0x32, 0x34, 0x20, 0x34, 0x35, 0x2e, 0x35, 0x7a, 0x4d, 0x36, 0x30, 0x30, 0x20, 0x31, 0x30,
    0x32, 0x37, 0x71, 0x2d, 0x31, 0x31, 0x36, 0x20, 0x30, 0x20, 0x2d, 0x32, 0x31, 0x34, 0x2e, 0x35,
    0x20, 0x2d, 0x35, 0x37, 0x74, 0x2d, 0x31, 0x35, 0x35, 0x2e, 0x35, 0x20, 0x2d, 0x31, 0x35, 0x35,
    0x2e, 0x35, 0x74, 0x2d, 0x35, 0x37, 0x20, 0x2d, 0x32, 0x31, 0x34, 0x2e, 0x35, 0x74, 0x35, 0x37,
    0x20, 0x2d, 0x32, 0x31, 0x34, 0x2e, 0x35, 0x20, 0x74, 0x31, 0x35, 0x35, 0x2e, 0x35, 0x20, 0x2d,
    0x31, 0x35, 0x35, 0x2e, 0x35, 0x74, 0x32, 0x31, 0x34, 0x2e, 0x35, 0x20, 0x2d, 0x35, 0x37, 0x74,
    0x32, 0x31, 0x34, 0x2e, 0x35, 0x20, 0x35, 0x37, 0x74, 0x31, 0x35, 0x35, 0x2e, 0x35, 0x20, 0x31,
    0x35, 0x35, 0x2e, 0x35, 0x74, 0x35, 0x37, 0x20, 0x32, 0x31, 0x34, 0x2e, 0x35, 0x74, 0x2d, 0x35,
    0x37, 0x20, 0x32, 0x31, 0x34, 0x2e, 0x35, 0x74, 0x2d, 0x31, 0x35, 0x35, 0x2e, 0x35, 0x20, 0x31,
    0x35, 0x35, 0x2e, 0x35, 0x74, 0x2d, 0x32, 0x31, 0x34, 0x2e, 0x35, 0x20, 0x35, 0x37, 0x7a, 0x4d,
    0x35, 0x32, 0x35, 0x20, 0x39, 0x30, 0x30, 0x68, 0x31, 0x35, 0x30, 0x71, 0x31, 0x30, 0x20, 0x30,
    0x20, 0x31, 0x37, 0x2e, 0x35, 0x20, 0x2d, 0x37, 0x2e, 0x35, 0x74, 0x37, 0x2e, 0x35, 0x20, 0x2d,
    0x31, 0x37, 0x2e, 0x35, 0x76, 0x2d, 0x32, 0x37, 0x35, 0x68, 0x31, 0x33, 0x37, 0x71, 0x32, 0x31,
    0x20, 0x30, 0x20, 0x32, 0x36, 0x20, 0x2d, 0x31, 0x31, 0x2e, 0x35, 0x74, 0x2d, 0x38, 0x20, 0x2d,
    0x32, 0x37, 0x2e, 0x35, 0x6c, 0x2d, 0x32, 0x32, 0x33, 0x20, 0x2d, 0x32, 0x37, 0x35, 0x71, 0x2d,
    0x31, 0x33, 0x20, 0x2d, 0x31, 0x36, 0x20, 0x2d, 0x33, 0x32, 0x20, 0x2d, 0x31, 0x36, 0x74, 0x2d,
    0x33, 0x32, 0x20, 0x31, 0x36, 0x6c, 0x2d, 0x32, 0x32, 0x33, 0x20, 0x32, 0x37, 0x35, 0x71, 0x2d,
    0x31, 0x33, 0x20, 0x31, 0x36, 0x20, 0x2d, 0x38, 0x20, 0x32, 0x37, 0x2e, 0x35, 0x74, 0x32, 0x36,
    0x20, 0x31, 0x31, 0x2e, 0x35, 0x68, 0x31, 0x33, 0x37, 0x76, 0x32, 0x37, 0x35, 0x71, 0x30, 0x20,
    0x31, 0x30, 0x20, 0x37, 0x2e, 0x35, 0x20, 0x31, 0x37, 0x2e, 0x35, 0x74, 0x31, 0x37, 0x2e, 0x35,
    0x20, 0x37, 0x2e, 0x35, 0x7a, 0x20, 0x22, 0x20, 0x2f, 0x3e, 0x0a, 0x3c, 0x67, 0x6c, 0x79, 0x70,
    0x68, 0x20, 0x75, 0x6e, 0x69, 0x63, 0x6f, 0x64, 0x65, 0x3d, 0x22, 0x26, 0x23, 0x78, 0x65, 0x30,
    0x32, 0x37, 0x3b, 0x22, 0x20, 0x64, 0x3d, 0x22, 0x4d, 0x36, 0x30, 0x30, 0x20, 0x31, 0x31, 0x37,
    0x37, 0x71, 0x31, 0x31, 0x37, 0x20, 0x30, 0x20, 0x32, 0x32, 0x34, 0x20, 0x2d, 0x34, 0x35, 0x2e,
    0x35, 0x74, 0x31, 0x38, 0x34, 0x2e, 0x35, 0x20, 0x2d, 0x31, 0x32, 0x33, 0x74, 0x31, 0x32, 0x33,
    0x20, 0x2d, 0x31, 0x38, 0x34, 0x2e, 0x35, 0x74, 0x34, 0x35, 0x2e, 0x35, 0x20, 0x2d, 0x32, 0x32,
    0x34, 0x74, 0x2d, 0x34, 0x35, 0x2e, 0x35, 0x20, 0x2d, 0x32, 0x32, 0x34, 0x74, 0x2d, 0x31, 0x32,
    0x33, 0x20, 0x2d, 0x31, 0x38, 0x34, 0x2e, 0x35, 0x74, 0x2d, 0x31, 0x38, 0x34, 0x2e, 0x35, 0x20,
    0x2d, 0x31, 0x32, 0x33, 0x74, 0x2d, 0x32, 0x32, 0x34, 0x20, 0x2d, 0x34, 0x35, 0x2e, 0x35, 0x74,
    0x2d, 0x32, 0x32, 0x34, 0x20, 0x34, 0x35, 0x2e, 0x35, 0x74, 0x2d, 0x31, 0x38, 0x34, 0x2e, 0x35,
    0x20, 0x31, 0x32, 0x33, 0x74, 0x2d, 0x31, 0x32, 0x33, 0x20, 0x31, 0x38, 0x34, 0x2e, 0x35, 0x74,
    0x2d, 0x34, 0x35, 0x2e, 0x35, 0x20, 0x32, 0x32, 0x34, 0x74, 0x34, 0x35, 0x2e, 0x35, 0x20, 0x32,
    0x32, 0x34, 0x74, 0x31, 0x32, 0x33, 0x20, 0x31, 0x38, 0x34, 0x2e, 0x35, 0x74, 0x31, 0x38, 0x34,
    0x2e, 0x35, 0x20, 0x31, 0x32, 0x33, 0x74, 0x32, 0x32, 0x34, 0x20, 0x34, 0x35, 0x2e, 0x35, 0x7a,
    0x4d, 0x36, 0x30, 0x30, 0x20, 0x31, 0x30, 0x32, 0x37, 0x71, 0x2d, 0x31, 0x31, 0x36, 0x20, 0x30,
    0x20, 0x2d, 0x32, 0x31, 0x34, 0x2e, 0x35, 0x20, 0x2d, 0x35, 0x37, 0x74, 0x2d, 0x31, 0x35, 0x35,
    0x2e, 0x35, 0x20, 0x2d, 0x31, 0x35, 0x35, 0x2e, 0x35, 0x74, 0x2d, 0x35, 0x37, 0x20, 0x2d, 0x32,
    0x31, 0x34, 0x2e, 0x35, 0x74, 0x35, 0x37, 0x20, 0x2d, 0x32, 0x31, 0x34, 0x2e, 0x35, 0x20, 0x74,
    0x31, 0x35, 0x35, 0x2e, 0x35, 0x20, 0x2d, 0x31, 0x35, 0x35, 0x2e, 0x35, 0x74, 0x32, 0x31, 0x34,
    0x2e, 0x35, 0x20, 0x2d, 0x35, 0x37, 0x74, 0x32, 0x31, 0x34, 0x2e, 0x35, 0x20, 0x35, 0x37, 0x74,
    0x31, 0x35, 0x35, 0x2e, 0x35, 0x20, 0x31, 0x35, 0x35, 0x2e, 0x35, 0x74, 0x35, 0x37, 0x20, 0x32,
    0x31, 0x34, 0x2e, 0x35, 0x74, 0x2d, 0x35, 0x37, 0x20, 0x32, 0x31, 0x34, 0x2e, 0x35, 0x74, 0x2d,
    0x31, 0x35, 0x35, 0x2e, 0x35, 0x20, 0x31, 0x35, 0x35, 0x2e, 0x35, 0x74, 0x2d, 0x32, 0x31, 0x34,
    0x2e, 0x35, 0x20, 0x35, 0x37, 0x7a, 0x4d, 0x36, 0x33, 0x32, 0x20, 0x39, 0x31, 0x34, 0x6c, 0x32,
    0x32, 0x33, 0x20, 0x2d, 0x32, 0x37, 0x35, 0x71, 0x31, 0x33, 0x20, 0x2d, 0x31, 0x36, 0x20, 0x38,
    0x20, 0x2d, 0x32, 0x37, 0x2e, 0x35, 0x74, 0x2d, 0x32, 0x36, 0x20, 0x2d, 0x31, 0x31, 0x2e, 0x35,
    0x68, 0x2d, 0x31, 0x33, 0x37, 0x76, 0x2d, 0x32, 0x37, 0x35, 0x71, 0x30, 0x20, 0x2d, 0x31, 0x30,
    0x20, 0x2d, 0x37, 0x2e, 0x35, 0x20, 0x2d, 0x31, 0x37, 0x2e, 0x35, 0x74, 0x2d, 0x31, 0x37, 0x2e,
    0x35, 0x20, 0x2d, 0x37, 0x2e, 0x35, 0x68, 0x2d, 0x31, 0x35, 0x30, 0x71, 0x2d, 0x31, 0x30, 0x20,
    0x30, 0x20, 0x2d, 0x31, 0x37, 0x2e, 0x35, 0x20, 0x37, 0x2e, 0x35, 0x74, 0x2d, 0x37, 0x2e, 0x35,
    0x20, 0x31, 0x37, 0x2e, 0x35, 0x76, 0x32, 0x37, 0x35, 0x68, 0x2d, 0x31, 0x33, 0x37, 0x71, 0x2d,
    0x32, 0x31, 0x20, 0x30, 0x20, 0x2d, 0x32, 0x36, 0x20, 0x31, 0x31, 0x2e, 0x35, 0x74, 0x38, 0x20,
    0x32, 0x37, 0x2e, 0x35, 0x6c, 0x32, 0x32, 0x33, 0x20, 0x32, 0x37, 0x35, 0x71, 0x31, 0x33, 0x20,
    0x31, 0x36, 0x20, 0x33, 0x32, 0x20, 0x31, 0x36, 0x20, 0x74, 0x33, 0x32, 0x20, 0x2d, 0x31, 0x36,
    0x7a, 0x22, 0x20, 0x2f, 0x3e, 0x0a, 0x3c, 0x67, 0x6c, 0x79, 0x70, 0x68, 0x20, 0x75, 0x6e, 0x69,
    0x63, 0x6f, 0x64, 0x65, 0x3d, 0x22, 0x26, 0x23, 0x78, 0x65, 0x30, 0x32, 0x38, 0x3b, 0x22, 0x20,
    0x64, 0x3d, 0x22, 0x4d, 0x32, 0x32, 0x35, 0x20, 0x31, 0x32, 0x30, 0x30, 0x68, 0x37, 0x35, 0x30,
    0x71, 0x31, 0x30, 0x20, 0x30, 0x20, 0x31, 0x39, 0x2e, 0x35, 0x20, 0x2d, 0x37, 0x74, 0x31, 0x32,
    0x2e, 0x35, 0x20, 0x2d, 0x31, 0x37, 0x6c, 0x31, 0x38, 0x36, 0x20, 0x2d, 0x36, 0x35, 0x32, 0x71,
    0x37, 0x20, 0x2d, 0x32, 0x34, 0x20, 0x37, 0x20, 0x2d, 0x34, 0x39, 0x76, 0x2d, 0x34, 0x32, 0x35,
    0x71, 0x30, 0x20, 0x2d, 0x31, 0x32, 0x20, 0x2d, 0x34, 0x20, 0x2d, 0x32, 0x37, 0x74, 0x2d, 0x39,
    0x20, 0x2d, 0x31, 0x37, 0x71, 0x2d, 0x31, 0x32, 0x20, 0x2d, 0x36, 0x20, 0x2d, 0x33, 0x37, 0x20,
    0x2d, 0x36, 0x68, 0x2d, 0x31, 0x31, 0x30, 0x30, 0x71, 0x2d, 0x31, 0x32, 0x20, 0x30, 0x20, 0x2d,
    0x32, 0x37, 0x20, 0x34, 0x74, 0x2d, 0x31, 0x37, 0x20, 0x38, 0x71, 0x2d, 0x36, 0x20, 0x31, 0x33,
    0x20, 0x2d, 0x36, 0x20, 0x33, 0x38, 0x6c, 0x31, 0x20, 0x34, 0x32, 0x35, 0x71, 0x30, 0x20, 0x32,
    0x35, 0x20, 0x37, 0x20, 0x34, 0x39, 0x6c, 0x31, 0x38, 0x35, 0x20, 0x36, 0x35, 0x32, 0x71, 0x33,
    0x20, 0x31, 0x30, 0x20, 0x31, 0x32, 0x2e, 0x35, 0x20, 0x31, 0x37, 0x74, 0x31, 0x39, 0x2e, 0x35,
    0x20, 0x37, 0x7a, 0x4d, 0x38, 0x37, 0x38, 0x20, 0x31, 0x30, 0x30, 0x30, 0x68, 0x2d, 0x35, 0x35,
    0x36, 0x71, 0x2d, 0x31, 0x30, 0x20, 0x30, 0x20, 0x2d, 0x31, 0x39, 0x20, 0x2d, 0x37, 0x74, 0x2d,
    0x31, 0x31, 0x20, 0x2d, 0x31, 0x38, 0x6c, 0x2d, 0x38, 0x37, 0x20, 0x2d, 0x34, 0x35, 0x30, 0x71,
    0x2d, 0x32, 0x20, 0x2d, 0x31, 0x31, 0x20, 0x34, 0x20, 0x2d, 0x31, 0x38, 0x74, 0x31, 0x36, 0x20,
    0x2d, 0x37, 0x68, 0x31, 0x35, 0x30, 0x20, 0x71, 0x31, 0x30, 0x20, 0x30, 0x20, 0x31, 0x39, 0x2e,
    0x35, 0x20, 0x2d, 0x37, 0x74, 0x31, 0x31, 0x2e, 0x35, 0x20, 0x2d, 0x31, 0x37, 0x6c, 0x33, 0x38,
    0x20, 0x2d, 0x31, 0x35, 0x32, 0x71, 0x32, 0x20, 0x2d, 0x31, 0x30, 0x20, 0x31, 0x31, 0x2e, 0x35,
    0x20, 0x2d, 0x31, 0x37, 0x74, 0x31, 0x39, 0x2e, 0x35, 0x20, 0x2d, 0x37, 0x68, 0x32, 0x35, 0x30,
    0x71, 0x31, 0x30, 0x20, 0x30, 0x20, 0x31, 0x39, 0x2e, 0x35, 0x20, 0x37, 0x74, 0x31, 0x31, 0x2e,
    0x35, 0x20, 0x31, 0x37, 0x6c, 0x33, 0x38, 0x20, 0x31, 0x35, 0x32, 0x71, 0x32, 0x20, 0x31, 0x30,
    0x20, 0x31, 0x31, 0x2e, 0x35, 0x20, 0x31, 0x37, 0x74, 0x31, 0x39, 0x2e, 0x35, 0x20, 0x37, 0x68,
    0x31, 0x35, 0x30, 0x71, 0x31, 0x30, 0x20, 0x30, 0x20, 0x31, 0x36, 0x20, 0x37, 0x74, 0x34, 0x20,
    0x31, 0x38, 0x6c, 0x2d, 0x38, 0x37, 0x20, 0x34, 0x35, 0x30, 0x71, 0x2d, 0x32, 0x20, 0x31, 0x31,
    0x20, 0x2d, 0x31, 0x31, 0x20, 0x31, 0x38, 0x74, 0x2d, 0x31, 0x39, 0x20, 0x37, 0x7a, 0x22, 0x20,
    0x2f, 0x3e, 0x0a, 0x3c, 0x67, 0x6c, 0x79, 0x70, 0x68, 0x20, 0x75, 0x6e, 0x69, 0x63, 0x6f, 0x64,
    0x65, 0x3d, 0x22, 0x26, 0x23, 0x78, 0x65, 0x30, 0x32, 0x39, 0x3b, 0x22, 0x20, 0x64, 0x3d, 0x22,
    0x4d, 0x36, 0x30, 0x30, 0x20, 0x31, 0x31, 0x37, 0x37, 0x71, 0x31, 0x31, 0x37, 0x20, 0x30, 0x20,
    0x32, 0x32, 0x34, 0x20, 0x2d, 0x34, 0x35, 0x2e, 0x35, 0x74, 0x31, 0x38, 0x34, 0x2e, 0x35, 0x20,
    0x2d, 0x31, 0x32, 0x33, 0x74, 0x31, 0x32, 0x33, 0x20, 0x2d, 0x31, 0x38, 0x34, 0x2e, 0x35, 0x74,
    0x34, 0x35, 0x2e, 0x35, 0x20, 0x2d, 0x32, 0x32, 0x34, 0x74, 0x2d, 0x34, 0x35, 0x2e, 0x35, 0x20,
    0x2d, 0x32, 0x32, 0x34, 0x74, 0x2d, 0x31, 0x32, 0x33, 0x20, 0x2d, 0x31, 0x38, 0x34, 0x2e, 0x35,
    0x74, 0x2d, 0x31, 0x38, 0x34, 0x2e, 0x35, 0x20, 0x2d, 0x31, 0x32, 0x33, 0x74, 0x2d, 0x32, 0x32,
    0x34, 0x20, 0x2d, 0x34, 0x35, 0x2e, 0x35, 0x74, 0x2d, 0x32, 0x32, 0x34, 0x20, 0x34, 0x35, 0x2e,
    0x35, 0x74, 0x2d, 0x31, 0x38, 0x34, 0x2e, 0x35, 0x20, 0x31, 0x32, 0x33, 0x74, 0x2d, 0x31, 0x32,
    0x33, 0x20, 0x31, 0x38, 0x34, 0x2e, 0x35, 0x74, 0x2d, 0x34, 0x35, 0x2e, 0x35, 0x20, 0x32, 0x32,
    0x34, 0x74, 0x34, 0x35, 0x2e, 0x35, 0x20, 0x32, 0x32, 0x34, 0x74, 0x31, 0x32, 0x33, 0x20, 0x31,
    0x38, 0x34, 0x2e, 0x35, 0x74, 0x31, 0x38, 0x34, 0x2e, 0x35, 0x20, 0x31, 0x32, 0x33, 0x74, 0x32,
    0x32, 0x34, 0x20, 0x34, 0x35, 0x2e, 0x35, 0x7a, 0x4d, 0x36, 0x30, 0x30, 0x20, 0x31, 0x30, 0x32,
    0x37, 0x71, 0x2d, 0x31, 0x31, 0x36, 0x20, 0x30, 0x20, 0x2d, 0x32, 0x31, 0x34, 0x2e, 0x35, 0x20,
    0x2d, 0x35, 0x37, 0x74, 0x2d, 0x31, 0x35, 0x35, 0x2e, 0x35, 0x20, 0x2d, 0x31, 0x35, 0x35, 0x2e,
    0x35, 0x74, 0x2d, 0x35, 0x37, 0x20, 0x2d, 0x32, 0x31, 0x34, 0x2e, 0x35, 0x74, 0x35, 0x37, 0x20,
    0x2d, 0x32, 0x31, 0x34, 0x2e, 0x35, 0x20, 0x74, 0x31, 0x35, 0x35, 0x2e, 0x35, 0x20, 0x2d, 0x31,
    0x35, 0x35, 0x2e, 0x35, 0x74, 0x32, 0x31, 0x34, 0x2e, 0x35, 0x20, 0x2d, 0x35, 0x37, 0x74, 0x32,
    0x31, 0x34, 0x2e, 0x35, 0x20, 0x35, 0x37, 0x74, 0x31, 0x35, 0x35, 0x2e, 0x35, 0x20, 0x31, 0x35,
    0x35, 0x2e, 0x35, 0x74, 0x35, 0x37, 0x20, 0x32, 0x31, 0x34, 0x2e, 0x35, 0x74, 0x2d, 0x35, 0x37,
    0x20, 0x32, 0x31, 0x34, 0x2e, 0x35, 0x74, 0x2d, 0x31, 0x35, 0x35, 0x2e, 0x35, 0x20, 0x31, 0x35,
    0x35, 0x2e, 0x35, 0x74, 0x2d, 0x32, 0x31, 0x34, 0x2e, 0x35, 0x20, 0x35, 0x37, 0x7a, 0x4d, 0x35,
    0x34, 0x30, 0x20, 0x38, 0x32, 0x30, 0x6c, 0x32, 0x35, 0x33, 0x20, 0x2d, 0x31, 0x39, 0x30, 0x71,
    0x31, 0x37, 0x20, 0x2d, 0x31, 0x32, 0x20, 0x31, 0x37, 0x20, 0x2d, 0x33, 0x30, 0x74, 0x2d, 0x31,
    0x37, 0x20, 0x2d, 0x33, 0x30, 0x6c, 0x2d, 0x32, 0x35, 0x33, 0x20, 0x2d, 0x31, 0x39, 0x30, 0x71,
    0x2d, 0x31, 0x36, 0x20, 0x2d, 0x31, 0x32, 0x20, 0x2d, 0x32, 0x38, 0x20, 0x2d, 0x36, 0x2e, 0x35,
    0x74, 0x2d, 0x31, 0x32, 0x20, 0x32, 0x36, 0x2e, 0x35, 0x76, 0x34, 0x30, 0x30, 0x71, 0x30, 0x20,
    0x32, 0x31, 0x20, 0x31, 0x32, 0x20, 0x32, 0x36, 0x2e, 0x35, 0x74, 0x32, 0x38, 0x20, 0x2d, 0x36,
    0x2e, 0x35, 0x7a, 0x22, 0x20, 0x2f, 0x3e, 0x0a, 0x3c, 0x67, 0x6c, 0x79, 0x70, 0x68, 0x20, 0x75,
    0x6e, 0x69, 0x63, 0x6f, 0x64, 0x65, 0x3d, 0x22, 0x26, 0x23, 0x78, 0x65, 0x30, 0x33, 0x30, 0x3b,
    0x22, 0x20, 0x64, 0x3d, 0x22, 0x4d, 0x39, 0x34, 0x37, 0x20, 0x31, 0x30, 0x36, 0x30, 0x6c, 0x31,
    0x33, 0x35, 0x20, 0x31, 0x33, 0x35, 0x71, 0x37, 0x20, 0x37, 0x20, 0x31, 0x32, 0x2e, 0x35, 0x20,
    0x35, 0x74, 0x35, 0x2e, 0x35, 0x20, 0x2d, 0x31, 0x33, 0x76, 0x2d, 0x33, 0x36, 0x32, 0x71, 0x30,
    0x20, 0x2d, 0x31, 0x30, 0x20, 0x2d, 0x37, 0x2e, 0x35, 0x20, 0x2d, 0x31, 0x37, 0x2e, 0x35, 0x74,
    0x2d, 0x31, 0x37, 0x2e, 0x35, 0x20, 0x2d, 0x37, 0x2e, 0x35, 0x68, 0x2d, 0x33, 0x36, 0x32, 0x71,
    0x2d, 0x31, 0x31, 0x20, 0x30, 0x20, 0x2d, 0x31, 0x33, 0x20, 0x35, 0x2e, 0x35, 0x74, 0x35, 0x20,
    0x31, 0x32, 0x2e, 0x35, 0x6c, 0x31, 0x33, 0x33, 0x20, 0x31, 0x33, 0x33, 0x71, 0x2d, 0x31, 0x30,
    0x39, 0x20, 0x37, 0x36, 0x20, 0x2d, 0x32, 0x33, 0x38, 0x20, 0x37, 0x36, 0x71, 0x2d, 0x31, 0x31,
    0x36, 0x20, 0x30, 0x20, 0x2d, 0x32, 0x31, 0x34, 0x2e, 0x35, 0x20, 0x2d, 0x35, 0x37, 0x74, 0x2d,
    0x31, 0x35, 0x35, 0x2e, 0x35, 0x20, 0x2d, 0x31, 0x35, 0x35, 0x2e, 0x35, 0x74, 0x2d, 0x35, 0x37,
    0x20, 0x2d, 0x32, 0x31, 0x34, 0x2e, 0x35, 0x74, 0x35, 0x37, 0x20, 0x2d, 0x32, 0x31, 0x34, 0x2e,
    0x35, 0x74, 0x31, 0x35, 0x35, 0x2e, 0x35, 0x20, 0x2d, 0x31, 0x35, 0x35, 0x2e, 0x35, 0x74, 0x32,
    0x31, 0x34, 0x2e, 0x35, 0x20, 0x2d, 0x35, 0x37, 0x74, 0x32, 0x31, 0x34, 0x2e, 0x35, 0x20, 0x35,
    0x37, 0x74, 0x31, 0x35, 0x35, 0x2e, 0x35, 0x20, 0x31, 0x35, 0x35, 0x2e, 0x35, 0x74, 0x35, 0x37,
    0x20, 0x32, 0x31, 0x34, 0x2e, 0x35, 0x68, 0x31, 0x35, 0x30, 0x71, 0x30, 0x20, 0x2d, 0x31, 0x31,
    0x37, 0x20, 0x2d, 0x34, 0x35, 0x2e, 0x35, 0x20, 0x2d, 0x32, 0x32, 0x34, 0x20, 0x74, 0x2d, 0x31,
    0x32, 0x33, 0x20, 0x2d, 0x31, 0x38, 0x34, 0x2e, 0x35, 0x74, 0x2d, 0x31, 0x38, 0x34, 0x2e, 0x35,
    0x20, 0x2d, 0x31, 0x32, 0x33, 0x74, 0x2d, 0x32, 0x32, 0x34, 0x20, 0x2d, 0x34, 0x35, 0x2e, 0x35,
    0x74, 0x2d, 0x32, 0x32, 0x34, 0x20, 0x34, 0x35, 0x2e, 0x35, 0x74, 0x2d, 0x31, 0x38, 0x34, 0x2e,
    0x35, 0x20, 0x31, 0x32, 0x33, 0x74, 0x2d, 0x31, 0x32, 0x33, 0x20, 0x31, 0x38, 0x34, 0x2e, 0x35,
    0x74, 0x2d, 0x34, 0x35, 0x2e, 0x35, 0x20, 0x32, 0x32, 0x34, 0x74, 0x34, 0x35, 0x2e, 0x35, 0x20,
    0x32, 0x32, 0x34, 0x74, 0x31, 0x32, 0x33, 0x20, 0x31, 0x38, 0x34, 0x2e, 0x35, 0x74, 0x31, 0x38,
    0x34, 0x2e, 0x35, 0x20, 0x31, 0x32, 0x33, 0x74, 0x32, 0x32, 0x34, 0x20, 0x34, 0x35, 0x2e, 0x35,
    0x71, 0x31, 0x39, 0x32, 0x20, 0x30, 0x20, 0x33, 0x34, 0x37, 0x20, 0x2d, 0x31, 0x31, 0x37, 0x7a,
    0x22, 0x20, 0x2f, 0x3e, 0x0a, 0x3c, 0x67, 0x6c, 0x79, 0x70, 0x68, 0x20, 0x75, 0x6e, 0x69, 0x63,
    0x6f, 0x64, 0x65, 0x3d, 0x22, 0x26, 0x23, 0x78, 0x65, 0x30, 0x33, 0x31, 0x3b, 0x22, 0x20, 0x64,
    0x3d, 0x22, 0x4d, 0x39, 0x34, 0x37, 0x20, 0x31, 0x30, 0x36, 0x30, 0x6c, 0x31, 0x33, 0x35, 0x20,
    0x31, 0x33, 0x35, 0x71, 0x37, 0x20, 0x37, 0x20, 0x31, 0x32, 0x2e, 0x35, 0x20, 0x35, 0x74, 0x35,
    0x2e, 0x35, 0x20, 0x2d, 0x31, 0x33, 0x76, 0x2d, 0x33, 0x36, 0x31, 0x71, 0x30, 0x20, 0x2d, 0x31,
    0x31, 0x20, 0x2d, 0x37, 0x2e, 0x35, 0x20, 0x2d, 0x31, 0x38, 0x2e, 0x35, 0x74, 0x2d, 0x31, 0x38,
    0x2e, 0x35, 0x20, 0x2d, 0x37, 0x2e, 0x35, 0x68, 0x2d, 0x33, 0x36, 0x31, 0x71, 0x2d, 0x31, 0x31,
    0x20, 0x30, 0x20, 0x2d, 0x31, 0x33, 0x20, 0x35, 0x2e, 0x35, 0x74, 0x35, 0x20, 0x31, 0x32, 0x2e,
    0x35, 0x6c, 0x31, 0x33, 0x34, 0x20, 0x31, 0x33, 0x34, 0x71, 0x2d, 0x31, 0x31, 0x30, 0x20, 0x37,
    0x35, 0x20, 0x2d, 0x32, 0x33, 0x39, 0x20, 0x37, 0x35, 0x71, 0x2d, 0x31, 0x31, 0x36, 0x20, 0x30,
    0x20, 0x2d, 0x32, 0x31, 0x34, 0x2e, 0x35, 0x20, 0x2d, 0x35, 0x37, 0x74, 0x2d, 0x31, 0x35, 0x35,
    0x2e, 0x35, 0x20, 0x2d, 0x31, 0x35, 0x35, 0x2e, 0x35, 0x74, 0x2d, 0x35, 0x37, 0x20, 0x2d, 0x32,
    0x31, 0x34, 0x2e, 0x35, 0x68, 0x2d, 0x31, 0x35, 0x30, 0x71, 0x30, 0x20, 0x31, 0x31, 0x37, 0x20,
    0x34, 0x35, 0x2e, 0x35, 0x20, 0x32, 0x32, 0x34, 0x74, 0x31, 0x32, 0x33, 0x20, 0x31, 0x38, 0x34,
    0x2e, 0x35, 0x74, 0x31, 0x38, 0x34, 0x2e, 0x35, 0x20, 0x31, 0x32, 0x33, 0x74, 0x32, 0x32, 0x34,
    0x20, 0x34, 0x35, 0x2e, 0x35, 0x71, 0x31, 0x39, 0x32, 0x20, 0x30, 0x20, 0x33, 0x34, 0x37, 0x20,
    0x2d, 0x31, 0x31, 0x37, 0x7a, 0x4d, 0x31, 0x30, 0x32, 0x37, 0x20, 0x36, 0x30, 0x30, 0x68, 0x31,
    0x35, 0x30, 0x20, 0x71, 0x30, 0x20, 0x2d, 0x31, 0x31, 0x37, 0x20, 0x2d, 0x34, 0x35, 0x2e, 0x35,
    0x20, 0x2d, 0x32, 0x32, 0x34, 0x74, 0x2d, 0x31, 0x32, 0x33, 0x20, 0x2d, 0x31, 0x38, 0x34, 0x2e,
    0x35, 0x74, 0x2d, 0x31, 0x38, 0x34, 0x2e, 0x35, 0x20, 0x2d, 0x31, 0x32, 0x33, 0x74, 0x2d, 0x32,
    0x32, 0x34, 0x20, 0x2d, 0x34, 0x35, 0x2e, 0x35, 0x71, 0x2d, 0x31, 0x39, 0x32, 0x20, 0x30, 0x20,
    0x2d, 0x33, 0x34, 0x38, 0x20, 0x31, 0x31, 0x38, 0x6c, 0x2d, 0x31, 0x33, 0x34, 0x20, 0x2d, 0x31,
    0x33, 0x34, 0x71, 0x2d, 0x37, 0x20, 0x2d, 0x38, 0x20, 0x2d, 0x31, 0x32, 0x2e, 0x35, 0x20, 0x2d,
    0x35, 0x2e, 0x35, 0x74, 0x2d, 0x35, 0x2e, 0x35, 0x20, 0x31, 0x32, 0x2e, 0x35, 0x76, 0x33, 0x36,
    0x30, 0x71, 0x30, 0x20, 0x31, 0x31, 0x20, 0x37, 0x2e, 0x35, 0x20, 0x31, 0x38, 0x2e, 0x35, 0x74,
    0x31, 0x38, 0x2e, 0x35, 0x20, 0x37, 0x2e, 0x35, 0x68, 0x33, 0x36, 0x30, 0x71, 0x31, 0x30, 0x20,
    0x30, 0x20, 0x31, 0x32, 0x2e, 0x35, 0x20, 0x2d, 0x35, 0x2e, 0x35, 0x74, 0x2d, 0x35, 0x2e, 0x35,
    0x20, 0x2d, 0x31, 0x32, 0x2e, 0x35, 0x6c, 0x2d, 0x31, 0x33, 0x33, 0x20, 0x2d, 0x31, 0x33, 0x33,
    0x71, 0x31, 0x31, 0x30, 0x20, 0x2d, 0x37, 0x36, 0x20, 0x32, 0x34, 0x30, 0x20, 0x2d, 0x37, 0x36,
    0x71, 0x31, 0x31, 0x36, 0x20, 0x30, 0x20, 0x32, 0x31, 0x34, 0x2e, 0x35, 0x20, 0x35, 0x37, 0x74,
    0x31, 0x35, 0x35, 0x2e, 0x35, 0x20, 0x31, 0x35, 0x35, 0x2e, 0x35, 0x74, 0x35, 0x37, 0x20, 0x32,
    0x31, 0x34, 0x2e, 0x35, 0x7a, 0x22, 0x20, 0x2f, 0x3e, 0x0a, 0x3c, 0x67, 0x6c, 0x79, 0x70, 0x68,
    0x20, 0x75, 0x6e, 0x69, 0x63, 0x6f, 0x64, 0x65, 0x3d, 0x22, 0x26, 0x23, 0x78, 0x65, 0x30, 0x33,
    0x32, 0x3b, 0x22, 0x20, 0x64, 0x3d, 0x22, 0x4d, 0x31, 0x32, 0x35, 0x20, 0x31, 0x32, 0x30, 0x30,
    0x68, 0x31, 0x30, 0x35, 0x30, 0x71, 0x31, 0x30, 0x20, 0x30, 0x20, 0x31, 0x37, 0x2e, 0x35, 0x20,
    0x2d, 0x37, 0x2e, 0x35, 0x74, 0x37, 0x2e, 0x35, 0x20, 0x2d, 0x31, 0x37, 0x2e, 0x35, 0x76, 0x2d,
    0x31, 0x31, 0x35, 0x30, 0x71, 0x30, 0x20, 0x2d, 0x31, 0x30, 0x20, 0x2d, 0x37, 0x2e, 0x35, 0x20,
    0x2d, 0x31, 0x37, 0x2e, 0x35, 0x74, 0x2d, 0x31, 0x37, 0x2e, 0x35, 0x20, 0x2d, 0x37, 0x2e, 0x35,
    0x68, 0x2d, 0x31, 0x30, 0x35, 0x30, 0x71, 0x2d, 0x31, 0x30, 0x20, 0x30, 0x20, 0x2d, 0x31, 0x37,
    0x2e, 0x35, 0x20, 0x37, 0x2e, 0x35, 0x74, 0x2d, 0x37, 0x2e, 0x35, 0x20, 0x31, 0x37, 0x2e, 0x35,
    0x76, 0x31, 0x31, 0x35, 0x30, 0x71, 0x30, 0x20, 0x31, 0x30, 0x20, 0x37, 0x2e, 0x35, 0x20, 0x31,
    0x37, 0x2e, 0x35, 0x74, 0x31, 0x37, 0x2e, 0x35, 0x20, 0x37, 0x2e, 0x35, 0x7a, 0x4d, 0x31, 0x30,
    0x37, 0x35, 0x20, 0x31, 0x30, 0x30, 0x30, 0x68, 0x2d, 0x38, 0x35, 0x30, 0x71, 0x2d, 0x31, 0x30,
    0x20, 0x30, 0x20, 0x2d, 0x31, 0x37, 0x2e, 0x35, 0x20, 0x2d, 0x37, 0x2e, 0x35, 0x74, 0x2d, 0x37,
    0x2e, 0x35, 0x20, 0x2d, 0x31, 0x37, 0x2e, 0x35, 0x76, 0x2d, 0x38, 0x35, 0x30, 0x71, 0x30, 0x20,
    0x2d, 0x31, 0x30, 0x20, 0x37, 0x2e, 0x35, 0x20, 0x2d, 0x31, 0x37, 0x2e, 0x35, 0x74, 0x31, 0x37,
    0x2e, 0x35, 0x20, 0x2d, 0x37, 0x2e, 0x35, 0x68, 0x38, 0x35, 0x30, 0x71, 0x31, 0x30, 0x20, 0x30,
    0x20, 0x31, 0x37, 0x2e, 0x35, 0x20, 0x37, 0x2e, 0x35, 0x74, 0x37, 0x2e, 0x35, 0x20, 0x31, 0x37,
    0x2e, 0x35, 0x76, 0x38, 0x35, 0x30, 0x20, 0x71, 0x30, 0x20, 0x31, 0x30, 0x20, 0x2d, 0x37, 0x2e,
    0x35, 0x20, 0x31, 0x37, 0x2e, 0x35, 0x74, 0x2d, 0x31, 0x37, 0x2e, 0x35, 0x20, 0x37, 0x2e, 0x35,
    0x7a, 0x4d, 0x33, 0x32, 0x35, 0x20, 0x39, 0x30, 0x30, 0x68, 0x35, 0x30, 0x71, 0x31, 0x30, 0x20,
    0x30, 0x20, 0x31, 0x37, 0x2e, 0x35, 0x20, 0x2d, 0x37, 0x2e, 0x35, 0x74, 0x37, 0x2e, 0x35, 0x20,
    0x2d, 0x31, 0x37, 0x2e, 0x35, 0x76, 0x2d, 0x35, 0x30, 0x71, 0x30, 0x20, 0x2d, 0x31, 0x30, 0x20,
    0x2d, 0x37, 0x2e, 0x35, 0x20, 0x2d, 0x31, 0x37, 0x2e, 0x35, 0x74, 0x2d, 0x31, 0x37, 0x2e, 0x35,
    0x20, 0x2d, 0x37, 0x2e, 0x35, 0x68, 0x2d, 0x35, 0x30, 0x71, 0x2d, 0x31, 0x30, 0x20, 0x30, 0x20,
    0x2d, 0x31, 0x37, 0x2e, 0x35, 0x20, 0x37, 0x2e, 0x35, 0x74, 0x2d, 0x37, 0x2e, 0x35, 0x20, 0x31,
    0x37, 0x2e, 0x35, 0x76, 0x35, 0x30, 0x71, 0x30, 0x20, 0x31, 0x30, 0x20, 0x37, 0x2e, 0x35, 0x20,
    0x31, 0x37, 0x2e, 0x35, 0x74, 0x31, 0x37, 0x2e, 0x35, 0x20, 0x37, 0x2e, 0x35, 0x7a, 0x4d, 0x35,
    0x32, 0x35, 0x20, 0x39, 0x30, 0x30, 0x68, 0x34, 0x35, 0x30, 0x71, 0x31, 0x30, 0x20, 0x30, 0x20,
    0x31, 0x37, 0x2e, 0x35, 0x20, 0x2d, 0x37, 0x2e, 0x35, 0x74, 0x37, 0x2e, 0x35, 0x20, 0x2d, 0x31,
    0x37, 0x2e, 0x35, 0x76, 0x2d, 0x35, 0x30, 0x71, 0x30, 0x20, 0x2d, 0x31, 0x30, 0x20, 0x2d, 0x37,
    0x2e, 0x35, 0x20, 0x2d, 0x31, 0x37, 0x2e, 0x35, 0x74, 0x2d, 0x31, 0x37, 0x2e, 0x35, 0x20, 0x2d,
    0x37, 0x2e, 0x35, 0x68, 0x2d, 0x34, 0x35, 0x30, 0x71, 0x2d, 0x31, 0x30, 0x20, 0x30, 0x20, 0x2d,
    0x31, 0x37, 0x2e, 0x35, 0x20, 0x37, 0x2e, 0x35, 0x74, 0x2d, 0x37, 0x2e, 0x35, 0x20, 0x31, 0x37,
    0x2e, 0x35, 0x76, 0x35, 0x30, 0x20, 0x71, 0x30, 0x20, 0x31, 0x30, 0x20, 0x37, 0x2e, 0x35, 0x20,
    0x31, 0x37, 0x2e, 0x35, 0x74, 0x31, 0x37, 0x2e, 0x35, 0x20, 0x37, 0x2e, 0x35, 0x7a, 0x4d, 0x33,
    0x32, 0x35, 0x20, 0x37, 0x30, 0x30, 0x68, 0x35, 0x30, 0x71, 0x31, 0x30, 0x20, 0x30, 0x20, 0x31,
    0x37, 0x2e, 0x35, 0x20, 0x2d, 0x37, 0x2e, 0x35, 0x74, 0x37, 0x2e, 0x35, 0x20, 0x2d, 0x31, 0x37,
    0x2e, 0x35, 0x76, 0x2d, 0x35, 0x30, 0x71, 0x30, 0x20, 0x2d, 0x31, 0x30, 0x20, 0x2d, 0x37, 0x2e,
    0x35, 0x20, 0x2d, 0x31, 0x37, 0x2e, 0x35, 0x74, 0x2d, 0x31, 0x37, 0x2e, 0x35, 0x20, 0x2d, 0x37,
    0x2e, 0x35, 0x68, 0x2d, 0x35, 0x30, 0x71, 0x2d, 0x31, 0x30, 0x20, 0x30, 0x20, 0x2d, 0x31, 0x37,
    0x2e, 0x35, 0x20, 0x37, 0x2e, 0x35, 0x74, 0x2d, 0x37, 0x2e, 0x35, 0x20, 0x31, 0x37, 0x2e, 0x35,
    0x76, 0x35, 0x30, 0x71, 0x30, 0x20, 0x31, 0x30, 0x20, 0x37, 0x2e, 0x35, 0x20, 0x31, 0x37, 0x2e,
    0x35, 0x74, 0x31, 0x37, 0x2e, 0x35, 0x20, 0x37, 0x2e, 0x35, 0x7a, 0x4d, 0x35, 0x32, 0x35, 0x20,
    0x37, 0x30, 0x30, 0x68, 0x34, 0x35, 0x30, 0x71, 0x31, 0x30, 0x20, 0x30, 0x20, 0x31, 0x37, 0x2e,
    0x35, 0x20, 0x2d, 0x37, 0x2e, 0x35, 0x74, 0x37, 0x2e, 0x35, 0x20, 0x2d, 0x31, 0x37, 0x2e, 0x35,
    0x76, 0x2d, 0x35, 0x30, 0x71, 0x30, 0x20, 0x2d, 0x31, 0x30, 0x20, 0x2d, 0x37, 0x2e, 0x35, 0x20,
    0x2d, 0x31, 0x37, 0x2e, 0x35, 0x74, 0x2d, 0x31, 0x37, 0x2e, 0x35, 0x20, 0x2d, 0x37, 0x2e, 0x35,
    0x68, 0x2d, 0x34, 0x35, 0x30, 0x71, 0x2d, 0x31, 0x30, 0x20, 0x30, 0x20, 0x2d, 0x31, 0x37, 0x2e,
    0x35, 0x20, 0x37, 0x2e, 0x35, 0x74, 0x2d, 0x37, 0x2e, 0x35, 0x20, 0x31, 0x37, 0x2e, 0x35, 0x76,
    0x35, 0x30, 0x20, 0x71, 0x30, 0x20, 0x31, 0x30, 0x20, 0x37, 0x2e, 0x35, 0x20, 0x31, 0x37, 0x2e,
    0x35, 0x74, 0x31, 0x37, 0x2e, 0x35, 0x20, 0x37, 0x2e, 0x35, 0x7a, 0x4d, 0x33, 0x32, 0x35, 0x20,
    0x35, 0x30, 0x30, 0x68, 0x35, 0x30, 0x71, 0x31, 0x30, 0x20, 0x30, 0x20, 0x31, 0x37, 0x2e, 0x35,
    0x20, 0x2d, 0x37, 0x2e, 0x35, 0x74, 0x37, 0x2e, 0x35, 0x20, 0x2d, 0x31, 0x37, 0x2e, 0x35, 0x76,
    0x2d, 0x35, 0x30, 0x71, 0x30, 0x20, 0x2d, 0x31, 0x30, 0x20, 0x2d, 0x37, 0x2e, 0x35, 0x20, 0x2d,
    0x31, 0x37, 0x2e, 0x35, 0x74, 0x2d, 0x31, 0x37, 0x2e, 0x35, 0x20, 0x2d, 0x37, 0x2e, 0x35, 0x68,
    0x2d, 0x35, 0x30, 0x71, 0x2d, 0x31, 0x30, 0x20, 0x30, 0x20, 0x2d, 0x31, 0x37, 0x2e, 0x35, 0x20,
    0x37, 0x2e, 0x35, 0x74, 0x2d, 0x37, 0x2e, 0x35, 0x20, 0x31, 0x37, 0x2e, 0x35, 0x76, 0x35, 0x30,
    0x71, 0x30, 0x20, 0x31, 0x30, 0x20, 0x37, 0x2e, 0x35, 0x20, 0x31, 0x37, 0x2e, 0x35, 0x74, 0x31,
    0x37, 0x2e, 0x35, 0x20, 0x37, 0x2e, 0x35, 0x7a, 0x4d, 0x35, 0x32, 0x35, 0x20, 0x35, 0x30, 0x30,
    0x68, 0x34, 0x35, 0x30, 0x71, 0x31, 0x30, 0x20, 0x30, 0x20, 0x31, 0x37, 0x2e, 0x35, 0x20, 0x2d,
    0x37, 0x2e, 0x35, 0x74, 0x37, 0x2e, 0x35, 0x20, 0x2d, 0x31, 0x37, 0x2e, 0x35, 0x76, 0x2d, 0x35,
    0x30, 0x71, 0x30, 0x20, 0x2d, 0x31, 0x30, 0x20, 0x2d, 0x37, 0x2e, 0x35, 0x20, 0x2d, 0x31, 0x37,
    0x2e, 0x35, 0x74, 0x2d, 0x31, 0x37, 0x2e, 0x35, 0x20, 0x2d, 0x37, 0x2e, 0x35, 0x68, 0x2d, 0x34,
    0x35, 0x30, 0x71, 0x2d, 0x31, 0x30, 0x20, 0x30, 0x20, 0x2d, 0x31, 0x37, 0x2e, 0x35, 0x20, 0x37,
    0x2e, 0x35, 0x74, 0x2d, 0x37, 0x2e, 0x35, 0x20, 0x31, 0x37, 0x2e, 0x35, 0x76, 0x35, 0x30, 0x20,
    0x71, 0x30, 0x20, 0x31, 0x30, 0x20, 0x37, 0x2e, 0x35, 0x20, 0x31, 0x37, 0x2e, 0x35, 0x74, 0x31,
    0x37, 0x2e, 0x35, 0x20, 0x37, 0x2e, 0x35, 0x7a, 0x4d, 0x33, 0x32, 0x35, 0x20, 0x33, 0x30, 0x30,
    0x68, 0x35, 0x30, 0x71, 0x31, 0x30, 0x20, 0x30, 0x20, 0x31, 0x37, 0x2e, 0x35, 0x20, 0x2d, 0x37,
    0x2e, 0x35, 0x74, 0x37, 0x2e, 0x35, 0x20, 0x2d, 0x31, 0x37, 0x2e, 0x35, 0x76, 0x2d, 0x35, 0x30,
    0x71, 0x30, 0x20, 0x2d, 0x31, 0x30, 0x20, 0x2d, 0x37, 0x2e, 0x35, 0x20, 0x2d, 0x31, 0x37, 0x2e,
    0x35, 0x74, 0x2d, 0x31, 0x37, 0x2e, 0x35, 0x20, 0x2d, 0x37, 0x2e, 0x35, 0x68, 0x2d, 0x35, 0x30,
    0x71, 0x2d, 0x31, 0x30, 0x20, 0x30, 0x20, 0x2d, 0x31, 0x37, 0x2e, 0x35, 0x20, 0x37, 0x2e, 0x35,
    0x74, 0x2d, 0x37, 0x2e, 0x35, 0x20, 0x31, 0x37, 0x2e, 0x35, 0x76, 0x35, 0x30, 0x71, 0x30, 0x20,
    0x31, 0x30, 0x20, 0x37, 0x2e, 0x35, 0x20, 0x31, 0x37, 0x2e, 0x35, 0x74, 0x31, 0x37, 0x2e, 0x35,
    0x20, 0x37, 0x2e, 0x35, 0x7a, 0x4d, 0x35, 0x32, 0x35, 0x20, 0x33, 0x30, 0x30, 0x68, 0x34, 0x35,
    0x30, 0x71, 0x31, 0x30, 0x20, 0x30, 0x20, 0x31, 0x37, 0x2e, 0x35, 0x20, 0x2d, 0x37, 0x2e, 0x35,
    0x74, 0x37, 0x2e, 0x35, 0x20, 0x2d, 0x31, 0x37, 0x2e, 0x35, 0x76, 0x2d, 0x35, 0x30, 0x71, 0x30,
    0x20, 0x2d, 0x31, 0x30, 0x20, 0x2d, 0x37, 0x2e, 0x35, 0x20, 0x2d, 0x31, 0x37, 0x2e, 0x35, 0x74,
    0x2d, 0x31, 0x37, 0x2e, 0x35, 0x20, 0x2d, 0x37, 0x2e, 0x35, 0x68, 0x2d, 0x34, 0x35, 0x30, 0x71,
    0x2d, 0x31, 0x30, 0x20, 0x30, 0x20, 0x2d, 0x31, 0x37, 0x2e, 0x35, 0x20, 0x37, 0x2e, 0x35, 0x74,
    0x2d, 0x37, 0x2e, 0x35, 0x20, 0x31, 0x37, 0x2e, 0x35, 0x76, 0x35, 0x30, 0x20, 0x71, 0x30, 0x20,
    0x31, 0x30, 0x20, 0x37, 0x2e, 0x35, 0x20, 0x31, 0x37, 0x2e, 0x35, 0x74, 0x31, 0x37, 0x2e, 0x35,
    0x20, 0x37, 0x2e, 0x35, 0x7a, 0x22, 0x20, 0x2f, 0x3e, 0x0a, 0x3c, 0x67, 0x6c, 0x79, 0x70, 0x68,
    0x20, 0x75, 0x6e, 0x69, 0x63, 0x6f, 0x64, 0x65, 0x3d, 0x22, 0x26, 0x23, 0x78, 0x65, 0x30, 0x33,
    0x33, 0x3b, 0x22, 0x20, 0x64, 0x3d, 0x22, 0x4d, 0x39, 0x30, 0x30, 0x20, 0x38, 0x30, 0x30, 0x76,
    0x32, 0x30, 0x30, 0x71, 0x30, 0x20, 0x38, 0x33, 0x20, 0x2d, 0x35, 0x38, 0x2e, 0x35, 0x20, 0x31,
    0x34, 0x31, 0x2e, 0x35, 0x74, 0x2d, 0x31, 0x34, 0x31, 0x2e, 0x35, 0x20, 0x35, 0x38, 0x2e, 0x35,
    0x68, 0x2d, 0x33, 0x30, 0x30, 0x71, 0x2d, 0x38, 0x32, 0x20, 0x30, 0x20, 0x2d, 0x31, 0x34, 0x31,
    0x20, 0x2d, 0x35, 0x39, 0x74, 0x2d, 0x35, 0x39, 0x20, 0x2d, 0x31, 0x34, 0x31, 0x76, 0x2d, 0x32,
    0x30, 0x30, 0x68, 0x2d, 0x31, 0x30, 0x30, 0x71, 0x2d, 0x34, 0x31, 0x20, 0x30, 0x20, 0x2d, 0x37,
    0x30, 0x2e, 0x35, 0x20, 0x2d, 0x32, 0x39, 0x2e, 0x35, 0x74, 0x2d, 0x32, 0x39, 0x2e, 0x35, 0x20,
    0x2d, 0x37, 0x30, 0x2e, 0x35, 0x76, 0x2d, 0x36, 0x30, 0x30, 0x71, 0x30, 0x20, 0x2d, 0x34, 0x31,
    0x20, 0x32, 0x39, 0x2e, 0x35, 0x20, 0x2d, 0x37, 0x30, 0x2e, 0x35, 0x74, 0x37, 0x30, 0x2e, 0x35,
    0x20, 0x2d, 0x32, 0x39, 0x2e, 0x35, 0x68, 0x39, 0x30, 0x30, 0x71, 0x34, 0x31, 0x20, 0x30, 0x20,
    0x37, 0x30, 0x2e, 0x35, 0x20, 0x32, 0x39, 0x2e, 0x35, 0x74, 0x32, 0x39, 0x2e, 0x35, 0x20, 0x37,
    0x30, 0x2e, 0x35, 0x76, 0x36, 0x30, 0x30, 0x71, 0x30, 0x20, 0x34, 0x31, 0x20, 0x2d, 0x32, 0x39,
    0x2e, 0x35, 0x20, 0x37, 0x30, 0x2e, 0x35, 0x74, 0x2d, 0x37, 0x30, 0x2e, 0x35, 0x20, 0x32, 0x39,
    0x2e, 0x35, 0x68, 0x2d, 0x31, 0x30, 0x30, 0x7a, 0x4d, 0x34, 0x30, 0x30, 0x20, 0x38, 0x30, 0x30,
    0x76, 0x31, 0x35, 0x30, 0x71, 0x30, 0x20, 0x32, 0x31, 0x20, 0x31, 0x35, 0x20, 0x33, 0x35, 0x2e,
    0x35, 0x74, 0x33, 0x35, 0x20, 0x31, 0x34, 0x2e, 0x35, 0x68, 0x32, 0x30, 0x30, 0x20, 0x71, 0x32,
    0x30, 0x20, 0x30, 0x20, 0x33, 0x35, 0x20, 0x2d, 0x31, 0x34, 0x2e, 0x35, 0x74, 0x31, 0x35, 0x20,
    0x2d, 0x33, 0x35, 0x2e, 0x35, 0x76, 0x2d, 0x31, 0x35, 0x30, 0x68, 0x2d, 0x33, 0x30, 0x30, 0x7a,
    0x22, 0x20, 0x2f, 0x3e, 0x0a, 0x3c, 0x67, 0x6c, 0x79, 0x70, 0x68, 0x20, 0x75, 0x6e, 0x69, 0x63,
    0x6f, 0x64, 0x65, 0x3d, 0x22, 0x26, 0x23, 0x78, 0x65, 0x30, 0x33, 0x34, 0x3b, 0x22, 0x20, 0x64,
    0x3d, 0x22, 0x4d, 0x31, 0x32, 0x35, 0x20, 0x31, 0x31, 0x30, 0x30, 0x68, 0x35, 0x30, 0x71, 0x31,
    0x30, 0x20, 0x30, 0x20, 0x31, 0x37, 0x2e, 0x35, 0x20, 0x2d, 0x37, 0x2e, 0x35, 0x74, 0x37, 0x2e,
    0x35, 0x20, 0x2d, 0x31, 0x37, 0x2e, 0x35, 0x76, 0x2d, 0x31, 0x30, 0x37, 0x35, 0x68, 0x2d, 0x31,
    0x30, 0x30, 0x76, 0x31, 0x30, 0x37, 0x35, 0x71, 0x30, 0x20, 0x31, 0x30, 0x20, 0x37, 0x2e, 0x35,
    0x20, 0x31, 0x37, 0x2e, 0x35, 0x74, 0x31, 0x37, 0x2e, 0x35, 0x20, 0x37, 0x2e, 0x35, 0x7a, 0x4d,
    0x31, 0x30, 0x37, 0x35, 0x20, 0x31, 0x30, 0x35, 0x32, 0x71, 0x34, 0x20, 0x30, 0x20, 0x39, 0x20,
    0x2d, 0x32, 0x71, 0x31, 0x36, 0x20, 0x2d, 0x36, 0x20, 0x31, 0x36, 0x20, 0x2d, 0x32, 0x33, 0x76,
    0x2d, 0x34, 0x32, 0x31, 0x71, 0x30, 0x20, 0x2d, 0x36, 0x20, 0x2d, 0x33, 0x20, 0x2d, 0x31, 0x32,
    0x71, 0x2d, 0x33, 0x33, 0x20, 0x2d, 0x35, 0x39, 0x20, 0x2d, 0x36, 0x36, 0x2e, 0x35, 0x20, 0x2d,
    0x39, 0x39, 0x74, 0x2d, 0x36, 0x35, 0x2e, 0x35, 0x20, 0x2d, 0x35, 0x38, 0x74, 0x2d, 0x35, 0x36,
    0x2e, 0x35, 0x20, 0x2d, 0x32, 0x34, 0x2e, 0x35, 0x74, 0x2d, 0x35, 0x32, 0x2e, 0x35, 0x20, 0x2d,
    0x36, 0x2e, 0x35, 0x71, 0x2d, 0x32, 0x36, 0x20, 0x30, 0x20, 0x2d, 0x35, 0x37, 0x2e, 0x35, 0x20,
    0x36, 0x2e, 0x35, 0x74, 0x2d, 0x35, 0x32, 0x2e, 0x35, 0x20, 0x31, 0x33, 0x2e, 0x35, 0x74, 0x2d,
    0x36, 0x30, 0x20, 0x32, 0x31, 0x71, 0x2d, 0x34, 0x31, 0x20, 0x31, 0x35, 0x20, 0x2d, 0x36, 0x33,
    0x20, 0x32, 0x32, 0x2e, 0x35, 0x74, 0x2d, 0x35, 0x37, 0x2e, 0x35, 0x20, 0x31, 0x35, 0x74, 0x2d,
    0x36, 0x35, 0x2e, 0x35, 0x20, 0x37, 0x2e, 0x35, 0x20, 0x71, 0x2d, 0x38, 0x35, 0x20, 0x30, 0x20,
    0x2d, 0x31, 0x36, 0x30, 0x20, 0x2d, 0x35, 0x37, 0x71, 0x2d, 0x37, 0x20, 0x2d, 0x35, 0x20, 0x2d,
    0x31, 0x35, 0x20, 0x2d, 0x35, 0x71, 0x2d, 0x36, 0x20, 0x30, 0x20, 0x2d, 0x31, 0x31, 0x20, 0x33,
    0x71, 0x2d, 0x31, 0x34, 0x20, 0x37, 0x20, 0x2d, 0x31, 0x34, 0x20, 0x32, 0x32, 0x76, 0x34, 0x33,
    0x38, 0x71, 0x32, 0x32, 0x20, 0x35, 0x35, 0x20, 0x38, 0x32, 0x20, 0x39, 0x38, 0x2e, 0x35, 0x74,
    0x31, 0x31, 0x39, 0x20, 0x34, 0x36, 0x2e, 0x35, 0x71, 0x32, 0x33, 0x20, 0x32, 0x20, 0x34, 0x33,
    0x20, 0x30, 0x2e, 0x35, 0x74, 0x34, 0x33, 0x20, 0x2d, 0x37, 0x74, 0x33, 0x32, 0x2e, 0x35, 0x20,
    0x2d, 0x38, 0x2e, 0x35, 0x74, 0x33, 0x38, 0x20, 0x2d, 0x31, 0x33, 0x74, 0x33, 0x32, 0x2e, 0x35,
    0x20, 0x2d, 0x31, 0x31, 0x71, 0x34, 0x31, 0x20, 0x2d, 0x31, 0x34, 0x20, 0x36, 0x33, 0x2e, 0x35,
    0x20, 0x2d, 0x32, 0x31, 0x74, 0x35, 0x37, 0x20, 0x2d, 0x31, 0x34, 0x74, 0x36, 0x33, 0x2e, 0x35,
    0x20, 0x2d, 0x37, 0x71, 0x31, 0x30, 0x33, 0x20, 0x30, 0x20, 0x31, 0x38, 0x33, 0x20, 0x38, 0x37,
    0x71, 0x37, 0x20, 0x38, 0x20, 0x31, 0x38, 0x20, 0x38, 0x7a, 0x22, 0x20, 0x2f, 0x3e, 0x0a, 0x3c,
    0x67, 0x6c, 0x79, 0x70, 0x68, 0x20, 0x75, 0x6e, 0x69, 0x63, 0x6f, 0x64, 0x65, 0x3d, 0x22, 0x26,
    0x23, 0x78, 0x65, 0x30, 0x33, 0x35, 0x3b, 0x22, 0x20, 0x64, 0x3d, 0x22, 0x4d, 0x36, 0x30, 0x30,
    0x20, 0x31, 0x31, 0x37, 0x35, 0x71, 0x31, 0x31, 0x36, 0x20, 0x30, 0x20, 0x32, 0x32, 0x37, 0x20,
    0x2d, 0x34, 0x39, 0x2e, 0x35, 0x74, 0x31, 0x39, 0x32, 0x2e, 0x35, 0x20, 0x2d, 0x31, 0x33, 0x31,
    0x74, 0x31, 0x33, 0x31, 0x20, 0x2d, 0x31, 0x39, 0x32, 0x2e, 0x35, 0x74, 0x34, 0x39, 0x2e, 0x35,
    0x20, 0x2d, 0x32, 0x32, 0x37, 0x76, 0x2d, 0x33, 0x30, 0x30, 0x71, 0x30, 0x20, 0x2d, 0x31, 0x30,
    0x20, 0x2d, 0x37, 0x2e, 0x35, 0x20, 0x2d, 0x31, 0x37, 0x2e, 0x35, 0x74, 0x2d, 0x31, 0x37, 0x2e,
    0x35, 0x20, 0x2d, 0x37, 0x2e, 0x35, 0x68, 0x2d, 0x35, 0x30, 0x71, 0x2d, 0x31, 0x30, 0x20, 0x30,
    0x20, 0x2d, 0x31, 0x37, 0x2e, 0x35, 0x20, 0x37, 0x2e, 0x35, 0x74, 0x2d, 0x37, 0x2e, 0x35, 0x20,
    0x31, 0x37, 0x2e, 0x35, 0x76, 0x33, 0x30, 0x30, 0x71, 0x30, 0x20, 0x31, 0x32, 0x37, 0x20, 0x2d,
    0x37, 0x30, 0x2e, 0x35, 0x20, 0x32, 0x33, 0x31, 0x2e, 0x35, 0x74, 0x2d, 0x31, 0x38, 0x34, 0x2e,
    0x35, 0x20, 0x31, 0x36, 0x31, 0x2e, 0x35, 0x74, 0x2d, 0x32, 0x34, 0x35, 0x20, 0x35, 0x37, 0x74,
    0x2d, 0x32, 0x34, 0x35, 0x20, 0x2d, 0x35, 0x37, 0x74, 0x2d, 0x31, 0x38, 0x34, 0x2e, 0x35, 0x20,
    0x2d, 0x31, 0x36, 0x31, 0x2e, 0x35, 0x74, 0x2d, 0x37, 0x30, 0x2e, 0x35, 0x20, 0x2d, 0x32, 0x33,
    0x31, 0x2e, 0x35, 0x76, 0x2d, 0x33, 0x30, 0x30, 0x71, 0x30, 0x20, 0x2d, 0x31, 0x30, 0x20, 0x2d,
    0x37, 0x2e, 0x35, 0x20, 0x2d, 0x31, 0x37, 0x2e, 0x35, 0x74, 0x2d, 0x31, 0x37, 0x2e, 0x35, 0x20,
    0x2d, 0x37, 0x2e, 0x35, 0x68, 0x2d, 0x35, 0x30, 0x20, 0x71, 0x2d, 0x31, 0x30, 0x20, 0x30, 0x20,
    0x2d, 0x31, 0x37, 0x2e, 0x35, 0x20, 0x37, 0x2e, 0x35, 0x74, 0x2d, 0x37, 0x2e, 0x35, 0x20, 0x31,
    0x37, 0x2e, 0x35, 0x76, 0x33, 0x30, 0x30, 0x71, 0x30, 0x20, 0x31, 0x31, 0x36, 0x20, 0x34, 0x39,
    0x2e, 0x35, 0x20, 0x32, 0x32, 0x37, 0x74, 0x31, 0x33, 0x31, 0x20, 0x31, 0x39, 0x32, 0x2e, 0x35,
    0x74, 0x31, 0x39, 0x32, 0x2e, 0x35, 0x20, 0x31, 0x33, 0x31, 0x74, 0x32, 0x32, 0x37, 0x20, 0x34,
    0x39, 0x2e, 0x35, 0x7a, 0x4d, 0x32, 0x32, 0x30, 0x20, 0x35, 0x30, 0x30, 0x68, 0x31, 0x36, 0x30,
    0x71, 0x38, 0x20, 0x30, 0x20, 0x31, 0x34, 0x20, 0x2d, 0x36, 0x74, 0x36, 0x20, 0x2d, 0x31, 0x34,
    0x76, 0x2d, 0x34, 0x36, 0x30, 0x71, 0x30, 0x20, 0x2d, 0x38, 0x20, 0x2d, 0x36, 0x20, 0x2d, 0x31,
    0x34, 0x74, 0x2d, 0x31, 0x34, 0x20, 0x2d, 0x36, 0x68, 0x2d, 0x31, 0x36, 0x30, 0x71, 0x2d, 0x38,
    0x20, 0x30, 0x20, 0x2d, 0x31, 0x34, 0x20, 0x36, 0x74, 0x2d, 0x36, 0x20, 0x31, 0x34, 0x76, 0x34,
    0x36, 0x30, 0x71, 0x30, 0x20, 0x38, 0x20, 0x36, 0x20, 0x31, 0x34, 0x74, 0x31, 0x34, 0x20, 0x36,
    0x7a, 0x4d, 0x38, 0x32, 0x30, 0x20, 0x35, 0x30, 0x30, 0x68, 0x31, 0x36, 0x30, 0x71, 0x38, 0x20,
    0x30, 0x20, 0x31, 0x34, 0x20, 0x2d, 0x36, 0x74, 0x36, 0x20, 0x2d, 0x31, 0x34, 0x76, 0x2d, 0x34,
    0x36, 0x30, 0x71, 0x30, 0x20, 0x2d, 0x38, 0x20, 0x2d, 0x36, 0x20, 0x2d, 0x31, 0x34, 0x74, 0x2d,
    0x31, 0x34, 0x20, 0x2d, 0x36, 0x68, 0x2d, 0x31, 0x36, 0x30, 0x71, 0x2d, 0x38, 0x20, 0x30, 0x20,
    0x2d, 0x31, 0x34, 0x20, 0x36, 0x74, 0x2d, 0x36, 0x20, 0x31, 0x34, 0x76, 0x34, 0x36, 0x30, 0x20,
    0x71, 0x30, 0x20, 0x38, 0x20, 0x36, 0x20, 0x31, 0x34, 0x74, 0x31, 0x34, 0x20, 0x36, 0x7a, 0x22,
    0x20, 0x2f, 0x3e, 0x0a, 0x3c, 0x67, 0x6c, 0x79, 0x70, 0x68, 0x20, 0x75, 0x6e, 0x69, 0x63, 0x6f,
    0x64, 0x65, 0x3d, 0x22, 0x26, 0x23, 0x78, 0x65, 0x30, 0x33, 0x36, 0x3b, 0x22, 0x20, 0x64, 0x3d,
    0x22, 0x4d, 0x33, 0x32, 0x31, 0x20, 0x38, 0x31, 0x34, 0x6c, 0x32, 0x35, 0x38, 0x20, 0x31, 0x37,
    0x32, 0x71, 0x39, 0x20, 0x36, 0x20, 0x31, 0x35, 0x20, 0x32, 0x2e, 0x35, 0x74, 0x36, 0x20, 0x2d,
    0x31, 0x33, 0x2e, 0x35, 0x76, 0x2d, 0x37, 0x35, 0x30, 0x71, 0x30, 0x20, 0x2d, 0x31, 0x30, 0x20,
    0x2d, 0x36, 0x20, 0x2d, 0x31, 0x33, 0x2e, 0x35, 0x74, 0x2d, 0x31, 0x35, 0x20, 0x32, 0x2e, 0x35,
    0x6c, 0x2d, 0x32, 0x35, 0x38, 0x20, 0x31, 0x37, 0x32, 0x71, 0x2d, 0x32, 0x31, 0x20, 0x31, 0x34,
    0x20, 0x2d, 0x34, 0x36, 0x20, 0x31, 0x34, 0x68, 0x2d, 0x32, 0x35, 0x30, 0x71, 0x2d, 0x31, 0x30,
    0x20, 0x30, 0x20, 0x2d, 0x31, 0x37, 0x2e, 0x35, 0x20, 0x37, 0x2e, 0x35, 0x74, 0x2d, 0x37, 0x2e,
    0x35, 0x20, 0x31, 0x37, 0x2e, 0x35, 0x76, 0x33, 0x35, 0x30, 0x71, 0x30, 0x20, 0x31, 0x30, 0x20,
    0x37, 0x2e, 0x35, 0x20, 0x31, 0x37, 0x2e, 0x35, 0x74, 0x31, 0x37, 0x2e, 0x35, 0x20, 0x37, 0x2e,
    0x35, 0x68, 0x32, 0x35, 0x30, 0x71, 0x32, 0x35, 0x20, 0x30, 0x20, 0x34, 0x36, 0x20, 0x31, 0x34,
    0x7a, 0x4d, 0x39, 0x30, 0x30, 0x20, 0x36, 0x36, 0x38, 0x6c, 0x31, 0x32, 0x30, 0x20, 0x31, 0x32,
    0x30, 0x71, 0x37, 0x20, 0x37, 0x20, 0x31, 0x37, 0x20, 0x37, 0x74, 0x31, 0x37, 0x20, 0x2d, 0x37,
    0x6c, 0x33, 0x34, 0x20, 0x2d, 0x33, 0x34, 0x71, 0x37, 0x20, 0x2d, 0x37, 0x20, 0x37, 0x20, 0x2d,
    0x31, 0x37, 0x74, 0x2d, 0x37, 0x20, 0x2d, 0x31, 0x37, 0x6c, 0x2d, 0x31, 0x32, 0x30, 0x20, 0x2d,
    0x31, 0x32, 0x30, 0x6c, 0x31, 0x32, 0x30, 0x20, 0x2d, 0x31, 0x32, 0x30, 0x71, 0x37, 0x20, 0x2d,
    0x37, 0x20, 0x37, 0x20, 0x2d, 0x31, 0x37, 0x20, 0x74, 0x2d, 0x37, 0x20, 0x2d, 0x31, 0x37, 0x6c,
    0x2d, 0x33, 0x34, 0x20, 0x2d, 0x33, 0x34, 0x71, 0x2d, 0x37, 0x20, 0x2d, 0x37, 0x20, 0x2d, 0x31,
    0x37, 0x20, 0x2d, 0x37, 0x74, 0x2d, 0x31, 0x37, 0x20, 0x37, 0x6c, 0x2d, 0x31, 0x32, 0x30, 0x20,
    0x31, 0x31, 0x39, 0x6c, 0x2d, 0x31, 0x32, 0x30, 0x20, 0x2d, 0x31, 0x31, 0x39, 0x71, 0x2d, 0x37,
    0x20, 0x2d, 0x37, 0x20, 0x2d, 0x31, 0x37, 0x20, 0x2d, 0x37, 0x74, 0x2d, 0x31, 0x37, 0x20, 0x37,
    0x6c, 0x2d, 0x33, 0x34, 0x20, 0x33, 0x34, 0x71, 0x2d, 0x37, 0x20, 0x37, 0x20, 0x2d, 0x37, 0x20,
    0x31, 0x37, 0x74, 0x37, 0x20, 0x31, 0x37, 0x6c, 0x31, 0x31, 0x39, 0x20, 0x31, 0x32, 0x30, 0x6c,
    0x2d, 0x31, 0x31, 0x39, 0x20, 0x31, 0x32, 0x30, 0x71, 0x2d, 0x37, 0x20, 0x37, 0x20, 0x2d, 0x37,
    0x20, 0x31, 0x37, 0x74, 0x37, 0x20, 0x31, 0x37, 0x6c, 0x33, 0x34, 0x20, 0x33, 0x34, 0x71, 0x37,
    0x20, 0x38, 0x20, 0x31, 0x37, 0x20, 0x38, 0x74, 0x31, 0x37, 0x20, 0x2d, 0x38, 0x7a, 0x22, 0x20,
    0x2f, 0x3e, 0x0a, 0x3c, 0x67, 0x6c, 0x79, 0x70, 0x68, 0x20, 0x75, 0x6e, 0x69, 0x63, 0x6f, 0x64,
    0x65, 0x3d, 0x22, 0x26, 0x23, 0x78, 0x65, 0x30, 0x33, 0x37, 0x3b, 0x22, 0x20, 0x64, 0x3d, 0x22,
    0x4d, 0x33, 0x32, 0x31, 0x20, 0x38, 0x31, 0x34, 0x6c, 0x32, 0x35, 0x38, 0x20, 0x31, 0x37, 0x32,
    0x71, 0x39, 0x20, 0x36, 0x20, 0x31, 0x35, 0x20, 0x32, 0x2e, 0x35, 0x74, 0x36, 0x20, 0x2d, 0x31,
    0x33, 0x2e, 0x35, 0x76, 0x2d, 0x37, 0x35, 0x30, 0x71, 0x30, 0x20, 0x2d, 0x31, 0x30, 0x20, 0x2d,
    0x36, 0x20, 0x2d, 0x31, 0x33, 0x2e, 0x35, 0x74, 0x2d, 0x31, 0x35, 0x20, 0x32, 0x2e, 0x35, 0x6c,
    0x2d, 0x32, 0x35, 0x38, 0x20, 0x31, 0x37, 0x32, 0x71, 0x2d, 0x32, 0x31, 0x20, 0x31, 0x34, 0x20,
    0x2d, 0x34, 0x36, 0x20, 0x31, 0x34, 0x68, 0x2d, 0x32, 0x35, 0x30, 0x71, 0x2d, 0x31, 0x30, 0x20,
    0x30, 0x20, 0x2d, 0x31, 0x37, 0x2e, 0x35, 0x20, 0x37, 0x2e, 0x35, 0x74, 0x2d, 0x37, 0x2e, 0x35,
    0x20, 0x31, 0x37, 0x2e, 0x35, 0x76, 0x33, 0x35, 0x30, 0x71, 0x30, 0x20, 0x31, 0x30, 0x20, 0x37,
    0x2e, 0x35, 0x20, 0x31, 0x37, 0x2e, 0x35, 0x74, 0x31, 0x37, 0x2e, 0x35, 0x20, 0x37, 0x2e, 0x35,
    0x68, 0x32, 0x35, 0x30, 0x71, 0x32, 0x35, 0x20, 0x30, 0x20, 0x34, 0x36, 0x20, 0x31, 0x34, 0x7a,
    0x4d, 0x37, 0x36, 0x36, 0x20, 0x39, 0x30, 0x30, 0x68, 0x34, 0x71, 0x31, 0x30, 0x20, 0x2d, 0x31,
    0x20, 0x31, 0x36, 0x20, 0x2d, 0x31, 0x30, 0x71, 0x39, 0x36, 0x20, 0x2d, 0x31, 0x32, 0x39, 0x20,
    0x39, 0x36, 0x20, 0x2d, 0x32, 0x39, 0x30, 0x71, 0x30, 0x20, 0x2d, 0x31, 0x35, 0x34, 0x20, 0x2d,
    0x39, 0x30, 0x20, 0x2d, 0x32, 0x38, 0x31, 0x71, 0x2d, 0x36, 0x20, 0x2d, 0x39, 0x20, 0x2d, 0x31,
    0x37, 0x20, 0x2d, 0x31, 0x30, 0x6c, 0x2d, 0x33, 0x20, 0x2d, 0x31, 0x71, 0x2d, 0x39, 0x20, 0x30,
    0x20, 0x2d, 0x31, 0x36, 0x20, 0x36, 0x20, 0x6c, 0x2d, 0x32, 0x39, 0x20, 0x32, 0x33, 0x71, 0x2d,
    0x37, 0x20, 0x37, 0x20, 0x2d, 0x38, 0x2e, 0x35, 0x20, 0x31, 0x36, 0x2e, 0x35, 0x74, 0x34, 0x2e,
    0x35, 0x20, 0x31, 0x37, 0x2e, 0x35, 0x71, 0x37, 0x32, 0x20, 0x31, 0x30, 0x33, 0x20, 0x37, 0x32,
    0x20, 0x32, 0x32, 0x39, 0x71, 0x30, 0x20, 0x31, 0x33, 0x32, 0x20, 0x2d, 0x37, 0x38, 0x20, 0x32,
    0x33, 0x38, 0x71, 0x2d, 0x36, 0x20, 0x38, 0x20, 0x2d, 0x34, 0x2e, 0x35, 0x20, 0x31, 0x38, 0x74,
    0x39, 0x2e, 0x35, 0x20, 0x31, 0x37, 0x6c, 0x32, 0x39, 0x20, 0x32, 0x32, 0x71, 0x37, 0x20, 0x35,
    0x20, 0x31, 0x35, 0x20, 0x35, 0x7a, 0x22, 0x20, 0x2f, 0x3e, 0x0a, 0x3c, 0x67, 0x6c, 0x79, 0x70,
    0x68, 0x20, 0x75, 0x6e, 0x69, 0x63, 0x6f, 0x64, 0x65, 0x3d, 0x22, 0x26, 0x23, 0x78, 0x65, 0x30,
    0x33, 0x38, 0x3b, 0x22, 0x20, 0x64, 0x3d, 0x22, 0x4d, 0x39, 0x36, 0x37, 0x20, 0x31, 0x30, 0x30,
    0x34, 0x68, 0x33, 0x71, 0x31, 0x31, 0x20, 0x2d, 0x31, 0x20, 0x31, 0x37, 0x20, 0x2d, 0x31, 0x30,
    0x71, 0x31, 0x33, 0x35, 0x20, 0x2d, 0x31, 0x37, 0x39, 0x20, 0x31, 0x33, 0x35, 0x20, 0x2d, 0x33,
    0x39, 0x36, 0x71, 0x30, 0x20, 0x2d, 0x31, 0x30, 0x35, 0x20, 0x2d, 0x33, 0x34, 0x20, 0x2d, 0x32,
    0x30, 0x36, 0x2e, 0x35, 0x74, 0x2d, 0x39, 0x38, 0x20, 0x2d, 0x31, 0x38, 0x35, 0x2e, 0x35, 0x71,
    0x2d, 0x37, 0x20, 0x2d, 0x39, 0x20, 0x2d, 0x31, 0x37, 0x20, 0x2d, 0x31, 0x30, 0x68, 0x2d, 0x33,
    0x71, 0x2d, 0x39, 0x20, 0x30, 0x20, 0x2d, 0x31, 0x36, 0x20, 0x36, 0x6c, 0x2d, 0x34, 0x32, 0x20,
    0x33, 0x34, 0x71, 0x2d, 0x38, 0x20, 0x36, 0x20, 0x2d, 0x39, 0x20, 0x31, 0x36, 0x74, 0x35, 0x20,
    0x31, 0x38, 0x71, 0x31, 0x31, 0x31, 0x20, 0x31, 0x35, 0x30, 0x20, 0x31, 0x31, 0x31, 0x20, 0x33,
    0x32, 0x38, 0x71, 0x30, 0x20, 0x39, 0x30, 0x20, 0x2d, 0x32, 0x39, 0x2e, 0x35, 0x20, 0x31, 0x37,
    0x36, 0x74, 0x2d, 0x38, 0x34, 0x2e, 0x35, 0x20, 0x31, 0x35, 0x37, 0x71, 0x2d, 0x36, 0x20, 0x39,
    0x20, 0x2d, 0x35, 0x20, 0x31, 0x39, 0x74, 0x31, 0x30, 0x20, 0x31, 0x36, 0x6c, 0x34, 0x32, 0x20,
    0x33, 0x33, 0x71, 0x37, 0x20, 0x35, 0x20, 0x31, 0x35, 0x20, 0x35, 0x7a, 0x4d, 0x33, 0x32, 0x31,
    0x20, 0x38, 0x31, 0x34, 0x6c, 0x32, 0x35, 0x38, 0x20, 0x31, 0x37, 0x32, 0x71, 0x39, 0x20, 0x36,
    0x20, 0x31, 0x35, 0x20, 0x32, 0x2e, 0x35, 0x74, 0x36, 0x20, 0x2d, 0x31, 0x33, 0x2e, 0x35, 0x76,
    0x2d, 0x37, 0x35, 0x30, 0x71, 0x30, 0x20, 0x2d, 0x31, 0x30, 0x20, 0x2d, 0x36, 0x20, 0x2d, 0x31,
    0x33, 0x2e, 0x35, 0x20, 0x74, 0x2d, 0x31, 0x35, 0x20, 0x32, 0x2e, 0x35, 0x6c, 0x2d, 0x32, 0x35,
    0x38, 0x20, 0x31, 0x37, 0x32, 0x71, 0x2d, 0x32, 0x31, 0x20, 0x31, 0x34, 0x20, 0x2d, 0x34, 0x36,
    0x20, 0x31, 0x34, 0x68, 0x2d, 0x32, 0x35, 0x30, 0x71, 0x2d, 0x31, 0x30, 0x20, 0x30, 0x20, 0x2d,
    0x31, 0x37, 0x2e, 0x35, 0x20, 0x37, 0x2e, 0x35, 0x74, 0x2d, 0x37, 0x2e, 0x35, 0x20, 0x31, 0x37,
    0x2e, 0x35, 0x76, 0x33, 0x35, 0x30, 0x71, 0x30, 0x20, 0x31, 0x30, 0x20, 0x37, 0x2e, 0x35, 0x20,
    0x31, 0x37, 0x2e, 0x35, 0x74, 0x31, 0x37, 0x2e, 0x35, 0x20, 0x37, 0x2e, 0x35, 0x68, 0x32, 0x35,
    0x30, 0x71, 0x32, 0x35, 0x20, 0x30, 0x20, 0x34, 0x36, 0x20, 0x31, 0x34, 0x7a, 0x4d, 0x37, 0x36,
    0x36, 0x20, 0x39, 0x30, 0x30, 0x68, 0x34, 0x71, 0x31, 0x30, 0x20, 0x2d, 0x31, 0x20, 0x31, 0x36,
    0x20, 0x2d, 0x31, 0x30, 0x71, 0x39, 0x36, 0x20, 0x2d, 0x31, 0x32, 0x39, 0x20, 0x39, 0x36, 0x20,
    0x2d, 0x32, 0x39, 0x30, 0x71, 0x30, 0x20, 0x2d, 0x31, 0x35, 0x34, 0x20, 0x2d, 0x39, 0x30, 0x20,
    0x2d, 0x32, 0x38, 0x31, 0x71, 0x2d, 0x36, 0x20, 0x2d, 0x39, 0x20, 0x2d, 0x31, 0x37, 0x20, 0x2d,
    0x31, 0x30, 0x6c, 0x2d, 0x33, 0x20, 0x2d, 0x31, 0x71, 0x2d, 0x39, 0x20, 0x30, 0x20, 0x2d, 0x31,
    0x36, 0x20, 0x36, 0x6c, 0x2d, 0x32, 0x39, 0x20, 0x32, 0x33, 0x71, 0x2d, 0x37, 0x20, 0x37, 0x20,
    0x2d, 0x38, 0x2e, 0x35, 0x20, 0x31, 0x36, 0x2e, 0x35, 0x74, 0x34, 0x2e, 0x35, 0x20, 0x31, 0x37,
    0x2e, 0x35, 0x71, 0x37, 0x32, 0x20, 0x31, 0x30, 0x33, 0x20, 0x37, 0x32, 0x20, 0x32, 0x32, 0x39,
    0x71, 0x30, 0x20, 0x31, 0x33, 0x32, 0x20, 0x2d, 0x37, 0x38, 0x20, 0x32, 0x33, 0x38, 0x20, 0x71,
    0x2d, 0x36, 0x20, 0x38, 0x20, 0x2d, 0x34, 0x2e, 0x35, 0x20, 0x31, 0x38, 0x2e, 0x35, 0x74, 0x39,
    0x2e, 0x35, 0x20, 0x31, 0x36, 0x2e, 0x35, 0x6c, 0x32, 0x39, 0x20, 0x32, 0x32, 0x71, 0x37, 0x20,
    0x35, 0x20, 0x31, 0x35, 0x20, 0x35, 0x7a, 0x22, 0x20, 0x2f, 0x3e, 0x0a, 0x3c, 0x67, 0x6c, 0x79,
    0x70, 0x68, 0x20, 0x75, 0x6e, 0x69, 0x63, 0x6f, 0x64, 0x65, 0x3d, 0x22, 0x26, 0x23, 0x78, 0x65,
    0x30, 0x33, 0x39, 0x3b, 0x22, 0x20, 0x64, 0x3d, 0x22, 0x4d, 0x35, 0x30, 0x30, 0x20, 0x39, 0x30,
    0x30, 0x68, 0x31, 0x30, 0x30, 0x76, 0x2d, 0x31, 0x30, 0x30, 0x68, 0x2d, 0x31, 0x30, 0x30, 0x76,
    0x2d, 0x31, 0x30, 0x30, 0x68, 0x2d, 0x34, 0x30, 0x30, 0x76, 0x2d, 0x31, 0x30, 0x30, 0x68, 0x2d,
    0x31, 0x30, 0x30, 0x76, 0x36, 0x30, 0x30, 0x68, 0x35, 0x30, 0x30, 0x76, 0x2d, 0x33, 0x30, 0x30,
    0x7a, 0x4d, 0x31, 0x32, 0x30, 0x30, 0x20, 0x37, 0x30, 0x30, 0x68, 0x2d, 0x32, 0x30, 0x30, 0x76,
    0x2d, 0x31, 0x30, 0x30, 0x68, 0x32, 0x30, 0x30, 0x76, 0x2d, 0x32, 0x30, 0x30, 0x68, 0x2d, 0x33,
    0x30, 0x30, 0x76, 0x33, 0x30, 0x30, 0x68, 0x2d, 0x32, 0x30, 0x30, 0x76, 0x33, 0x30, 0x30, 0x68,
    0x2d, 0x31, 0x30, 0x30, 0x76, 0x32, 0x30, 0x30, 0x68, 0x36, 0x30, 0x30, 0x76, 0x2d, 0x35, 0x30,
    0x30, 0x7a, 0x4d, 0x31, 0x30, 0x30, 0x20, 0x31, 0x31, 0x30, 0x30, 0x76, 0x2d, 0x33, 0x30, 0x30,
    0x68, 0x33, 0x30, 0x30, 0x76, 0x33, 0x30, 0x30, 0x68, 0x2d, 0x33, 0x30, 0x30, 0x7a, 0x4d, 0x38,
    0x30, 0x30, 0x20, 0x31, 0x31, 0x30, 0x30, 0x76, 0x2d, 0x33, 0x30, 0x30, 0x68, 0x33, 0x30, 0x30,
    0x76, 0x33, 0x30, 0x30, 0x68, 0x2d, 0x33, 0x30, 0x30, 0x7a, 0x4d, 0x33, 0x30, 0x30, 0x20, 0x39,
    0x30, 0x30, 0x68, 0x2d, 0x31, 0x30, 0x30, 0x76, 0x31, 0x30, 0x30, 0x68, 0x31, 0x30, 0x30, 0x76,
    0x2d, 0x31, 0x30, 0x30, 0x7a, 0x4d, 0x31, 0x30, 0x30, 0x30, 0x20, 0x39, 0x30, 0x30, 0x68, 0x2d,
    0x31, 0x30, 0x30, 0x76, 0x31, 0x30, 0x30, 0x68, 0x31, 0x30, 0x30, 0x76, 0x2d, 0x31, 0x30, 0x30,
    0x7a, 0x4d, 0x33, 0x30, 0x30, 0x20, 0x35, 0x30, 0x30, 0x68, 0x32, 0x30, 0x30, 0x76, 0x2d, 0x35,
    0x30, 0x30, 0x20, 0x68, 0x2d, 0x35, 0x30, 0x30, 0x76, 0x35, 0x30, 0x30, 0x68, 0x32, 0x30, 0x30,
    0x76, 0x31, 0x30, 0x30, 0x68, 0x31, 0x30, 0x30, 0x76, 0x2d, 0x31, 0x30, 0x30, 0x7a, 0x4d, 0x38,
    0x30, 0x30, 0x20, 0x33, 0x30, 0x30, 0x68, 0x32, 0x30, 0x30, 0x76, 0x2d, 0x31, 0x30, 0x30, 0x68,
    0x2d, 0x31, 0x30, 0x30, 0x76, 0x2d, 0x31, 0x30, 0x30, 0x68, 0x2d, 0x32, 0x30, 0x30, 0x76, 0x31,
    0x30, 0x30, 0x68, 0x2d, 0x31, 0x30, 0x30, 0x76, 0x31, 0x30, 0x30, 0x68, 0x31, 0x30, 0x30, 0x76,
    0x32, 0x30, 0x30, 0x68, 0x2d, 0x32, 0x30, 0x30, 0x76, 0x31, 0x30, 0x30, 0x68, 0x33, 0x30, 0x30,
    0x76, 0x2d, 0x33, 0x30, 0x30, 0x7a, 0x4d, 0x31, 0x30, 0x30, 0x20, 0x34, 0x30, 0x30, 0x76, 0x2d,
    0x33, 0x30, 0x30, 0x68, 0x33, 0x30, 0x30, 0x76, 0x33, 0x30, 0x30, 0x68, 0x2d, 0x33, 0x30, 0x30,
    0x7a, 0x4d, 0x33, 0x30, 0x30, 0x20, 0x32, 0x30, 0x30, 0x68, 0x2d, 0x31, 0x30, 0x30, 0x76, 0x31,
    0x30, 0x30, 0x68, 0x31, 0x30, 0x30, 0x76, 0x2d, 0x31, 0x30, 0x30, 0x7a, 0x4d, 0x31, 0x32, 0x30,
    0x30, 0x20, 0x32, 0x30, 0x30, 0x68, 0x2d, 0x31, 0x30, 0x30, 0x76, 0x31, 0x30, 0x30, 0x68, 0x31,
    0x30, 0x30, 0x76, 0x2d, 0x31, 0x30, 0x30, 0x7a, 0x4d, 0x37, 0x30, 0x30, 0x20, 0x30, 0x68, 0x2d,
    0x31, 0x30, 0x30, 0x76, 0x31, 0x30, 0x30, 0x68, 0x31, 0x30, 0x30, 0x76, 0x2d, 0x31, 0x30, 0x30,
    0x7a, 0x4d, 0x31, 0x32, 0x30, 0x30, 0x20, 0x30, 0x68, 0x2d, 0x33, 0x30, 0x30, 0x76, 0x31, 0x30,
    0x30, 0x68, 0x33, 0x30, 0x30, 0x76, 0x2d, 0x31, 0x30, 0x30, 0x7a, 0x22, 0x20, 0x2f, 0x3e, 0x0a,
    0x3c, 0x67, 0x6c, 0x79, 0x70, 0x68, 0x20, 0x75, 0x6e, 0x69, 0x63, 0x6f, 0x64, 0x65, 0x3d, 0x22,
    0x26, 0x23, 0x78, 0x65, 0x30, 0x34, 0x30, 0x3b, 0x22, 0x20, 0x64, 0x3d, 0x22, 0x4d, 0x31, 0x30,
    0x30, 0x20, 0x32, 0x30, 0x30, 0x68, 0x2d, 0x31, 0x30, 0x30, 0x76, 0x31, 0x30, 0x30, 0x30, 0x68,
    0x31, 0x30, 0x30, 0x76, 0x2d, 0x31, 0x30, 0x30, 0x30, 0x7a, 0x4d, 0x33, 0x30, 0x30, 0x20, 0x32,
    0x30, 0x30, 0x68, 0x2d, 0x31, 0x30, 0x30, 0x76, 0x31, 0x30, 0x30, 0x30, 0x68, 0x31, 0x30, 0x30,
    0x76, 0x2d, 0x31, 0x30, 0x30, 0x30, 0x7a, 0x4d, 0x37, 0x30, 0x30, 0x20, 0x32, 0x30, 0x30, 0x68,
    0x2d, 0x32, 0x30, 0x30, 0x76, 0x31, 0x30, 0x30, 0x30, 0x68, 0x32, 0x30, 0x30, 0x76, 0x2d, 0x31,
    0x30, 0x30, 0x30, 0x7a, 0x4d, 0x39, 0x30, 0x30, 0x20, 0x32, 0x30, 0x30, 0x68, 0x2d, 0x31, 0x30,
    0x30, 0x76, 0x31, 0x30, 0x30, 0x30, 0x68, 0x31, 0x30, 0x30, 0x76, 0x2d, 0x31, 0x30, 0x30, 0x30,
    0x7a, 0x4d, 0x31, 0x32, 0x30, 0x30, 0x20, 0x32, 0x30, 0x30, 0x68, 0x2d, 0x32, 0x30, 0x30, 0x76,
    0x31, 0x30, 0x30, 0x30, 0x68, 0x32, 0x30, 0x30, 0x76, 0x2d, 0x31, 0x30, 0x30, 0x30, 0x7a, 0x4d,
    0x34, 0x30, 0x30, 0x20, 0x30, 0x68, 0x2d, 0x33, 0x30, 0x30, 0x76, 0x31, 0x30, 0x30, 0x68, 0x33,
    0x30, 0x30, 0x76, 0x2d, 0x31, 0x30, 0x30, 0x7a, 0x4d, 0x36, 0x30, 0x30, 0x20, 0x30, 0x68, 0x2d,
    0x31, 0x30, 0x30, 0x76, 0x39, 0x31, 0x68, 0x31, 0x30, 0x30, 0x76, 0x2d, 0x39, 0x31, 0x7a, 0x4d,
    0x38, 0x30, 0x30, 0x20, 0x30, 0x68, 0x2d, 0x31, 0x30, 0x30, 0x76, 0x39, 0x31, 0x68, 0x31, 0x30,
    0x30, 0x76, 0x2d, 0x39, 0x31, 0x7a, 0x4d, 0x31, 0x31, 0x30, 0x30, 0x20, 0x30, 0x68, 0x2d, 0x32,
    0x30, 0x30, 0x76, 0x39, 0x31, 0x68, 0x32, 0x30, 0x30, 0x76, 0x2d, 0x39, 0x31, 0x7a, 0x22, 0x20,
    0x2f, 0x3e, 0x0a, 0x3c, 0x67, 0x6c, 0x79, 0x70, 0x68, 0x20, 0x75, 0x6e, 0x69, 0x63, 0x6f, 0x64,
    0x65, 0x3d, 0x22, 0x26, 0x23, 0x78, 0x65, 0x30, 0x34, 0x31, 0x3b, 0x22, 0x20, 0x64, 0x3d, 0x22,
    0x4d, 0x35, 0x30, 0x30, 0x20, 0x31, 0x32, 0x30, 0x30, 0x6c, 0x36, 0x38, 0x32, 0x20, 0x2d, 0x36,
    0x38, 0x32, 0x71, 0x38, 0x20, 0x2d, 0x38, 0x20, 0x38, 0x20, 0x2d, 0x31, 0x38, 0x74, 0x2d, 0x38,
    0x20, 0x2d, 0x31, 0x38, 0x6c, 0x2d, 0x34, 0x36, 0x34, 0x20, 0x2d, 0x34, 0x36, 0x34, 0x71, 0x2d,
    0x38, 0x20, 0x2d, 0x38, 0x20, 0x2d, 0x31, 0x38, 0x20, 0x2d, 0x38, 0x74, 0x2d, 0x31, 0x38, 0x20,
    0x38, 0x6c, 0x2d, 0x36, 0x38, 0x32, 0x20, 0x36, 0x38, 0x32, 0x6c, 0x31, 0x20, 0x34, 0x37, 0x35,
    0x71, 0x30, 0x20, 0x31, 0x30, 0x20, 0x37, 0x2e, 0x35, 0x20, 0x31, 0x37, 0x2e, 0x35, 0x74, 0x31,
    0x37, 0x2e, 0x35, 0x20, 0x37, 0x2e, 0x35, 0x68, 0x34, 0x37, 0x34, 0x7a, 0x4d, 0x33, 0x31, 0x39,
    0x2e, 0x35, 0x20, 0x31, 0x30, 0x32, 0x34, 0x2e, 0x35, 0x71, 0x2d, 0x32, 0x39, 0x2e, 0x35, 0x20,
    0x32, 0x39, 0x2e, 0x35, 0x20, 0x2d, 0x37, 0x31, 0x20, 0x32, 0x39, 0x2e, 0x35, 0x74, 0x2d, 0x37,
    0x31, 0x20, 0x2d, 0x32, 0x39, 0x2e, 0x35, 0x74, 0x2d, 0x32, 0x39, 0x2e, 0x35, 0x20, 0x2d, 0x37,
    0x31, 0x2e, 0x35, 0x74, 0x32, 0x39, 0x2e, 0x35, 0x20, 0x2d, 0x37, 0x31, 0x2e, 0x35, 0x74, 0x37,
    0x31, 0x20, 0x2d, 0x32, 0x39, 0x2e, 0x35, 0x74, 0x37, 0x31, 0x20, 0x32, 0x39, 0x2e, 0x35, 0x74,
    0x32, 0x39, 0x2e, 0x35, 0x20, 0x37, 0x31, 0x2e, 0x35, 0x74, 0x2d, 0x32, 0x39, 0x2e, 0x35, 0x20,
    0x37, 0x31, 0x2e, 0x35, 0x7a, 0x22, 0x20, 0x2f, 0x3e, 0x0a, 0x3c, 0x67, 0x6c, 0x79, 0x70, 0x68,
    0x20, 0x75, 0x6e, 0x69, 0x63, 0x6f, 0x64, 0x65, 0x3d, 0x22, 0x26, 0x23, 0x78, 0x65, 0x30, 0x34,
    0x32, 0x3b, 0x22, 0x20, 0x64, 0x3d, 0x22, 0x4d, 0x35, 0x30, 0x30, 0x20, 0x31, 0x32, 0x30, 0x30,
    0x6c, 0x36, 0x38, 0x32, 0x20, 0x2d, 0x36, 0x38, 0x32, 0x71, 0x38, 0x20, 0x2d, 0x38, 0x20, 0x38,
    0x20, 0x2d, 0x31, 0x38, 0x74, 0x2d, 0x38, 0x20, 0x2d, 0x31, 0x38, 0x6c, 0x2d, 0x34, 0x36, 0x34,
    0x20, 0x2d, 0x34, 0x36, 0x34, 0x71, 0x2d, 0x38, 0x20, 0x2d, 0x38, 0x20, 0x2d, 0x31, 0x38, 0x20,
    0x2d, 0x38, 0x74, 0x2d, 0x31, 0x38, 0x20, 0x38, 0x6c, 0x2d, 0x36, 0x38, 0x32, 0x20, 0x36, 0x38,
    0x32, 0x6c, 0x31, 0x20, 0x34, 0x37, 0x35, 0x71, 0x30, 0x20, 0x31, 0x30, 0x20, 0x37, 0x2e, 0x35,
    0x20, 0x31, 0x37, 0x2e, 0x35, 0x74, 0x31, 0x37, 0x2e, 0x35, 0x20, 0x37, 0x2e, 0x35, 0x68, 0x34,
    0x37, 0x34, 0x7a, 0x4d, 0x38, 0x30, 0x30, 0x20, 0x31, 0x32, 0x30, 0x30, 0x6c, 0x36, 0x38, 0x32,
    0x20, 0x2d, 0x36, 0x38, 0x32, 0x71, 0x38, 0x20, 0x2d, 0x38, 0x20, 0x38, 0x20, 0x2d, 0x31, 0x38,
    0x74, 0x2d, 0x38, 0x20, 0x2d, 0x31, 0x38, 0x6c, 0x2d, 0x34, 0x36, 0x34, 0x20, 0x2d, 0x34, 0x36,
    0x34, 0x71, 0x2d, 0x38, 0x20, 0x2d, 0x38, 0x20, 0x2d, 0x31, 0x38, 0x20, 0x2d, 0x38, 0x74, 0x2d,
    0x31, 0x38, 0x20, 0x38, 0x6c, 0x2d, 0x35, 0x36, 0x20, 0x35, 0x36, 0x6c, 0x34, 0x32, 0x34, 0x20,
    0x34, 0x32, 0x36, 0x6c, 0x2d, 0x37, 0x30, 0x30, 0x20, 0x37, 0x30, 0x30, 0x68, 0x31, 0x35, 0x30,
    0x7a, 0x4d, 0x33, 0x31, 0x39, 0x2e, 0x35, 0x20, 0x31, 0x30, 0x32, 0x34, 0x2e, 0x35, 0x71, 0x2d,
    0x32, 0x39, 0x2e, 0x35, 0x20, 0x32, 0x39, 0x2e, 0x35, 0x20, 0x2d, 0x37, 0x31, 0x20, 0x32, 0x39,
    0x2e, 0x35, 0x74, 0x2d, 0x37, 0x31, 0x20, 0x2d, 0x32, 0x39, 0x2e, 0x35, 0x20, 0x74, 0x2d, 0x32,
    0x39, 0x2e, 0x35, 0x20, 0x2d, 0x37, 0x31, 0x2e, 0x35, 0x74, 0x32, 0x39, 0x2e, 0x35, 0x20, 0x2d,
    0x37, 0x31, 0x2e, 0x35, 0x74, 0x37, 0x31, 0x20, 0x2d, 0x32, 0x39, 0x2e, 0x35, 0x74, 0x37, 0x31,
    0x20, 0x32, 0x39, 0x2e, 0x35, 0x74, 0x32, 0x39, 0x2e, 0x35, 0x20, 0x37, 0x31, 0x2e, 0x35, 0x74,
    0x2d, 0x32, 0x39, 0x2e, 0x35, 0x20, 0x37, 0x31, 0x2e, 0x35, 0x7a, 0x22, 0x20, 0x2f, 0x3e, 0x0a,
    0x3c, 0x67, 0x6c, 0x79, 0x70, 0x68, 0x20, 0x75, 0x6e, 0x69, 0x63, 0x6f, 0x64, 0x65, 0x3d, 0x22,
    0x26, 0x23, 0x78, 0x65, 0x30, 0x34, 0x33, 0x3b, 0x22, 0x20, 0x64, 0x3d, 0x22, 0x4d, 0x33, 0x30,
    0x30, 0x20, 0x31, 0x32, 0x30, 0x30, 0x68, 0x38, 0x32, 0x35, 0x71, 0x37, 0x35, 0x20, 0x30, 0x20,
    0x37, 0x35, 0x20, 0x2d, 0x37, 0x35, 0x76, 0x2d, 0x39, 0x30, 0x30, 0x71, 0x30, 0x20, 0x2d, 0x32,
    0x35, 0x20, 0x2d, 0x31, 0x38, 0x20, 0x2d, 0x34, 0x33, 0x6c, 0x2d, 0x36, 0x34, 0x20, 0x2d, 0x36,
    0x34, 0x71, 0x2d, 0x38, 0x20, 0x2d, 0x38, 0x20, 0x2d, 0x31, 0x33, 0x20, 0x2d, 0x35, 0x2e, 0x35,
    0x74, 0x2d, 0x35, 0x20, 0x31, 0x32, 0x2e, 0x35, 0x76, 0x39, 0x35, 0x30, 0x71, 0x30, 0x20, 0x31,
    0x30, 0x20, 0x2d, 0x37, 0x2e, 0x35, 0x20, 0x31, 0x37, 0x2e, 0x35, 0x74, 0x2d, 0x31, 0x37, 0x2e,
    0x35, 0x20, 0x37, 0x2e, 0x35, 0x68, 0x2d, 0x37, 0x30, 0x30, 0x71, 0x2d, 0x32, 0x35, 0x20, 0x30,
    0x20, 0x2d, 0x34, 0x33, 0x20, 0x2d, 0x31, 0x38, 0x6c, 0x2d, 0x36, 0x34, 0x20, 0x2d, 0x36, 0x34,
    0x71, 0x2d, 0x38, 0x20, 0x2d, 0x38, 0x20, 0x2d, 0x35, 0x2e, 0x35, 0x20, 0x2d, 0x31, 0x33, 0x74,
    0x31, 0x32, 0x2e, 0x35, 0x20, 0x2d, 0x35, 0x68, 0x37, 0x30, 0x30, 0x71, 0x31, 0x30, 0x20, 0x30,
    0x20, 0x31, 0x37, 0x2e, 0x35, 0x20, 0x2d, 0x37, 0x2e, 0x35, 0x74, 0x37, 0x2e, 0x35, 0x20, 0x2d,
    0x31, 0x37, 0x2e, 0x35, 0x76, 0x2d, 0x39, 0x35, 0x30, 0x71, 0x30, 0x20, 0x2d, 0x31, 0x30, 0x20,
    0x2d, 0x37, 0x2e, 0x35, 0x20, 0x2d, 0x31, 0x37, 0x2e, 0x35, 0x74, 0x2d, 0x31, 0x37, 0x2e, 0x35,
    0x20, 0x2d, 0x37, 0x2e, 0x35, 0x68, 0x2d, 0x38, 0x35, 0x30, 0x71, 0x2d, 0x31, 0x30, 0x20, 0x30,
    0x20, 0x2d, 0x31, 0x37, 0x2e, 0x35, 0x20, 0x37, 0x2e, 0x35, 0x74, 0x2d, 0x37, 0x2e, 0x35, 0x20,
    0x31, 0x37, 0x2e, 0x35, 0x76, 0x39, 0x37, 0x35, 0x20, 0x71, 0x30, 0x20, 0x32, 0x35, 0x20, 0x31,
    0x38, 0x20, 0x34, 0x33, 0x6c, 0x31, 0x33, 0x39, 0x20, 0x31, 0x33, 0x39, 0x71, 0x31, 0x38, 0x20,
    0x31, 0x38, 0x20, 0x34, 0x33, 0x20, 0x31, 0x38, 0x7a, 0x22, 0x20, 0x2f, 0x3e, 0x0a, 0x3c, 0x67,
    0x6c, 0x79, 0x70, 0x68, 0x20, 0x75, 0x6e, 0x69, 0x63, 0x6f, 0x64, 0x65, 0x3d, 0x22, 0x26, 0x23,
    0x78, 0x65, 0x30, 0x34, 0x34, 0x3b, 0x22, 0x20, 0x64, 0x3d, 0x22, 0x4d, 0x32, 0x35, 0x30, 0x20,
    0x31, 0x32, 0x30, 0x30, 0x68, 0x38, 0x30, 0x30, 0x71, 0x32, 0x31, 0x20, 0x30, 0x20, 0x33, 0x35,
    0x2e, 0x35, 0x20, 0x2d, 0x31, 0x34, 0x2e, 0x35, 0x74, 0x31, 0x34, 0x2e, 0x35, 0x20, 0x2d, 0x33,
    0x35, 0x2e, 0x35, 0x76, 0x2d, 0x31, 0x31, 0x35, 0x30, 0x6c, 0x2d, 0x34, 0x35, 0x30, 0x20, 0x34,
    0x34, 0x34, 0x6c, 0x2d, 0x34, 0x35, 0x30, 0x20, 0x2d, 0x34, 0x34, 0x35, 0x76, 0x31, 0x31, 0x35,
    0x31, 0x71, 0x30, 0x20, 0x32, 0x31, 0x20, 0x31, 0x34, 0x2e, 0x35, 0x20, 0x33, 0x35, 0x2e, 0x35,
    0x74, 0x33, 0x35, 0x2e, 0x35, 0x20, 0x31, 0x34, 0x2e, 0x35, 0x7a, 0x22, 0x20, 0x2f, 0x3e, 0x0a,
    0x3c, 0x67, 0x6c, 0x79, 0x70, 0x68, 0x20, 0x75, 0x6e, 0x69, 0x63, 0x6f, 0x64, 0x65, 0x3d, 0x22,
    0x26, 0x23, 0x78, 0x65, 0x30, 0x34, 0x35, 0x3b, 0x22, 0x20, 0x64, 0x3d, 0x22, 0x4d, 0x38, 0x32,
    0x32, 0x20, 0x31, 0x32, 0x30, 0x30, 0x68, 0x2d, 0x34, 0x34, 0x34, 0x71, 0x2d, 0x31, 0x31, 0x20,
    0x30, 0x20, 0x2d, 0x31, 0x39, 0x20, 0x2d, 0x37, 0x2e, 0x35, 0x74, 0x2d, 0x39, 0x20, 0x2d, 0x31,
    0x37, 0x2e, 0x35, 0x6c, 0x2d, 0x37, 0x38, 0x20, 0x2d, 0x33, 0x30, 0x31, 0x71, 0x2d, 0x37, 0x20,
    0x2d, 0x32, 0x34, 0x20, 0x37, 0x20, 0x2d, 0x34, 0x35, 0x6c, 0x35, 0x37, 0x20, 0x2d, 0x31, 0x30,
    0x38, 0x71, 0x36, 0x20, 0x2d, 0x39, 0x20, 0x31, 0x37, 0x2e, 0x35, 0x20, 0x2d, 0x31, 0x35, 0x74,
    0x32, 0x31, 0x2e, 0x35, 0x20, 0x2d, 0x36, 0x68, 0x34, 0x35, 0x30, 0x71, 0x31, 0x30, 0x20, 0x30,
    0x20, 0x32, 0x31, 0x2e, 0x35, 0x20, 0x36, 0x74, 0x31, 0x37, 0x2e, 0x35, 0x20, 0x31, 0x35, 0x6c,
    0x36, 0x32, 0x20, 0x31, 0x30, 0x38, 0x71, 0x31, 0x34, 0x20, 0x32, 0x31, 0x20, 0x37, 0x20, 0x34,
    0x35, 0x6c, 0x2d, 0x38, 0x33, 0x20, 0x33, 0x30, 0x31, 0x71, 0x2d, 0x31, 0x20, 0x31, 0x30, 0x20,
    0x2d, 0x39, 0x20, 0x31, 0x37, 0x2e, 0x35, 0x74, 0x2d, 0x31, 0x39, 0x20, 0x37, 0x2e, 0x35, 0x7a,
    0x4d, 0x31, 0x31, 0x37, 0x35, 0x20, 0x38, 0x30, 0x30, 0x68, 0x2d, 0x31, 0x35, 0x30, 0x71, 0x2d,
    0x31, 0x30, 0x20, 0x30, 0x20, 0x2d, 0x32, 0x31, 0x20, 0x2d, 0x36, 0x2e, 0x35, 0x74, 0x2d, 0x31,
    0x35, 0x20, 0x2d, 0x31, 0x35, 0x2e, 0x35, 0x6c, 0x2d, 0x37, 0x38, 0x20, 0x2d, 0x31, 0x35, 0x36,
    0x71, 0x2d, 0x34, 0x20, 0x2d, 0x39, 0x20, 0x2d, 0x31, 0x35, 0x20, 0x2d, 0x31, 0x35, 0x2e, 0x35,
    0x74, 0x2d, 0x32, 0x31, 0x20, 0x2d, 0x36, 0x2e, 0x35, 0x68, 0x2d, 0x35, 0x35, 0x30, 0x20, 0x71,
    0x2d, 0x31, 0x30, 0x20, 0x30, 0x20, 0x2d, 0x32, 0x31, 0x20, 0x36, 0x2e, 0x35, 0x74, 0x2d, 0x31,
    0x35, 0x20, 0x31, 0x35, 0x2e, 0x35, 0x6c, 0x2d, 0x37, 0x38, 0x20, 0x31, 0x35, 0x36, 0x71, 0x2d,
    0x34, 0x20, 0x39, 0x20, 0x2d, 0x31, 0x35, 0x20, 0x31, 0x35, 0x2e, 0x35, 0x74, 0x2d, 0x32, 0x31,
    0x20, 0x36, 0x2e, 0x35, 0x68, 0x2d, 0x31, 0x35, 0x30, 0x71, 0x2d, 0x31, 0x30, 0x20, 0x30, 0x20,
    0x2d, 0x31, 0x37, 0x2e, 0x35, 0x20, 0x2d, 0x37, 0x2e, 0x35, 0x74, 0x2d, 0x37, 0x2e, 0x35, 0x20,
    0x2d, 0x31, 0x37, 0x2e, 0x35, 0x76, 0x2d, 0x36, 0x35, 0x30, 0x71, 0x30, 0x20, 0x2d, 0x31, 0x30,
    0x20, 0x37, 0x2e, 0x35, 0x20, 0x2d, 0x31, 0x37, 0x2e, 0x35, 0x74, 0x31, 0x37, 0x2e, 0x35, 0x20,
    0x2d, 0x37, 0x2e, 0x35, 0x68, 0x31, 0x35, 0x30, 0x71, 0x31, 0x30, 0x20, 0x30, 0x20, 0x31, 0x37,
    0x2e, 0x35, 0x20, 0x37, 0x2e, 0x35, 0x74, 0x37, 0x2e, 0x35, 0x20, 0x31, 0x37, 0x2e, 0x35, 0x76,
    0x31, 0x35, 0x30, 0x71, 0x30, 0x20, 0x31, 0x30, 0x20, 0x37, 0x2e, 0x35, 0x20, 0x31, 0x37, 0x2e,
    0x35, 0x74, 0x31, 0x37, 0x2e, 0x35, 0x20, 0x37, 0x2e, 0x35, 0x68, 0x37, 0x35, 0x30, 0x71, 0x31,
    0x30, 0x20, 0x30, 0x20, 0x31, 0x37, 0x2e, 0x35, 0x20, 0x2d, 0x37, 0x2e, 0x35, 0x74, 0x37, 0x2e,
    0x35, 0x20, 0x2d, 0x31, 0x37, 0x2e, 0x35, 0x76, 0x2d, 0x31, 0x35, 0x30, 0x71, 0x30, 0x20, 0x2d,
    0x31, 0x30, 0x20, 0x37, 0x2e, 0x35, 0x20, 0x2d, 0x31, 0x37, 0x2e, 0x35, 0x74, 0x31, 0x37, 0x2e,
    0x35, 0x20, 0x2d, 0x37, 0x2e, 0x35, 0x68, 0x31, 0x35, 0x30, 0x71, 0x31, 0x30, 0x20, 0x30, 0x20,
    0x31, 0x37, 0x2e, 0x35, 0x20, 0x37, 0x2e, 0x35, 0x20, 0x74, 0x37, 0x2e, 0x35, 0x20, 0x31, 0x37,
    0x2e, 0x35, 0x76, 0x36, 0x35, 0x30, 0x71, 0x30, 0x20, 0x31, 0x30, 0x20, 0x2d, 0x37, 0x2e, 0x35,
    0x20, 0x31, 0x37, 0x2e, 0x35, 0x74, 0x2d, 0x31, 0x37, 0x2e, 0x35, 0x20, 0x37, 0x2e, 0x35, 0x7a,
    0x4d, 0x38, 0x35, 0x30, 0x20, 0x32, 0x30, 0x30, 0x68, 0x2d, 0x35, 0x30, 0x30, 0x71, 0x2d, 0x31,
    0x30, 0x20, 0x30, 0x20, 0x2d, 0x31, 0x39, 0x2e, 0x35, 0x20, 0x2d, 0x37, 0x74, 0x2d, 0x31, 0x31,
    0x2e, 0x35, 0x20, 0x2d, 0x31, 0x37, 0x6c, 0x2d, 0x33, 0x38, 0x20, 0x2d, 0x31, 0x35, 0x32, 0x71,
    0x2d, 0x32, 0x20, 0x2d, 0x31, 0x30, 0x20, 0x33, 0x2e, 0x35, 0x20, 0x2d, 0x31, 0x37, 0x74, 0x31,
    0x35, 0x2e, 0x35, 0x20, 0x2d, 0x37, 0x68, 0x36, 0x30, 0x30, 0x71, 0x31, 0x30, 0x20, 0x30, 0x20,
    0x31, 0x35, 0x2e, 0x35, 0x20, 0x37, 0x74, 0x33, 0x2e, 0x35, 0x20, 0x31, 0x37, 0x6c, 0x2d, 0x33,
    0x38, 0x20, 0x31, 0x35, 0x32, 0x71, 0x2d, 0x32, 0x20, 0x31, 0x30, 0x20, 0x2d, 0x31, 0x31, 0x2e,
    0x35, 0x20, 0x31, 0x37, 0x74, 0x2d, 0x31, 0x39, 0x2e, 0x35, 0x20, 0x37, 0x7a, 0x22, 0x20, 0x2f,
    0x3e, 0x0a, 0x3c, 0x67, 0x6c, 0x79, 0x70, 0x68, 0x20, 0x75, 0x6e, 0x69, 0x63, 0x6f, 0x64, 0x65,
    0x3d, 0x22, 0x26, 0x23, 0x78, 0x65, 0x30, 0x34, 0x36, 0x3b, 0x22, 0x20, 0x64, 0x3d, 0x22, 0x4d,
    0x35, 0x30, 0x30, 0x20, 0x31, 0x31, 0x30, 0x30, 0x68, 0x32, 0x30, 0x30, 0x71, 0x35, 0x36, 0x20,
    0x30, 0x20, 0x31, 0x30, 0x32, 0x2e, 0x35, 0x20, 0x2d, 0x32, 0x30, 0x2e, 0x35, 0x74, 0x37, 0x32,
    0x2e, 0x35, 0x20, 0x2d, 0x35, 0x30, 0x74, 0x34, 0x34, 0x20, 0x2d, 0x35, 0x39, 0x74, 0x32, 0x35,
    0x20, 0x2d, 0x35, 0x30, 0x2e, 0x35, 0x6c, 0x36, 0x20, 0x2d, 0x32, 0x30, 0x68, 0x31, 0x35, 0x30,
    0x71, 0x34, 0x31, 0x20, 0x30, 0x20, 0x37, 0x30, 0x2e, 0x35, 0x20, 0x2d, 0x32, 0x39, 0x2e, 0x35,
    0x74, 0x32, 0x39, 0x2e, 0x35, 0x20, 0x2d, 0x37, 0x30, 0x2e, 0x35, 0x76, 0x2d, 0x36, 0x30, 0x30,
    0x71, 0x30, 0x20, 0x2d, 0x34, 0x31, 0x20, 0x2d, 0x32, 0x39, 0x2e, 0x35, 0x20, 0x2d, 0x37, 0x30,
    0x2e, 0x35, 0x74, 0x2d, 0x37, 0x30, 0x2e, 0x35, 0x20, 0x2d, 0x32, 0x39, 0x2e, 0x35, 0x68, 0x2d,
    0x31, 0x30, 0x30, 0x30, 0x71, 0x2d, 0x34, 0x31, 0x20, 0x30, 0x20, 0x2d, 0x37, 0x30, 0x2e, 0x35,
    0x20, 0x32, 0x39, 0x2e, 0x35, 0x74, 0x2d, 0x32, 0x39, 0x2e, 0x35, 0x20, 0x37, 0x30, 0x2e, 0x35,
    0x76, 0x36, 0x30, 0x30, 0x71, 0x30, 0x20, 0x34, 0x31, 0x20, 0x32, 0x39, 0x2e, 0x35, 0x20, 0x37,
    0x30, 0x2e, 0x35, 0x74, 0x37, 0x30, 0x2e, 0x35, 0x20, 0x32, 0x39, 0x2e, 0x35, 0x68, 0x31, 0x35,
    0x30, 0x71, 0x32, 0x20, 0x38, 0x20, 0x36, 0x2e, 0x35, 0x20, 0x32, 0x31, 0x2e, 0x35, 0x74, 0x32,
    0x34, 0x20, 0x34, 0x38, 0x74, 0x34, 0x35, 0x20, 0x36, 0x31, 0x74, 0x37, 0x32, 0x20, 0x34, 0x38,
    0x74, 0x31, 0x30, 0x32, 0x2e, 0x35, 0x20, 0x32, 0x31, 0x2e, 0x35, 0x7a, 0x4d, 0x39, 0x30, 0x30,
    0x20, 0x38, 0x30, 0x30, 0x76, 0x2d, 0x31, 0x30, 0x30, 0x20, 0x68, 0x31, 0x30, 0x30, 0x76, 0x31,
    0x30, 0x30, 0x68, 0x2d, 0x31, 0x30, 0x30, 0x7a, 0x4d, 0x36, 0x30, 0x30, 0x20, 0x37, 0x33, 0x30,
    0x71, 0x2d, 0x39, 0x35, 0x20, 0x30, 0x20, 0x2d, 0x31, 0x36, 0x32, 0x2e, 0x35, 0x20, 0x2d, 0x36,
    0x37, 0x2e, 0x35, 0x74, 0x2d, 0x36, 0x37, 0x2e, 0x35, 0x20, 0x2d, 0x31, 0x36, 0x32, 0x2e, 0x35,
    0x74, 0x36, 0x37, 0x2e, 0x35, 0x20, 0x2d, 0x31, 0x36, 0x32, 0x2e, 0x35, 0x74, 0x31, 0x36, 0x32,
    0x2e, 0x35, 0x20, 0x2d, 0x36, 0x37, 0x2e, 0x35, 0x74, 0x31, 0x36, 0x32, 0x2e, 0x35, 0x20, 0x36,
    0x37, 0x2e, 0x35, 0x74, 0x36, 0x37, 0x2e, 0x35, 0x20, 0x31, 0x36, 0x32, 0x2e, 0x35, 0x74, 0x2d,
    0x36, 0x37, 0x2e, 0x35, 0x20, 0x31, 0x36, 0x32, 0x2e, 0x35, 0x74, 0x2d, 0x31, 0x36, 0x32, 0x2e,
    0x35, 0x20, 0x36, 0x37, 0x2e, 0x35, 0x7a, 0x4d, 0x36, 0x30, 0x30, 0x20, 0x36, 0x30, 0x33, 0x71,
    0x34, 0x33, 0x20, 0x30, 0x20, 0x37, 0x33, 0x20, 0x2d, 0x33, 0x30, 0x74, 0x33, 0x30, 0x20, 0x2d,
    0x37, 0x33, 0x74, 0x2d, 0x33, 0x30, 0x20, 0x2d, 0x37, 0x33, 0x74, 0x2d, 0x37, 0x33, 0x20, 0x2d,
    0x33, 0x30, 0x74, 0x2d, 0x37, 0x33, 0x20, 0x33, 0x30, 0x74, 0x2d, 0x33, 0x30, 0x20, 0x37, 0x33,
    0x74, 0x33, 0x30, 0x20, 0x37, 0x33, 0x74, 0x37, 0x33, 0x20, 0x33, 0x30, 0x7a, 0x22, 0x20, 0x2f,
    0x3e, 0x0a, 0x3c, 0x67, 0x6c, 0x79, 0x70, 0x68, 0x20, 0x75, 0x6e, 0x69, 0x63, 0x6f, 0x64, 0x65,
    0x3d, 0x22, 0x26, 0x23, 0x78, 0x65, 0x30, 0x34, 0x37, 0x3b, 0x22, 0x20, 0x64, 0x3d, 0x22, 0x4d,
    0x36, 0x38, 0x31, 0x20, 0x31, 0x31, 0x39, 0x39, 0x6c, 0x33, 0x38, 0x35, 0x20, 0x2d, 0x39, 0x39,
    0x38, 0x71, 0x32, 0x30, 0x20, 0x2d, 0x35, 0x30, 0x20, 0x36, 0x30, 0x20, 0x2d, 0x39, 0x32, 0x71,
    0x31, 0x38, 0x20, 0x2d, 0x31, 0x39, 0x20, 0x33, 0x36, 0x2e, 0x35, 0x20, 0x2d, 0x32, 0x39, 0x2e,
    0x35, 0x74, 0x32, 0x37, 0x2e, 0x35, 0x20, 0x2d, 0x31, 0x31, 0x2e, 0x35, 0x6c, 0x31, 0x30, 0x20,
    0x2d, 0x32, 0x76, 0x2d, 0x36, 0x36, 0x68, 0x2d, 0x34, 0x31, 0x37, 0x76, 0x36, 0x36, 0x71, 0x35,
    0x33, 0x20, 0x30, 0x20, 0x37, 0x35, 0x20, 0x34, 0x33, 0x2e, 0x35, 0x74, 0x35, 0x20, 0x38, 0x38,
    0x2e, 0x35, 0x6c, 0x2d, 0x38, 0x32, 0x20, 0x32, 0x32, 0x32, 0x68, 0x2d, 0x33, 0x39, 0x31, 0x71,
    0x2d, 0x35, 0x38, 0x20, 0x2d, 0x31, 0x34, 0x35, 0x20, 0x2d, 0x39, 0x32, 0x20, 0x2d, 0x32, 0x33,
    0x34, 0x71, 0x2d, 0x31, 0x31, 0x20, 0x2d, 0x33, 0x34, 0x20, 0x2d, 0x36, 0x2e, 0x35, 0x20, 0x2d,
    0x35, 0x37, 0x74, 0x32, 0x35, 0x2e, 0x35, 0x20, 0x2d, 0x33, 0x37, 0x74, 0x34, 0x36, 0x20, 0x2d,
    0x32, 0x30, 0x74, 0x35, 0x35, 0x20, 0x2d, 0x36, 0x76, 0x2d, 0x36, 0x36, 0x68, 0x2d, 0x33, 0x36,
    0x35, 0x76, 0x36, 0x36, 0x71, 0x35, 0x36, 0x20, 0x32, 0x34, 0x20, 0x38, 0x34, 0x20, 0x35, 0x32,
    0x71, 0x31, 0x32, 0x20, 0x31, 0x32, 0x20, 0x32, 0x35, 0x20, 0x33, 0x30, 0x2e, 0x35, 0x74, 0x32,
    0x30, 0x20, 0x33, 0x31, 0x2e, 0x35, 0x6c, 0x37, 0x20, 0x31, 0x33, 0x6c, 0x33, 0x39, 0x39, 0x20,
    0x31, 0x30, 0x30, 0x36, 0x68, 0x39, 0x33, 0x7a, 0x4d, 0x34, 0x31, 0x36, 0x20, 0x35, 0x32, 0x31,
    0x68, 0x33, 0x34, 0x30, 0x20, 0x6c, 0x2d, 0x31, 0x36, 0x32, 0x20, 0x34, 0x35, 0x37, 0x7a, 0x22,
    0x20, 0x2f, 0x3e, 0x0a, 0x3c, 0x67, 0x6c, 0x79, 0x70, 0x68, 0x20, 0x75, 0x6e, 0x69, 0x63, 0x6f,
    0x64, 0x65, 0x3d, 0x22, 0x26, 0x23, 0x78, 0x65, 0x30, 0x34, 0x38, 0x3b, 0x22, 0x20, 0x64, 0x3d,
    0x22, 0x4d, 0x37, 0x35, 0x33, 0x20, 0x36, 0x34, 0x31, 0x71, 0x35, 0x20, 0x2d, 0x31, 0x20, 0x31,
    0x34, 0x2e, 0x35, 0x20, 0x2d, 0x34, 0x2e, 0x35, 0x74, 0x33, 0x36, 0x20, 0x2d, 0x31, 0x35, 0x2e,
    0x35, 0x74, 0x35, 0x30, 0x2e, 0x35, 0x20, 0x2d, 0x32, 0x36, 0x2e, 0x35, 0x74, 0x35, 0x33, 0x2e,
    0x35, 0x20, 0x2d, 0x34, 0x30, 0x74, 0x35, 0x30, 0x2e, 0x35, 0x20, 0x2d, 0x35, 0x34, 0x2e, 0x35,
    0x74, 0x33, 0x35, 0x2e, 0x35, 0x20, 0x2d, 0x37, 0x30, 0x74, 0x31, 0x34, 0x2e, 0x35, 0x20, 0x2d,
    0x38, 0x37, 0x71, 0x30, 0x20, 0x2d, 0x36, 0x37, 0x20, 0x2d, 0x32, 0x37, 0x2e, 0x35, 0x20, 0x2d,
    0x31, 0x32, 0x35, 0x2e, 0x35, 0x74, 0x2d, 0x37, 0x31, 0x2e, 0x35, 0x20, 0x2d, 0x39, 0x37, 0x2e,
    0x35, 0x74, 0x2d, 0x39, 0x38, 0x2e, 0x35, 0x20, 0x2d, 0x36, 0x36, 0x2e, 0x35, 0x74, 0x2d, 0x31,
    0x30, 0x38, 0x2e, 0x35, 0x20, 0x2d, 0x34, 0x30, 0x2e, 0x35, 0x74, 0x2d, 0x31, 0x30, 0x32, 0x20,
    0x2d, 0x31, 0x33, 0x68, 0x2d, 0x35, 0x30, 0x30, 0x76, 0x38, 0x39, 0x71, 0x34, 0x31, 0x20, 0x37,
    0x20, 0x37, 0x30, 0x2e, 0x35, 0x20, 0x33, 0x32, 0x2e, 0x35, 0x74, 0x32, 0x39, 0x2e, 0x35, 0x20,
    0x36, 0x35, 0x2e, 0x35, 0x76, 0x38, 0x32, 0x37, 0x71, 0x30, 0x20, 0x32, 0x34, 0x20, 0x2d, 0x30,
    0x2e, 0x35, 0x20, 0x33, 0x34, 0x74, 0x2d, 0x33, 0x2e, 0x35, 0x20, 0x32, 0x34, 0x74, 0x2d, 0x38,
    0x2e, 0x35, 0x20, 0x31, 0x39, 0x2e, 0x35, 0x74, 0x2d, 0x31, 0x37, 0x20, 0x31, 0x33, 0x2e, 0x35,
    0x74, 0x2d, 0x32, 0x38, 0x20, 0x31, 0x32, 0x2e, 0x35, 0x74, 0x2d, 0x34, 0x32, 0x2e, 0x35, 0x20,
    0x31, 0x31, 0x2e, 0x35, 0x76, 0x37, 0x31, 0x20, 0x6c, 0x34, 0x37, 0x31, 0x20, 0x2d, 0x31, 0x71,
    0x35, 0x37, 0x20, 0x30, 0x20, 0x31, 0x31, 0x35, 0x2e, 0x35, 0x20, 0x2d, 0x32, 0x30, 0x2e, 0x35,
    0x74, 0x31, 0x30, 0x38, 0x20, 0x2d, 0x35, 0x37, 0x74, 0x38, 0x30, 0x2e, 0x35, 0x20, 0x2d, 0x39,
    0x34, 0x74, 0x33, 0x31, 0x20, 0x2d, 0x31, 0x32, 0x34, 0x2e, 0x35, 0x71, 0x30, 0x20, 0x2d, 0x35,
    0x31, 0x20, 0x2d, 0x31, 0x35, 0x2e, 0x35, 0x20, 0x2d, 0x39, 0x36, 0x2e, 0x35, 0x74, 0x2d, 0x33,
    0x38, 0x20, 0x2d, 0x37, 0x34, 0x2e, 0x35, 0x74, 0x2d, 0x34, 0x35, 0x20, 0x2d, 0x35, 0x30, 0x2e,
    0x35, 0x74, 0x2d, 0x33, 0x38, 0x2e, 0x35, 0x20, 0x2d, 0x33, 0x30, 0x2e, 0x35, 0x7a, 0x4d, 0x34,
    0x30, 0x30, 0x20, 0x37, 0x30, 0x30, 0x68, 0x31, 0x33, 0x39, 0x71, 0x37, 0x38, 0x20, 0x30, 0x20,
    0x31, 0x33, 0x30, 0x2e, 0x35, 0x20, 0x34, 0x38, 0x2e, 0x35, 0x74, 0x35, 0x32, 0x2e, 0x35, 0x20,
    0x31, 0x32, 0x32, 0x2e, 0x35, 0x71, 0x30, 0x20, 0x34, 0x31, 0x20, 0x2d, 0x38, 0x2e, 0x35, 0x20,
    0x37, 0x30, 0x2e, 0x35, 0x74, 0x2d, 0x32, 0x39, 0x2e, 0x35, 0x20, 0x35, 0x35, 0x2e, 0x35, 0x74,
    0x2d, 0x36, 0x32, 0x2e, 0x35, 0x20, 0x33, 0x39, 0x2e, 0x35, 0x74, 0x2d, 0x31, 0x30, 0x33, 0x2e,
    0x35, 0x20, 0x31, 0x33, 0x2e, 0x35, 0x68, 0x2d, 0x31, 0x31, 0x38, 0x76, 0x2d, 0x33, 0x35, 0x30,
    0x7a, 0x4d, 0x34, 0x30, 0x30, 0x20, 0x32, 0x30, 0x30, 0x68, 0x32, 0x31, 0x36, 0x71, 0x38, 0x30,
    0x20, 0x30, 0x20, 0x31, 0x32, 0x31, 0x20, 0x35, 0x30, 0x2e, 0x35, 0x74, 0x34, 0x31, 0x20, 0x31,
    0x33, 0x30, 0x2e, 0x35, 0x71, 0x30, 0x20, 0x39, 0x30, 0x20, 0x2d, 0x36, 0x32, 0x2e, 0x35, 0x20,
    0x31, 0x35, 0x34, 0x2e, 0x35, 0x20, 0x74, 0x2d, 0x31, 0x35, 0x36, 0x2e, 0x35, 0x20, 0x36, 0x34,
    0x2e, 0x35, 0x68, 0x2d, 0x31, 0x35, 0x39, 0x76, 0x2d, 0x34, 0x30, 0x30, 0x7a, 0x22, 0x20, 0x2f,
    0x3e, 0x0a, 0x3c, 0x67, 0x6c, 0x79, 0x70, 0x68, 0x20, 0x75, 0x6e, 0x69, 0x63, 0x6f, 0x64, 0x65,
    0x3d, 0x22, 0x26, 0x23, 0x78, 0x65, 0x30, 0x34, 0x39, 0x3b, 0x22, 0x20, 0x64, 0x3d, 0x22, 0x4d,
    0x38, 0x37, 0x37, 0x20, 0x31, 0x32, 0x30, 0x30, 0x6c, 0x32, 0x20, 0x2d, 0x35, 0x37, 0x71, 0x2d,
    0x38, 0x33, 0x20, 0x2d, 0x31, 0x39, 0x20, 0x2d, 0x31, 0x31, 0x36, 0x20, 0x2d, 0x34, 0x35, 0x2e,
    0x35, 0x74, 0x2d, 0x34, 0x30, 0x20, 0x2d, 0x36, 0x36, 0x2e, 0x35, 0x6c, 0x2d, 0x31, 0x33, 0x32,
    0x20, 0x2d, 0x38, 0x33, 0x39, 0x71, 0x2d, 0x39, 0x20, 0x2d, 0x34, 0x39, 0x20, 0x31, 0x33, 0x20,
    0x2d, 0x36, 0x39, 0x74, 0x39, 0x36, 0x20, 0x2d, 0x32, 0x36, 0x76, 0x2d, 0x39, 0x37, 0x68, 0x2d,
    0x35, 0x30, 0x30, 0x76, 0x39, 0x37, 0x71, 0x31, 0x38, 0x36, 0x20, 0x31, 0x36, 0x20, 0x32, 0x30,
    0x30, 0x20, 0x39, 0x38, 0x6c, 0x31, 0x37, 0x33, 0x20, 0x38, 0x33, 0x32, 0x71, 0x33, 0x20, 0x31,
    0x37, 0x20, 0x33, 0x20, 0x33, 0x30, 0x74, 0x2d, 0x31, 0x2e, 0x35, 0x20, 0x32, 0x32, 0x2e, 0x35,
    0x74, 0x2d, 0x39, 0x20, 0x31, 0x37, 0x2e, 0x35, 0x74, 0x2d, 0x31, 0x33, 0x2e, 0x35, 0x20, 0x31,
    0x32, 0x2e, 0x35, 0x74, 0x2d, 0x32, 0x31, 0x2e, 0x35, 0x20, 0x31, 0x30, 0x74, 0x2d, 0x32, 0x36,
    0x20, 0x38, 0x2e, 0x35, 0x74, 0x2d, 0x33, 0x33, 0x2e, 0x35, 0x20, 0x31, 0x30, 0x71, 0x2d, 0x31,
    0x33, 0x20, 0x33, 0x20, 0x2d, 0x31, 0x39, 0x20, 0x35, 0x76, 0x35, 0x37, 0x68, 0x34, 0x32, 0x35,
    0x7a, 0x22, 0x20, 0x2f, 0x3e, 0x0a, 0x3c, 0x67, 0x6c, 0x79, 0x70, 0x68, 0x20, 0x75, 0x6e, 0x69,
    0x63, 0x6f, 0x64, 0x65, 0x3d, 0x22, 0x26, 0x23, 0x78, 0x65, 0x30, 0x35, 0x30, 0x3b, 0x22, 0x20,
    0x64, 0x3d, 0x22, 0x4d, 0x31, 0x33, 0x30, 0x30, 0x20, 0x39, 0x30, 0x30, 0x68, 0x2d, 0x35, 0x30,
    0x71, 0x30, 0x20, 0x32, 0x31, 0x20, 0x2d, 0x34, 0x20, 0x33, 0x37, 0x74, 0x2d, 0x39, 0x2e, 0x35,
    0x20, 0x32, 0x36, 0x2e, 0x35, 0x74, 0x2d, 0x31, 0x38, 0x20, 0x31, 0x37, 0x2e, 0x35, 0x74, 0x2d,
    0x32, 0x32, 0x20, 0x31, 0x31, 0x74, 0x2d, 0x32, 0x38, 0x2e, 0x35, 0x20, 0x35, 0x2e, 0x35, 0x74,
    0x2d, 0x33, 0x31, 0x20, 0x32, 0x74, 0x2d, 0x33, 0x37, 0x20, 0x30, 0x2e, 0x35, 0x68, 0x2d, 0x32,
    0x30, 0x30, 0x76, 0x2d, 0x38, 0x35, 0x30, 0x71, 0x30, 0x20, 0x2d, 0x32, 0x32, 0x20, 0x32, 0x35,
    0x20, 0x2d, 0x33, 0x34, 0x2e, 0x35, 0x74, 0x35, 0x30, 0x20, 0x2d, 0x31, 0x33, 0x2e, 0x35, 0x6c,
    0x32, 0x35, 0x20, 0x2d, 0x32, 0x76, 0x2d, 0x31, 0x30, 0x30, 0x68, 0x2d, 0x34, 0x30, 0x30, 0x76,
    0x31, 0x30, 0x30, 0x71, 0x34, 0x20, 0x30, 0x20, 0x31, 0x31, 0x20, 0x30, 0x2e, 0x35, 0x74, 0x32,
    0x34, 0x20, 0x33, 0x74, 0x33, 0x30, 0x20, 0x37, 0x74, 0x32, 0x34, 0x20, 0x31, 0x35, 0x74, 0x31,
    0x31, 0x20, 0x32, 0x34, 0x2e, 0x35, 0x76, 0x38, 0x35, 0x30, 0x68, 0x2d, 0x32, 0x30, 0x30, 0x71,
    0x2d, 0x32, 0x35, 0x20, 0x30, 0x20, 0x2d, 0x33, 0x37, 0x20, 0x2d, 0x30, 0x2e, 0x35, 0x74, 0x2d,
    0x33, 0x31, 0x20, 0x2d, 0x32, 0x74, 0x2d, 0x32, 0x38, 0x2e, 0x35, 0x20, 0x2d, 0x35, 0x2e, 0x35,
    0x74, 0x2d, 0x32, 0x32, 0x20, 0x2d, 0x31, 0x31, 0x74, 0x2d, 0x31, 0x38, 0x20, 0x2d, 0x31, 0x37,
    0x2e, 0x35, 0x74, 0x2d, 0x39, 0x2e, 0x35, 0x20, 0x2d, 0x32, 0x36, 0x2e, 0x35, 0x74, 0x2d, 0x34,
    0x20, 0x2d, 0x33, 0x37, 0x68, 0x2d, 0x35, 0x30, 0x76, 0x33, 0x30, 0x30, 0x20, 0x68, 0x31, 0x30,
    0x30, 0x30, 0x76, 0x2d, 0x33, 0x30, 0x30, 0x7a, 0x4d, 0x31, 0x37, 0x35, 0x20, 0x31, 0x30, 0x30,
    0x30, 0x68, 0x2d, 0x37, 0x35, 0x76, 0x2d, 0x38, 0x30, 0x30, 0x68, 0x37, 0x35, 0x6c, 0x2d, 0x31,
    0x32, 0x35, 0x20, 0x2d, 0x31, 0x36, 0x37, 0x6c, 0x2d, 0x31, 0x32, 0x35, 0x20, 0x31, 0x36, 0x37,
    0x68, 0x37, 0x35, 0x76, 0x38, 0x30, 0x30, 0x68, 0x2d, 0x37, 0x35, 0x6c, 0x31, 0x32, 0x35, 0x20,
    0x31, 0x36, 0x37, 0x7a, 0x22, 0x20, 0x2f, 0x3e, 0x0a, 0x3c, 0x67, 0x6c, 0x79, 0x70, 0x68, 0x20,
    0x75, 0x6e, 0x69, 0x63, 0x6f, 0x64, 0x65, 0x3d, 0x22, 0x26, 0x23, 0x78, 0x65, 0x30, 0x35, 0x31,
    0x3b, 0x22, 0x20, 0x64, 0x3d, 0x22, 0x4d, 0x31, 0x31, 0x30, 0x30, 0x20, 0x39, 0x30, 0x30, 0x68,
    0x2d, 0x35, 0x30, 0x71, 0x30, 0x20, 0x32, 0x31, 0x20, 0x2d, 0x34, 0x20, 0x33, 0x37, 0x74, 0x2d,
    0x39, 0x2e, 0x35, 0x20, 0x32, 0x36, 0x2e, 0x35, 0x74, 0x2d, 0x31, 0x38, 0x20, 0x31, 0x37, 0x2e,
    0x35, 0x74, 0x2d, 0x32, 0x32, 0x20, 0x31, 0x31, 0x74, 0x2d, 0x32, 0x38, 0x2e, 0x35, 0x20, 0x35,
    0x2e, 0x35, 0x74, 0x2d, 0x33, 0x31, 0x20, 0x32, 0x74, 0x2d, 0x33, 0x37, 0x20, 0x30, 0x2e, 0x35,
    0x68, 0x2d, 0x32, 0x30, 0x30, 0x76, 0x2d, 0x36, 0x35, 0x30, 0x71, 0x30, 0x20, 0x2d, 0x32, 0x32,
    0x20, 0x32, 0x35, 0x20, 0x2d, 0x33, 0x34, 0x2e, 0x35, 0x74, 0x35, 0x30, 0x20, 0x2d, 0x31, 0x33,
    0x2e, 0x35, 0x6c, 0x32, 0x35, 0x20, 0x2d, 0x32, 0x76, 0x2d, 0x31, 0x30, 0x30, 0x68, 0x2d, 0x34,
    0x30, 0x30, 0x76, 0x31, 0x30, 0x30, 0x71, 0x34, 0x20, 0x30, 0x20, 0x31, 0x31, 0x20, 0x30, 0x2e,
    0x35, 0x74, 0x32, 0x34, 0x20, 0x33, 0x74, 0x33, 0x30, 0x20, 0x37, 0x74, 0x32, 0x34, 0x20, 0x31,
    0x35, 0x74, 0x31, 0x31, 0x20, 0x32, 0x34, 0x2e, 0x35, 0x76, 0x36, 0x35, 0x30, 0x68, 0x2d, 0x32,
    0x30, 0x30, 0x71, 0x2d, 0x32, 0x35, 0x20, 0x30, 0x20, 0x2d, 0x33, 0x37, 0x20, 0x2d, 0x30, 0x2e,
    0x35, 0x74, 0x2d, 0x33, 0x31, 0x20, 0x2d, 0x32, 0x74, 0x2d, 0x32, 0x38, 0x2e, 0x35, 0x20, 0x2d,
    0x35, 0x2e, 0x35, 0x74, 0x2d, 0x32, 0x32, 0x20, 0x2d, 0x31, 0x31, 0x74, 0x2d, 0x31, 0x38, 0x20,
    0x2d, 0x31, 0x37, 0x2e, 0x35, 0x74, 0x2d, 0x39, 0x2e, 0x35, 0x20, 0x2d, 0x32, 0x36, 0x2e, 0x35,
    0x74, 0x2d, 0x34, 0x20, 0x2d, 0x33, 0x37, 0x68, 0x2d, 0x35, 0x30, 0x76, 0x33, 0x30, 0x30, 0x20,
    0x68, 0x31, 0x30, 0x30, 0x30, 0x76, 0x2d, 0x33, 0x30, 0x30, 0x7a, 0x4d, 0x31, 0x31, 0x36, 0x37,
    0x20, 0x35, 0x30, 0x6c, 0x2d, 0x31, 0x36, 0x37, 0x20, 0x2d, 0x31, 0x32, 0x35, 0x76, 0x37, 0x35,
    0x68, 0x2d, 0x38, 0x30, 0x30, 0x76, 0x2d, 0x37, 0x35, 0x6c, 0x2d, 0x31, 0x36, 0x37, 0x20, 0x31,
    0x32, 0x35, 0x6c, 0x31, 0x36, 0x37, 0x20, 0x31, 0x32, 0x35, 0x76, 0x2d, 0x37, 0x35, 0x68, 0x38,
    0x30, 0x30, 0x76, 0x37, 0x35, 0x7a, 0x22, 0x20, 0x2f, 0x3e, 0x0a, 0x3c, 0x67, 0x6c, 0x79, 0x70,
    0x68, 0x20, 0x75, 0x6e, 0x69, 0x63, 0x6f, 0x64, 0x65, 0x3d, 0x22, 0x26, 0x23, 0x78, 0x65, 0x30,
    0x35, 0x32, 0x3b, 0x22, 0x20, 0x64, 0x3d, 0x22, 0x4d, 0x35, 0x30, 0x20, 0x31, 0x31, 0x30, 0x30,
    0x68, 0x36, 0x30, 0x30, 0x71, 0x32, 0x31, 0x20, 0x30, 0x20, 0x33, 0x35, 0x2e, 0x35, 0x20, 0x2d,
    0x31, 0x34, 0x2e, 0x35, 0x74, 0x31, 0x34, 0x2e, 0x35, 0x20, 0x2d, 0x33, 0x35, 0x2e, 0x35, 0x76,
    0x2d, 0x31, 0x30, 0x30, 0x71, 0x30, 0x20, 0x2d, 0x32, 0x31, 0x20, 0x2d, 0x31, 0x34, 0x2e, 0x35,
    0x20, 0x2d, 0x33, 0x35, 0x2e, 0x35, 0x74, 0x2d, 0x33, 0x35, 0x2e, 0x35, 0x20, 0x2d, 0x31, 0x34,
    0x2e, 0x35, 0x68, 0x2d, 0x36, 0x30, 0x30, 0x71, 0x2d, 0x32, 0x31, 0x20, 0x30, 0x20, 0x2d, 0x33,
    0x35, 0x2e, 0x35, 0x20, 0x31, 0x34, 0x2e, 0x35, 0x74, 0x2d, 0x31, 0x34, 0x2e, 0x35, 0x20, 0x33,
    0x35, 0x2e, 0x35, 0x76, 0x31, 0x30, 0x30, 0x71, 0x30, 0x20, 0x32, 0x31, 0x20, 0x31, 0x34, 0x2e,
    0x35, 0x20, 0x33, 0x35, 0x2e, 0x35, 0x74, 0x33, 0x35, 0x2e, 0x35, 0x20, 0x31, 0x34, 0x2e, 0x35,
    0x7a, 0x4d, 0x35, 0x30, 0x20, 0x38, 0x30, 0x30, 0x68, 0x31, 0x30, 0x30, 0x30, 0x71, 0x32, 0x31,
    0x20, 0x30, 0x20, 0x33, 0x35, 0x2e, 0x35, 0x20, 0x2d, 0x31, 0x34, 0x2e, 0x35, 0x74, 0x31, 0x34,
    0x2e, 0x35, 0x20, 0x2d, 0x33, 0x35, 0x2e, 0x35, 0x76, 0x2d, 0x31, 0x30, 0x30, 0x71, 0x30, 0x20,
    0x2d, 0x32, 0x31, 0x20, 0x2d, 0x31, 0x34, 0x2e, 0x35, 0x20, 0x2d, 0x33, 0x35, 0x2e, 0x35, 0x74,
    0x2d, 0x33, 0x35, 0x2e, 0x35, 0x20, 0x2d, 0x31, 0x34, 0x2e, 0x35, 0x68, 0x2d, 0x31, 0x30, 0x30,
    0x30, 0x71, 0x2d, 0x32, 0x31, 0x20, 0x30, 0x20, 0x2d, 0x33, 0x35, 0x2e, 0x35, 0x20, 0x31, 0x34,
    0x2e, 0x35, 0x74, 0x2d, 0x31, 0x34, 0x2e, 0x35, 0x20, 0x33, 0x35, 0x2e, 0x35, 0x76, 0x31, 0x30,
    0x30, 0x20, 0x71, 0x30, 0x20, 0x32, 0x31, 0x20, 0x31, 0x34, 0x2e, 0x35, 0x20, 0x33, 0x35, 0x2e,
    0x35, 0x74, 0x33, 0x35, 0x2e, 0x35, 0x20, 0x31, 0x34, 0x2e, 0x35, 0x7a, 0x4d, 0x35, 0x30, 0x20,
    0x35, 0x30, 0x30, 0x68, 0x38, 0x30, 0x30, 0x71, 0x32, 0x31, 0x20, 0x30, 0x20, 0x33, 0x35, 0x2e,
    0x35, 0x20, 0x2d, 0x31, 0x34, 0x2e, 0x35, 0x74, 0x31, 0x34, 0x2e, 0x35, 0x20, 0x2d, 0x33, 0x35,
    0x2e, 0x35, 0x76, 0x2d, 0x31, 0x30, 0x30, 0x71, 0x30, 0x20, 0x2d, 0x32, 0x31, 0x20, 0x2d, 0x31,
    0x34, 0x2e, 0x35, 0x20, 0x2d, 0x33, 0x35, 0x2e, 0x35, 0x74, 0x2d, 0x33, 0x35, 0x2e, 0x35, 0x20,
    0x2d, 0x31, 0x34, 0x2e, 0x35, 0x68, 0x2d, 0x38, 0x30, 0x30, 0x71, 0x2d, 0x32, 0x31, 0x20, 0x30,
    0x20, 0x2d, 0x33, 0x35, 0x2e, 0x35, 0x20, 0x31, 0x34, 0x2e, 0x35, 0x74, 0x2d, 0x31, 0x34, 0x2e,
    0x35, 0x20, 0x33, 0x35, 0x2e, 0x35, 0x76, 0x31, 0x30, 0x30, 0x71, 0x30, 0x20, 0x32, 0x31, 0x20,
    0x31, 0x34, 0x2e, 0x35, 0x20, 0x33, 0x35, 0x2e, 0x35, 0x74, 0x33, 0x35, 0x2e, 0x35, 0x20, 0x31,
    0x34, 0x2e, 0x35, 0x7a, 0x4d, 0x35, 0x30, 0x20, 0x32, 0x30, 0x30, 0x68, 0x31, 0x31, 0x30, 0x30,
    0x71, 0x32, 0x31, 0x20, 0x30, 0x20, 0x33, 0x35, 0x2e, 0x35, 0x20, 0x2d, 0x31, 0x34, 0x2e, 0x35,
    0x74, 0x31, 0x34, 0x2e, 0x35, 0x20, 0x2d, 0x33, 0x35, 0x2e, 0x35, 0x76, 0x2d, 0x31, 0x30, 0x30,
    0x71, 0x30, 0x20, 0x2d, 0x32, 0x31, 0x20, 0x2d, 0x31, 0x34, 0x2e, 0x35, 0x20, 0x2d, 0x33, 0x35,
    0x2e, 0x35, 0x74, 0x2d, 0x33, 0x35, 0x2e, 0x35, 0x20, 0x2d, 0x31, 0x34, 0x2e, 0x35, 0x68, 0x2d,
    0x31, 0x31, 0x30, 0x30, 0x20, 0x71, 0x2d, 0x32, 0x31, 0x20, 0x30, 0x20, 0x2d, 0x33, 0x35, 0x2e,
    0x35, 0x20, 0x31, 0x34, 0x2e, 0x35, 0x74, 0x2d, 0x31, 0x34, 0x2e, 0x35, 0x20, 0x33, 0x35, 0x2e,
    0x35, 0x76, 0x31, 0x30, 0x30, 0x71, 0x30, 0x20, 0x32, 0x31, 0x20, 0x31, 0x34, 0x2e, 0x35, 0x20,
    0x33, 0x35, 0x2e, 0x35, 0x74, 0x33, 0x35, 0x2e, 0x35, 0x20, 0x31, 0x34, 0x2e, 0x35, 0x7a, 0x22,
    0x20, 0x2f, 0x3e, 0x0a, 0x3c, 0x67, 0x6c, 0x79, 0x70, 0x68, 0x20, 0x75, 0x6e, 0x69, 0x63, 0x6f,
    0x64, 0x65, 0x3d, 0x22, 0x26, 0x23, 0x78, 0x65, 0x30, 0x35, 0x33, 0x3b, 0x22, 0x20, 0x64, 0x3d,
    0x22, 0x4d, 0x32, 0x35, 0x30, 0x20, 0x31, 0x31, 0x30, 0x30, 0x68, 0x37, 0x30, 0x30, 0x71, 0x32,
    0x31, 0x20, 0x30, 0x20, 0x33, 0x35, 0x2e, 0x35, 0x20, 0x2d, 0x31, 0x34, 0x2e, 0x35, 0x74, 0x31,
    0x34, 0x2e, 0x35, 0x20, 0x2d, 0x33, 0x35, 0x2e, 0x35, 0x76, 0x2d, 0x31, 0x30, 0x30, 0x71, 0x30,
    0x20, 0x2d, 0x32, 0x31, 0x20, 0x2d, 0x31, 0x34, 0x2e, 0x35, 0x20, 0x2d, 0x33, 0x35, 0x2e, 0x35,
    0x74, 0x2d, 0x33, 0x35, 0x2e, 0x35, 0x20, 0x2d, 0x31, 0x34, 0x2e, 0x35, 0x68, 0x2d, 0x37, 0x30,
    0x30, 0x71, 0x2d, 0x32, 0x31, 0x20, 0x30, 0x20, 0x2d, 0x33, 0x35, 0x2e, 0x35, 0x20, 0x31, 0x34,
    0x2e, 0x35, 0x74, 0x2d, 0x31, 0x34, 0x2e, 0x35, 0x20, 0x33, 0x35, 0x2e, 0x35, 0x76, 0x31, 0x30,
    0x30, 0x71, 0x30, 0x20, 0x32, 0x31, 0x20, 0x31, 0x34, 0x2e, 0x35, 0x20, 0x33, 0x35, 0x2e, 0x35,
    0x74, 0x33, 0x35, 0x2e, 0x35, 0x20, 0x31, 0x34, 0x2e, 0x35, 0x7a, 0x4d, 0x35, 0x30, 0x20, 0x38,
    0x30, 0x30, 0x68, 0x31, 0x31, 0x30, 0x30, 0x71, 0x32, 0x31, 0x20, 0x30, 0x20, 0x33, 0x35, 0x2e,
    0x35, 0x20, 0x2d, 0x31, 0x34, 0x2e, 0x35, 0x74, 0x31, 0x34, 0x2e, 0x35, 0x20, 0x2d, 0x33, 0x35,
    0x2e, 0x35, 0x76, 0x2d, 0x31, 0x30, 0x30, 0x71, 0x30, 0x20, 0x2d, 0x32, 0x31, 0x20, 0x2d, 0x31,
    0x34, 0x2e, 0x35, 0x20, 0x2d, 0x33, 0x35, 0x2e, 0x35, 0x74, 0x2d, 0x33, 0x35, 0x2e, 0x35, 0x20,
    0x2d, 0x31, 0x34, 0x2e, 0x35, 0x68, 0x2d, 0x31, 0x31, 0x30, 0x30, 0x71, 0x2d, 0x32, 0x31, 0x20,
    0x30, 0x20, 0x2d, 0x33, 0x35, 0x2e, 0x35, 0x20, 0x31, 0x34, 0x2e, 0x35, 0x74, 0x2d, 0x31, 0x34,
    0x2e, 0x35, 0x20, 0x33, 0x35, 0x2e, 0x35, 0x76, 0x31, 0x30, 0x30, 0x20, 0x71, 0x30, 0x20, 0x32,
    0x31, 0x20, 0x31, 0x34, 0x2e, 0x35, 0x20, 0x33, 0x35, 0x2e, 0x35, 0x74, 0x33, 0x35, 0x2e, 0x35,
    0x20, 0x31, 0x34, 0x2e, 0x35, 0x7a, 0x4d, 0x32, 0x35, 0x30, 0x20, 0x35, 0x30, 0x30, 0x68, 0x37,
    0x30, 0x30, 0x71, 0x32, 0x31, 0x20, 0x30, 0x20, 0x33, 0x35, 0x2e, 0x35, 0x20, 0x2d, 0x31, 0x34,
    0x2e, 0x35, 0x74, 0x31, 0x34, 0x2e, 0x35, 0x20, 0x2d, 0x33, 0x35, 0x2e, 0x35, 0x76, 0x2d, 0x31,
    0x30, 0x30, 0x71, 0x30, 0x20, 0x2d, 0x32, 0x31, 0x20, 0x2d, 0x31, 0x34, 0x2e, 0x35, 0x20, 0x2d,
    0x33, 0x35, 0x2e, 0x35, 0x74, 0x2d, 0x33, 0x35, 0x2e, 0x35, 0x20, 0x2d, 0x31, 0x34, 0x2e, 0x35,
    0x68, 0x2d, 0x37, 0x30, 0x30, 0x71, 0x2d, 0x32, 0x31, 0x20, 0x30, 0x20, 0x2d, 0x33, 0x35, 0x2e,
    0x35, 0x20, 0x31, 0x34, 0x2e, 0x35, 0x74, 0x2d, 0x31, 0x34, 0x2e, 0x35, 0x20, 0x33, 0x35, 0x2e,
    0x35, 0x76, 0x31, 0x30, 0x30, 0x71, 0x30, 0x20, 0x32, 0x31, 0x20, 0x31, 0x34, 0x2e, 0x35, 0x20,
    0x33, 0x35, 0x2e, 0x35, 0x74, 0x33, 0x35, 0x2e, 0x35, 0x20, 0x31, 0x34, 0x2e, 0x35, 0x7a, 0x4d,
    0x35, 0x30, 0x20, 0x32, 0x30, 0x30, 0x68, 0x31, 0x31, 0x30, 0x30, 0x71, 0x32, 0x31, 0x20, 0x30,
    0x20, 0x33, 0x35, 0x2e, 0x35, 0x20, 0x2d, 0x31, 0x34, 0x2e, 0x35, 0x74, 0x31, 0x34, 0x2e, 0x35,
    0x20, 0x2d, 0x33, 0x35, 0x2e, 0x35, 0x76, 0x2d, 0x31, 0x30, 0x30, 0x71, 0x30, 0x20, 0x2d, 0x32,
    0x31, 0x20, 0x2d, 0x31, 0x34, 0x2e, 0x35, 0x20, 0x2d, 0x33, 0x35, 0x2e, 0x35, 0x74, 0x2d, 0x33,
    0x35, 0x2e, 0x35, 0x20, 0x2d, 0x31, 0x34, 0x2e, 0x35, 0x68, 0x2d, 0x31, 0x31, 0x30, 0x30, 0x20,
    0x71, 0x2d, 0x32, 0x31, 0x20, 0x30, 0x20, 0x2d, 0x33, 0x35, 0x2e, 0x35, 0x20, 0x31, 0x34, 0x2e,
    0x35, 0x74, 0x2d, 0x31, 0x34, 0x2e, 0x35, 0x20, 0x33, 0x35, 0x2e, 0x35, 0x76, 0x31, 0x30, 0x30,
    0x71, 0x30, 0x20, 0x32, 0x31, 0x20, 0x31, 0x34, 0x2e, 0x35, 0x20, 0x33, 0x35, 0x2e, 0x35, 0x74,
    0x33, 0x35, 0x2e, 0x35, 0x20, 0x31, 0x34, 0x2e, 0x35, 0x7a, 0x22, 0x20, 0x2f, 0x3e, 0x0a, 0x3c,
    0x67, 0x6c, 0x79, 0x70, 0x68, 0x20, 0x75, 0x6e, 0x69, 0x63, 0x6f, 0x64, 0x65, 0x3d, 0x22, 0x26,
    0x23, 0x78, 0x65, 0x30, 0x35, 0x34, 0x3b, 0x22, 0x20, 0x64, 0x3d, 0x22, 0x4d, 0x35, 0x30, 0x30,
    0x20, 0x39, 0x35, 0x30, 0x76, 0x31, 0x30, 0x30, 0x71, 0x30, 0x20, 0x32, 0x31, 0x20, 0x31, 0x34,
    0x2e, 0x35, 0x20, 0x33, 0x35, 0x2e, 0x35, 0x74, 0x33, 0x35, 0x2e, 0x35, 0x20, 0x31, 0x34, 0x2e,
    0x35, 0x68, 0x36, 0x30, 0x30, 0x71, 0x32, 0x31, 0x20, 0x30, 0x20, 0x33, 0x35, 0x2e, 0x35, 0x20,
    0x2d, 0x31, 0x34, 0x2e, 0x35, 0x74, 0x31, 0x34, 0x2e, 0x35, 0x20, 0x2d, 0x33, 0x35, 0x2e, 0x35,
    0x76, 0x2d, 0x31, 0x30, 0x30, 0x71, 0x30, 0x20, 0x2d, 0x32, 0x31, 0x20, 0x2d, 0x31, 0x34, 0x2e,
    0x35, 0x20, 0x2d, 0x33, 0x35, 0x2e, 0x35, 0x74, 0x2d, 0x33, 0x35, 0x2e, 0x35, 0x20, 0x2d, 0x31,
    0x34, 0x2e, 0x35, 0x68, 0x2d, 0x36, 0x30, 0x30, 0x71, 0x2d, 0x32, 0x31, 0x20, 0x30, 0x20, 0x2d,
    0x33, 0x35, 0x2e, 0x35, 0x20, 0x31, 0x34, 0x2e, 0x35, 0x74, 0x2d, 0x31, 0x34, 0x2e, 0x35, 0x20,
    0x33, 0x35, 0x2e, 0x35, 0x7a, 0x4d, 0x31, 0x30, 0x30, 0x20, 0x36, 0x35, 0x30, 0x76, 0x31, 0x30,
    0x30, 0x71, 0x30, 0x20, 0x32, 0x31, 0x20, 0x31, 0x34, 0x2e, 0x35, 0x20, 0x33, 0x35, 0x2e, 0x35,
    0x74, 0x33, 0x35, 0x2e, 0x35, 0x20, 0x31, 0x34, 0x2e, 0x35, 0x68, 0x31, 0x30, 0x30, 0x30, 0x71,
    0x32, 0x31, 0x20, 0x30, 0x20, 0x33, 0x35, 0x2e, 0x35, 0x20, 0x2d, 0x31, 0x34, 0x2e, 0x35, 0x74,
    0x31, 0x34, 0x2e, 0x35, 0x20, 0x2d, 0x33, 0x35, 0x2e, 0x35, 0x76, 0x2d, 0x31, 0x30, 0x30, 0x71,
    0x30, 0x20, 0x2d, 0x32, 0x31, 0x20, 0x2d, 0x31, 0x34, 0x2e, 0x35, 0x20, 0x2d, 0x33, 0x35, 0x2e,
    0x35, 0x74, 0x2d, 0x33, 0x35, 0x2e, 0x35, 0x20, 0x2d, 0x31, 0x34, 0x2e, 0x35, 0x68, 0x2d, 0x31,
    0x30, 0x30, 0x30, 0x20, 0x71, 0x2d, 0x32, 0x31, 0x20, 0x30, 0x20, 0x2d, 0x33, 0x35, 0x2e, 0x35,
    0x20, 0x31, 0x34, 0x2e, 0x35, 0x74, 0x2d, 0x31, 0x34, 0x2e, 0x35, 0x20, 0x33, 0x35, 0x2e, 0x35,
    0x7a, 0x4d, 0x33, 0x30, 0x30, 0x20, 0x33, 0x35, 0x30, 0x76, 0x31, 0x30, 0x30, 0x71, 0x30, 0x20,
    0x32, 0x31, 0x20, 0x31, 0x34, 0x2e, 0x35, 0x20, 0x33, 0x35, 0x2e, 0x35, 0x74, 0x33, 0x35, 0x2e,
    0x35, 0x20, 0x31, 0x34, 0x2e, 0x35, 0x68, 0x38, 0x30, 0x30, 0x71, 0x32, 0x31, 0x20, 0x30, 0x20,
    0x33, 0x35, 0x2e, 0x35, 0x20, 0x2d, 0x31, 0x34, 0x2e, 0x35, 0x74, 0x31, 0x34, 0x2e, 0x35, 0x20,
    0x2d, 0x33, 0x35, 0x2e, 0x35, 0x76, 0x2d, 0x31, 0x30, 0x30, 0x71, 0x30, 0x20, 0x2d, 0x32, 0x31,
    0x20, 0x2d, 0x31, 0x34, 0x2e, 0x35, 0x20, 0x2d, 0x33, 0x35, 0x2e, 0x35, 0x74, 0x2d, 0x33, 0x35,
    0x2e, 0x35, 0x20, 0x2d, 0x31, 0x34, 0x2e, 0x35, 0x68, 0x2d, 0x38, 0x30, 0x30, 0x71, 0x2d, 0x32,
    0x31, 0x20, 0x30, 0x20, 0x2d, 0x33, 0x35, 0x2e, 0x35, 0x20, 0x31, 0x34, 0x2e, 0x35, 0x74, 0x2d,
    0x31, 0x34, 0x2e, 0x35, 0x20, 0x33, 0x35, 0x2e, 0x35, 0x7a, 0x4d, 0x30, 0x20, 0x35, 0x30, 0x76,
    0x31, 0x30, 0x30, 0x71, 0x30, 0x20, 0x32, 0x31, 0x20, 0x31, 0x34, 0x2e, 0x35, 0x20, 0x33, 0x35,
    0x2e, 0x35, 0x74, 0x33, 0x35, 0x2e, 0x35, 0x20, 0x31, 0x34, 0x2e, 0x35, 0x68, 0x31, 0x31, 0x30,
    0x30, 0x71, 0x32, 0x31, 0x20, 0x30, 0x20, 0x33, 0x35, 0x2e, 0x35, 0x20, 0x2d, 0x31, 0x34, 0x2e,
    0x35, 0x74, 0x31, 0x34, 0x2e, 0x35, 0x20, 0x2d, 0x33, 0x35, 0x2e, 0x35, 0x76, 0x2d, 0x31, 0x30,
    0x30, 0x20, 0x71, 0x30, 0x20, 0x2d, 0x32, 0x31, 0x20, 0x2d, 0x31, 0x34, 0x2e, 0x35, 0x20, 0x2d,
    0x33, 0x35, 0x2e, 0x35, 0x74, 0x2d, 0x33, 0x35, 0x2e, 0x35, 0x20, 0x2d, 0x31, 0x34, 0x2e, 0x35,
    0x68, 0x2d, 0x31, 0x31, 0x30, 0x30, 0x71, 0x2d, 0x32, 0x31, 0x20, 0x30, 0x20, 0x2d, 0x33, 0x35,
    0x2e, 0x35, 0x20, 0x31, 0x34, 0x2e, 0x35, 0x74, 0x2d, 0x31, 0x34, 0x2e, 0x35, 0x20, 0x33, 0x35,
    0x2e, 0x35, 0x7a, 0x22, 0x20, 0x2f, 0x3e, 0x0a, 0x3c, 0x67, 0x6c, 0x79, 0x70, 0x68, 0x20, 0x75,
    0x6e, 0x69, 0x63, 0x6f, 0x64, 0x65, 0x3d, 0x22, 0x26, 0x23, 0x78, 0x65, 0x30, 0x35, 0x35, 0x3b,
    0x22, 0x20, 0x64, 0x3d, 0x22, 0x4d, 0x35, 0x30, 0x20, 0x31, 0x31, 0x30, 0x30, 0x68, 0x31, 0x31,
    0x30, 0x30, 0x71, 0x32, 0x31, 0x20, 0x30, 0x20, 0x33, 0x35, 0x2e, 0x35, 0x20, 0x2d, 0x31, 0x34,
    0x2e, 0x35, 0x74, 0x31, 0x34, 0x2e, 0x35, 0x20, 0x2d, 0x33, 0x35, 0x2e, 0x35, 0x76, 0x2d, 0x31,
    0x30, 0x30, 0x71, 0x30, 0x20, 0x2d, 0x32, 0x31, 0x20, 0x2d, 0x31, 0x34, 0x2e, 0x35, 0x20, 0x2d,
    0x33, 0x35, 0x2e, 0x35, 0x74, 0x2d, 0x33, 0x35, 0x2e, 0x35, 0x20, 0x2d, 0x31, 0x34, 0x2e, 0x35,
    0x68, 0x2d, 0x31, 0x31, 0x30, 0x30, 0x71, 0x2d, 0x32, 0x31, 0x20, 0x30, 0x20, 0x2d, 0x33, 0x35,
    0x2e, 0x35, 0x20, 0x31, 0x34, 0x2e, 0x35, 0x74, 0x2d, 0x31, 0x34, 0x2e, 0x35, 0x20, 0x33, 0x35,
    0x2e, 0x35, 0x76, 0x31, 0x30, 0x30, 0x71, 0x30, 0x20, 0x32, 0x31, 0x20, 0x31, 0x34, 0x2e, 0x35,
    0x20, 0x33, 0x35, 0x2e, 0x35, 0x74, 0x33, 0x35, 0x2e, 0x35, 0x20, 0x31, 0x34, 0x2e, 0x35, 0x7a,
    0x4d, 0x35, 0x30, 0x20, 0x38, 0x30, 0x30, 0x68, 0x31, 0x31, 0x30, 0x30, 0x71, 0x32, 0x31, 0x20,
    0x30, 0x20, 0x33, 0x35, 0x2e, 0x35, 0x20, 0x2d, 0x31, 0x34, 0x2e, 0x35, 0x74, 0x31, 0x34, 0x2e,
    0x35, 0x20, 0x2d, 0x33, 0x35, 0x2e, 0x35, 0x76, 0x2d, 0x31, 0x30, 0x30, 0x71, 0x30, 0x20, 0x2d,
    0x32, 0x31, 0x20, 0x2d, 0x31, 0x34, 0x2e, 0x35, 0x20, 0x2d, 0x33, 0x35, 0x2e, 0x35, 0x74, 0x2d,
    0x33, 0x35, 0x2e, 0x35, 0x20, 0x2d, 0x31, 0x34, 0x2e, 0x35, 0x68, 0x2d, 0x31, 0x31, 0x30, 0x30,
    0x71, 0x2d, 0x32, 0x31, 0x20, 0x30, 0x20, 0x2d, 0x33, 0x35, 0x2e, 0x35, 0x20, 0x31, 0x34, 0x2e,
    0x35, 0x74, 0x2d, 0x31, 0x34, 0x2e, 0x35, 0x20, 0x33, 0x35, 0x2e, 0x35, 0x76, 0x31, 0x30, 0x30,
    0x20, 0x71, 0x30, 0x20, 0x32, 0x31, 0x20, 0x31, 0x34, 0x2e, 0x35, 0x20, 0x33, 0x35, 0x2e, 0x35,
    0x74, 0x33, 0x35, 0x2e, 0x35, 0x20, 0x31, 0x34, 0x2e, 0x35, 0x7a, 0x4d, 0x35, 0x30, 0x20, 0x35,
    0x30, 0x30, 0x68, 0x31, 0x31, 0x30, 0x30, 0x71, 0x32, 0x31, 0x20, 0x30, 0x20, 0x33, 0x35, 0x2e,
    0x35, 0x20, 0x2d, 0x31, 0x34, 0x2e, 0x35, 0x74, 0x31, 0x34, 0x2e, 0x35, 0x20, 0x2d, 0x33, 0x35,
    0x2e, 0x35, 0x76, 0x2d, 0x31, 0x30, 0x30, 0x71, 0x30, 0x20, 0x2d, 0x32, 0x31, 0x20, 0x2d, 0x31,
    0x34, 0x2e, 0x35, 0x20, 0x2d, 0x33, 0x35, 0x2e, 0x35, 0x74, 0x2d, 0x33, 0x35, 0x2e, 0x35, 0x20,
    0x2d, 0x31, 0x34, 0x2e, 0x35, 0x68, 0x2d, 0x31, 0x31, 0x30, 0x30, 0x71, 0x2d, 0x32, 0x31, 0x20,
    0x30, 0x20, 0x2d, 0x33, 0x35, 0x2e, 0x35, 0x20, 0x31, 0x34, 0x2e, 0x35, 0x74, 0x2d, 0x31, 0x34,
    0x2e, 0x35, 0x20, 0x33, 0x35, 0x2e, 0x35, 0x76, 0x31, 0x30, 0x30, 0x71, 0x30, 0x20, 0x32, 0x31,
    0x20, 0x31, 0x34, 0x2e, 0x35, 0x20, 0x33, 0x35, 0x2e, 0x35, 0x74, 0x33, 0x35, 0x2e, 0x35, 0x20,
    0x31, 0x34, 0x2e, 0x35, 0x7a, 0x4d, 0x35, 0x30, 0x20, 0x32, 0x30, 0x30, 0x68, 0x31, 0x31, 0x30,
    0x30, 0x71, 0x32, 0x31, 0x20, 0x30, 0x20, 0x33, 0x35, 0x2e, 0x35, 0x20, 0x2d, 0x31, 0x34, 0x2e,
    0x35, 0x74, 0x31, 0x34, 0x2e, 0x35, 0x20, 0x2d, 0x33, 0x35, 0x2e, 0x35, 0x76, 0x2d, 0x31, 0x30,
    0x30, 0x71, 0x30, 0x20, 0x2d, 0x32, 0x31, 0x20, 0x2d, 0x31, 0x34, 0x2e, 0x35, 0x20, 0x2d, 0x33,
    0x35, 0x2e, 0x35, 0x74, 0x2d, 0x33, 0x35, 0x2e, 0x35, 0x20, 0x2d, 0x31, 0x34, 0x2e, 0x35, 0x68,
    0x2d, 0x31, 0x31, 0x30, 0x30, 0x20, 0x71, 0x2d, 0x32, 0x31, 0x20, 0x30, 0x20, 0x2d, 0x33, 0x35,
    0x2e, 0x35, 0x20, 0x31, 0x34, 0x2e, 0x35, 0x74, 0x2d, 0x31, 0x34, 0x2e, 0x35, 0x20, 0x33, 0x35,
    0x2e, 0x35, 0x76, 0x31, 0x30, 0x30, 0x71, 0x30, 0x20, 0x32, 0x31, 0x20, 0x31, 0x34, 0x2e, 0x35,
    0x20, 0x33, 0x35, 0x2e, 0x35, 0x74, 0x33, 0x35, 0x2e, 0x35, 0x20, 0x31, 0x34, 0x2e, 0x35, 0x7a,
    0x22, 0x20, 0x2f, 0x3e, 0x0a, 0x3c, 0x67, 0x6c, 0x79, 0x70, 0x68, 0x20, 0x75, 0x6e, 0x69, 0x63,
    0x6f, 0x64, 0x65, 0x3d, 0x22, 0x26, 0x23, 0x78, 0x65, 0x30, 0x35, 0x36, 0x3b, 0x22, 0x20, 0x64,
    0x3d, 0x22, 0x4d, 0x35, 0x30, 0x20, 0x31, 0x31, 0x30, 0x30, 0x68, 0x31, 0x30, 0x30, 0x71, 0x32,
    0x31, 0x20, 0x30, 0x20, 0x33, 0x35, 0x2e, 0x35, 0x20, 0x2d, 0x31, 0x34, 0x2e, 0x35, 0x74, 0x31,
    0x34, 0x2e, 0x35, 0x20, 0x2d, 0x33, 0x35, 0x2e, 0x35, 0x76, 0x2d, 0x31, 0x30, 0x30, 0x71, 0x30,
    0x20, 0x2d, 0x32, 0x31, 0x20, 0x2d, 0x31, 0x34, 0x2e, 0x35, 0x20, 0x2d, 0x33, 0x35, 0x2e, 0x35,
    0x74, 0x2d, 0x33, 0x35, 0x2e, 0x35, 0x20, 0x2d, 0x31, 0x34, 0x2e, 0x35, 0x68, 0x2d, 0x31, 0x30,
    0x30, 0x71, 0x2d, 0x32, 0x31, 0x20, 0x30, 0x20, 0x2d, 0x33, 0x35, 0x2e, 0x35, 0x20, 0x31, 0x34,
    0x2e, 0x35, 0x74, 0x2d, 0x31, 0x34, 0x2e, 0x35, 0x20, 0x33, 0x35, 0x2e, 0x35, 0x76, 0x31, 0x30,
    0x30, 0x71, 0x30, 0x20, 0x32, 0x31, 0x20, 0x31, 0x34, 0x2e, 0x35, 0x20, 0x33, 0x35, 0x2e, 0x35,
    0x74, 0x33, 0x35, 0x2e, 0x35, 0x20, 0x31, 0x34, 0x2e, 0x35, 0x7a, 0x4d, 0x33, 0x35, 0x30, 0x20,
    0x31, 0x31, 0x30, 0x30, 0x68, 0x38, 0x30, 0x30, 0x71, 0x32, 0x31, 0x20, 0x30, 0x20, 0x33, 0x35,
    0x2e, 0x35, 0x20, 0x2d, 0x31, 0x34, 0x2e, 0x35, 0x74, 0x31, 0x34, 0x2e, 0x35, 0x20, 0x2d, 0x33,
    0x35, 0x2e, 0x35, 0x76, 0x2d, 0x31, 0x30, 0x30, 0x71, 0x30, 0x20, 0x2d, 0x32, 0x31, 0x20, 0x2d,
    0x31, 0x34, 0x2e, 0x35, 0x20, 0x2d, 0x33, 0x35, 0x2e, 0x35, 0x74, 0x2d, 0x33, 0x35, 0x2e, 0x35,
    0x20, 0x2d, 0x31, 0x34, 0x2e, 0x35, 0x68, 0x2d, 0x38, 0x30, 0x30, 0x71, 0x2d, 0x32, 0x31, 0x20,
    0x30, 0x20, 0x2d, 0x33, 0x35, 0x2e, 0x35, 0x20, 0x31, 0x34, 0x2e, 0x35, 0x74, 0x2d, 0x31, 0x34,
    0x2e, 0x35, 0x20, 0x33, 0x35, 0x2e, 0x35, 0x76, 0x31, 0x30, 0x30, 0x20, 0x71, 0x30, 0x20, 0x32,
    0x31, 0x20, 0x31, 0x34, 0x2e, 0x35, 0x20, 0x33, 0x35, 0x2e, 0x35, 0x74, 0x33, 0x35, 0x2e, 0x35,
    0x20, 0x31, 0x34, 0x2e, 0x35, 0x7a, 0x4d, 0x35, 0x30, 0x20, 0x38, 0x30, 0x30, 0x68, 0x31, 0x30,
    0x30, 0x71, 0x32, 0x31, 0x20, 0x30, 0x20, 0x33, 0x35, 0x2e, 0x35, 0x20, 0x2d, 0x31, 0x34, 0x2e,
    0x35, 0x74, 0x31, 0x34, 0x2e, 0x35, 0x20, 0x2d, 0x33, 0x35, 0x2e, 0x35, 0x76, 0x2d, 0x31, 0x30,
    0x30, 0x71, 0x30, 0x20, 0x2d, 0x32, 0x31, 0x20, 0x2d, 0x31, 0x34, 0x2e, 0x35, 0x20, 0x2d, 0x33,
    0x35, 0x2e, 0x35, 0x74, 0x2d, 0x33, 0x35, 0x2e, 0x35, 0x20, 0x2d, 0x31, 0x34, 0x2e, 0x35, 0x68,
    0x2d, 0x31, 0x30, 0x30, 0x71, 0x2d, 0x32, 0x31, 0x20, 0x30, 0x20, 0x2d, 0x33, 0x35, 0x2e, 0x35,
    0x20, 0x31, 0x34, 0x2e, 0x35, 0x74, 0x2d, 0x31, 0x34, 0x2e, 0x35, 0x20, 0x33, 0x35, 0x2e, 0x35,
    0x76, 0x31, 0x30, 0x30, 0x71, 0x30, 0x20, 0x32, 0x31, 0x20, 0x31, 0x34, 0x2e, 0x35, 0x20, 0x33,
    0x35, 0x2e, 0x35, 0x74, 0x33, 0x35, 0x2e, 0x35, 0x20, 0x31, 0x34, 0x2e, 0x35, 0x7a, 0x4d, 0x33,
    0x35, 0x30, 0x20, 0x38, 0x30, 0x30, 0x68, 0x38, 0x30, 0x30, 0x71, 0x32, 0x31, 0x20, 0x30, 0x20,
    0x33, 0x35, 0x2e, 0x35, 0x20, 0x2d, 0x31, 0x34, 0x2e, 0x35, 0x74, 0x31, 0x34, 0x2e, 0x35, 0x20,
    0x2d, 0x33, 0x35, 0x2e, 0x35, 0x76, 0x2d, 0x31, 0x30, 0x30, 0x71, 0x30, 0x20, 0x2d, 0x32, 0x31,
    0x20, 0x2d, 0x31, 0x34, 0x2e, 0x35, 0x20, 0x2d, 0x33, 0x35, 0x2e, 0x35, 0x74, 0x2d, 0x33, 0x35,
    0x2e, 0x35, 0x20, 0x2d, 0x31, 0x34, 0x2e, 0x35, 0x68, 0x2d, 0x38, 0x30, 0x30, 0x20, 0x71, 0x2d,
    0x32, 0x31, 0x20, 0x30, 0x20, 0x2d, 0x33, 0x35, 0x2e, 0x35, 0x20, 0x31, 0x34, 0x2e, 0x35, 0x74,
    0x2d, 0x31, 0x34, 0x2e, 0x35, 0x20, 0x33, 0x35, 0x2e, 0x35, 0x76, 0x31, 0x30, 0x30, 0x71, 0x30,
    0x20, 0x32, 0x31, 0x20, 0x31, 0x34, 0x2e, 0x35, 0x20, 0x33, 0x35, 0x2e, 0x35, 0x74, 0x33, 0x35,
    0x2e, 0x35, 0x20, 0x31, 0x34, 0x2e, 0x35, 0x7a, 0x4d, 0x35, 0x30, 0x20, 0x35, 0x30, 0x30, 0x68,
    0x31, 0x30, 0x30, 0x71, 0x32, 0x31, 0x20, 0x30, 0x20, 0x33, 0x35, 0x2e, 0x35, 0x20, 0x2d, 0x31,
    0x34, 0x2e, 0x35, 0x74, 0x31, 0x34, 0x2e, 0x35, 0x20, 0x2d, 0x33, 0x35, 0x2e, 0x35, 0x76, 0x2d,
    0x31, 0x30, 0x30, 0x71, 0x30, 0x20, 0x2d, 0x32, 0x31, 0x20, 0x2d, 0x31, 0x34, 0x2e, 0x35, 0x20,
    0x2d, 0x33, 0x35, 0x2e, 0x35, 0x74, 0x2d, 0x33, 0x35, 0x2e, 0x35, 0x20, 0x2d, 0x31, 0x34, 0x2e,
    0x35, 0x68, 0x2d, 0x31, 0x30, 0x30, 0x71, 0x2d, 0x32, 0x31, 0x20, 0x30, 0x20, 0x2d, 0x33, 0x35,
    0x2e, 0x35, 0x20, 0x31, 0x34, 0x2e, 0x35, 0x74, 0x2d, 0x31, 0x34, 0x2e, 0x35, 0x20, 0x33, 0x35,
    0x2e, 0x35, 0x76, 0x31, 0x30, 0x30, 0x71, 0x30, 0x20, 0x32, 0x31, 0x20, 0x31, 0x34, 0x2e, 0x35,
    0x20, 0x33, 0x35, 0x2e, 0x35, 0x74, 0x33, 0x35, 0x2e, 0x35, 0x20, 0x31, 0x34, 0x2e, 0x35, 0x7a,
    0x4d, 0x33, 0x35, 0x30, 0x20, 0x35, 0x30, 0x30, 0x68, 0x38, 0x30, 0x30, 0x71, 0x32, 0x31, 0x20,
    0x30, 0x20, 0x33, 0x35, 0x2e, 0x35, 0x20, 0x2d, 0x31, 0x34, 0x2e, 0x35, 0x74, 0x31, 0x34, 0x2e,
    0x35, 0x20, 0x2d, 0x33, 0x35, 0x2e, 0x35, 0x76, 0x2d, 0x31, 0x30, 0x30, 0x20, 0x71, 0x30, 0x20,
    0x2d, 0x32, 0x31, 0x20, 0x2d, 0x31, 0x34, 0x2e, 0x35, 0x20, 0x2d, 0x33, 0x35, 0x2e, 0x35, 0x74,
    0x2d, 0x33, 0x35, 0x2e, 0x35, 0x20, 0x2d, 0x31, 0x34, 0x2e, 0x35, 0x68, 0x2d, 0x38, 0x30, 0x30,
    0x71, 0x2d, 0x32, 0x31, 0x20, 0x30, 0x20, 0x2d, 0x33, 0x35, 0x2e, 0x35, 0x20, 0x31, 0x34, 0x2e,
    0x35, 0x74, 0x2d, 0x31, 0x34, 0x2e, 0x35, 0x20, 0x33, 0x35, 0x2e, 0x35, 0x76, 0x31, 0x30, 0x30,
    0x71, 0x30, 0x20, 0x32, 0x31, 0x20, 0x31, 0x34, 0x2e, 0x35, 0x20, 0x33, 0x35, 0x2e, 0x35, 0x74,
    0x33, 0x35, 0x2e, 0x35, 0x20, 0x31, 0x34, 0x2e, 0x35, 0x7a, 0x4d, 0x35, 0x30, 0x20, 0x32, 0x30,
    0x30, 0x68, 0x31, 0x30, 0x30, 0x71, 0x32, 0x31, 0x20, 0x30, 0x20, 0x33, 0x35, 0x2e, 0x35, 0x20,
    0x2d, 0x31, 0x34, 0x2e, 0x35, 0x74, 0x31, 0x34, 0x2e, 0x35, 0x20, 0x2d, 0x33, 0x35, 0x2e, 0x35,
    0x76, 0x2d, 0x31, 0x30, 0x30, 0x71, 0x30, 0x20, 0x2d, 0x32, 0x31, 0x20, 0x2d, 0x31, 0x34, 0x2e,
    0x35, 0x20, 0x2d, 0x33, 0x35, 0x2e, 0x35, 0x74, 0x2d, 0x33, 0x35, 0x2e, 0x35, 0x20, 0x2d, 0x31,
    0x34, 0x2e, 0x35, 0x68, 0x2d, 0x31, 0x30, 0x30, 0x71, 0x2d, 0x32, 0x31, 0x20, 0x30, 0x20, 0x2d,
    0x33, 0x35, 0x2e, 0x35, 0x20, 0x31, 0x34, 0x2e, 0x35, 0x74, 0x2d, 0x31, 0x34, 0x2e, 0x35, 0x20,
    0x33, 0x35, 0x2e, 0x35, 0x76, 0x31, 0x30, 0x30, 0x71, 0x30, 0x20, 0x32, 0x31, 0x20, 0x31, 0x34,
    0x2e, 0x35, 0x20, 0x33, 0x35, 0x2e, 0x35, 0x74, 0x33, 0x35, 0x2e, 0x35, 0x20, 0x31, 0x34, 0x2e,
    0x35, 0x7a, 0x4d, 0x33, 0x35, 0x30, 0x20, 0x32, 0x30, 0x30, 0x68, 0x38, 0x30, 0x30, 0x20, 0x71,
    0x32, 0x31, 0x20, 0x30, 0x20, 0x33, 0x35, 0x2e, 0x35, 0x20, 0x2d, 0x31, 0x34, 0x2e, 0x35, 0x74,
    0x31, 0x34, 0x2e, 0x35, 0x20, 0x2d, 0x33, 0x35, 0x2e, 0x35, 0x76, 0x2d, 0x31, 0x30, 0x30, 0x71,
    0x30, 0x20, 0x2d, 0x32, 0x31, 0x20, 0x2d, 0x31, 0x34, 0x2e, 0x35, 0x20, 0x2d, 0x33, 0x35, 0x2e,
    0x35, 0x74, 0x2d, 0x33, 0x35, 0x2e, 0x35, 0x20, 0x2d, 0x31, 0x34, 0x2e, 0x35, 0x68, 0x2d, 0x38,
    0x30, 0x30, 0x71, 0x2d, 0x32, 0x31, 0x20, 0x30, 0x20, 0x2d, 0x33, 0x35, 0x2e, 0x35, 0x20, 0x31,
    0x34, 0x2e, 0x35, 0x74, 0x2d, 0x31, 0x34, 0x2e, 0x35, 0x20, 0x33, 0x35, 0x2e, 0x35, 0x76, 0x31,
    0x30, 0x30, 0x71, 0x30, 0x20, 0x32, 0x31, 0x20, 0x31, 0x34, 0x2e, 0x35, 0x20, 0x33, 0x35, 0x2e,
    0x35, 0x74, 0x33, 0x35, 0x2e, 0x35, 0x20, 0x31, 0x34, 0x2e, 0x35, 0x7a, 0x22, 0x20, 0x2f, 0x3e,
    0x0a, 0x3c, 0x67, 0x6c, 0x79, 0x70, 0x68, 0x20, 0x75, 0x6e, 0x69, 0x63, 0x6f, 0x64, 0x65, 0x3d,
    0x22, 0x26, 0x23, 0x78, 0x65, 0x30, 0x35, 0x37, 0x3b, 0x22, 0x20, 0x64, 0x3d, 0x22, 0x4d, 0x34,
    0x30, 0x30, 0x20, 0x30, 0x68, 0x2d, 0x31, 0x30, 0x30, 0x76, 0x31, 0x31, 0x30, 0x30, 0x68, 0x31,
    0x30, 0x30, 0x76, 0x2d, 0x31, 0x31, 0x30, 0x30, 0x7a, 0x4d, 0x35, 0x35, 0x30, 0x20, 0x31, 0x31,
    0x30, 0x30, 0x68, 0x31, 0x30, 0x30, 0x71, 0x32, 0x31, 0x20, 0x30, 0x20, 0x33, 0x35, 0x2e, 0x35,
    0x20, 0x2d, 0x31, 0x34, 0x2e, 0x35, 0x74, 0x31, 0x34, 0x2e, 0x35, 0x20, 0x2d, 0x33, 0x35, 0x2e,
    0x35, 0x76, 0x2d, 0x31, 0x30, 0x30, 0x71, 0x30, 0x20, 0x2d, 0x32, 0x31, 0x20, 0x2d, 0x31, 0x34,
    0x2e, 0x35, 0x20, 0x2d, 0x33, 0x35, 0x2e, 0x35, 0x74, 0x2d, 0x33, 0x35, 0x2e, 0x35, 0x20, 0x2d,
    0x31, 0x34, 0x2e, 0x35, 0x68, 0x2d, 0x31, 0x30, 0x30, 0x71, 0x2d, 0x32, 0x31, 0x20, 0x30, 0x20,
    0x2d, 0x33, 0x35, 0x2e, 0x35, 0x20, 0x31, 0x34, 0x2e, 0x35, 0x74, 0x2d, 0x31, 0x34, 0x2e, 0x35,
    0x20, 0x33, 0x35, 0x2e, 0x35, 0x76, 0x31, 0x30, 0x30, 0x71, 0x30, 0x20, 0x32, 0x31, 0x20, 0x31,
    0x34, 0x2e, 0x35, 0x20, 0x33, 0x35, 0x2e, 0x35, 0x74, 0x33, 0x35, 0x2e, 0x35, 0x20, 0x31, 0x34,
    0x2e, 0x35, 0x7a, 0x4d, 0x35, 0x35, 0x30, 0x20, 0x38, 0x30, 0x30, 0x68, 0x35, 0x30, 0x30, 0x71,
    0x32, 0x31, 0x20, 0x30, 0x20, 0x33, 0x35, 0x2e, 0x35, 0x20, 0x2d, 0x31, 0x34, 0x2e, 0x35, 0x74,
    0x31, 0x34, 0x2e, 0x35, 0x20, 0x2d, 0x33, 0x35, 0x2e, 0x35, 0x76, 0x2d, 0x31, 0x30, 0x30, 0x71,
    0x30, 0x20, 0x2d, 0x32, 0x31, 0x20, 0x2d, 0x31, 0x34, 0x2e, 0x35, 0x20, 0x2d, 0x33, 0x35, 0x2e,
    0x35, 0x74, 0x2d, 0x33, 0x35, 0x2e, 0x35, 0x20, 0x2d, 0x31, 0x34, 0x2e, 0x35, 0x68, 0x2d, 0x35,
    0x30, 0x30, 0x20, 0x71, 0x2d, 0x32, 0x31, 0x20, 0x30, 0x20, 0x2d, 0x33, 0x35, 0x2e, 0x35, 0x20,
    0x31, 0x34, 0x2e, 0x35, 0x74, 0x2d, 0x31, 0x34, 0x2e, 0x35, 0x20, 0x33, 0x35, 0x2e, 0x35, 0x76,
    0x31, 0x30, 0x30, 0x71, 0x30, 0x20, 0x32, 0x31, 0x20, 0x31, 0x34, 0x2e, 0x35, 0x20, 0x33, 0x35,
    0x2e, 0x35, 0x74, 0x33, 0x35, 0x2e, 0x35, 0x20, 0x31, 0x34, 0x2e, 0x35, 0x7a, 0x4d, 0x32, 0x36,
    0x37, 0x20, 0x35, 0x35, 0x30, 0x6c, 0x2d, 0x31, 0x36, 0x37, 0x20, 0x2d, 0x31, 0x32, 0x35, 0x76,
    0x37, 0x35, 0x68, 0x2d, 0x32, 0x30, 0x30, 0x76, 0x31, 0x30, 0x30, 0x68, 0x32, 0x30, 0x30, 0x76,
    0x37, 0x35, 0x7a, 0x4d, 0x35, 0x35, 0x30, 0x20, 0x35, 0x30, 0x30, 0x68, 0x33, 0x30, 0x30, 0x71,
    0x32, 0x31, 0x20, 0x30, 0x20, 0x33, 0x35, 0x2e, 0x35, 0x20, 0x2d, 0x31, 0x34, 0x2e, 0x35, 0x74,
    0x31, 0x34, 0x2e, 0x35, 0x20, 0x2d, 0x33, 0x35, 0x2e, 0x35, 0x76, 0x2d, 0x31, 0x30, 0x30, 0x71,
    0x30, 0x20, 0x2d, 0x32, 0x31, 0x20, 0x2d, 0x31, 0x34, 0x2e, 0x35, 0x20, 0x2d, 0x33, 0x35, 0x2e,
    0x35, 0x74, 0x2d, 0x33, 0x35, 0x2e, 0x35, 0x20, 0x2d, 0x31, 0x34, 0x2e, 0x35, 0x68, 0x2d, 0x33,
    0x30, 0x30, 0x71, 0x2d, 0x32, 0x31, 0x20, 0x30, 0x20, 0x2d, 0x33, 0x35, 0x2e, 0x35, 0x20, 0x31,
    0x34, 0x2e, 0x35, 0x74, 0x2d, 0x31, 0x34, 0x2e, 0x35, 0x20, 0x33, 0x35, 0x2e, 0x35, 0x76, 0x31,
    0x30, 0x30, 0x71, 0x30, 0x20, 0x32, 0x31, 0x20, 0x31, 0x34, 0x2e, 0x35, 0x20, 0x33, 0x35, 0x2e,
    0x35, 0x74, 0x33, 0x35, 0x2e, 0x35, 0x20, 0x31, 0x34, 0x2e, 0x35, 0x7a, 0x4d, 0x35, 0x35, 0x30,
    0x20, 0x32, 0x30, 0x30, 0x68, 0x36, 0x30, 0x30, 0x20, 0x71, 0x32, 0x31, 0x20, 0x30, 0x20, 0x33,
    0x35, 0x2e, 0x35, 0x20, 0x2d, 0x31, 0x34, 0x2e, 0x35, 0x74, 0x31, 0x34, 0x2e, 0x35, 0x20, 0x2d,
    0x33, 0x35, 0x2e, 0x35, 0x76, 0x2d, 0x31, 0x30, 0x30, 0x71, 0x30, 0x20, 0x2d, 0x32, 0x31, 0x20,
    0x2d, 0x31, 0x34, 0x2e, 0x35, 0x20, 0x2d, 0x33, 0x35, 0x2e, 0x35, 0x74, 0x2d, 0x33, 0x35, 0x2e,
    0x35, 0x20, 0x2d, 0x31, 0x34, 0x2e, 0x35, 0x68, 0x2d, 0x36, 0x30, 0x30, 0x71, 0x2d, 0x32, 0x31,
    0x20, 0x30, 0x20, 0x2d, 0x33, 0x35, 0x2e, 0x35, 0x20, 0x31, 0x34, 0x2e, 0x35, 0x74, 0x2d, 0x31,
    0x34, 0x2e, 0x35, 0x20, 0x33, 0x35, 0x2e, 0x35, 0x76, 0x31, 0x30, 0x30, 0x71, 0x30, 0x20, 0x32,
    0x31, 0x20, 0x31, 0x34, 0x2e, 0x35, 0x20, 0x33, 0x35, 0x2e, 0x35, 0x74, 0x33, 0x35, 0x2e, 0x35,
    0x20, 0x31, 0x34, 0x2e, 0x35, 0x7a, 0x22, 0x20, 0x2f, 0x3e, 0x0a, 0x3c, 0x67, 0x6c, 0x79, 0x70,
    0x68, 0x20, 0x75, 0x6e, 0x69, 0x63, 0x6f, 0x64, 0x65, 0x3d, 0x22, 0x26, 0x23, 0x78, 0x65, 0x30,
    0x35, 0x38, 0x3b, 0x22, 0x20, 0x64, 0x3d, 0x22, 0x4d, 0x35, 0x30, 0x20, 0x31, 0x31, 0x30, 0x30,
    0x68, 0x31, 0x30, 0x30, 0x71, 0x32, 0x31, 0x20, 0x30, 0x20, 0x33, 0x35, 0x2e, 0x35, 0x20, 0x2d,
    0x31, 0x34, 0x2e, 0x35, 0x74, 0x31, 0x34, 0x2e, 0x35, 0x20, 0x2d, 0x33, 0x35, 0x2e, 0x35, 0x76,
    0x2d, 0x31, 0x30, 0x30, 0x71, 0x30, 0x20, 0x2d, 0x32, 0x31, 0x20, 0x2d, 0x31, 0x34, 0x2e, 0x35,
    0x20, 0x2d, 0x33, 0x35, 0x2e, 0x35, 0x74, 0x2d, 0x33, 0x35, 0x2e, 0x35, 0x20, 0x2d, 0x31, 0x34,
    0x2e, 0x35, 0x68, 0x2d, 0x31, 0x30, 0x30, 0x71, 0x2d, 0x32, 0x31, 0x20, 0x30, 0x20, 0x2d, 0x33,
    0x35, 0x2e, 0x35, 0x20, 0x31, 0x34, 0x2e, 0x35, 0x74, 0x2d, 0x31, 0x34, 0x2e, 0x35, 0x20, 0x33,
    0x35, 0x2e, 0x35, 0x76, 0x31, 0x30, 0x30, 0x71, 0x30, 0x20, 0x32, 0x31, 0x20, 0x31, 0x34, 0x2e,
    0x35, 0x20, 0x33, 0x35, 0x2e, 0x35, 0x74, 0x33, 0x35, 0x2e, 0x35, 0x20, 0x31, 0x34, 0x2e, 0x35,
    0x7a, 0x4d, 0x39, 0x30, 0x30, 0x20, 0x30, 0x68, 0x2d, 0x31, 0x30, 0x30, 0x76, 0x31, 0x31, 0x30,
    0x30, 0x68, 0x31, 0x30, 0x30, 0x76, 0x2d, 0x31, 0x31, 0x30, 0x30, 0x7a, 0x4d, 0x35, 0x30, 0x20,
    0x38, 0x30, 0x30, 0x68, 0x35, 0x30, 0x30, 0x71, 0x32, 0x31, 0x20, 0x30, 0x20, 0x33, 0x35, 0x2e,
    0x35, 0x20, 0x2d, 0x31, 0x34, 0x2e, 0x35, 0x74, 0x31, 0x34, 0x2e, 0x35, 0x20, 0x2d, 0x33, 0x35,
    0x2e, 0x35, 0x76, 0x2d, 0x31, 0x30, 0x30, 0x71, 0x30, 0x20, 0x2d, 0x32, 0x31, 0x20, 0x2d, 0x31,
    0x34, 0x2e, 0x35, 0x20, 0x2d, 0x33, 0x35, 0x2e, 0x35, 0x74, 0x2d, 0x33, 0x35, 0x2e, 0x35, 0x20,
    0x2d, 0x31, 0x34, 0x2e, 0x35, 0x68, 0x2d, 0x35, 0x30, 0x30, 0x20, 0x71, 0x2d, 0x32, 0x31, 0x20,
    0x30, 0x20, 0x2d, 0x33, 0x35, 0x2e, 0x35, 0x20, 0x31, 0x34, 0x2e, 0x35, 0x74, 0x2d, 0x31, 0x34,
    0x2e, 0x35, 0x20, 0x33, 0x35, 0x2e, 0x35, 0x76, 0x31, 0x30, 0x30, 0x71, 0x30, 0x20, 0x32, 0x31,
    0x20, 0x31, 0x34, 0x2e, 0x35, 0x20, 0x33, 0x35, 0x2e, 0x35, 0x74, 0x33, 0x35, 0x2e, 0x35, 0x20,
    0x31, 0x34, 0x2e, 0x35, 0x7a, 0x4d, 0x31, 0x31, 0x30, 0x30, 0x20, 0x36, 0x30, 0x30, 0x68, 0x32,
    0x30, 0x30, 0x76, 0x2d, 0x31, 0x30, 0x30, 0x68, 0x2d, 0x32, 0x30, 0x30, 0x76, 0x2d, 0x37, 0x35,
    0x6c, 0x2d, 0x31, 0x36, 0x37, 0x20, 0x31, 0x32, 0x35, 0x6c, 0x31, 0x36, 0x37, 0x20, 0x31, 0x32,
    0x35, 0x76, 0x2d, 0x37, 0x35, 0x7a, 0x4d, 0x35, 0x30, 0x20, 0x35, 0x30, 0x30, 0x68, 0x33, 0x30,
    0x30, 0x71, 0x32, 0x31, 0x20, 0x30, 0x20, 0x33, 0x35, 0x2e, 0x35, 0x20, 0x2d, 0x31, 0x34, 0x2e,
    0x35, 0x74, 0x31, 0x34, 0x2e, 0x35, 0x20, 0x2d, 0x33, 0x35, 0x2e, 0x35, 0x76, 0x2d, 0x31, 0x30,
    0x30, 0x71, 0x30, 0x20, 0x2d, 0x32, 0x31, 0x20, 0x2d, 0x31, 0x34, 0x2e, 0x35, 0x20, 0x2d, 0x33,
    0x35, 0x2e, 0x35, 0x74, 0x2d, 0x33, 0x35, 0x2e, 0x35, 0x20, 0x2d, 0x31, 0x34, 0x2e, 0x35, 0x68,
    0x2d, 0x33, 0x30, 0x30, 0x71, 0x2d, 0x32, 0x31, 0x20, 0x30, 0x20, 0x2d, 0x33, 0x35, 0x2e, 0x35,
    0x20, 0x31, 0x34, 0x2e, 0x35, 0x74, 0x2d, 0x31, 0x34, 0x2e, 0x35, 0x20, 0x33, 0x35, 0x2e, 0x35,
    0x76, 0x31, 0x30, 0x30, 0x71, 0x30, 0x20, 0x32, 0x31, 0x20, 0x31, 0x34, 0x2e, 0x35, 0x20, 0x33,
    0x35, 0x2e, 0x35, 0x74, 0x33, 0x35, 0x2e, 0x35, 0x20, 0x31, 0x34, 0x2e, 0x35, 0x7a, 0x4d, 0x35,
    0x30, 0x20, 0x32, 0x30, 0x30, 0x68, 0x36, 0x30, 0x30, 0x20, 0x71, 0x32, 0x31, 0x20, 0x30, 0x20,
    0x33, 0x35, 0x2e, 0x35, 0x20, 0x2d, 0x31, 0x34, 0x2e, 0x35, 0x74, 0x31, 0x34, 0x2e, 0x35, 0x20,
    0x2d, 0x33, 0x35, 0x2e, 0x35, 0x76, 0x2d, 0x31, 0x30, 0x30, 0x71, 0x30, 0x20, 0x2d, 0x32, 0x31,
    0x20, 0x2d, 0x31, 0x34, 0x2e, 0x35, 0x20, 0x2d, 0x33, 0x35, 0x2e, 0x35, 0x74, 0x2d, 0x33, 0x35,
    0x2e, 0x35, 0x20, 0x2d, 0x31, 0x34, 0x2e, 0x35, 0x68, 0x2d, 0x36, 0x30, 0x30, 0x71, 0x2d, 0x32,
    0x31, 0x20, 0x30, 0x20, 0x2d, 0x33, 0x35, 0x2e, 0x35, 0x20, 0x31, 0x34, 0x2e, 0x35, 0x74, 0x2d,
    0x31, 0x34, 0x2e, 0x35, 0x20, 0x33, 0x35, 0x2e, 0x35, 0x76, 0x31, 0x30, 0x30, 0x71, 0x30, 0x20,
    0x32, 0x31, 0x20, 0x31, 0x34, 0x2e, 0x35, 0x20, 0x33, 0x35, 0x2e, 0x35, 0x74, 0x33, 0x35, 0x2e,
    0x35, 0x20, 0x31, 0x34, 0x2e, 0x35, 0x7a, 0x22, 0x20, 0x2f, 0x3e, 0x0a, 0x3c, 0x67, 0x6c, 0x79,
    0x70, 0x68, 0x20, 0x75, 0x6e, 0x69, 0x63, 0x6f, 0x64, 0x65, 0x3d, 0x22, 0x26, 0x23, 0x78, 0x65,
    0x30, 0x35, 0x39, 0x3b, 0x22, 0x20, 0x64, 0x3d, 0x22, 0x4d, 0x37, 0x35, 0x20, 0x31, 0x30, 0x30,
    0x30, 0x68, 0x37, 0x35, 0x30, 0x71, 0x33, 0x31, 0x20, 0x30, 0x20, 0x35, 0x33, 0x20, 0x2d, 0x32,
    0x32, 0x74, 0x32, 0x32, 0x20, 0x2d, 0x35, 0x33, 0x76, 0x2d, 0x36, 0x35, 0x30, 0x71, 0x30, 0x20,
    0x2d, 0x33, 0x31, 0x20, 0x2d, 0x32, 0x32, 0x20, 0x2d, 0x35, 0x33, 0x74, 0x2d, 0x35, 0x33, 0x20,
    0x2d, 0x32, 0x32, 0x68, 0x2d, 0x37, 0x35, 0x30, 0x71, 0x2d, 0x33, 0x31, 0x20, 0x30, 0x20, 0x2d,
    0x35, 0x33, 0x20, 0x32, 0x32, 0x74, 0x2d, 0x32, 0x32, 0x20, 0x35, 0x33, 0x76, 0x36, 0x35, 0x30,
    0x71, 0x30, 0x20, 0x33, 0x31, 0x20, 0x32, 0x32, 0x20, 0x35, 0x33, 0x74, 0x35, 0x33, 0x20, 0x32,
    0x32, 0x7a, 0x4d, 0x31, 0x32, 0x30, 0x30, 0x20, 0x33, 0x30, 0x30, 0x6c, 0x2d, 0x33, 0x30, 0x30,
    0x20, 0x33, 0x30, 0x30, 0x6c, 0x33, 0x30, 0x30, 0x20, 0x33, 0x30, 0x30, 0x76, 0x2d, 0x36, 0x30,
    0x30, 0x7a, 0x22, 0x20, 0x2f, 0x3e, 0x0a, 0x3c, 0x67, 0x6c, 0x79, 0x70, 0x68, 0x20, 0x75, 0x6e,
    0x69, 0x63, 0x6f, 0x64, 0x65, 0x3d, 0x22, 0x26, 0x23, 0x78, 0x65, 0x30, 0x36, 0x30, 0x3b, 0x22,
    0x20, 0x64, 0x3d, 0x22, 0x4d, 0x34, 0x34, 0x20, 0x31, 0x31, 0x30, 0x30, 0x68, 0x31, 0x31, 0x31,
    0x32, 0x71, 0x31, 0x38, 0x20, 0x30, 0x20, 0x33, 0x31, 0x20, 0x2d, 0x31, 0x33, 0x74, 0x31, 0x33,
    0x20, 0x2d, 0x33, 0x31, 0x76, 0x2d, 0x31, 0x30, 0x31, 0x32, 0x71, 0x30, 0x20, 0x2d, 0x31, 0x38,
    0x20, 0x2d, 0x31, 0x33, 0x20, 0x2d, 0x33, 0x31, 0x74, 0x2d, 0x33, 0x31, 0x20, 0x2d, 0x31, 0x33,
    0x68, 0x2d, 0x31, 0x31, 0x31, 0x32, 0x71, 0x2d, 0x31, 0x38, 0x20, 0x30, 0x20, 0x2d, 0x33, 0x31,
    0x20, 0x31, 0x33, 0x74, 0x2d, 0x31, 0x33, 0x20, 0x33, 0x31, 0x76, 0x31, 0x30, 0x31, 0x32, 0x71,
    0x30, 0x20, 0x31, 0x38, 0x20, 0x31, 0x33, 0x20, 0x33, 0x31, 0x74, 0x33, 0x31, 0x20, 0x31, 0x33,
    0x7a, 0x4d, 0x31, 0x30, 0x30, 0x20, 0x31, 0x30, 0x30, 0x30, 0x76, 0x2d, 0x37, 0x33, 0x37, 0x6c,
    0x32, 0x34, 0x37, 0x20, 0x31, 0x38, 0x32, 0x6c, 0x32, 0x39, 0x38, 0x20, 0x2d, 0x31, 0x33, 0x31,
    0x6c, 0x2d, 0x37, 0x34, 0x20, 0x31, 0x35, 0x36, 0x6c, 0x32, 0x39, 0x33, 0x20, 0x33, 0x31, 0x38,
    0x6c, 0x32, 0x33, 0x36, 0x20, 0x2d, 0x32, 0x38, 0x38, 0x76, 0x35, 0x30, 0x30, 0x68, 0x2d, 0x31,
    0x30, 0x30, 0x30, 0x7a, 0x4d, 0x33, 0x34, 0x32, 0x20, 0x38, 0x38, 0x34, 0x71, 0x35, 0x36, 0x20,
    0x30, 0x20, 0x39, 0x35, 0x20, 0x2d, 0x33, 0x39, 0x74, 0x33, 0x39, 0x20, 0x2d, 0x39, 0x34, 0x2e,
    0x35, 0x74, 0x2d, 0x33, 0x39, 0x20, 0x2d, 0x39, 0x35, 0x74, 0x2d, 0x39, 0x35, 0x20, 0x2d, 0x33,
    0x39, 0x2e, 0x35, 0x74, 0x2d, 0x39, 0x35, 0x20, 0x33, 0x39, 0x2e, 0x35, 0x74, 0x2d, 0x33, 0x39,
    0x20, 0x39, 0x35, 0x74, 0x33, 0x39, 0x20, 0x39, 0x34, 0x2e, 0x35, 0x20, 0x74, 0x39, 0x35, 0x20,
    0x33, 0x39, 0x7a, 0x22, 0x20, 0x2f, 0x3e, 0x0a, 0x3c, 0x67, 0x6c, 0x79, 0x70, 0x68, 0x20, 0x75,
    0x6e, 0x69, 0x63, 0x6f, 0x64, 0x65, 0x3d, 0x22, 0x26, 0x23, 0x78, 0x65, 0x30, 0x36, 0x32, 0x3b,
    0x22, 0x20, 0x64, 0x3d, 0x22, 0x4d, 0x36, 0x34, 0x38, 0x20, 0x31, 0x31, 0x36, 0x39, 0x71, 0x31,
    0x31, 0x37, 0x20, 0x30, 0x20, 0x32, 0x31, 0x36, 0x20, 0x2d, 0x36, 0x30, 0x74, 0x31, 0x35, 0x36,
    0x2e, 0x35, 0x20, 0x2d, 0x31, 0x36, 0x31, 0x74, 0x35, 0x37, 0x2e, 0x35, 0x20, 0x2d, 0x32, 0x31,
    0x38, 0x71, 0x30, 0x20, 0x2d, 0x31, 0x31, 0x35, 0x20, 0x2d, 0x37, 0x30, 0x20, 0x2d, 0x32, 0x35,
    0x38, 0x71, 0x2d, 0x36, 0x39, 0x20, 0x2d, 0x31, 0x30, 0x39, 0x20, 0x2d, 0x31, 0x35, 0x38, 0x20,
    0x2d, 0x32, 0x32, 0x35, 0x2e, 0x35, 0x74, 0x2d, 0x31, 0x34, 0x33, 0x20, 0x2d, 0x31, 0x37, 0x39,
    0x2e, 0x35, 0x6c, 0x2d, 0x35, 0x34, 0x20, 0x2d, 0x36, 0x32, 0x71, 0x2d, 0x39, 0x20, 0x38, 0x20,
    0x2d, 0x32, 0x35, 0x2e, 0x35, 0x20, 0x32, 0x34, 0x2e, 0x35, 0x74, 0x2d, 0x36, 0x33, 0x2e, 0x35,
    0x20, 0x36, 0x37, 0x2e, 0x35, 0x74, 0x2d, 0x39, 0x31, 0x20, 0x31, 0x30, 0x33, 0x74, 0x2d, 0x39,
    0x38, 0x2e, 0x35, 0x20, 0x31, 0x32, 0x38, 0x74, 0x2d, 0x39, 0x35, 0x2e, 0x35, 0x20, 0x31, 0x34,
    0x38, 0x71, 0x2d, 0x36, 0x30, 0x20, 0x31, 0x33, 0x32, 0x20, 0x2d, 0x36, 0x30, 0x20, 0x32, 0x34,
    0x39, 0x71, 0x30, 0x20, 0x38, 0x38, 0x20, 0x33, 0x34, 0x20, 0x31, 0x36, 0x39, 0x2e, 0x35, 0x74,
    0x39, 0x31, 0x2e, 0x35, 0x20, 0x31, 0x34, 0x32, 0x74, 0x31, 0x33, 0x37, 0x20, 0x39, 0x36, 0x2e,
    0x35, 0x74, 0x31, 0x36, 0x36, 0x2e, 0x35, 0x20, 0x33, 0x36, 0x7a, 0x4d, 0x36, 0x35, 0x32, 0x2e,
    0x35, 0x20, 0x39, 0x37, 0x34, 0x71, 0x2d, 0x39, 0x31, 0x2e, 0x35, 0x20, 0x30, 0x20, 0x2d, 0x31,
    0x35, 0x36, 0x2e, 0x35, 0x20, 0x2d, 0x36, 0x35, 0x20, 0x74, 0x2d, 0x36, 0x35, 0x20, 0x2d, 0x31,
    0x35, 0x37, 0x74, 0x36, 0x35, 0x20, 0x2d, 0x31, 0x35, 0x36, 0x2e, 0x35, 0x74, 0x31, 0x35, 0x36,
    0x2e, 0x35, 0x20, 0x2d, 0x36, 0x34, 0x2e, 0x35, 0x74, 0x31, 0x35, 0x36, 0x2e, 0x35, 0x20, 0x36,
    0x34, 0x2e, 0x35, 0x74, 0x36, 0x35, 0x20, 0x31, 0x35, 0x36, 0x2e, 0x35, 0x74, 0x2d, 0x36, 0x35,
    0x20, 0x31, 0x35, 0x37, 0x74, 0x2d, 0x31, 0x35, 0x36, 0x2e, 0x35, 0x20, 0x36, 0x35, 0x7a, 0x22,
    0x20, 0x2f, 0x3e, 0x0a, 0x3c, 0x67, 0x6c, 0x79, 0x70, 0x68, 0x20, 0x75, 0x6e, 0x69, 0x63, 0x6f,
    0x64, 0x65, 0x3d, 0x22, 0x26, 0x23, 0x78, 0x65, 0x30, 0x36, 0x33, 0x3b, 0x22, 0x20, 0x64, 0x3d,
    0x22, 0x4d, 0x36, 0x30, 0x30, 0x20, 0x31, 0x31, 0x37, 0x37, 0x71, 0x31, 0x31, 0x37, 0x20, 0x30,
    0x20, 0x32, 0x32, 0x34, 0x20, 0x2d, 0x34, 0x35, 0x2e, 0x35, 0x74, 0x31, 0x38, 0x34, 0x2e, 0x35,
    0x20, 0x2d, 0x31, 0x32, 0x33, 0x74, 0x31, 0x32, 0x33, 0x20, 0x2d, 0x31, 0x38, 0x34, 0x2e, 0x35,
    0x74, 0x34, 0x35, 0x2e, 0x35, 0x20, 0x2d, 0x32, 0x32, 0x34, 0x74, 0x2d, 0x34, 0x35, 0x2e, 0x35,
    0x20, 0x2d, 0x32, 0x32, 0x34, 0x74, 0x2d, 0x31, 0x32, 0x33, 0x20, 0x2d, 0x31, 0x38, 0x34, 0x2e,
    0x35, 0x74, 0x2d, 0x31, 0x38, 0x34, 0x2e, 0x35, 0x20, 0x2d, 0x31, 0x32, 0x33, 0x74, 0x2d, 0x32,
    0x32, 0x34, 0x20, 0x2d, 0x34, 0x35, 0x2e, 0x35, 0x74, 0x2d, 0x32, 0x32, 0x34, 0x20, 0x34, 0x35,
    0x2e, 0x35, 0x74, 0x2d, 0x31, 0x38, 0x34, 0x2e, 0x35, 0x20, 0x31, 0x32, 0x33, 0x74, 0x2d, 0x31,
    0x32, 0x33, 0x20, 0x31, 0x38, 0x34, 0x2e, 0x35, 0x74, 0x2d, 0x34, 0x35, 0x2e, 0x35, 0x20, 0x32,
    0x32, 0x34, 0x74, 0x34, 0x35, 0x2e, 0x35, 0x20, 0x32, 0x32, 0x34, 0x74, 0x31, 0x32, 0x33, 0x20,
    0x31, 0x38, 0x34, 0x2e, 0x35, 0x74, 0x31, 0x38, 0x34, 0x2e, 0x35, 0x20, 0x31, 0x32, 0x33, 0x74,
    0x32, 0x32, 0x34, 0x20, 0x34, 0x35, 0x2e, 0x35, 0x7a, 0x4d, 0x36, 0x30, 0x30, 0x20, 0x31, 0x37,
    0x33, 0x76, 0x38, 0x35, 0x34, 0x71, 0x2d, 0x31, 0x31, 0x36, 0x20, 0x30, 0x20, 0x2d, 0x32, 0x31,
    0x34, 0x2e, 0x35, 0x20, 0x2d, 0x35, 0x37, 0x74, 0x2d, 0x31, 0x35, 0x35, 0x2e, 0x35, 0x20, 0x2d,
    0x31, 0x35, 0x35, 0x2e, 0x35, 0x74, 0x2d, 0x35, 0x37, 0x20, 0x2d, 0x32, 0x31, 0x34, 0x2e, 0x35,
    0x74, 0x35, 0x37, 0x20, 0x2d, 0x32, 0x31, 0x34, 0x2e, 0x35, 0x20, 0x74, 0x31, 0x35, 0x35, 0x2e,
    0x35, 0x20, 0x2d, 0x31, 0x35, 0x35, 0x2e, 0x35, 0x74, 0x32, 0x31, 0x34, 0x2e, 0x35, 0x20, 0x2d,
    0x35, 0x37, 0x7a, 0x22, 0x20, 0x2f, 0x3e, 0x0a, 0x3c, 0x67, 0x6c, 0x79, 0x70, 0x68, 0x20, 0x75,
    0x6e, 0x69, 0x63, 0x6f, 0x64, 0x65, 0x3d, 0x22, 0x26, 0x23, 0x78, 0x65, 0x30, 0x36, 0x34, 0x3b,
    0x22, 0x20, 0x64, 0x3d, 0x22, 0x4d, 0x35, 0x35, 0x34, 0x20, 0x31, 0x32, 0x39, 0x35, 0x71, 0x32,
    0x31, 0x20, 0x2d, 0x37, 0x32, 0x20, 0x35, 0x37, 0x2e, 0x35, 0x20, 0x2d, 0x31, 0x34, 0x33, 0x2e,
    0x35, 0x74, 0x37, 0x36, 0x20, 0x2d, 0x31, 0x33, 0x30, 0x74, 0x38, 0x33, 0x20, 0x2d, 0x31, 0x31,
    0x38, 0x74, 0x38, 0x32, 0x2e, 0x35, 0x20, 0x2d, 0x31, 0x31, 0x37, 0x74, 0x37, 0x30, 0x20, 0x2d,
    0x31, 0x31, 0x36, 0x74, 0x34, 0x39, 0x2e, 0x35, 0x20, 0x2d, 0x31, 0x32, 0x36, 0x74, 0x31, 0x38,
    0x2e, 0x35, 0x20, 0x2d, 0x31, 0x33, 0x36, 0x2e, 0x35, 0x71, 0x30, 0x20, 0x2d, 0x37, 0x31, 0x20,
    0x2d, 0x32, 0x35, 0x2e, 0x35, 0x20, 0x2d, 0x31, 0x33, 0x35, 0x74, 0x2d, 0x36, 0x38, 0x2e, 0x35,
    0x20, 0x2d, 0x31, 0x31, 0x31, 0x74, 0x2d, 0x39, 0x39, 0x20, 0x2d, 0x38, 0x32, 0x74, 0x2d, 0x31,
    0x31, 0x38, 0x2e, 0x35, 0x20, 0x2d, 0x35, 0x34, 0x74, 0x2d, 0x31, 0x32, 0x35, 0x2e, 0x35, 0x20,
    0x2d, 0x32, 0x33, 0x71, 0x2d, 0x38, 0x34, 0x20, 0x35, 0x20, 0x2d, 0x31, 0x36, 0x31, 0x2e, 0x35,
    0x20, 0x33, 0x34, 0x74, 0x2d, 0x31, 0x33, 0x39, 0x2e, 0x35, 0x20, 0x37, 0x38, 0x2e, 0x35, 0x74,
    0x2d, 0x39, 0x39, 0x20, 0x31, 0x32, 0x35, 0x74, 0x2d, 0x33, 0x37, 0x20, 0x31, 0x36, 0x34, 0x2e,
    0x35, 0x71, 0x30, 0x20, 0x36, 0x39, 0x20, 0x31, 0x38, 0x20, 0x31, 0x33, 0x36, 0x2e, 0x35, 0x74,
    0x34, 0x39, 0x2e, 0x35, 0x20, 0x31, 0x32, 0x36, 0x2e, 0x35, 0x74, 0x36, 0x39, 0x2e, 0x35, 0x20,
    0x31, 0x31, 0x36, 0x2e, 0x35, 0x74, 0x38, 0x31, 0x2e, 0x35, 0x20, 0x31, 0x31, 0x37, 0x2e, 0x35,
    0x74, 0x38, 0x33, 0x2e, 0x35, 0x20, 0x31, 0x31, 0x39, 0x20, 0x74, 0x37, 0x36, 0x2e, 0x35, 0x20,
    0x31, 0x33, 0x31, 0x74, 0x35, 0x38, 0x2e, 0x35, 0x20, 0x31, 0x34, 0x33, 0x7a, 0x4d, 0x33, 0x34,
    0x34, 0x20, 0x37, 0x31, 0x30, 0x71, 0x2d, 0x32, 0x33, 0x20, 0x2d, 0x33, 0x33, 0x20, 0x2d, 0x34,
    0x33, 0x2e, 0x35, 0x20, 0x2d, 0x37, 0x30, 0x2e, 0x35, 0x74, 0x2d, 0x34, 0x30, 0x2e, 0x35, 0x20,
    0x2d, 0x31, 0x30, 0x32, 0x2e, 0x35, 0x74, 0x2d, 0x31, 0x37, 0x20, 0x2d, 0x31, 0x32, 0x33, 0x71,
    0x31, 0x20, 0x2d, 0x33, 0x37, 0x20, 0x31, 0x34, 0x2e, 0x35, 0x20, 0x2d, 0x36, 0x39, 0x2e, 0x35,
    0x74, 0x33, 0x30, 0x20, 0x2d, 0x35, 0x32, 0x74, 0x34, 0x31, 0x20, 0x2d, 0x33, 0x37, 0x74, 0x33,
    0x38, 0x2e, 0x35, 0x20, 0x2d, 0x32, 0x34, 0x2e, 0x35, 0x74, 0x33, 0x33, 0x20, 0x2d, 0x31, 0x35,
    0x71, 0x32, 0x31, 0x20, 0x2d, 0x37, 0x20, 0x33, 0x32, 0x20, 0x2d, 0x31, 0x74, 0x31, 0x33, 0x20,
    0x32, 0x32, 0x6c, 0x36, 0x20, 0x33, 0x34, 0x71, 0x32, 0x20, 0x31, 0x30, 0x20, 0x2d, 0x32, 0x2e,
    0x35, 0x20, 0x32, 0x32, 0x74, 0x2d, 0x31, 0x33, 0x2e, 0x35, 0x20, 0x31, 0x39, 0x71, 0x2d, 0x35,
    0x20, 0x34, 0x20, 0x2d, 0x31, 0x34, 0x20, 0x31, 0x32, 0x74, 0x2d, 0x32, 0x39, 0x2e, 0x35, 0x20,
    0x34, 0x30, 0x2e, 0x35, 0x74, 0x2d, 0x33, 0x32, 0x2e, 0x35, 0x20, 0x37, 0x33, 0x2e, 0x35, 0x71,
    0x2d, 0x32, 0x36, 0x20, 0x38, 0x39, 0x20, 0x36, 0x20, 0x32, 0x37, 0x31, 0x71, 0x32, 0x20, 0x31,
    0x31, 0x20, 0x2d, 0x36, 0x20, 0x31, 0x31, 0x71, 0x2d, 0x38, 0x20, 0x31, 0x20, 0x2d, 0x31, 0x35,
    0x20, 0x2d, 0x31, 0x30, 0x7a, 0x22, 0x20, 0x2f, 0x3e, 0x0a, 0x3c, 0x67, 0x6c, 0x79, 0x70, 0x68,
    0x20, 0x75, 0x6e, 0x69, 0x63, 0x6f, 0x64, 0x65, 0x3d, 0x22, 0x26, 0x23, 0x78, 0x65, 0x30, 0x36,
    0x35, 0x3b, 0x22, 0x20, 0x64, 0x3d, 0x22, 0x4d, 0x31, 0x30, 0x30, 0x30, 0x20, 0x31, 0x30, 0x31,
    0x33, 0x6c, 0x31, 0x30, 0x38, 0x20, 0x31, 0x31, 0x35, 0x71, 0x32, 0x20, 0x31, 0x20, 0x35, 0x20,
    0x32, 0x74, 0x31, 0x33, 0x20, 0x32, 0x74, 0x32, 0x30, 0x2e, 0x35, 0x20, 0x2d, 0x31, 0x74, 0x32,
    0x35, 0x20, 0x2d, 0x39, 0x2e, 0x35, 0x74, 0x32, 0x38, 0x2e, 0x35, 0x20, 0x2d, 0x32, 0x31, 0x2e,
    0x35, 0x71, 0x32, 0x32, 0x20, 0x2d, 0x32, 0x32, 0x20, 0x32, 0x37, 0x20, 0x2d, 0x34, 0x33, 0x74,
    0x30, 0x20, 0x2d, 0x33, 0x32, 0x6c, 0x2d, 0x36, 0x20, 0x2d, 0x31, 0x30, 0x6c, 0x2d, 0x31, 0x30,
    0x38, 0x20, 0x2d, 0x31, 0x31, 0x35, 0x7a, 0x4d, 0x33, 0x35, 0x30, 0x20, 0x31, 0x31, 0x30, 0x30,
    0x68, 0x34, 0x30, 0x30, 0x71, 0x35, 0x30, 0x20, 0x30, 0x20, 0x31, 0x30, 0x35, 0x20, 0x2d, 0x31,
    0x33, 0x6c, 0x2d, 0x31, 0x38, 0x37, 0x20, 0x2d, 0x31, 0x38, 0x37, 0x68, 0x2d, 0x33, 0x36, 0x38,
    0x71, 0x2d, 0x34, 0x31, 0x20, 0x30, 0x20, 0x2d, 0x37, 0x30, 0x2e, 0x35, 0x20, 0x2d, 0x32, 0x39,
    0x2e, 0x35, 0x74, 0x2d, 0x32, 0x39, 0x2e, 0x35, 0x20, 0x2d, 0x37, 0x30, 0x2e, 0x35, 0x76, 0x2d,
    0x35, 0x30, 0x30, 0x71, 0x30, 0x20, 0x2d, 0x34, 0x31, 0x20, 0x32, 0x39, 0x2e, 0x35, 0x20, 0x2d,
    0x37, 0x30, 0x2e, 0x35, 0x74, 0x37, 0x30, 0x2e, 0x35, 0x20, 0x2d, 0x32, 0x39, 0x2e, 0x35, 0x68,
    0x35, 0x30, 0x30, 0x71, 0x34, 0x31, 0x20, 0x30, 0x20, 0x37, 0x30, 0x2e, 0x35, 0x20, 0x32, 0x39,
    0x2e, 0x35, 0x74, 0x32, 0x39, 0x2e, 0x35, 0x20, 0x37, 0x30, 0x2e, 0x35, 0x76, 0x31, 0x38, 0x32,
    0x6c, 0x32, 0x30, 0x30, 0x20, 0x32, 0x30, 0x30, 0x76, 0x2d, 0x33, 0x33, 0x32, 0x20, 0x71, 0x30,
    0x20, 0x2d, 0x31, 0x36, 0x35, 0x20, 0x2d, 0x39, 0x33, 0x2e, 0x35, 0x20, 0x2d, 0x32, 0x35, 0x37,
    0x2e, 0x35, 0x74, 0x2d, 0x32, 0x35, 0x36, 0x2e, 0x35, 0x20, 0x2d, 0x39, 0x32, 0x2e, 0x35, 0x68,
    0x2d, 0x34, 0x30, 0x30, 0x71, 0x2d, 0x31, 0x36, 0x35, 0x20, 0x30, 0x20, 0x2d, 0x32, 0x35, 0x37,
    0x2e, 0x35, 0x20, 0x39, 0x32, 0x2e, 0x35, 0x74, 0x2d, 0x39, 0x32, 0x2e, 0x35, 0x20, 0x32, 0x35,
    0x37, 0x2e, 0x35, 0x76, 0x34, 0x30, 0x30, 0x71, 0x30, 0x20, 0x31, 0x36, 0x35, 0x20, 0x39, 0x32,
    0x2e, 0x35, 0x20, 0x32, 0x35, 0x37, 0x2e, 0x35, 0x74, 0x32, 0x35, 0x37, 0x2e, 0x35, 0x20, 0x39,
    0x32, 0x2e, 0x35, 0x7a, 0x4d, 0x31, 0x30, 0x30, 0x39, 0x20, 0x38, 0x30, 0x33, 0x6c, 0x2d, 0x33,
    0x36, 0x32, 0x20, 0x2d, 0x33, 0x36, 0x32, 0x6c, 0x2d, 0x31, 0x36, 0x31, 0x20, 0x2d, 0x35, 0x30,
    0x6c, 0x35, 0x35, 0x20, 0x31, 0x37, 0x30, 0x6c, 0x33, 0x35, 0x35, 0x20, 0x33, 0x35, 0x35, 0x7a,
    0x22, 0x20, 0x2f, 0x3e, 0x0a, 0x3c, 0x67, 0x6c, 0x79, 0x70, 0x68, 0x20, 0x75, 0x6e, 0x69, 0x63,
    0x6f, 0x64, 0x65, 0x3d, 0x22, 0x26, 0x23, 0x78, 0x65, 0x30, 0x36, 0x36, 0x3b, 0x22, 0x20, 0x64,
    0x3d, 0x22, 0x4d, 0x33, 0x35, 0x30, 0x20, 0x31, 0x31, 0x30, 0x30, 0x68, 0x33, 0x36, 0x31, 0x71,
    0x2d, 0x31, 0x36, 0x34, 0x20, 0x2d, 0x31, 0x34, 0x36, 0x20, 0x2d, 0x32, 0x31, 0x36, 0x20, 0x2d,
    0x32, 0x30, 0x30, 0x68, 0x2d, 0x31, 0x39, 0x35, 0x71, 0x2d, 0x34, 0x31, 0x20, 0x30, 0x20, 0x2d,
    0x37, 0x30, 0x2e, 0x35, 0x20, 0x2d, 0x32, 0x39, 0x2e, 0x35, 0x74, 0x2d, 0x32, 0x39, 0x2e, 0x35,
    0x20, 0x2d, 0x37, 0x30, 0x2e, 0x35, 0x76, 0x2d, 0x35, 0x30, 0x30, 0x71, 0x30, 0x20, 0x2d, 0x34,
    0x31, 0x20, 0x32, 0x39, 0x2e, 0x35, 0x20, 0x2d, 0x37, 0x30, 0x2e, 0x35, 0x74, 0x37, 0x30, 0x2e,
    0x35, 0x20, 0x2d, 0x32, 0x39, 0x2e, 0x35, 0x68, 0x35, 0x30, 0x30, 0x71, 0x34, 0x31, 0x20, 0x30,
    0x20, 0x37, 0x30, 0x2e, 0x35, 0x20, 0x32, 0x39, 0x2e, 0x35, 0x74, 0x32, 0x39, 0x2e, 0x35, 0x20,
    0x37, 0x30, 0x2e, 0x35, 0x6c, 0x32, 0x30, 0x30, 0x20, 0x31, 0x35, 0x33, 0x76, 0x2d, 0x31, 0x30,
    0x33, 0x71, 0x30, 0x20, 0x2d, 0x31, 0x36, 0x35, 0x20, 0x2d, 0x39, 0x32, 0x2e, 0x35, 0x20, 0x2d,
    0x32, 0x35, 0x37, 0x2e, 0x35, 0x74, 0x2d, 0x32, 0x35, 0x37, 0x2e, 0x35, 0x20, 0x2d, 0x39, 0x32,
    0x2e, 0x35, 0x68, 0x2d, 0x34, 0x30, 0x30, 0x71, 0x2d, 0x31, 0x36, 0x35, 0x20, 0x30, 0x20, 0x2d,
    0x32, 0x35, 0x37, 0x2e, 0x35, 0x20, 0x39, 0x32, 0x2e, 0x35, 0x74, 0x2d, 0x39, 0x32, 0x2e, 0x35,
    0x20, 0x32, 0x35, 0x37, 0x2e, 0x35, 0x76, 0x34, 0x30, 0x30, 0x71, 0x30, 0x20, 0x31, 0x36, 0x35,
    0x20, 0x39, 0x32, 0x2e, 0x35, 0x20, 0x32, 0x35, 0x37, 0x2e, 0x35, 0x74, 0x32, 0x35, 0x37, 0x2e,
    0x35, 0x20, 0x39, 0x32, 0x2e, 0x35, 0x7a, 0x20, 0x4d, 0x38, 0x32, 0x34, 0x20, 0x31, 0x30, 0x37,
    0x33, 0x6c, 0x33, 0x33, 0x39, 0x20, 0x2d, 0x33, 0x30, 0x31, 0x71, 0x38, 0x20, 0x2d, 0x37, 0x20,
    0x38, 0x20, 0x2d, 0x31, 0x37, 0x2e, 0x35, 0x74, 0x2d, 0x38, 0x20, 0x2d, 0x31, 0x37, 0x2e, 0x35,
    0x6c, 0x2d, 0x33, 0x34, 0x30, 0x20, 0x2d, 0x33, 0x30, 0x36, 0x71, 0x2d, 0x37, 0x20, 0x2d, 0x36,
    0x20, 0x2d, 0x31, 0x32, 0x2e, 0x35, 0x20, 0x2d, 0x34, 0x74, 0x2d, 0x36, 0x2e, 0x35, 0x20, 0x31,
    0x31, 0x76, 0x32, 0x30, 0x33, 0x71, 0x2d, 0x32, 0x36, 0x20, 0x31, 0x20, 0x2d, 0x35, 0x34, 0x2e,
    0x35, 0x20, 0x30, 0x74, 0x2d, 0x37, 0x38, 0x2e, 0x35, 0x20, 0x2d, 0x37, 0x2e, 0x35, 0x74, 0x2d,
    0x39, 0x32, 0x20, 0x2d, 0x31, 0x37, 0x2e, 0x35, 0x74, 0x2d, 0x38, 0x36, 0x20, 0x2d, 0x33, 0x35,
    0x74, 0x2d, 0x37, 0x30, 0x20, 0x2d, 0x35, 0x37, 0x71, 0x31, 0x30, 0x20, 0x35, 0x39, 0x20, 0x33,
    0x33, 0x20, 0x31, 0x30, 0x38, 0x74, 0x35, 0x31, 0x2e, 0x35, 0x20, 0x38, 0x31, 0x2e, 0x35, 0x74,
    0x36, 0x35, 0x20, 0x35, 0x38, 0x2e, 0x35, 0x74, 0x36, 0x38, 0x2e, 0x35, 0x20, 0x34, 0x30, 0x2e,
    0x35, 0x74, 0x36, 0x37, 0x20, 0x32, 0x34, 0x2e, 0x35, 0x74, 0x35, 0x36, 0x20, 0x31, 0x33, 0x2e,
    0x35, 0x74, 0x34, 0x30, 0x20, 0x34, 0x2e, 0x35, 0x76, 0x32, 0x31, 0x30, 0x71, 0x31, 0x20, 0x31,
    0x30, 0x20, 0x36, 0x2e, 0x35, 0x20, 0x31, 0x32, 0x2e, 0x35, 0x74, 0x31, 0x33, 0x2e, 0x35, 0x20,
    0x2d, 0x34, 0x2e, 0x35, 0x7a, 0x22, 0x20, 0x2f, 0x3e, 0x0a, 0x3c, 0x67, 0x6c, 0x79, 0x70, 0x68,
    0x20, 0x75, 0x6e, 0x69, 0x63, 0x6f, 0x64, 0x65, 0x3d, 0x22, 0x26, 0x23, 0x78, 0x65, 0x30, 0x36,
    0x37, 0x3b, 0x22, 0x20, 0x64, 0x3d, 0x22, 0x4d, 0x33, 0x35, 0x30, 0x20, 0x31, 0x31, 0x30, 0x30,
    0x68, 0x33, 0x35, 0x30, 0x71, 0x36, 0x30, 0x20, 0x30, 0x20, 0x31, 0x32, 0x37, 0x20, 0x2d, 0x32,
    0x33, 0x6c, 0x2d, 0x31, 0x37, 0x38, 0x20, 0x2d, 0x31, 0x37, 0x37, 0x68, 0x2d, 0x33, 0x34, 0x39,
    0x71, 0x2d, 0x34, 0x31, 0x20, 0x30, 0x20, 0x2d, 0x37, 0x30, 0x2e, 0x35, 0x20, 0x2d, 0x32, 0x39,
    0x2e, 0x35, 0x74, 0x2d, 0x32, 0x39, 0x2e, 0x35, 0x20, 0x2d, 0x37, 0x30, 0x2e, 0x35, 0x76, 0x2d,
    0x35, 0x30, 0x30, 0x71, 0x30, 0x20, 0x2d, 0x34, 0x31, 0x20, 0x32, 0x39, 0x2e, 0x35, 0x20, 0x2d,
    0x37, 0x30, 0x2e, 0x35, 0x74, 0x37, 0x30, 0x2e, 0x35, 0x20, 0x2d, 0x32, 0x39, 0x2e, 0x35, 0x68,
    0x35, 0x30, 0x30, 0x71, 0x34, 0x31, 0x20, 0x30, 0x20, 0x37, 0x30, 0x2e, 0x35, 0x20, 0x32, 0x39,
    0x2e, 0x35, 0x74, 0x32, 0x39, 0x2e, 0x35, 0x20, 0x37, 0x30, 0x2e, 0x35, 0x76, 0x36, 0x39, 0x6c,
    0x32, 0x30, 0x30, 0x20, 0x32, 0x30, 0x30, 0x76, 0x2d, 0x32, 0x31, 0x39, 0x71, 0x30, 0x20, 0x2d,
    0x31, 0x36, 0x35, 0x20, 0x2d, 0x39, 0x32, 0x2e, 0x35, 0x20, 0x2d, 0x32, 0x35, 0x37, 0x2e, 0x35,
    0x74, 0x2d, 0x32, 0x35, 0x37, 0x2e, 0x35, 0x20, 0x2d, 0x39, 0x32, 0x2e, 0x35, 0x68, 0x2d, 0x34,
    0x30, 0x30, 0x71, 0x2d, 0x31, 0x36, 0x35, 0x20, 0x30, 0x20, 0x2d, 0x32, 0x35, 0x37, 0x2e, 0x35,
    0x20, 0x39, 0x32, 0x2e, 0x35, 0x74, 0x2d, 0x39, 0x32, 0x2e, 0x35, 0x20, 0x32, 0x35, 0x37, 0x2e,
    0x35, 0x76, 0x34, 0x30, 0x30, 0x71, 0x30, 0x20, 0x31, 0x36, 0x35, 0x20, 0x39, 0x32, 0x2e, 0x35,
    0x20, 0x32, 0x35, 0x37, 0x2e, 0x35, 0x74, 0x32, 0x35, 0x37, 0x2e, 0x35, 0x20, 0x39, 0x32, 0x2e,
    0x35, 0x7a, 0x20, 0x4d, 0x36, 0x34, 0x33, 0x20, 0x36, 0x33, 0x39, 0x6c, 0x33, 0x39, 0x35, 0x20,
    0x33, 0x39, 0x35, 0x71, 0x37, 0x20, 0x37, 0x20, 0x31, 0x37, 0x2e, 0x35, 0x20, 0x37, 0x74, 0x31,
    0x37, 0x2e, 0x35, 0x20, 0x2d, 0x37, 0x6c, 0x31, 0x30, 0x31, 0x20, 0x2d, 0x31, 0x30, 0x31, 0x71,
    0x37, 0x20, 0x2d, 0x37, 0x20, 0x37, 0x20, 0x2d, 0x31, 0x37, 0x2e, 0x35, 0x74, 0x2d, 0x37, 0x20,
    0x2d, 0x31, 0x37, 0x2e, 0x35, 0x6c, 0x2d, 0x35, 0x33, 0x31, 0x20, 0x2d, 0x35, 0x33, 0x32, 0x71,
    0x2d, 0x37, 0x20, 0x2d, 0x37, 0x20, 0x2d, 0x31, 0x37, 0x2e, 0x35, 0x20, 0x2d, 0x37, 0x74, 0x2d,
    0x31, 0x37, 0x2e, 0x35, 0x20, 0x37, 0x6c, 0x2d, 0x32, 0x34, 0x38, 0x20, 0x32, 0x34, 0x38, 0x71,
    0x2d, 0x37, 0x20, 0x37, 0x20, 0x2d, 0x37, 0x20, 0x31, 0x37, 0x2e, 0x35, 0x74, 0x37, 0x20, 0x31,
    0x37, 0x2e, 0x35, 0x6c, 0x31, 0x30, 0x31, 0x20, 0x31, 0x30, 0x31, 0x71, 0x37, 0x20, 0x37, 0x20,
    0x31, 0x37, 0x2e, 0x35, 0x20, 0x37, 0x74, 0x31, 0x37, 0x2e, 0x35, 0x20, 0x2d, 0x37, 0x6c, 0x31,
    0x31, 0x31, 0x20, 0x2d, 0x31, 0x31, 0x31, 0x71, 0x38, 0x20, 0x2d, 0x37, 0x20, 0x31, 0x38, 0x20,
    0x2d, 0x37, 0x74, 0x31, 0x38, 0x20, 0x37, 0x7a, 0x22, 0x20, 0x2f, 0x3e, 0x0a, 0x3c, 0x67, 0x6c,
    0x79, 0x70, 0x68, 0x20, 0x75, 0x6e, 0x69, 0x63, 0x6f, 0x64, 0x65, 0x3d, 0x22, 0x26, 0x23, 0x78,
    0x65, 0x30, 0x36, 0x38, 0x3b, 0x22, 0x20, 0x64, 0x3d, 0x22, 0x4d, 0x33, 0x31, 0x38, 0x20, 0x39,
    0x31, 0x38, 0x6c, 0x32, 0x36, 0x34, 0x20, 0x32, 0x36, 0x34, 0x71, 0x38, 0x20, 0x38, 0x20, 0x31,
    0x38, 0x20, 0x38, 0x74, 0x31, 0x38, 0x20, 0x2d, 0x38, 0x6c, 0x32, 0x36, 0x30, 0x20, 0x2d, 0x32,
    0x36, 0x34, 0x71, 0x37, 0x20, 0x2d, 0x38, 0x20, 0x34, 0x2e, 0x35, 0x20, 0x2d, 0x31, 0x33, 0x74,
    0x2d, 0x31, 0x32, 0x2e, 0x35, 0x20, 0x2d, 0x35, 0x68, 0x2d, 0x31, 0x37, 0x30, 0x76, 0x2d, 0x32,
    0x30, 0x30, 0x68, 0x32, 0x30, 0x30, 0x76, 0x31, 0x37, 0x33, 0x71, 0x30, 0x20, 0x31, 0x30, 0x20,
    0x35, 0x20, 0x31, 0x32, 0x74, 0x31, 0x33, 0x20, 0x2d, 0x35, 0x6c, 0x32, 0x36, 0x34, 0x20, 0x2d,
    0x32, 0x36, 0x30, 0x71, 0x38, 0x20, 0x2d, 0x37, 0x20, 0x38, 0x20, 0x2d, 0x31, 0x37, 0x2e, 0x35,
    0x74, 0x2d, 0x38, 0x20, 0x2d, 0x31, 0x37, 0x2e, 0x35, 0x6c, 0x2d, 0x32, 0x36, 0x34, 0x20, 0x2d,
    0x32, 0x36, 0x35, 0x71, 0x2d, 0x38, 0x20, 0x2d, 0x37, 0x20, 0x2d, 0x31, 0x33, 0x20, 0x2d, 0x35,
    0x74, 0x2d, 0x35, 0x20, 0x31, 0x32, 0x76, 0x31, 0x37, 0x33, 0x68, 0x2d, 0x32, 0x30, 0x30, 0x76,
    0x2d, 0x32, 0x30, 0x30, 0x68, 0x31, 0x37, 0x30, 0x71, 0x31, 0x30, 0x20, 0x30, 0x20, 0x31, 0x32,
    0x2e, 0x35, 0x20, 0x2d, 0x35, 0x74, 0x2d, 0x34, 0x2e, 0x35, 0x20, 0x2d, 0x31, 0x33, 0x6c, 0x2d,
    0x32, 0x36, 0x30, 0x20, 0x2d, 0x32, 0x36, 0x34, 0x71, 0x2d, 0x38, 0x20, 0x2d, 0x38, 0x20, 0x2d,
    0x31, 0x38, 0x20, 0x2d, 0x38, 0x74, 0x2d, 0x31, 0x38, 0x20, 0x38, 0x6c, 0x2d, 0x32, 0x36, 0x34,
    0x20, 0x32, 0x36, 0x34, 0x71, 0x2d, 0x38, 0x20, 0x38, 0x20, 0x2d, 0x35, 0x2e, 0x35, 0x20, 0x31,
    0x33, 0x20, 0x74, 0x31, 0x32, 0x2e, 0x35, 0x20, 0x35, 0x68, 0x31, 0x37, 0x35, 0x76, 0x32, 0x30,
    0x30, 0x68, 0x2d, 0x32, 0x30, 0x30, 0x76, 0x2d, 0x31, 0x37, 0x33, 0x71, 0x30, 0x20, 0x2d, 0x31,
    0x30, 0x20, 0x2d, 0x35, 0x20, 0x2d, 0x31, 0x32, 0x74, 0x2d, 0x31, 0x33, 0x20, 0x35, 0x6c, 0x2d,
    0x32, 0x36, 0x34, 0x20, 0x32, 0x36, 0x35, 0x71, 0x2d, 0x38, 0x20, 0x37, 0x20, 0x2d, 0x38, 0x20,
    0x31, 0x37, 0x2e, 0x35, 0x74, 0x38, 0x20, 0x31, 0x37, 0x2e, 0x35, 0x6c, 0x32, 0x36, 0x34, 0x20,
    0x32, 0x36, 0x30, 0x71, 0x38, 0x20, 0x37, 0x20, 0x31, 0x33, 0x20, 0x35, 0x74, 0x35, 0x20, 0x2d,
    0x31, 0x32, 0x76, 0x2d, 0x31, 0x37, 0x33, 0x68, 0x32, 0x30, 0x30, 0x76, 0x32, 0x30, 0x30, 0x68,
    0x2d, 0x31, 0x37, 0x35, 0x71, 0x2d, 0x31, 0x30, 0x20, 0x30, 0x20, 0x2d, 0x31, 0x32, 0x2e, 0x35,
    0x20, 0x35, 0x74, 0x35, 0x2e, 0x35, 0x20, 0x31, 0x33, 0x7a, 0x22, 0x20, 0x2f, 0x3e, 0x0a, 0x3c,
    0x67, 0x6c, 0x79, 0x70, 0x68, 0x20, 0x75, 0x6e, 0x69, 0x63, 0x6f, 0x64, 0x65, 0x3d, 0x22, 0x26,
    0x23, 0x78, 0x65, 0x30, 0x36, 0x39, 0x3b, 0x22, 0x20, 0x64, 0x3d, 0x22, 0x4d, 0x32, 0x35, 0x30,
    0x20, 0x31, 0x31, 0x30, 0x30, 0x68, 0x31, 0x30, 0x30, 0x71, 0x32, 0x31, 0x20, 0x30, 0x20, 0x33,
    0x35, 0x2e, 0x35, 0x20, 0x2d, 0x31, 0x34, 0x2e, 0x35, 0x74, 0x31, 0x34, 0x2e, 0x35, 0x20, 0x2d,
    0x33, 0x35, 0x2e, 0x35, 0x76, 0x2d, 0x34, 0x33, 0x38, 0x6c, 0x34, 0x36, 0x34, 0x20, 0x34, 0x35,
    0x33, 0x71, 0x31, 0x35, 0x20, 0x31, 0x34, 0x20, 0x32, 0x35, 0x2e, 0x35, 0x20, 0x31, 0x30, 0x74,
    0x31, 0x30, 0x2e, 0x35, 0x20, 0x2d, 0x32, 0x35, 0x76, 0x2d, 0x31, 0x30, 0x30, 0x30, 0x71, 0x30,
    0x20, 0x2d, 0x32, 0x31, 0x20, 0x2d, 0x31, 0x30, 0x2e, 0x35, 0x20, 0x2d, 0x32, 0x35, 0x74, 0x2d,
    0x32, 0x35, 0x2e, 0x35, 0x20, 0x31, 0x30, 0x6c, 0x2d, 0x34, 0x36, 0x34, 0x20, 0x34, 0x35, 0x33,
    0x76, 0x2d, 0x34, 0x33, 0x38, 0x71, 0x30, 0x20, 0x2d, 0x32, 0x31, 0x20, 0x2d, 0x31, 0x34, 0x2e,
    0x35, 0x20, 0x2d, 0x33, 0x35, 0x2e, 0x35, 0x74, 0x2d, 0x33, 0x35, 0x2e, 0x35, 0x20, 0x2d, 0x31,
    0x34, 0x2e, 0x35, 0x68, 0x2d, 0x31, 0x30, 0x30, 0x71, 0x2d, 0x32, 0x31, 0x20, 0x30, 0x20, 0x2d,
    0x33, 0x35, 0x2e, 0x35, 0x20, 0x31, 0x34, 0x2e, 0x35, 0x74, 0x2d, 0x31, 0x34, 0x2e, 0x35, 0x20,
    0x33, 0x35, 0x2e, 0x35, 0x76, 0x31, 0x30, 0x30, 0x30, 0x71, 0x30, 0x20, 0x32, 0x31, 0x20, 0x31,
    0x34, 0x2e, 0x35, 0x20, 0x33, 0x35, 0x2e, 0x35, 0x74, 0x33, 0x35, 0x2e, 0x35, 0x20, 0x31, 0x34,
    0x2e, 0x35, 0x7a, 0x22, 0x20, 0x2f, 0x3e, 0x0a, 0x3c, 0x67, 0x6c, 0x79, 0x70, 0x68, 0x20, 0x75,
    0x6e, 0x69, 0x63, 0x6f, 0x64, 0x65, 0x3d, 0x22, 0x26, 0x23, 0x78, 0x65, 0x30, 0x37, 0x30, 0x3b,
    0x22, 0x20, 0x64, 0x3d, 0x22, 0x4d, 0x35, 0x30, 0x20, 0x31, 0x31, 0x30, 0x30, 0x68, 0x31, 0x30,
    0x30, 0x71, 0x32, 0x31, 0x20, 0x30, 0x20, 0x33, 0x35, 0x2e, 0x35, 0x20, 0x2d, 0x31, 0x34, 0x2e,
    0x35, 0x74, 0x31, 0x34, 0x2e, 0x35, 0x20, 0x2d, 0x33, 0x35, 0x2e, 0x35, 0x76, 0x2d, 0x34, 0x33,
    0x38, 0x6c, 0x34, 0x36, 0x34, 0x20, 0x34, 0x35, 0x33, 0x71, 0x31, 0x35, 0x20, 0x31, 0x34, 0x20,
    0x32, 0x35, 0x2e, 0x35, 0x20, 0x31, 0x30, 0x74, 0x31, 0x30, 0x2e, 0x35, 0x20, 0x2d, 0x32, 0x35,
    0x76, 0x2d, 0x34, 0x33, 0x38, 0x6c, 0x34, 0x36, 0x34, 0x20, 0x34, 0x35, 0x33, 0x71, 0x31, 0x35,
    0x20, 0x31, 0x34, 0x20, 0x32, 0x35, 0x2e, 0x35, 0x20, 0x31, 0x30, 0x74, 0x31, 0x30, 0x2e, 0x35,
    0x20, 0x2d, 0x32, 0x35, 0x76, 0x2d, 0x31, 0x30, 0x30, 0x30, 0x71, 0x30, 0x20, 0x2d, 0x32, 0x31,
    0x20, 0x2d, 0x31, 0x30, 0x2e, 0x35, 0x20, 0x2d, 0x32, 0x35, 0x74, 0x2d, 0x32, 0x35, 0x2e, 0x35,
    0x20, 0x31, 0x30, 0x6c, 0x2d, 0x34, 0x36, 0x34, 0x20, 0x34, 0x35, 0x33, 0x76, 0x2d, 0x34, 0x33,
    0x38, 0x71, 0x30, 0x20, 0x2d, 0x32, 0x31, 0x20, 0x2d, 0x31, 0x30, 0x2e, 0x35, 0x20, 0x2d, 0x32,
    0x35, 0x74, 0x2d, 0x32, 0x35, 0x2e, 0x35, 0x20, 0x31, 0x30, 0x6c, 0x2d, 0x34, 0x36, 0x34, 0x20,
    0x34, 0x35, 0x33, 0x76, 0x2d, 0x34, 0x33, 0x38, 0x71, 0x30, 0x20, 0x2d, 0x32, 0x31, 0x20, 0x2d,
    0x31, 0x34, 0x2e, 0x35, 0x20, 0x2d, 0x33, 0x35, 0x2e, 0x35, 0x74, 0x2d, 0x33, 0x35, 0x2e, 0x35,
    0x20, 0x2d, 0x31, 0x34, 0x2e, 0x35, 0x68, 0x2d, 0x31, 0x30, 0x30, 0x71, 0x2d, 0x32, 0x31, 0x20,
    0x30, 0x20, 0x2d, 0x33, 0x35, 0x2e, 0x35, 0x20, 0x31, 0x34, 0x2e, 0x35, 0x20, 0x74, 0x2d, 0x31,
    0x34, 0x2e, 0x35, 0x20, 0x33, 0x35, 0x2e, 0x35, 0x76, 0x31, 0x30, 0x30, 0x30, 0x71, 0x30, 0x20,
    0x32, 0x31, 0x20, 0x31, 0x34, 0x2e, 0x35, 0x20, 0x33, 0x35, 0x2e, 0x35, 0x74, 0x33, 0x35, 0x2e,
    0x35, 0x20, 0x31, 0x34, 0x2e, 0x35, 0x7a, 0x22, 0x20, 0x2f, 0x3e, 0x0a, 0x3c, 0x67, 0x6c, 0x79,
    0x70, 0x68, 0x20, 0x75, 0x6e, 0x69, 0x63, 0x6f, 0x64, 0x65, 0x3d, 0x22, 0x26, 0x23, 0x78, 0x65,
    0x30, 0x37, 0x31, 0x3b, 0x22, 0x20, 0x64, 0x3d, 0x22, 0x4d, 0x31, 0x32, 0x30, 0x30, 0x20, 0x31,
    0x30, 0x35, 0x30, 0x76, 0x2d, 0x31, 0x30, 0x30, 0x30, 0x71, 0x30, 0x20, 0x2d, 0x32, 0x31, 0x20,
    0x2d, 0x31, 0x30, 0x2e, 0x35, 0x20, 0x2d, 0x32, 0x35, 0x74, 0x2d, 0x32, 0x35, 0x2e, 0x35, 0x20,
    0x31, 0x30, 0x6c, 0x2d, 0x34, 0x36, 0x34, 0x20, 0x34, 0x35, 0x33, 0x76, 0x2d, 0x34, 0x33, 0x38,
    0x71, 0x30, 0x20, 0x2d, 0x32, 0x31, 0x20, 0x2d, 0x31, 0x30, 0x2e, 0x35, 0x20, 0x2d, 0x32, 0x35,
    0x74, 0x2d, 0x32, 0x35, 0x2e, 0x35, 0x20, 0x31, 0x30, 0x6c, 0x2d, 0x34, 0x39, 0x32, 0x20, 0x34,
    0x38, 0x30, 0x71, 0x2d, 0x31, 0x35, 0x20, 0x31, 0x34, 0x20, 0x2d, 0x31, 0x35, 0x20, 0x33, 0x35,
    0x74, 0x31, 0x35, 0x20, 0x33, 0x35, 0x6c, 0x34, 0x39, 0x32, 0x20, 0x34, 0x38, 0x30, 0x71, 0x31,
    0x35, 0x20, 0x31, 0x34, 0x20, 0x32, 0x35, 0x2e, 0x35, 0x20, 0x31, 0x30, 0x74, 0x31, 0x30, 0x2e,
    0x35, 0x20, 0x2d, 0x32, 0x35, 0x76, 0x2d, 0x34, 0x33, 0x38, 0x6c, 0x34, 0x36, 0x34, 0x20, 0x34,
    0x35, 0x33, 0x71, 0x31, 0x35, 0x20, 0x31, 0x34, 0x20, 0x32, 0x35, 0x2e, 0x35, 0x20, 0x31, 0x30,
    0x74, 0x31, 0x30, 0x2e, 0x35, 0x20, 0x2d, 0x32, 0x35, 0x7a, 0x22, 0x20, 0x2f, 0x3e, 0x0a, 0x3c,
    0x67, 0x6c, 0x79, 0x70, 0x68, 0x20, 0x75, 0x6e, 0x69, 0x63, 0x6f, 0x64, 0x65, 0x3d, 0x22, 0x26,
    0x23, 0x78, 0x65, 0x30, 0x37, 0x32, 0x3b, 0x22, 0x20, 0x64, 0x3d, 0x22, 0x4d, 0x32, 0x34, 0x33,
    0x20, 0x31, 0x30, 0x37, 0x34, 0x6c, 0x38, 0x31, 0x34, 0x20, 0x2d, 0x34, 0x39, 0x38, 0x71, 0x31,
    0x38, 0x20, 0x2d, 0x31, 0x31, 0x20, 0x31, 0x38, 0x20, 0x2d, 0x32, 0x36, 0x74, 0x2d, 0x31, 0x38,
    0x20, 0x2d, 0x32, 0x36, 0x6c, 0x2d, 0x38, 0x31, 0x34, 0x20, 0x2d, 0x34, 0x39, 0x38, 0x71, 0x2d,
    0x31, 0x38, 0x20, 0x2d, 0x31, 0x31, 0x20, 0x2d, 0x33, 0x30, 0x2e, 0x35, 0x20, 0x2d, 0x34, 0x74,
    0x2d, 0x31, 0x32, 0x2e, 0x35, 0x20, 0x32, 0x38, 0x76, 0x31, 0x30, 0x30, 0x30, 0x71, 0x30, 0x20,
    0x32, 0x31, 0x20, 0x31, 0x32, 0x2e, 0x35, 0x20, 0x32, 0x38, 0x74, 0x33, 0x30, 0x2e, 0x35, 0x20,
    0x2d, 0x34, 0x7a, 0x22, 0x20, 0x2f, 0x3e, 0x0a, 0x3c, 0x67, 0x6c, 0x79, 0x70, 0x68, 0x20, 0x75,
    0x6e, 0x69, 0x63, 0x6f, 0x64, 0x65, 0x3d, 0x22, 0x26, 0x23, 0x78, 0x65, 0x30, 0x37, 0x33, 0x3b,
    0x22, 0x20, 0x64, 0x3d, 0x22, 0x4d, 0x32, 0x35, 0x30, 0x20, 0x31, 0x30, 0x30, 0x30, 0x68, 0x32,
    0x30, 0x30, 0x71, 0x32, 0x31, 0x20, 0x30, 0x20, 0x33, 0x35, 0x2e, 0x35, 0x20, 0x2d, 0x31, 0x34,
    0x2e, 0x35, 0x74, 0x31, 0x34, 0x2e, 0x35, 0x20, 0x2d, 0x33, 0x35, 0x2e, 0x35, 0x76, 0x2d, 0x38,
    0x30, 0x30, 0x71, 0x30, 0x20, 0x2d, 0x32, 0x31, 0x20, 0x2d, 0x31, 0x34, 0x2e, 0x35, 0x20, 0x2d,
    0x33, 0x35, 0x2e, 0x35, 0x74, 0x2d, 0x33, 0x35, 0x2e, 0x35, 0x20, 0x2d, 0x31, 0x34, 0x2e, 0x35,
    0x68, 0x2d, 0x32, 0x30, 0x30, 0x71, 0x2d, 0x32, 0x31, 0x20, 0x30, 0x20, 0x2d, 0x33, 0x35, 0x2e,
    0x35, 0x20, 0x31, 0x34, 0x2e, 0x35, 0x74, 0x2d, 0x31, 0x34, 0x2e, 0x35, 0x20, 0x33, 0x35, 0x2e,
    0x35, 0x76, 0x38, 0x30, 0x30, 0x71, 0x30, 0x20, 0x32, 0x31, 0x20, 0x31, 0x34, 0x2e, 0x35, 0x20,
    0x33, 0x35, 0x2e, 0x35, 0x74, 0x33, 0x35, 0x2e, 0x35, 0x20, 0x31, 0x34, 0x2e, 0x35, 0x7a, 0x4d,
    0x36, 0x35, 0x30, 0x20, 0x31, 0x30, 0x30, 0x30, 0x68, 0x32, 0x30, 0x30, 0x71, 0x32, 0x31, 0x20,
    0x30, 0x20, 0x33, 0x35, 0x2e, 0x35, 0x20, 0x2d, 0x31, 0x34, 0x2e, 0x35, 0x74, 0x31, 0x34, 0x2e,
    0x35, 0x20, 0x2d, 0x33, 0x35, 0x2e, 0x35, 0x76, 0x2d, 0x38, 0x30, 0x30, 0x71, 0x30, 0x20, 0x2d,
    0x32, 0x31, 0x20, 0x2d, 0x31, 0x34, 0x2e, 0x35, 0x20, 0x2d, 0x33, 0x35, 0x2e, 0x35, 0x74, 0x2d,
    0x33, 0x35, 0x2e, 0x35, 0x20, 0x2d, 0x31, 0x34, 0x2e, 0x35, 0x68, 0x2d, 0x32, 0x30, 0x30, 0x71,
    0x2d, 0x32, 0x31, 0x20, 0x30, 0x20, 0x2d, 0x33, 0x35, 0x2e, 0x35, 0x20, 0x31, 0x34, 0x2e, 0x35,
    0x74, 0x2d, 0x31, 0x34, 0x2e, 0x35, 0x20, 0x33, 0x35, 0x2e, 0x35, 0x76, 0x38, 0x30, 0x30, 0x20,
    0x71, 0x30, 0x20, 0x32, 0x31, 0x20, 0x31, 0x34, 0x2e, 0x35, 0x20, 0x33, 0x35, 0x2e, 0x35, 0x74,
    0x33, 0x35, 0x2e, 0x35, 0x20, 0x31, 0x34, 0x2e, 0x35, 0x7a, 0x22, 0x20, 0x2f, 0x3e, 0x0a, 0x3c,
    0x67, 0x6c, 0x79, 0x70, 0x68, 0x20, 0x75, 0x6e, 0x69, 0x63, 0x6f, 0x64, 0x65, 0x3d, 0x22, 0x26,
    0x23, 0x78, 0x65, 0x30, 0x37, 0x34, 0x3b, 0x22, 0x20, 0x64, 0x3d, 0x22, 0x4d, 0x31, 0x31, 0x30,
    0x30, 0x20, 0x39, 0x35, 0x30, 0x76, 0x2d, 0x38, 0x30, 0x30, 0x71, 0x30, 0x20, 0x2d, 0x32, 0x31,
    0x20, 0x2d, 0x31, 0x34, 0x2e, 0x35, 0x20, 0x2d, 0x33, 0x35, 0x2e, 0x35, 0x74, 0x2d, 0x33, 0x35,
    0x2e, 0x35, 0x20, 0x2d, 0x31, 0x34, 0x2e, 0x35, 0x68, 0x2d, 0x38, 0x30, 0x30, 0x71, 0x2d, 0x32,
    0x31, 0x20, 0x30, 0x20, 0x2d, 0x33, 0x35, 0x2e, 0x35, 0x20, 0x31, 0x34, 0x2e, 0x35, 0x74, 0x2d,
    0x31, 0x34, 0x2e, 0x35, 0x20, 0x33, 0x35, 0x2e, 0x35, 0x76, 0x38, 0x30, 0x30, 0x71, 0x30, 0x20,
    0x32, 0x31, 0x20, 0x31, 0x34, 0x2e, 0x35, 0x20, 0x33, 0x35, 0x2e, 0x35, 0x74, 0x33, 0x35, 0x2e,
    0x35, 0x20, 0x31, 0x34, 0x2e, 0x35, 0x68, 0x38, 0x30, 0x30, 0x71, 0x32, 0x31, 0x20, 0x30, 0x20,
    0x33, 0x35, 0x2e, 0x35, 0x20, 0x2d, 0x31, 0x34, 0x2e, 0x35, 0x74, 0x31, 0x34, 0x2e, 0x35, 0x20,
    0x2d, 0x33, 0x35, 0x2e, 0x35, 0x7a, 0x22, 0x20, 0x2f, 0x3e, 0x0a, 0x3c, 0x67, 0x6c, 0x79, 0x70,
    0x68, 0x20, 0x75, 0x6e, 0x69, 0x63, 0x6f, 0x64, 0x65, 0x3d, 0x22, 0x26, 0x23, 0x78, 0x65, 0x30,
    0x37, 0x35, 0x3b, 0x22, 0x20, 0x64, 0x3d, 0x22, 0x4d, 0x35, 0x30, 0x30, 0x20, 0x36, 0x31, 0x32,
    0x76, 0x34, 0x33, 0x38, 0x71, 0x30, 0x20, 0x32, 0x31, 0x20, 0x31, 0x30, 0x2e, 0x35, 0x20, 0x32,
    0x35, 0x74, 0x32, 0x35, 0x2e, 0x35, 0x20, 0x2d, 0x31, 0x30, 0x6c, 0x34, 0x39, 0x32, 0x20, 0x2d,
    0x34, 0x38, 0x30, 0x71, 0x31, 0x35, 0x20, 0x2d, 0x31, 0x34, 0x20, 0x31, 0x35, 0x20, 0x2d, 0x33,
    0x35, 0x74, 0x2d, 0x31, 0x35, 0x20, 0x2d, 0x33, 0x35, 0x6c, 0x2d, 0x34, 0x39, 0x32, 0x20, 0x2d,
    0x34, 0x38, 0x30, 0x71, 0x2d, 0x31, 0x35, 0x20, 0x2d, 0x31, 0x34, 0x20, 0x2d, 0x32, 0x35, 0x2e,
    0x35, 0x20, 0x2d, 0x31, 0x30, 0x74, 0x2d, 0x31, 0x30, 0x2e, 0x35, 0x20, 0x32, 0x35, 0x76, 0x34,
    0x33, 0x38, 0x6c, 0x2d, 0x34, 0x36, 0x34, 0x20, 0x2d, 0x34, 0x35, 0x33, 0x71, 0x2d, 0x31, 0x35,
    0x20, 0x2d, 0x31, 0x34, 0x20, 0x2d, 0x32, 0x35, 0x2e, 0x35, 0x20, 0x2d, 0x31, 0x30, 0x74, 0x2d,
    0x31, 0x30, 0x2e, 0x35, 0x20, 0x32, 0x35, 0x76, 0x31, 0x30, 0x30, 0x30, 0x71, 0x30, 0x20, 0x32,
    0x31, 0x20, 0x31, 0x30, 0x2e, 0x35, 0x20, 0x32, 0x35, 0x74, 0x32, 0x35, 0x2e, 0x35, 0x20, 0x2d,
    0x31, 0x30, 0x7a, 0x22, 0x20, 0x2f, 0x3e, 0x0a, 0x3c, 0x67, 0x6c, 0x79, 0x70, 0x68, 0x20, 0x75,
    0x6e, 0x69, 0x63, 0x6f, 0x64, 0x65, 0x3d, 0x22, 0x26, 0x23, 0x78, 0x65, 0x30, 0x37, 0x36, 0x3b,
    0x22, 0x20, 0x64, 0x3d, 0x22, 0x4d, 0x31, 0x30, 0x34, 0x38, 0x20, 0x31, 0x31, 0x30, 0x32, 0x6c,
    0x31, 0x30, 0x30, 0x20, 0x31, 0x71, 0x32, 0x30, 0x20, 0x30, 0x20, 0x33, 0x35, 0x20, 0x2d, 0x31,
    0x34, 0x2e, 0x35, 0x74, 0x31, 0x35, 0x20, 0x2d, 0x33, 0x35, 0x2e, 0x35, 0x6c, 0x35, 0x20, 0x2d,
    0x31, 0x30, 0x30, 0x30, 0x71, 0x30, 0x20, 0x2d, 0x32, 0x31, 0x20, 0x2d, 0x31, 0x34, 0x2e, 0x35,
    0x20, 0x2d, 0x33, 0x35, 0x2e, 0x35, 0x74, 0x2d, 0x33, 0x35, 0x2e, 0x35, 0x20, 0x2d, 0x31, 0x34,
    0x2e, 0x35, 0x6c, 0x2d, 0x31, 0x30, 0x30, 0x20, 0x2d, 0x31, 0x71, 0x2d, 0x32, 0x31, 0x20, 0x30,
    0x20, 0x2d, 0x33, 0x35, 0x2e, 0x35, 0x20, 0x31, 0x34, 0x2e, 0x35, 0x74, 0x2d, 0x31, 0x34, 0x2e,
    0x35, 0x20, 0x33, 0x35, 0x2e, 0x35, 0x6c, 0x2d, 0x32, 0x20, 0x34, 0x33, 0x37, 0x6c, 0x2d, 0x34,
    0x36, 0x33, 0x20, 0x2d, 0x34, 0x35, 0x34, 0x71, 0x2d, 0x31, 0x34, 0x20, 0x2d, 0x31, 0x35, 0x20,
    0x2d, 0x32, 0x34, 0x2e, 0x35, 0x20, 0x2d, 0x31, 0x30, 0x2e, 0x35, 0x74, 0x2d, 0x31, 0x30, 0x2e,
    0x35, 0x20, 0x32, 0x35, 0x2e, 0x35, 0x6c, 0x2d, 0x32, 0x20, 0x34, 0x33, 0x37, 0x6c, 0x2d, 0x34,
    0x36, 0x32, 0x20, 0x2d, 0x34, 0x35, 0x35, 0x71, 0x2d, 0x31, 0x35, 0x20, 0x2d, 0x31, 0x34, 0x20,
    0x2d, 0x32, 0x35, 0x2e, 0x35, 0x20, 0x2d, 0x39, 0x2e, 0x35, 0x74, 0x2d, 0x31, 0x30, 0x2e, 0x35,
    0x20, 0x32, 0x34, 0x2e, 0x35, 0x6c, 0x2d, 0x35, 0x20, 0x31, 0x30, 0x30, 0x30, 0x71, 0x30, 0x20,
    0x32, 0x31, 0x20, 0x31, 0x30, 0x2e, 0x35, 0x20, 0x32, 0x35, 0x2e, 0x35, 0x74, 0x32, 0x35, 0x2e,
    0x35, 0x20, 0x2d, 0x31, 0x30, 0x2e, 0x35, 0x6c, 0x34, 0x36, 0x36, 0x20, 0x2d, 0x34, 0x35, 0x30,
    0x20, 0x6c, 0x2d, 0x32, 0x20, 0x34, 0x33, 0x38, 0x71, 0x30, 0x20, 0x32, 0x30, 0x20, 0x31, 0x30,
    0x2e, 0x35, 0x20, 0x32, 0x34, 0x2e, 0x35, 0x74, 0x32, 0x35, 0x2e, 0x35, 0x20, 0x2d, 0x39, 0x2e,
    0x35, 0x6c, 0x34, 0x36, 0x36, 0x20, 0x2d, 0x34, 0x35, 0x31, 0x6c, 0x2d, 0x32, 0x20, 0x34, 0x33,
    0x38, 0x71, 0x30, 0x20, 0x32, 0x31, 0x20, 0x31, 0x34, 0x2e, 0x35, 0x20, 0x33, 0x35, 0x2e, 0x35,
    0x74, 0x33, 0x35, 0x2e, 0x35, 0x20, 0x31, 0x34, 0x2e, 0x35, 0x7a, 0x22, 0x20, 0x2f, 0x3e, 0x0a,
    0x3c, 0x67, 0x6c, 0x79, 0x70, 0x68, 0x20, 0x75, 0x6e, 0x69, 0x63, 0x6f, 0x64, 0x65, 0x3d, 0x22,
    0x26, 0x23, 0x78, 0x65, 0x30, 0x37, 0x37, 0x3b, 0x22, 0x20, 0x64, 0x3d, 0x22, 0x4d, 0x38, 0x35,
    0x30, 0x20, 0x31, 0x31, 0x30, 0x30, 0x68, 0x31, 0x30, 0x30, 0x71, 0x32, 0x31, 0x20, 0x30, 0x20,
    0x33, 0x35, 0x2e, 0x35, 0x20, 0x2d, 0x31, 0x34, 0x2e, 0x35, 0x74, 0x31, 0x34, 0x2e, 0x35, 0x20,
    0x2d, 0x33, 0x35, 0x2e, 0x35, 0x76, 0x2d, 0x31, 0x30, 0x30, 0x30, 0x71, 0x30, 0x20, 0x2d, 0x32,
    0x31, 0x20, 0x2d, 0x31, 0x34, 0x2e, 0x35, 0x20, 0x2d, 0x33, 0x35, 0x2e, 0x35, 0x74, 0x2d, 0x33,
    0x35, 0x2e, 0x35, 0x20, 0x2d, 0x31, 0x34, 0x2e, 0x35, 0x68, 0x2d, 0x31, 0x30, 0x30, 0x71, 0x2d,
    0x32, 0x31, 0x20, 0x30, 0x20, 0x2d, 0x33, 0x35, 0x2e, 0x35, 0x20, 0x31, 0x34, 0x2e, 0x35, 0x74,
    0x2d, 0x31, 0x34, 0x2e, 0x35, 0x20, 0x33, 0x35, 0x2e, 0x35, 0x76, 0x34, 0x33, 0x38, 0x6c, 0x2d,
    0x34, 0x36, 0x34, 0x20, 0x2d, 0x34, 0x35, 0x33, 0x71, 0x2d, 0x31, 0x35, 0x20, 0x2d, 0x31, 0x34,
    0x20, 0x2d, 0x32, 0x35, 0x2e, 0x35, 0x20, 0x2d, 0x31, 0x30, 0x74, 0x2d, 0x31, 0x30, 0x2e, 0x35,
    0x20, 0x32, 0x35, 0x76, 0x31, 0x30, 0x30, 0x30, 0x71, 0x30, 0x20, 0x32, 0x31, 0x20, 0x31, 0x30,
    0x2e, 0x35, 0x20, 0x32, 0x35, 0x74, 0x32, 0x35, 0x2e, 0x35, 0x20, 0x2d, 0x31, 0x30, 0x6c, 0x34,
    0x36, 0x34, 0x20, 0x2d, 0x34, 0x35, 0x33, 0x76, 0x34, 0x33, 0x38, 0x71, 0x30, 0x20, 0x32, 0x31,
    0x20, 0x31, 0x34, 0x2e, 0x35, 0x20, 0x33, 0x35, 0x2e, 0x35, 0x74, 0x33, 0x35, 0x2e, 0x35, 0x20,
    0x31, 0x34, 0x2e, 0x35, 0x7a, 0x22, 0x20, 0x2f, 0x3e, 0x0a, 0x3c, 0x67, 0x6c, 0x79, 0x70, 0x68,
    0x20, 0x75, 0x6e, 0x69, 0x63, 0x6f, 0x64, 0x65, 0x3d, 0x22, 0x26, 0x23, 0x78, 0x65, 0x30, 0x37,
    0x38, 0x3b, 0x22, 0x20, 0x64, 0x3d, 0x22, 0x4d, 0x36, 0x38, 0x36, 0x20, 0x31, 0x30, 0x38, 0x31,
    0x6c, 0x35, 0x30, 0x31, 0x20, 0x2d, 0x35, 0x34, 0x30, 0x71, 0x31, 0x35, 0x20, 0x2d, 0x31, 0x35,
    0x20, 0x31, 0x30, 0x2e, 0x35, 0x20, 0x2d, 0x32, 0x36, 0x74, 0x2d, 0x32, 0x36, 0x2e, 0x35, 0x20,
    0x2d, 0x31, 0x31, 0x68, 0x2d, 0x31, 0x30, 0x34, 0x32, 0x71, 0x2d, 0x32, 0x32, 0x20, 0x30, 0x20,
    0x2d, 0x32, 0x36, 0x2e, 0x35, 0x20, 0x31, 0x31, 0x74, 0x31, 0x30, 0x2e, 0x35, 0x20, 0x32, 0x36,
    0x6c, 0x35, 0x30, 0x31, 0x20, 0x35, 0x34, 0x30, 0x71, 0x31, 0x35, 0x20, 0x31, 0x35, 0x20, 0x33,
    0x36, 0x20, 0x31, 0x35, 0x74, 0x33, 0x36, 0x20, 0x2d, 0x31, 0x35, 0x7a, 0x4d, 0x31, 0x35, 0x30,
    0x20, 0x34, 0x30, 0x30, 0x68, 0x31, 0x30, 0x30, 0x30, 0x71, 0x32, 0x31, 0x20, 0x30, 0x20, 0x33,
    0x35, 0x2e, 0x35, 0x20, 0x2d, 0x31, 0x34, 0x2e, 0x35, 0x74, 0x31, 0x34, 0x2e, 0x35, 0x20, 0x2d,
    0x33, 0x35, 0x2e, 0x35, 0x76, 0x2d, 0x31, 0x30, 0x30, 0x71, 0x30, 0x20, 0x2d, 0x32, 0x31, 0x20,
    0x2d, 0x31, 0x34, 0x2e, 0x35, 0x20, 0x2d, 0x33, 0x35, 0x2e, 0x35, 0x74, 0x2d, 0x33, 0x35, 0x2e,
    0x35, 0x20, 0x2d, 0x31, 0x34, 0x2e, 0x35, 0x68, 0x2d, 0x31, 0x30, 0x30, 0x30, 0x71, 0x2d, 0x32,
    0x31, 0x20, 0x30, 0x20, 0x2d, 0x33, 0x35, 0x2e, 0x35, 0x20, 0x31, 0x34, 0x2e, 0x35, 0x74, 0x2d,
    0x31, 0x34, 0x2e, 0x35, 0x20, 0x33, 0x35, 0x2e, 0x35, 0x76, 0x31, 0x30, 0x30, 0x71, 0x30, 0x20,
    0x32, 0x31, 0x20, 0x31, 0x34, 0x2e, 0x35, 0x20, 0x33, 0x35, 0x2e, 0x35, 0x74, 0x33, 0x35, 0x2e,
    0x35, 0x20, 0x31, 0x34, 0x2e, 0x35, 0x7a, 0x22, 0x20, 0x2f, 0x3e, 0x0a, 0x3c, 0x67, 0x6c, 0x79,
    0x70, 0x68, 0x20, 0x75, 0x6e, 0x69, 0x63, 0x6f, 0x64, 0x65, 0x3d, 0x22, 0x26, 0x23, 0x78, 0x65,
    0x30, 0x37, 0x39, 0x3b, 0x22, 0x20, 0x64, 0x3d, 0x22, 0x4d, 0x38, 0x38, 0x35, 0x20, 0x39, 0x30,
    0x30, 0x6c, 0x2d, 0x33, 0x35, 0x32, 0x20, 0x2d, 0x33, 0x35, 0x33, 0x6c, 0x33, 0x35, 0x32, 0x20,
    0x2d, 0x33, 0x35, 0x33, 0x6c, 0x2d, 0x31, 0x39, 0x37, 0x20, 0x2d, 0x31, 0x39, 0x38, 0x6c, 0x2d,
    0x35, 0x35, 0x32, 0x20, 0x35, 0x35, 0x32, 0x6c, 0x35, 0x35, 0x32, 0x20, 0x35, 0x35, 0x30, 0x7a,
    0x22, 0x20, 0x2f, 0x3e, 0x0a, 0x3c, 0x67, 0x6c, 0x79, 0x70, 0x68, 0x20, 0x75, 0x6e, 0x69, 0x63,
    0x6f, 0x64, 0x65, 0x3d, 0x22, 0x26, 0x23, 0x78, 0x65, 0x30, 0x38, 0x30, 0x3b, 0x22, 0x20, 0x64,
    0x3d, 0x22, 0x4d, 0x31, 0x30, 0x36, 0x34, 0x20, 0x35, 0x34, 0x37, 0x6c, 0x2d, 0x35, 0x35, 0x31,
    0x20, 0x2d, 0x35, 0x35, 0x31, 0x6c, 0x2d, 0x31, 0x39, 0x38, 0x20, 0x31, 0x39, 0x38, 0x6c, 0x33,
    0x35, 0x33, 0x20, 0x33, 0x35, 0x33, 0x6c, 0x2d, 0x33, 0x35, 0x33, 0x20, 0x33, 0x35, 0x33, 0x6c,
    0x31, 0x39, 0x38, 0x20, 0x31, 0x39, 0x38, 0x7a, 0x22, 0x20, 0x2f, 0x3e, 0x0a, 0x3c, 0x67, 0x6c,
    0x79, 0x70, 0x68, 0x20, 0x75, 0x6e, 0x69, 0x63, 0x6f, 0x64, 0x65, 0x3d, 0x22, 0x26, 0x23, 0x78,
    0x65, 0x30, 0x38, 0x31, 0x3b, 0x22, 0x20, 0x64, 0x3d, 0x22, 0x4d, 0x36, 0x30, 0x30, 0x20, 0x31,
    0x31, 0x37, 0x37, 0x71, 0x31, 0x31, 0x37, 0x20, 0x30, 0x20, 0x32, 0x32, 0x34, 0x20, 0x2d, 0x34,
    0x35, 0x2e, 0x35, 0x74, 0x31, 0x38, 0x34, 0x2e, 0x35, 0x20, 0x2d, 0x31, 0x32, 0x33, 0x74, 0x31,
    0x32, 0x33, 0x20, 0x2d, 0x31, 0x38, 0x34, 0x2e, 0x35, 0x74, 0x34, 0x35, 0x2e, 0x35, 0x20, 0x2d,
    0x32, 0x32, 0x34, 0x74, 0x2d, 0x34, 0x35, 0x2e, 0x35, 0x20, 0x2d, 0x32, 0x32, 0x34, 0x74, 0x2d,
    0x31, 0x32, 0x33, 0x20, 0x2d, 0x31, 0x38, 0x34, 0x2e, 0x35, 0x74, 0x2d, 0x31, 0x38, 0x34, 0x2e,
    0x35, 0x20, 0x2d, 0x31, 0x32, 0x33, 0x74, 0x2d, 0x32, 0x32, 0x34, 0x20, 0x2d, 0x34, 0x35, 0x2e,
    0x35, 0x74, 0x2d, 0x32, 0x32, 0x34, 0x20, 0x34, 0x35, 0x2e, 0x35, 0x74, 0x2d, 0x31, 0x38, 0x34,
    0x2e, 0x35, 0x20, 0x31, 0x32, 0x33, 0x74, 0x2d, 0x31, 0x32, 0x33, 0x20, 0x31, 0x38, 0x34, 0x2e,
    0x35, 0x74, 0x2d, 0x34, 0x35, 0x2e, 0x35, 0x20, 0x32, 0x32, 0x34, 0x74, 0x34, 0x35, 0x2e, 0x35,
    0x20, 0x32, 0x32, 0x34, 0x74, 0x31, 0x32, 0x33, 0x20, 0x31, 0x38, 0x34, 0x2e, 0x35, 0x74, 0x31,
    0x38, 0x34, 0x2e, 0x35, 0x20, 0x31, 0x32, 0x33, 0x74, 0x32, 0x32, 0x34, 0x20, 0x34, 0x35, 0x2e,
    0x35, 0x7a, 0x4d, 0x36, 0x35, 0x30, 0x20, 0x39, 0x30, 0x30, 0x68, 0x2d, 0x31, 0x30, 0x30, 0x71,
    0x2d, 0x32, 0x31, 0x20, 0x30, 0x20, 0x2d, 0x33, 0x35, 0x2e, 0x35, 0x20, 0x2d, 0x31, 0x34, 0x2e,
    0x35, 0x74, 0x2d, 0x31, 0x34, 0x2e, 0x35, 0x20, 0x2d, 0x33, 0x35, 0x2e, 0x35, 0x76, 0x2d, 0x31,
    0x35, 0x30, 0x68, 0x2d, 0x31, 0x35, 0x30, 0x20, 0x71, 0x2d, 0x32, 0x31, 0x20, 0x30, 0x20, 0x2d,
    0x33, 0x35, 0x2e, 0x35, 0x20, 0x2d, 0x31, 0x34, 0x2e, 0x35, 0x74, 0x2d, 0x31, 0x34, 0x2e, 0x35,
    0x20, 0x2d, 0x33, 0x35, 0x2e, 0x35, 0x76, 0x2d, 0x31, 0x30, 0x30, 0x71, 0x30, 0x20, 0x2d, 0x32,
    0x31, 0x20, 0x31, 0x34, 0x2e, 0x35, 0x20, 0x2d, 0x33, 0x35, 0x2e, 0x35, 0x74, 0x33, 0x35, 0x2e,
    0x35, 0x20, 0x2d, 0x31, 0x34, 0x2e, 0x35, 0x68, 0x31, 0x35, 0x30, 0x76, 0x2d, 0x31, 0x35, 0x30,
    0x71, 0x30, 0x20, 0x2d, 0x32, 0x31, 0x20, 0x31, 0x34, 0x2e, 0x35, 0x20, 0x2d, 0x33, 0x35, 0x2e,
    0x35, 0x74, 0x33, 0x35, 0x2e, 0x35, 0x20, 0x2d, 0x31, 0x34, 0x2e, 0x35, 0x68, 0x31, 0x30, 0x30,
    0x71, 0x32, 0x31, 0x20, 0x30, 0x20, 0x33, 0x35, 0x2e, 0x35, 0x20, 0x31, 0x34, 0x2e, 0x35, 0x74,
    0x31, 0x34, 0x2e, 0x35, 0x20, 0x33, 0x35, 0x2e, 0x35, 0x76, 0x31, 0x35, 0x30, 0x68, 0x31, 0x35,
    0x30, 0x71, 0x32, 0x31, 0x20, 0x30, 0x20, 0x33, 0x35, 0x2e, 0x35, 0x20, 0x31, 0x34, 0x2e, 0x35,
    0x74, 0x31, 0x34, 0x2e, 0x35, 0x20, 0x33, 0x35, 0x2e, 0x35, 0x76, 0x31, 0x30, 0x30, 0x71, 0x30,
    0x20, 0x32, 0x31, 0x20, 0x2d, 0x31, 0x34, 0x2e, 0x35, 0x20, 0x33, 0x35, 0x2e, 0x35, 0x74, 0x2d,
    0x33, 0x35, 0x2e, 0x35, 0x20, 0x31, 0x34, 0x2e, 0x35, 0x68, 0x2d, 0x31, 0x35, 0x30, 0x76, 0x31,
    0x35, 0x30, 0x71, 0x30, 0x20, 0x32, 0x31, 0x20, 0x2d, 0x31, 0x34, 0x2e, 0x35, 0x20, 0x33, 0x35,
    0x2e, 0x35, 0x74, 0x2d, 0x33, 0x35, 0x2e, 0x35, 0x20, 0x31, 0x34, 0x2e, 0x35, 0x7a, 0x22, 0x20,
    0x2f, 0x3e, 0x0a, 0x3c, 0x67, 0x6c, 0x79, 0x70, 0x68, 0x20, 0x75, 0x6e, 0x69, 0x63, 0x6f, 0x64,
    0x65, 0x3d, 0x22, 0x26, 0x23, 0x78, 0x65, 0x30, 0x38, 0x32, 0x3b, 0x22, 0x20, 0x64, 0x3d, 0x22,
    0x4d, 0x36, 0x30, 0x30, 0x20, 0x31, 0x31, 0x37, 0x37, 0x71, 0x31, 0x31, 0x37, 0x20, 0x30, 0x20,
    0x32, 0x32, 0x34, 0x20, 0x2d, 0x34, 0x35, 0x2e, 0x35, 0x74, 0x31, 0x38, 0x34, 0x2e, 0x35, 0x20,
    0x2d, 0x31, 0x32, 0x33, 0x74, 0x31, 0x32, 0x33, 0x20, 0x2d, 0x31, 0x38, 0x34, 0x2e, 0x35, 0x74,
    0x34, 0x35, 0x2e, 0x35, 0x20, 0x2d, 0x32, 0x32, 0x34, 0x74, 0x2d, 0x34, 0x35, 0x2e, 0x35, 0x20,
    0x2d, 0x32, 0x32, 0x34, 0x74, 0x2d, 0x31, 0x32, 0x33, 0x20, 0x2d, 0x31, 0x38, 0x34, 0x2e, 0x35,
    0x74, 0x2d, 0x31, 0x38, 0x34, 0x2e, 0x35, 0x20, 0x2d, 0x31, 0x32, 0x33, 0x74, 0x2d, 0x32, 0x32,
    0x34, 0x20, 0x2d, 0x34, 0x35, 0x2e, 0x35, 0x74, 0x2d, 0x32, 0x32, 0x34, 0x20, 0x34, 0x35, 0x2e,
    0x35, 0x74, 0x2d, 0x31, 0x38, 0x34, 0x2e, 0x35, 0x20, 0x31, 0x32, 0x33, 0x74, 0x2d, 0x31, 0x32,
    0x33, 0x20, 0x31, 0x38, 0x34, 0x2e, 0x35, 0x74, 0x2d, 0x34, 0x35, 0x2e, 0x35, 0x20, 0x32, 0x32,
    0x34, 0x74, 0x34, 0x35, 0x2e, 0x35, 0x20, 0x32, 0x32, 0x34, 0x74, 0x31, 0x32, 0x33, 0x20, 0x31,
    0x38, 0x34, 0x2e, 0x35, 0x74, 0x31, 0x38, 0x34, 0x2e, 0x35, 0x20, 0x31, 0x32, 0x33, 0x74, 0x32,
    0x32, 0x34, 0x20, 0x34, 0x35, 0x2e, 0x35, 0x7a, 0x4d, 0x38, 0x35, 0x30, 0x20, 0x37, 0x30, 0x30,
    0x68, 0x2d, 0x35, 0x30, 0x30, 0x71, 0x2d, 0x32, 0x31, 0x20, 0x30, 0x20, 0x2d, 0x33, 0x35, 0x2e,
    0x35, 0x20, 0x2d, 0x31, 0x34, 0x2e, 0x35, 0x74, 0x2d, 0x31, 0x34, 0x2e, 0x35, 0x20, 0x2d, 0x33,
    0x35, 0x2e, 0x35, 0x76, 0x2d, 0x31, 0x30, 0x30, 0x71, 0x30, 0x20, 0x2d, 0x32, 0x31, 0x20, 0x31,
    0x34, 0x2e, 0x35, 0x20, 0x2d, 0x33, 0x35, 0x2e, 0x35, 0x20, 0x74, 0x33, 0x35, 0x2e, 0x35, 0x20,
    0x2d, 0x31, 0x34, 0x2e, 0x35, 0x68, 0x35, 0x30, 0x30, 0x71, 0x32, 0x31, 0x20, 0x30, 0x20, 0x33,
    0x35, 0x2e, 0x35, 0x20, 0x31, 0x34, 0x2e, 0x35, 0x74, 0x31, 0x34, 0x2e, 0x35, 0x20, 0x33, 0x35,
    0x2e, 0x35, 0x76, 0x31, 0x30, 0x30, 0x71, 0x30, 0x20, 0x32, 0x31, 0x20, 0x2d, 0x31, 0x34, 0x2e,
    0x35, 0x20, 0x33, 0x35, 0x2e, 0x35, 0x74, 0x2d, 0x33, 0x35, 0x2e, 0x35, 0x20, 0x31, 0x34, 0x2e,
    0x35, 0x7a, 0x22, 0x20, 0x2f, 0x3e, 0x0a, 0x3c, 0x67, 0x6c, 0x79, 0x70, 0x68, 0x20, 0x75, 0x6e,
    0x69, 0x63, 0x6f, 0x64, 0x65, 0x3d, 0x22, 0x26, 0x23, 0x78, 0x65, 0x30, 0x38, 0x33, 0x3b, 0x22,
    0x20, 0x64, 0x3d, 0x22, 0x4d, 0x36, 0x30, 0x30, 0x20, 0x31, 0x31, 0x37, 0x37, 0x71, 0x31, 0x31,
    0x37, 0x20, 0x30, 0x20, 0x32, 0x32, 0x34, 0x20, 0x2d, 0x34, 0x35, 0x2e, 0x35, 0x74, 0x31, 0x38,
    0x34, 0x2e, 0x35, 0x20, 0x2d, 0x31, 0x32, 0x33, 0x74, 0x31, 0x32, 0x33, 0x20, 0x2d, 0x31, 0x38,
    0x34, 0x2e, 0x35, 0x74, 0x34, 0x35, 0x2e, 0x35, 0x20, 0x2d, 0x32, 0x32, 0x34, 0x74, 0x2d, 0x34,
    0x35, 0x2e, 0x35, 0x20, 0x2d, 0x32, 0x32, 0x34, 0x74, 0x2d, 0x31, 0x32, 0x33, 0x20, 0x2d, 0x31,
    0x38, 0x34, 0x2e, 0x35, 0x74, 0x2d, 0x31, 0x38, 0x34, 0x2e, 0x35, 0x20, 0x2d, 0x31, 0x32, 0x33,
    0x74, 0x2d, 0x32, 0x32, 0x34, 0x20, 0x2d, 0x34, 0x35, 0x2e, 0x35, 0x74, 0x2d, 0x32, 0x32, 0x34,
    0x20, 0x34, 0x35, 0x2e, 0x35, 0x74, 0x2d, 0x31, 0x38, 0x34, 0x2e, 0x35, 0x20, 0x31, 0x32, 0x33,
    0x74, 0x2d, 0x31, 0x32, 0x33, 0x20, 0x31, 0x38, 0x34, 0x2e, 0x35, 0x74, 0x2d, 0x34, 0x35, 0x2e,
    0x35, 0x20, 0x32, 0x32, 0x34, 0x74, 0x34, 0x35, 0x2e, 0x35, 0x20, 0x32, 0x32, 0x34, 0x74, 0x31,
    0x32, 0x33, 0x20, 0x31, 0x38, 0x34, 0x2e, 0x35, 0x74, 0x31, 0x38, 0x34, 0x2e, 0x35, 0x20, 0x31,
    0x32, 0x33, 0x74, 0x32, 0x32, 0x34, 0x20, 0x34, 0x35, 0x2e, 0x35, 0x7a, 0x4d, 0x37, 0x34, 0x31,
    0x2e, 0x35, 0x20, 0x39, 0x31, 0x33, 0x71, 0x2d, 0x31, 0x32, 0x2e, 0x35, 0x20, 0x30, 0x20, 0x2d,
    0x32, 0x31, 0x2e, 0x35, 0x20, 0x2d, 0x39, 0x6c, 0x2d, 0x31, 0x32, 0x30, 0x20, 0x2d, 0x31, 0x32,
    0x30, 0x6c, 0x2d, 0x31, 0x32, 0x30, 0x20, 0x31, 0x32, 0x30, 0x71, 0x2d, 0x39, 0x20, 0x39, 0x20,
    0x2d, 0x32, 0x31, 0x2e, 0x35, 0x20, 0x39, 0x20, 0x74, 0x2d, 0x32, 0x31, 0x2e, 0x35, 0x20, 0x2d,
    0x39, 0x6c, 0x2d, 0x31, 0x34, 0x31, 0x20, 0x2d, 0x31, 0x34, 0x31, 0x71, 0x2d, 0x39, 0x20, 0x2d,
    0x39, 0x20, 0x2d, 0x39, 0x20, 0x2d, 0x32, 0x31, 0x2e, 0x35, 0x74, 0x39, 0x20, 0x2d, 0x32, 0x31,
    0x2e, 0x35, 0x6c, 0x31, 0x32, 0x30, 0x20, 0x2d, 0x31, 0x32, 0x30, 0x6c, 0x2d, 0x31, 0x32, 0x30,
    0x20, 0x2d, 0x31, 0x32, 0x30, 0x71, 0x2d, 0x39, 0x20, 0x2d, 0x39, 0x20, 0x2d, 0x39, 0x20, 0x2d,
    0x32, 0x31, 0x2e, 0x35, 0x74, 0x39, 0x20, 0x2d, 0x32, 0x31, 0x2e, 0x35, 0x6c, 0x31, 0x34, 0x31,
    0x20, 0x2d, 0x31, 0x34, 0x31, 0x71, 0x39, 0x20, 0x2d, 0x39, 0x20, 0x32, 0x31, 0x2e, 0x35, 0x20,
    0x2d, 0x39, 0x74, 0x32, 0x31, 0x2e, 0x35, 0x20, 0x39, 0x6c, 0x31, 0x32, 0x30, 0x20, 0x31, 0x32,
    0x30, 0x6c, 0x31, 0x32, 0x30, 0x20, 0x2d, 0x31, 0x32, 0x30, 0x71, 0x39, 0x20, 0x2d, 0x39, 0x20,
    0x32, 0x31, 0x2e, 0x35, 0x20, 0x2d, 0x39, 0x74, 0x32, 0x31, 0x2e, 0x35, 0x20, 0x39, 0x6c, 0x31,
    0x34, 0x31, 0x20, 0x31, 0x34, 0x31, 0x71, 0x39, 0x20, 0x39, 0x20, 0x39, 0x20, 0x32, 0x31, 0x2e,
    0x35, 0x74, 0x2d, 0x39, 0x20, 0x32, 0x31, 0x2e, 0x35, 0x6c, 0x2d, 0x31, 0x32, 0x30, 0x20, 0x31,
    0x32, 0x30, 0x6c, 0x31, 0x32, 0x30, 0x20, 0x31, 0x32, 0x30, 0x71, 0x39, 0x20, 0x39, 0x20, 0x39,
    0x20, 0x32, 0x31, 0x2e, 0x35, 0x74, 0x2d, 0x39, 0x20, 0x32, 0x31, 0x2e, 0x35, 0x6c, 0x2d, 0x31,
    0x34, 0x31, 0x20, 0x31, 0x34, 0x31, 0x71, 0x2d, 0x39, 0x20, 0x39, 0x20, 0x2d, 0x32, 0x31, 0x2e,
    0x35, 0x20, 0x39, 0x7a, 0x22, 0x20, 0x2f, 0x3e, 0x0a, 0x3c, 0x67, 0x6c, 0x79, 0x70, 0x68, 0x20,
    0x75, 0x6e, 0x69, 0x63, 0x6f, 0x64, 0x65, 0x3d, 0x22, 0x26, 0x23, 0x78, 0x65, 0x30, 0x38, 0x34,
    0x3b, 0x22, 0x20, 0x64, 0x3d, 0x22, 0x4d, 0x36, 0x30, 0x30, 0x20, 0x31, 0x31, 0x37, 0x37, 0x71,
    0x31, 0x31, 0x37, 0x20, 0x30, 0x20, 0x32, 0x32, 0x34, 0x20, 0x2d, 0x34, 0x35, 0x2e, 0x35, 0x74,
    0x31, 0x38, 0x34, 0x2e, 0x35, 0x20, 0x2d, 0x31, 0x32, 0x33, 0x74, 0x31, 0x32, 0x33, 0x20, 0x2d,
    0x31, 0x38, 0x34, 0x2e, 0x35, 0x74, 0x34, 0x35, 0x2e, 0x35, 0x20, 0x2d, 0x32, 0x32, 0x34, 0x74,
    0x2d, 0x34, 0x35, 0x2e, 0x35, 0x20, 0x2d, 0x32, 0x32, 0x34, 0x74, 0x2d, 0x31, 0x32, 0x33, 0x20,
    0x2d, 0x31, 0x38, 0x34, 0x2e, 0x35, 0x74, 0x2d, 0x31, 0x38, 0x34, 0x2e, 0x35, 0x20, 0x2d, 0x31,
    0x32, 0x33, 0x74, 0x2d, 0x32, 0x32, 0x34, 0x20, 0x2d, 0x34, 0x35, 0x2e, 0x35, 0x74, 0x2d, 0x32,
    0x32, 0x34, 0x20, 0x34, 0x35, 0x2e, 0x35, 0x74, 0x2d, 0x31, 0x38, 0x34, 0x2e, 0x35, 0x20, 0x31,
    0x32, 0x33, 0x74, 0x2d, 0x31, 0x32, 0x33, 0x20, 0x31, 0x38, 0x34, 0x2e, 0x35, 0x74, 0x2d, 0x34,
    0x35, 0x2e, 0x35, 0x20, 0x32, 0x32, 0x34, 0x74, 0x34, 0x35, 0x2e, 0x35, 0x20, 0x32, 0x32, 0x34,
    0x74, 0x31, 0x32, 0x33, 0x20, 0x31, 0x38, 0x34, 0x2e, 0x35, 0x74, 0x31, 0x38, 0x34, 0x2e, 0x35,
    0x20, 0x31, 0x32, 0x33, 0x74, 0x32, 0x32, 0x34, 0x20, 0x34, 0x35, 0x2e, 0x35, 0x7a, 0x4d, 0x35,
    0x34, 0x36, 0x20, 0x36, 0x32, 0x33, 0x6c, 0x2d, 0x38, 0x34, 0x20, 0x38, 0x35, 0x71, 0x2d, 0x37,
    0x20, 0x37, 0x20, 0x2d, 0x31, 0x37, 0x2e, 0x35, 0x20, 0x37, 0x74, 0x2d, 0x31, 0x38, 0x2e, 0x35,
    0x20, 0x2d, 0x37, 0x6c, 0x2d, 0x31, 0x33, 0x39, 0x20, 0x2d, 0x31, 0x33, 0x39, 0x71, 0x2d, 0x37,
    0x20, 0x2d, 0x38, 0x20, 0x2d, 0x37, 0x20, 0x2d, 0x31, 0x38, 0x74, 0x37, 0x20, 0x2d, 0x31, 0x38,
    0x20, 0x6c, 0x32, 0x34, 0x32, 0x20, 0x2d, 0x32, 0x34, 0x31, 0x71, 0x37, 0x20, 0x2d, 0x38, 0x20,
    0x31, 0x37, 0x2e, 0x35, 0x20, 0x2d, 0x38, 0x74, 0x31, 0x37, 0x2e, 0x35, 0x20, 0x38, 0x6c, 0x33,
    0x37, 0x35, 0x20, 0x33, 0x37, 0x35, 0x71, 0x37, 0x20, 0x37, 0x20, 0x37, 0x20, 0x31, 0x37, 0x2e,
    0x35, 0x74, 0x2d, 0x37, 0x20, 0x31, 0x38, 0x2e, 0x35, 0x6c, 0x2d, 0x31, 0x33, 0x39, 0x20, 0x31,
    0x33, 0x39, 0x71, 0x2d, 0x37, 0x20, 0x37, 0x20, 0x2d, 0x31, 0x37, 0x2e, 0x35, 0x20, 0x37, 0x74,
    0x2d, 0x31, 0x37, 0x2e, 0x35, 0x20, 0x2d, 0x37, 0x7a, 0x22, 0x20, 0x2f, 0x3e, 0x0a, 0x3c, 0x67,
    0x6c, 0x79, 0x70, 0x68, 0x20, 0x75, 0x6e, 0x69, 0x63, 0x6f, 0x64, 0x65, 0x3d, 0x22, 0x26, 0x23,
    0x78, 0x65, 0x30, 0x38, 0x35, 0x3b, 0x22, 0x20, 0x64, 0x3d, 0x22, 0x4d, 0x36, 0x30, 0x30, 0x20,
    0x31, 0x31, 0x37, 0x37, 0x71, 0x31, 0x31, 0x37, 0x20, 0x30, 0x20, 0x32, 0x32, 0x34, 0x20, 0x2d,
    0x34, 0x35, 0x2e, 0x35, 0x74, 0x31, 0x38, 0x34, 0x2e, 0x35, 0x20, 0x2d, 0x31, 0x32, 0x33, 0x74,
    0x31, 0x32, 0x33, 0x20, 0x2d, 0x31, 0x38, 0x34, 0x2e, 0x35, 0x74, 0x34, 0x35, 0x2e, 0x35, 0x20,
    0x2d, 0x32, 0x32, 0x34, 0x74, 0x2d, 0x34, 0x35, 0x2e, 0x35, 0x20, 0x2d, 0x32, 0x32, 0x34, 0x74,
    0x2d, 0x31, 0x32, 0x33, 0x20, 0x2d, 0x31, 0x38, 0x34, 0x2e, 0x35, 0x74, 0x2d, 0x31, 0x38, 0x34,
    0x2e, 0x35, 0x20, 0x2d, 0x31, 0x32, 0x33, 0x74, 0x2d, 0x32, 0x32, 0x34, 0x20, 0x2d, 0x34, 0x35,
    0x2e, 0x35, 0x74, 0x2d, 0x32, 0x32, 0x34, 0x20, 0x34, 0x35, 0x2e, 0x35, 0x74, 0x2d, 0x31, 0x38,
    0x34, 0x2e, 0x35, 0x20, 0x31, 0x32, 0x33, 0x74, 0x2d, 0x31, 0x32, 0x33, 0x20, 0x31, 0x38, 0x34,
    0x2e, 0x35, 0x74, 0x2d, 0x34, 0x35, 0x2e, 0x35, 0x20, 0x32, 0x32, 0x34, 0x74, 0x34, 0x35, 0x2e,
    0x35, 0x20, 0x32, 0x32, 0x34, 0x74, 0x31, 0x32, 0x33, 0x20, 0x31, 0x38, 0x34, 0x2e, 0x35, 0x74,
    0x31, 0x38, 0x34, 0x2e, 0x35, 0x20, 0x31, 0x32, 0x33, 0x74, 0x32, 0x32, 0x34, 0x20, 0x34, 0x35,
    0x2e, 0x35, 0x7a, 0x4d, 0x35, 0x38, 0x38, 0x20, 0x39, 0x34, 0x31, 0x71, 0x2d, 0x32, 0x39, 0x20,
    0x30, 0x20, 0x2d, 0x35, 0x39, 0x20, 0x2d, 0x35, 0x2e, 0x35, 0x74, 0x2d, 0x36, 0x33, 0x20, 0x2d,
    0x32, 0x30, 0x2e, 0x35, 0x74, 0x2d, 0x35, 0x38, 0x20, 0x2d, 0x33, 0x38, 0x2e, 0x35, 0x74, 0x2d,
    0x34, 0x31, 0x2e, 0x35, 0x20, 0x2d, 0x36, 0x33, 0x74, 0x2d, 0x31, 0x36, 0x2e, 0x35, 0x20, 0x2d,
    0x38, 0x39, 0x2e, 0x35, 0x20, 0x71, 0x30, 0x20, 0x2d, 0x32, 0x35, 0x20, 0x32, 0x30, 0x20, 0x2d,
    0x32, 0x35, 0x68, 0x31, 0x33, 0x31, 0x71, 0x33, 0x30, 0x20, 0x2d, 0x35, 0x20, 0x33, 0x35, 0x20,
    0x31, 0x31, 0x71, 0x36, 0x20, 0x32, 0x30, 0x20, 0x32, 0x30, 0x2e, 0x35, 0x20, 0x32, 0x38, 0x74,
    0x34, 0x35, 0x2e, 0x35, 0x20, 0x38, 0x71, 0x32, 0x30, 0x20, 0x30, 0x20, 0x33, 0x31, 0x2e, 0x35,
    0x20, 0x2d, 0x31, 0x30, 0x2e, 0x35, 0x74, 0x31, 0x31, 0x2e, 0x35, 0x20, 0x2d, 0x32, 0x38, 0x2e,
    0x35, 0x71, 0x30, 0x20, 0x2d, 0x32, 0x33, 0x20, 0x2d, 0x37, 0x20, 0x2d, 0x33, 0x34, 0x74, 0x2d,
    0x32, 0x36, 0x20, 0x2d, 0x31, 0x38, 0x71, 0x2d, 0x31, 0x20, 0x30, 0x20, 0x2d, 0x31, 0x33, 0x2e,
    0x35, 0x20, 0x2d, 0x34, 0x74, 0x2d, 0x31, 0x39, 0x2e, 0x35, 0x20, 0x2d, 0x37, 0x2e, 0x35, 0x74,
    0x2d, 0x32, 0x30, 0x20, 0x2d, 0x31, 0x30, 0x2e, 0x35, 0x74, 0x2d, 0x32, 0x32, 0x20, 0x2d, 0x31,
    0x37, 0x74, 0x2d, 0x31, 0x38, 0x2e, 0x35, 0x20, 0x2d, 0x32, 0x34, 0x74, 0x2d, 0x31, 0x35, 0x2e,
    0x35, 0x20, 0x2d, 0x33, 0x35, 0x74, 0x2d, 0x38, 0x20, 0x2d, 0x34, 0x36, 0x71, 0x2d, 0x31, 0x20,
    0x2d, 0x38, 0x20, 0x35, 0x2e, 0x35, 0x20, 0x2d, 0x31, 0x36, 0x2e, 0x35, 0x74, 0x32, 0x30, 0x2e,
    0x35, 0x20, 0x2d, 0x38, 0x2e, 0x35, 0x68, 0x31, 0x37, 0x33, 0x71, 0x37, 0x20, 0x30, 0x20, 0x32,
    0x32, 0x20, 0x38, 0x74, 0x33, 0x35, 0x20, 0x32, 0x38, 0x74, 0x33, 0x37, 0x2e, 0x35, 0x20, 0x34,
    0x38, 0x74, 0x32, 0x39, 0x2e, 0x35, 0x20, 0x37, 0x34, 0x74, 0x31, 0x32, 0x20, 0x31, 0x30, 0x30,
    0x71, 0x30, 0x20, 0x34, 0x37, 0x20, 0x2d, 0x31, 0x37, 0x20, 0x38, 0x33, 0x20, 0x74, 0x2d, 0x34,
    0x32, 0x2e, 0x35, 0x20, 0x35, 0x37, 0x74, 0x2d, 0x35, 0x39, 0x2e, 0x35, 0x20, 0x33, 0x34, 0x2e,
    0x35, 0x74, 0x2d, 0x36, 0x34, 0x20, 0x31, 0x38, 0x74, 0x2d, 0x35, 0x39, 0x20, 0x34, 0x2e, 0x35,
    0x7a, 0x4d, 0x36, 0x37, 0x35, 0x20, 0x34, 0x30, 0x30, 0x68, 0x2d, 0x31, 0x35, 0x30, 0x71, 0x2d,
    0x31, 0x30, 0x20, 0x30, 0x20, 0x2d, 0x31, 0x37, 0x2e, 0x35, 0x20, 0x2d, 0x37, 0x2e, 0x35, 0x74,
    0x2d, 0x37, 0x2e, 0x35, 0x20, 0x2d, 0x31, 0x37, 0x2e, 0x35, 0x76, 0x2d, 0x31, 0x35, 0x30, 0x71,
    0x30, 0x20, 0x2d, 0x31, 0x30, 0x20, 0x37, 0x2e, 0x35, 0x20, 0x2d, 0x31, 0x37, 0x2e, 0x35, 0x74,
    0x31, 0x37, 0x2e, 0x35, 0x20, 0x2d, 0x37, 0x2e, 0x35, 0x68, 0x31, 0x35, 0x30, 0x71, 0x31, 0x30,
    0x20, 0x30, 0x20, 0x31, 0x37, 0x2e, 0x35, 0x20, 0x37, 0x2e, 0x35, 0x74, 0x37, 0x2e, 0x35, 0x20,
    0x31, 0x37, 0x2e, 0x35, 0x76, 0x31, 0x35, 0x30, 0x71, 0x30, 0x20, 0x31, 0x30, 0x20, 0x2d, 0x37,
    0x2e, 0x35, 0x20, 0x31, 0x37, 0x2e, 0x35, 0x74, 0x2d, 0x31, 0x37, 0x2e, 0x35, 0x20, 0x37, 0x2e,
    0x35, 0x7a, 0x22, 0x20, 0x2f, 0x3e, 0x0a, 0x3c, 0x67, 0x6c, 0x79, 0x70, 0x68, 0x20, 0x75, 0x6e,
    0x69, 0x63, 0x6f, 0x64, 0x65, 0x3d, 0x22, 0x26, 0x23, 0x78, 0x65, 0x30, 0x38, 0x36, 0x3b, 0x22,
    0x20, 0x64, 0x3d, 0x22, 0x4d, 0x36, 0x30, 0x30, 0x20, 0x31, 0x31, 0x37, 0x37, 0x71, 0x31, 0x31,
    0x37, 0x20, 0x30, 0x20, 0x32, 0x32, 0x34, 0x20, 0x2d, 0x34, 0x35, 0x2e, 0x35, 0x74, 0x31, 0x38,
    0x34, 0x2e, 0x35, 0x20, 0x2d, 0x31, 0x32, 0x33, 0x74, 0x31, 0x32, 0x33, 0x20, 0x2d, 0x31, 0x38,
    0x34, 0x2e, 0x35, 0x74, 0x34, 0x35, 0x2e, 0x35, 0x20, 0x2d, 0x32, 0x32, 0x34, 0x74, 0x2d, 0x34,
    0x35, 0x2e, 0x35, 0x20, 0x2d, 0x32, 0x32, 0x34, 0x74, 0x2d, 0x31, 0x32, 0x33, 0x20, 0x2d, 0x31,
    0x38, 0x34, 0x2e, 0x35, 0x74, 0x2d, 0x31, 0x38, 0x34, 0x2e, 0x35, 0x20, 0x2d, 0x31, 0x32, 0x33,
    0x74, 0x2d, 0x32, 0x32, 0x34, 0x20, 0x2d, 0x34, 0x35, 0x2e, 0x35, 0x74, 0x2d, 0x32, 0x32, 0x34,
    0x20, 0x34, 0x35, 0x2e, 0x35, 0x74, 0x2d, 0x31, 0x38, 0x34, 0x2e, 0x35, 0x20, 0x31, 0x32, 0x33,
    0x74, 0x2d, 0x31, 0x32, 0x33, 0x20, 0x31, 0x38, 0x34, 0x2e, 0x35, 0x74, 0x2d, 0x34, 0x35, 0x2e,
    0x35, 0x20, 0x32, 0x32, 0x34, 0x74, 0x34, 0x35, 0x2e, 0x35, 0x20, 0x32, 0x32, 0x34, 0x74, 0x31,
    0x32, 0x33, 0x20, 0x31, 0x38, 0x34, 0x2e, 0x35, 0x74, 0x31, 0x38, 0x34, 0x2e, 0x35, 0x20, 0x31,
    0x32, 0x33, 0x74, 0x32, 0x32, 0x34, 0x20, 0x34, 0x35, 0x2e, 0x35, 0x7a, 0x4d, 0x36, 0x37, 0x35,
    0x20, 0x31, 0x30, 0x30, 0x30, 0x68, 0x2d, 0x31, 0x35, 0x30, 0x71, 0x2d, 0x31, 0x30, 0x20, 0x30,
    0x20, 0x2d, 0x31, 0x37, 0x2e, 0x35, 0x20, 0x2d, 0x37, 0x2e, 0x35, 0x74, 0x2d, 0x37, 0x2e, 0x35,
    0x20, 0x2d, 0x31, 0x37, 0x2e, 0x35, 0x76, 0x2d, 0x31, 0x35, 0x30, 0x71, 0x30, 0x20, 0x2d, 0x31,
    0x30, 0x20, 0x37, 0x2e, 0x35, 0x20, 0x2d, 0x31, 0x37, 0x2e, 0x35, 0x20, 0x74, 0x31, 0x37, 0x2e,
    0x35, 0x20, 0x2d, 0x37, 0x2e, 0x35, 0x68, 0x31, 0x35, 0x30, 0x71, 0x31, 0x30, 0x20, 0x30, 0x20,
    0x31, 0x37, 0x2e, 0x35, 0x20, 0x37, 0x2e, 0x35, 0x74, 0x37, 0x2e, 0x35, 0x20, 0x31, 0x37, 0x2e,
    0x35, 0x76, 0x31, 0x35, 0x30, 0x71, 0x30, 0x20, 0x31, 0x30, 0x20, 0x2d, 0x37, 0x2e, 0x35, 0x20,
    0x31, 0x37, 0x2e, 0x35, 0x74, 0x2d, 0x31, 0x37, 0x2e, 0x35, 0x20, 0x37, 0x2e, 0x35, 0x7a, 0x4d,
    0x36, 0x37, 0x35, 0x20, 0x37, 0x30, 0x30, 0x68, 0x2d, 0x32, 0x35, 0x30, 0x71, 0x2d, 0x31, 0x30,
    0x20, 0x30, 0x20, 0x2d, 0x31, 0x37, 0x2e, 0x35, 0x20, 0x2d, 0x37, 0x2e, 0x35, 0x74, 0x2d, 0x37,
    0x2e, 0x35, 0x20, 0x2d, 0x31, 0x37, 0x2e, 0x35, 0x76, 0x2d, 0x35, 0x30, 0x71, 0x30, 0x20, 0x2d,
    0x31, 0x30, 0x20, 0x37, 0x2e, 0x35, 0x20, 0x2d, 0x31, 0x37, 0x2e, 0x35, 0x74, 0x31, 0x37, 0x2e,
    0x35, 0x20, 0x2d, 0x37, 0x2e, 0x35, 0x68, 0x37, 0x35, 0x76, 0x2d, 0x32, 0x30, 0x30, 0x68, 0x2d,
    0x37, 0x35, 0x71, 0x2d, 0x31, 0x30, 0x20, 0x30, 0x20, 0x2d, 0x31, 0x37, 0x2e, 0x35, 0x20, 0x2d,
    0x37, 0x2e, 0x35, 0x74, 0x2d, 0x37, 0x2e, 0x35, 0x20, 0x2d, 0x31, 0x37, 0x2e, 0x35, 0x76, 0x2d,
    0x35, 0x30, 0x71, 0x30, 0x20, 0x2d, 0x31, 0x30, 0x20, 0x37, 0x2e, 0x35, 0x20, 0x2d, 0x31, 0x37,
    0x2e, 0x35, 0x74, 0x31, 0x37, 0x2e, 0x35, 0x20, 0x2d, 0x37, 0x2e, 0x35, 0x68, 0x33, 0x35, 0x30,
    0x71, 0x31, 0x30, 0x20, 0x30, 0x20, 0x31, 0x37, 0x2e, 0x35, 0x20, 0x37, 0x2e, 0x35, 0x74, 0x37,
    0x2e, 0x35, 0x20, 0x31, 0x37, 0x2e, 0x35, 0x76, 0x35, 0x30, 0x71, 0x30, 0x20, 0x31, 0x30, 0x20,
    0x2d, 0x37, 0x2e, 0x35, 0x20, 0x31, 0x37, 0x2e, 0x35, 0x20, 0x74, 0x2d, 0x31, 0x37, 0x2e, 0x35,
    0x20, 0x37, 0x2e, 0x35, 0x68, 0x2d, 0x37, 0x35, 0x76, 0x32, 0x37, 0x35, 0x71, 0x30, 0x20, 0x31,
    0x30, 0x20, 0x2d, 0x37, 0x2e, 0x35, 0x20, 0x31, 0x37, 0x2e, 0x35, 0x74, 0x2d, 0x31, 0x37, 0x2e,
    0x35, 0x20, 0x37, 0x2e, 0x35, 0x7a, 0x22, 0x20, 0x2f, 0x3e, 0x0a, 0x3c, 0x67, 0x6c, 0x79, 0x70,
    0x68, 0x20, 0x75, 0x6e, 0x69, 0x63, 0x6f, 0x64, 0x65, 0x3d, 0x22, 0x26, 0x23, 0x78, 0x65, 0x30,
    0x38, 0x37, 0x3b, 0x22, 0x20, 0x64, 0x3d, 0x22, 0x4d, 0x35, 0x32, 0x35, 0x20, 0x31, 0x32, 0x30,
    0x30, 0x68, 0x31, 0x35, 0x30, 0x71, 0x31, 0x30, 0x20, 0x30, 0x20, 0x31, 0x37, 0x2e, 0x35, 0x20,
    0x2d, 0x37, 0x2e, 0x35, 0x74, 0x37, 0x2e, 0x35, 0x20, 0x2d, 0x31, 0x37, 0x2e, 0x35, 0x76, 0x2d,
    0x31, 0x39, 0x34, 0x71, 0x31, 0x30, 0x33, 0x20, 0x2d, 0x32, 0x37, 0x20, 0x31, 0x37, 0x38, 0x2e,
    0x35, 0x20, 0x2d, 0x31, 0x30, 0x32, 0x2e, 0x35, 0x74, 0x31, 0x30, 0x32, 0x2e, 0x35, 0x20, 0x2d,
    0x31, 0x37, 0x38, 0x2e, 0x35, 0x68, 0x31, 0x39, 0x34, 0x71, 0x31, 0x30, 0x20, 0x30, 0x20, 0x31,
    0x37, 0x2e, 0x35, 0x20, 0x2d, 0x37, 0x2e, 0x35, 0x74, 0x37, 0x2e, 0x35, 0x20, 0x2d, 0x31, 0x37,
    0x2e, 0x35, 0x76, 0x2d, 0x31, 0x35, 0x30, 0x71, 0x30, 0x20, 0x2d, 0x31, 0x30, 0x20, 0x2d, 0x37,
    0x2e, 0x35, 0x20, 0x2d, 0x31, 0x37, 0x2e, 0x35, 0x74, 0x2d, 0x31, 0x37, 0x2e, 0x35, 0x20, 0x2d,
    0x37, 0x2e, 0x35, 0x68, 0x2d, 0x31, 0x39, 0x34, 0x71, 0x2d, 0x32, 0x37, 0x20, 0x2d, 0x31, 0x30,
    0x33, 0x20, 0x2d, 0x31, 0x30, 0x32, 0x2e, 0x35, 0x20, 0x2d, 0x31, 0x37, 0x38, 0x2e, 0x35, 0x74,
    0x2d, 0x31, 0x37, 0x38, 0x2e, 0x35, 0x20, 0x2d, 0x31, 0x30, 0x32, 0x2e, 0x35, 0x76, 0x2d, 0x31,
    0x39, 0x34, 0x71, 0x30, 0x20, 0x2d, 0x31, 0x30, 0x20, 0x2d, 0x37, 0x2e, 0x35, 0x20, 0x2d, 0x31,
    0x37, 0x2e, 0x35, 0x74, 0x2d, 0x31, 0x37, 0x2e, 0x35, 0x20, 0x2d, 0x37, 0x2e, 0x35, 0x68, 0x2d,
    0x31, 0x35, 0x30, 0x71, 0x2d, 0x31, 0x30, 0x20, 0x30, 0x20, 0x2d, 0x31, 0x37, 0x2e, 0x35, 0x20,
    0x37, 0x2e, 0x35, 0x74, 0x2d, 0x37, 0x2e, 0x35, 0x20, 0x31, 0x37, 0x2e, 0x35, 0x76, 0x31, 0x39,
    0x34, 0x20, 0x71, 0x2d, 0x31, 0x30, 0x33, 0x20, 0x32, 0x37, 0x20, 0x2d, 0x31, 0x37, 0x38, 0x2e,
    0x35, 0x20, 0x31, 0x30, 0x32, 0x2e, 0x35, 0x74, 0x2d, 0x31, 0x30, 0x32, 0x2e, 0x35, 0x20, 0x31,
    0x37, 0x38, 0x2e, 0x35, 0x68, 0x2d, 0x31, 0x39, 0x34, 0x71, 0x2d, 0x31, 0x30, 0x20, 0x30, 0x20,
    0x2d, 0x31, 0x37, 0x2e, 0x35, 0x20, 0x37, 0x2e, 0x35, 0x74, 0x2d, 0x37, 0x2e, 0x35, 0x20, 0x31,
    0x37, 0x2e, 0x35, 0x76, 0x31, 0x35, 0x30, 0x71, 0x30, 0x20, 0x31, 0x30, 0x20, 0x37, 0x2e, 0x35,
    0x20, 0x31, 0x37, 0x2e, 0x35, 0x74, 0x31, 0x37, 0x2e, 0x35, 0x20, 0x37, 0x2e, 0x35, 0x68, 0x31,
    0x39, 0x34, 0x71, 0x32, 0x37, 0x20, 0x31, 0x30, 0x33, 0x20, 0x31, 0x30, 0x32, 0x2e, 0x35, 0x20,
    0x31, 0x37, 0x38, 0x2e, 0x35, 0x74, 0x31, 0x37, 0x38, 0x2e, 0x35, 0x20, 0x31, 0x30, 0x32, 0x2e,
    0x35, 0x76, 0x31, 0x39, 0x34, 0x71, 0x30, 0x20, 0x31, 0x30, 0x20, 0x37, 0x2e, 0x35, 0x20, 0x31,
    0x37, 0x2e, 0x35, 0x74, 0x31, 0x37, 0x2e, 0x35, 0x20, 0x37, 0x2e, 0x35, 0x7a, 0x4d, 0x37, 0x30,
    0x30, 0x20, 0x38, 0x39, 0x33, 0x76, 0x2d, 0x31, 0x36, 0x38, 0x71, 0x30, 0x20, 0x2d, 0x31, 0x30,
    0x20, 0x2d, 0x37, 0x2e, 0x35, 0x20, 0x2d, 0x31, 0x37, 0x2e, 0x35, 0x74, 0x2d, 0x31, 0x37, 0x2e,
    0x35, 0x20, 0x2d, 0x37, 0x2e, 0x35, 0x68, 0x2d, 0x31, 0x35, 0x30, 0x71, 0x2d, 0x31, 0x30, 0x20,
    0x30, 0x20, 0x2d, 0x31, 0x37, 0x2e, 0x35, 0x20, 0x37, 0x2e, 0x35, 0x74, 0x2d, 0x37, 0x2e, 0x35,
    0x20, 0x31, 0x37, 0x2e, 0x35, 0x76, 0x31, 0x36, 0x38, 0x71, 0x2d, 0x36, 0x38, 0x20, 0x2d, 0x32,
    0x33, 0x20, 0x2d, 0x31, 0x31, 0x39, 0x20, 0x2d, 0x37, 0x34, 0x20, 0x74, 0x2d, 0x37, 0x34, 0x20,
    0x2d, 0x31, 0x31, 0x39, 0x68, 0x31, 0x36, 0x38, 0x71, 0x31, 0x30, 0x20, 0x30, 0x20, 0x31, 0x37,
    0x2e, 0x35, 0x20, 0x2d, 0x37, 0x2e, 0x35, 0x74, 0x37, 0x2e, 0x35, 0x20, 0x2d, 0x31, 0x37, 0x2e,
    0x35, 0x76, 0x2d, 0x31, 0x35, 0x30, 0x71, 0x30, 0x20, 0x2d, 0x31, 0x30, 0x20, 0x2d, 0x37, 0x2e,
    0x35, 0x20, 0x2d, 0x31, 0x37, 0x2e, 0x35, 0x74, 0x2d, 0x31, 0x37, 0x2e, 0x35, 0x20, 0x2d, 0x37,
    0x2e, 0x35, 0x68, 0x2d, 0x31, 0x36, 0x38, 0x71, 0x32, 0x33, 0x20, 0x2d, 0x36, 0x38, 0x20, 0x37,
    0x34, 0x20, 0x2d, 0x31, 0x31, 0x39, 0x74, 0x31, 0x31, 0x39, 0x20, 0x2d, 0x37, 0x34, 0x76, 0x31,
    0x36, 0x38, 0x71, 0x30, 0x20, 0x31, 0x30, 0x20, 0x37, 0x2e, 0x35, 0x20, 0x31, 0x37, 0x2e, 0x35,
    0x74, 0x31, 0x37, 0x2e, 0x35, 0x20, 0x37, 0x2e, 0x35, 0x68, 0x31, 0x35, 0x30, 0x71, 0x31, 0x30,
    0x20, 0x30, 0x20, 0x31, 0x37, 0x2e, 0x35, 0x20, 0x2d, 0x37, 0x2e, 0x35, 0x74, 0x37, 0x2e, 0x35,
    0x20, 0x2d, 0x31, 0x37, 0x2e, 0x35, 0x76, 0x2d, 0x31, 0x36, 0x38, 0x71, 0x36, 0x38, 0x20, 0x32,
    0x33, 0x20, 0x31, 0x31, 0x39, 0x20, 0x37, 0x34, 0x74, 0x37, 0x34, 0x20, 0x31, 0x31, 0x39, 0x68,
    0x2d, 0x31, 0x36, 0x38, 0x71, 0x2d, 0x31, 0x30, 0x20, 0x30, 0x20, 0x2d, 0x31, 0x37, 0x2e, 0x35,
    0x20, 0x37, 0x2e, 0x35, 0x74, 0x2d, 0x37, 0x2e, 0x35, 0x20, 0x31, 0x37, 0x2e, 0x35, 0x76, 0x31,
    0x35, 0x30, 0x71, 0x30, 0x20, 0x31, 0x30, 0x20, 0x37, 0x2e, 0x35, 0x20, 0x31, 0x37, 0x2e, 0x35,
    0x74, 0x31, 0x37, 0x2e, 0x35, 0x20, 0x37, 0x2e, 0x35, 0x68, 0x31, 0x36, 0x38, 0x20, 0x71, 0x2d,
    0x32, 0x33, 0x20, 0x36, 0x38, 0x20, 0x2d, 0x37, 0x34, 0x20, 0x31, 0x31, 0x39, 0x74, 0x2d, 0x31,
    0x31, 0x39, 0x20, 0x37, 0x34, 0x7a, 0x22, 0x20, 0x2f, 0x3e, 0x0a, 0x3c, 0x67, 0x6c, 0x79, 0x70,
    0x68, 0x20, 0x75, 0x6e, 0x69, 0x63, 0x6f, 0x64, 0x65, 0x3d, 0x22, 0x26, 0x23, 0x78, 0x65, 0x30,
    0x38, 0x38, 0x3b, 0x22, 0x20, 0x64, 0x3d, 0x22, 0x4d, 0x36, 0x30, 0x30, 0x20, 0x31, 0x31, 0x37,
    0x37, 0x71, 0x31, 0x31, 0x37, 0x20, 0x30, 0x20, 0x32, 0x32, 0x34, 0x20, 0x2d, 0x34, 0x35, 0x2e,
    0x35, 0x74, 0x31, 0x38, 0x34, 0x2e, 0x35, 0x20, 0x2d, 0x31, 0x32, 0x33, 0x74, 0x31, 0x32, 0x33,
    0x20, 0x2d, 0x31, 0x38, 0x34, 0x2e, 0x35, 0x74, 0x34, 0x35, 0x2e, 0x35, 0x20, 0x2d, 0x32, 0x32,
    0x34, 0x74, 0x2d, 0x34, 0x35, 0x2e, 0x35, 0x20, 0x2d, 0x32, 0x32, 0x34, 0x74, 0x2d, 0x31, 0x32,
    0x33, 0x20, 0x2d, 0x31, 0x38, 0x34, 0x2e, 0x35, 0x74, 0x2d, 0x31, 0x38, 0x34, 0x2e, 0x35, 0x20,
    0x2d, 0x31, 0x32, 0x33, 0x74, 0x2d, 0x32, 0x32, 0x34, 0x20, 0x2d, 0x34, 0x35, 0x2e, 0x35, 0x74,
    0x2d, 0x32, 0x32, 0x34, 0x20, 0x34, 0x35, 0x2e, 0x35, 0x74, 0x2d, 0x31, 0x38, 0x34, 0x2e, 0x35,
    0x20, 0x31, 0x32, 0x33, 0x74, 0x2d, 0x31, 0x32, 0x33, 0x20, 0x31, 0x38, 0x34, 0x2e, 0x35, 0x74,
    0x2d, 0x34, 0x35, 0x2e, 0x35, 0x20, 0x32, 0x32, 0x34, 0x74, 0x34, 0x35, 0x2e, 0x35, 0x20, 0x32,
    0x32, 0x34, 0x74, 0x31, 0x32, 0x33, 0x20, 0x31, 0x38, 0x34, 0x2e, 0x35, 0x74, 0x31, 0x38, 0x34,
    0x2e, 0x35, 0x20, 0x31, 0x32, 0x33, 0x74, 0x32, 0x32, 0x34, 0x20, 0x34, 0x35, 0x2e, 0x35, 0x7a,
    0x4d, 0x36, 0x30, 0x30, 0x20, 0x31, 0x30, 0x32, 0x37, 0x71, 0x2d, 0x31, 0x31, 0x36, 0x20, 0x30,
    0x20, 0x2d, 0x32, 0x31, 0x34, 0x2e, 0x35, 0x20, 0x2d, 0x35, 0x37, 0x74, 0x2d, 0x31, 0x35, 0x35,
    0x2e, 0x35, 0x20, 0x2d, 0x31, 0x35, 0x35, 0x2e, 0x35, 0x74, 0x2d, 0x35, 0x37, 0x20, 0x2d, 0x32,
    0x31, 0x34, 0x2e, 0x35, 0x74, 0x35, 0x37, 0x20, 0x2d, 0x32, 0x31, 0x34, 0x2e, 0x35, 0x20, 0x74,
    0x31, 0x35, 0x35, 0x2e, 0x35, 0x20, 0x2d, 0x31, 0x35, 0x35, 0x2e, 0x35, 0x74, 0x32, 0x31, 0x34,
    0x2e, 0x35, 0x20, 0x2d, 0x35, 0x37, 0x74, 0x32, 0x31, 0x34, 0x2e, 0x35, 0x20, 0x35, 0x37, 0x74,
    0x31, 0x35, 0x35, 0x2e, 0x35, 0x20, 0x31, 0x35, 0x35, 0x2e, 0x35, 0x74, 0x35, 0x37, 0x20, 0x32,
    0x31, 0x34, 0x2e, 0x35, 0x74, 0x2d, 0x35, 0x37, 0x20, 0x32, 0x31, 0x34, 0x2e, 0x35, 0x74, 0x2d,
    0x31, 0x35, 0x35, 0x2e, 0x35, 0x20, 0x31, 0x35, 0x35, 0x2e, 0x35, 0x74, 0x2d, 0x32, 0x31, 0x34,
    0x2e, 0x35, 0x20, 0x35, 0x37, 0x7a, 0x4d, 0x37, 0x35, 0x39, 0x20, 0x38, 0x32, 0x33, 0x6c, 0x36,
    0x34, 0x20, 0x2d, 0x36, 0x34, 0x71, 0x37, 0x20, 0x2d, 0x37, 0x20, 0x37, 0x20, 0x2d, 0x31, 0x37,
    0x2e, 0x35, 0x74, 0x2d, 0x37, 0x20, 0x2d, 0x31, 0x37, 0x2e, 0x35, 0x6c, 0x2d, 0x31, 0x32, 0x34,
    0x20, 0x2d, 0x31, 0x32, 0x34, 0x6c, 0x31, 0x32, 0x34, 0x20, 0x2d, 0x31, 0x32, 0x34, 0x71, 0x37,
    0x20, 0x2d, 0x37, 0x20, 0x37, 0x20, 0x2d, 0x31, 0x37, 0x2e, 0x35, 0x74, 0x2d, 0x37, 0x20, 0x2d,
    0x31, 0x37, 0x2e, 0x35, 0x6c, 0x2d, 0x36, 0x34, 0x20, 0x2d, 0x36, 0x34, 0x71, 0x2d, 0x37, 0x20,
    0x2d, 0x37, 0x20, 0x2d, 0x31, 0x37, 0x2e, 0x35, 0x20, 0x2d, 0x37, 0x74, 0x2d, 0x31, 0x37, 0x2e,
    0x35, 0x20, 0x37, 0x6c, 0x2d, 0x31, 0x32, 0x34, 0x20, 0x31, 0x32, 0x34, 0x6c, 0x2d, 0x31, 0x32,
    0x34, 0x20, 0x2d, 0x31, 0x32, 0x34, 0x71, 0x2d, 0x37, 0x20, 0x2d, 0x37, 0x20, 0x2d, 0x31, 0x37,
    0x2e, 0x35, 0x20, 0x2d, 0x37, 0x74, 0x2d, 0x31, 0x37, 0x2e, 0x35, 0x20, 0x37, 0x6c, 0x2d, 0x36,
    0x34, 0x20, 0x36, 0x34, 0x20, 0x71, 0x2d, 0x37, 0x20, 0x37, 0x20, 0x2d, 0x37, 0x20, 0x31, 0x37,
    0x2e, 0x35, 0x74, 0x37, 0x20, 0x31, 0x37, 0x2e, 0x35, 0x6c, 0x31, 0x32, 0x34, 0x20, 0x31, 0x32,
    0x34, 0x6c, 0x2d, 0x31, 0x32, 0x34, 0x20, 0x31, 0x32, 0x34, 0x71, 0x2d, 0x37, 0x20, 0x37, 0x20,
    0x2d, 0x37, 0x20, 0x31, 0x37, 0x2e, 0x35, 0x74, 0x37, 0x20, 0x31, 0x37, 0x2e, 0x35, 0x6c, 0x36,
    0x34, 0x20, 0x36, 0x34, 0x71, 0x37, 0x20, 0x37, 0x20, 0x31, 0x37, 0x2e, 0x35, 0x20, 0x37, 0x74,
    0x31, 0x37, 0x2e, 0x35, 0x20, 0x2d, 0x37, 0x6c, 0x31, 0x32, 0x34, 0x20, 0x2d, 0x31, 0x32, 0x34,
    0x6c, 0x31, 0x32, 0x34, 0x20, 0x31, 0x32, 0x34, 0x71, 0x37, 0x20, 0x37, 0x20, 0x31, 0x37, 0x2e,
    0x35, 0x20, 0x37, 0x74, 0x31, 0x37, 0x2e, 0x35, 0x20, 0x2d, 0x37, 0x7a, 0x22, 0x20, 0x2f, 0x3e,
    0x0a, 0x3c, 0x67, 0x6c, 0x79, 0x70, 0x68, 0x20, 0x75, 0x6e, 0x69, 0x63, 0x6f, 0x64, 0x65, 0x3d,
    0x22, 0x26, 0x23, 0x78, 0x65, 0x30, 0x38, 0x39, 0x3b, 0x22, 0x20, 0x64, 0x3d, 0x22, 0x4d, 0x36,
    0x30, 0x30, 0x20, 0x31, 0x31, 0x37, 0x37, 0x71, 0x31, 0x31, 0x37, 0x20, 0x30, 0x20, 0x32, 0x32,
    0x34, 0x20, 0x2d, 0x34, 0x35, 0x2e, 0x35, 0x74, 0x31, 0x38, 0x34, 0x2e, 0x35, 0x20, 0x2d, 0x31,
    0x32, 0x33, 0x74, 0x31, 0x32, 0x33, 0x20, 0x2d, 0x31, 0x38, 0x34, 0x2e, 0x35, 0x74, 0x34, 0x35,
    0x2e, 0x35, 0x20, 0x2d, 0x32, 0x32, 0x34, 0x74, 0x2d, 0x34, 0x35, 0x2e, 0x35, 0x20, 0x2d, 0x32,
    0x32, 0x34, 0x74, 0x2d, 0x31, 0x32, 0x33, 0x20, 0x2d, 0x31, 0x38, 0x34, 0x2e, 0x35, 0x74, 0x2d,
    0x31, 0x38, 0x34, 0x2e, 0x35, 0x20, 0x2d, 0x31, 0x32, 0x33, 0x74, 0x2d, 0x32, 0x32, 0x34, 0x20,
    0x2d, 0x34, 0x35, 0x2e, 0x35, 0x74, 0x2d, 0x32, 0x32, 0x34, 0x20, 0x34, 0x35, 0x2e, 0x35, 0x74,
    0x2d, 0x31, 0x38, 0x34, 0x2e, 0x35, 0x20, 0x31, 0x32, 0x33, 0x74, 0x2d, 0x31, 0x32, 0x33, 0x20,
    0x31, 0x38, 0x34, 0x2e, 0x35, 0x74, 0x2d, 0x34, 0x35, 0x2e, 0x35, 0x20, 0x32, 0x32, 0x34, 0x74,
    0x34, 0x35, 0x2e, 0x35, 0x20, 0x32, 0x32, 0x34, 0x74, 0x31, 0x32, 0x33, 0x20, 0x31, 0x38, 0x34,
    0x2e, 0x35, 0x74, 0x31, 0x38, 0x34, 0x2e, 0x35, 0x20, 0x31, 0x32, 0x33, 0x74, 0x32, 0x32, 0x34,
    0x20, 0x34, 0x35, 0x2e, 0x35, 0x7a, 0x4d, 0x36, 0x30, 0x30, 0x20, 0x31, 0x30, 0x32, 0x37, 0x71,
    0x2d, 0x31, 0x31, 0x36, 0x20, 0x30, 0x20, 0x2d, 0x32, 0x31, 0x34, 0x2e, 0x35, 0x20, 0x2d, 0x35,
    0x37, 0x74, 0x2d, 0x31, 0x35, 0x35, 0x2e, 0x35, 0x20, 0x2d, 0x31, 0x35, 0x35, 0x2e, 0x35, 0x74,
    0x2d, 0x35, 0x37, 0x20, 0x2d, 0x32, 0x31, 0x34, 0x2e, 0x35, 0x74, 0x35, 0x37, 0x20, 0x2d, 0x32,
    0x31, 0x34, 0x2e, 0x35, 0x20, 0x74, 0x31, 0x35, 0x35, 0x2e, 0x35, 0x20, 0x2d, 0x31, 0x35, 0x35,
    0x2e, 0x35, 0x74, 0x32, 0x31, 0x34, 0x2e, 0x35, 0x20, 0x2d, 0x35, 0x37, 0x74, 0x32, 0x31, 0x34,
    0x2e, 0x35, 0x20, 0x35, 0x37, 0x74, 0x31, 0x35, 0x35, 0x2e, 0x35, 0x20, 0x31, 0x35, 0x35, 0x2e,
    0x35, 0x74, 0x35, 0x37, 0x20, 0x32, 0x31, 0x34, 0x2e, 0x35, 0x74, 0x2d, 0x35, 0x37, 0x20, 0x32,
    0x31, 0x34, 0x2e, 0x35, 0x74, 0x2d, 0x31, 0x35, 0x35, 0x2e, 0x35, 0x20, 0x31, 0x35, 0x35, 0x2e,
    0x35, 0x74, 0x2d, 0x32, 0x31, 0x34, 0x2e, 0x35, 0x20, 0x35, 0x37, 0x7a, 0x4d, 0x37, 0x38, 0x32,
    0x20, 0x37, 0x38, 0x38, 0x6c, 0x31, 0x30, 0x36, 0x20, 0x2d, 0x31, 0x30, 0x36, 0x71, 0x37, 0x20,
    0x2d, 0x37, 0x20, 0x37, 0x20, 0x2d, 0x31, 0x37, 0x2e, 0x35, 0x74, 0x2d, 0x37, 0x20, 0x2d, 0x31,
    0x37, 0x2e, 0x35, 0x6c, 0x2d, 0x33, 0x32, 0x30, 0x20, 0x2d, 0x33, 0x32, 0x31, 0x71, 0x2d, 0x38,
    0x20, 0x2d, 0x37, 0x20, 0x2d, 0x31, 0x38, 0x20, 0x2d, 0x37, 0x74, 0x2d, 0x31, 0x38, 0x20, 0x37,
    0x6c, 0x2d, 0x32, 0x30, 0x32, 0x20, 0x32, 0x30, 0x33, 0x71, 0x2d, 0x38, 0x20, 0x37, 0x20, 0x2d,
    0x38, 0x20, 0x31, 0x37, 0x2e, 0x35, 0x74, 0x38, 0x20, 0x31, 0x37, 0x2e, 0x35, 0x6c, 0x31, 0x30,
    0x36, 0x20, 0x31, 0x30, 0x36, 0x71, 0x37, 0x20, 0x38, 0x20, 0x31, 0x37, 0x2e, 0x35, 0x20, 0x38,
    0x74, 0x31, 0x37, 0x2e, 0x35, 0x20, 0x2d, 0x38, 0x6c, 0x37, 0x39, 0x20, 0x2d, 0x37, 0x39, 0x6c,
    0x31, 0x39, 0x37, 0x20, 0x31, 0x39, 0x37, 0x71, 0x37, 0x20, 0x37, 0x20, 0x31, 0x37, 0x2e, 0x35,
    0x20, 0x37, 0x74, 0x31, 0x37, 0x2e, 0x35, 0x20, 0x2d, 0x37, 0x7a, 0x22, 0x20, 0x2f, 0x3e, 0x0a,
    0x3c, 0x67, 0x6c, 0x79, 0x70, 0x68, 0x20, 0x75, 0x6e, 0x69, 0x63, 0x6f, 0x64, 0x65, 0x3d, 0x22,
    0x26, 0x23, 0x78, 0x65, 0x30, 0x39, 0x30, 0x3b, 0x22, 0x20, 0x64, 0x3d, 0x22, 0x4d, 0x36, 0x30,
    0x30, 0x20, 0x31, 0x31, 0x37, 0x37, 0x71, 0x31, 0x31, 0x37, 0x20, 0x30, 0x20, 0x32, 0x32, 0x34,
    0x20, 0x2d, 0x34, 0x35, 0x2e, 0x35, 0x74, 0x31, 0x38, 0x34, 0x2e, 0x35, 0x20, 0x2d, 0x31, 0x32,
    0x33, 0x74, 0x31, 0x32, 0x33, 0x20, 0x2d, 0x31, 0x38, 0x34, 0x2e, 0x35, 0x74, 0x34, 0x35, 0x2e,
    0x35, 0x20, 0x2d, 0x32, 0x32, 0x34, 0x74, 0x2d, 0x34, 0x35, 0x2e, 0x35, 0x20, 0x2d, 0x32, 0x32,
    0x34, 0x74, 0x2d, 0x31, 0x32, 0x33, 0x20, 0x2d, 0x31, 0x38, 0x34, 0x2e, 0x35, 0x74, 0x2d, 0x31,
    0x38, 0x34, 0x2e, 0x35, 0x20, 0x2d, 0x31, 0x32, 0x33, 0x74, 0x2d, 0x32, 0x32, 0x34, 0x20, 0x2d,
    0x34, 0x35, 0x2e, 0x35, 0x74, 0x2d, 0x32, 0x32, 0x34, 0x20, 0x34, 0x35, 0x2e, 0x35, 0x74, 0x2d,
    0x31, 0x38, 0x34, 0x2e, 0x35, 0x20, 0x31, 0x32, 0x33, 0x74, 0x2d, 0x31, 0x32, 0x33, 0x20, 0x31,
    0x38, 0x34, 0x2e, 0x35, 0x74, 0x2d, 0x34, 0x35, 0x2e, 0x35, 0x20, 0x32, 0x32, 0x34, 0x74, 0x34,
    0x35, 0x2e, 0x35, 0x20, 0x32, 0x32, 0x34, 0x74, 0x31, 0x32, 0x33, 0x20, 0x31, 0x38, 0x34, 0x2e,
    0x35, 0x74, 0x31, 0x38, 0x34, 0x2e, 0x35, 0x20, 0x31, 0x32, 0x33, 0x74, 0x32, 0x32, 0x34, 0x20,
    0x34, 0x35, 0x2e, 0x35, 0x7a, 0x4d, 0x36, 0x30, 0x30, 0x20, 0x31, 0x30, 0x32, 0x37, 0x71, 0x2d,
    0x31, 0x31, 0x36, 0x20, 0x30, 0x20, 0x2d, 0x32, 0x31, 0x34, 0x2e, 0x35, 0x20, 0x2d, 0x35, 0x37,
    0x74, 0x2d, 0x31, 0x35, 0x35, 0x2e, 0x35, 0x20, 0x2d, 0x31, 0x35, 0x35, 0x2e, 0x35, 0x74, 0x2d,
    0x35, 0x37, 0x20, 0x2d, 0x32, 0x31, 0x34, 0x2e, 0x35, 0x71, 0x30, 0x20, 0x2d, 0x31, 0x32, 0x30,
    0x20, 0x36, 0x35, 0x20, 0x2d, 0x32, 0x32, 0x35, 0x20, 0x6c, 0x35, 0x38, 0x37, 0x20, 0x35, 0x38,
    0x37, 0x71, 0x2d, 0x31, 0x30, 0x35, 0x20, 0x36, 0x35, 0x20, 0x2d, 0x32, 0x32, 0x35, 0x20, 0x36,
    0x35, 0x7a, 0x4d, 0x39, 0x36, 0x35, 0x20, 0x38, 0x31, 0x39, 0x6c, 0x2d, 0x35, 0x38, 0x34, 0x20,
    0x2d, 0x35, 0x38, 0x34, 0x71, 0x31, 0x30, 0x34, 0x20, 0x2d, 0x36, 0x32, 0x20, 0x32, 0x31, 0x39,
    0x20, 0x2d, 0x36, 0x32, 0x71, 0x31, 0x31, 0x36, 0x20, 0x30, 0x20, 0x32, 0x31, 0x34, 0x2e, 0x35,
    0x20, 0x35, 0x37, 0x74, 0x31, 0x35, 0x35, 0x2e, 0x35, 0x20, 0x31, 0x35, 0x35, 0x2e, 0x35, 0x74,
    0x35, 0x37, 0x20, 0x32, 0x31, 0x34, 0x2e, 0x35, 0x71, 0x30, 0x20, 0x31, 0x31, 0x35, 0x20, 0x2d,
    0x36, 0x32, 0x20, 0x32, 0x31, 0x39, 0x7a, 0x22, 0x20, 0x2f, 0x3e, 0x0a, 0x3c, 0x67, 0x6c, 0x79,
    0x70, 0x68, 0x20, 0x75, 0x6e, 0x69, 0x63, 0x6f, 0x64, 0x65, 0x3d, 0x22, 0x26, 0x23, 0x78, 0x65,
    0x30, 0x39, 0x31, 0x3b, 0x22, 0x20, 0x64, 0x3d, 0x22, 0x4d, 0x33, 0x39, 0x20, 0x35, 0x38, 0x32,
    0x6c, 0x35, 0x32, 0x32, 0x20, 0x34, 0x32, 0x37, 0x71, 0x31, 0x36, 0x20, 0x31, 0x33, 0x20, 0x32,
    0x37, 0x2e, 0x35, 0x20, 0x38, 0x74, 0x31, 0x31, 0x2e, 0x35, 0x20, 0x2d, 0x32, 0x36, 0x76, 0x2d,
    0x32, 0x39, 0x31, 0x68, 0x35, 0x35, 0x30, 0x71, 0x32, 0x31, 0x20, 0x30, 0x20, 0x33, 0x35, 0x2e,
    0x35, 0x20, 0x2d, 0x31, 0x34, 0x2e, 0x35, 0x74, 0x31, 0x34, 0x2e, 0x35, 0x20, 0x2d, 0x33, 0x35,
    0x2e, 0x35, 0x76, 0x2d, 0x32, 0x30, 0x30, 0x71, 0x30, 0x20, 0x2d, 0x32, 0x31, 0x20, 0x2d, 0x31,
    0x34, 0x2e, 0x35, 0x20, 0x2d, 0x33, 0x35, 0x2e, 0x35, 0x74, 0x2d, 0x33, 0x35, 0x2e, 0x35, 0x20,
    0x2d, 0x31, 0x34, 0x2e, 0x35, 0x68, 0x2d, 0x35, 0x35, 0x30, 0x76, 0x2d, 0x32, 0x39, 0x31, 0x71,
    0x30, 0x20, 0x2d, 0x32, 0x31, 0x20, 0x2d, 0x31, 0x31, 0x2e, 0x35, 0x20, 0x2d, 0x32, 0x36, 0x74,
    0x2d, 0x32, 0x37, 0x2e, 0x35, 0x20, 0x38, 0x6c, 0x2d, 0x35, 0x32, 0x32, 0x20, 0x34, 0x32, 0x37,
    0x71, 0x2d, 0x31, 0x36, 0x20, 0x31, 0x33, 0x20, 0x2d, 0x31, 0x36, 0x20, 0x33, 0x32, 0x74, 0x31,
    0x36, 0x20, 0x33, 0x32, 0x7a, 0x22, 0x20, 0x2f, 0x3e, 0x0a, 0x3c, 0x67, 0x6c, 0x79, 0x70, 0x68,
    0x20, 0x75, 0x6e, 0x69, 0x63, 0x6f, 0x64, 0x65, 0x3d, 0x22, 0x26, 0x23, 0x78, 0x65, 0x30, 0x39,
    0x32, 0x3b, 0x22, 0x20, 0x64, 0x3d, 0x22, 0x4d, 0x36, 0x33, 0x39, 0x20, 0x31, 0x30, 0x30, 0x39,
    0x6c, 0x35, 0x32, 0x32, 0x20, 0x2d, 0x34, 0x32, 0x37, 0x71, 0x31, 0x36, 0x20, 0x2d, 0x31, 0x33,
    0x20, 0x31, 0x36, 0x20, 0x2d, 0x33, 0x32, 0x74, 0x2d, 0x31, 0x36, 0x20, 0x2d, 0x33, 0x32, 0x6c,
    0x2d, 0x35, 0x32, 0x32, 0x20, 0x2d, 0x34, 0x32, 0x37, 0x71, 0x2d, 0x31, 0x36, 0x20, 0x2d, 0x31,
    0x33, 0x20, 0x2d, 0x32, 0x37, 0x2e, 0x35, 0x20, 0x2d, 0x38, 0x74, 0x2d, 0x31, 0x31, 0x2e, 0x35,
    0x20, 0x32, 0x36, 0x76, 0x32, 0x39, 0x31, 0x68, 0x2d, 0x35, 0x35, 0x30, 0x71, 0x2d, 0x32, 0x31,
    0x20, 0x30, 0x20, 0x2d, 0x33, 0x35, 0x2e, 0x35, 0x20, 0x31, 0x34, 0x2e, 0x35, 0x74, 0x2d, 0x31,
    0x34, 0x2e, 0x35, 0x20, 0x33, 0x35, 0x2e, 0x35, 0x76, 0x32, 0x30, 0x30, 0x71, 0x30, 0x20, 0x32,
    0x31, 0x20, 0x31, 0x34, 0x2e, 0x35, 0x20, 0x33, 0x35, 0x2e, 0x35, 0x74, 0x33, 0x35, 0x2e, 0x35,
    0x20, 0x31, 0x34, 0x2e, 0x35, 0x68, 0x35, 0x35, 0x30, 0x76, 0x32, 0x39, 0x31, 0x71, 0x30, 0x20,
    0x32, 0x31, 0x20, 0x31, 0x31, 0x2e, 0x35, 0x20, 0x32, 0x36, 0x74, 0x32, 0x37, 0x2e, 0x35, 0x20,
    0x2d, 0x38, 0x7a, 0x22, 0x20, 0x2f, 0x3e, 0x0a, 0x3c, 0x67, 0x6c, 0x79, 0x70, 0x68, 0x20, 0x75,
    0x6e, 0x69, 0x63, 0x6f, 0x64, 0x65, 0x3d, 0x22, 0x26, 0x23, 0x78, 0x65, 0x30, 0x39, 0x33, 0x3b,
    0x22, 0x20, 0x64, 0x3d, 0x22, 0x4d, 0x36, 0x38, 0x32, 0x20, 0x31, 0x31, 0x36, 0x31, 0x6c, 0x34,
    0x32, 0x37, 0x20, 0x2d, 0x35, 0x32, 0x32, 0x71, 0x31, 0x33, 0x20, 0x2d, 0x31, 0x36, 0x20, 0x38,
    0x20, 0x2d, 0x32, 0x37, 0x2e, 0x35, 0x74, 0x2d, 0x32, 0x36, 0x20, 0x2d, 0x31, 0x31, 0x2e, 0x35,
    0x68, 0x2d, 0x32, 0x39, 0x31, 0x76, 0x2d, 0x35, 0x35, 0x30, 0x71, 0x30, 0x20, 0x2d, 0x32, 0x31,
    0x20, 0x2d, 0x31, 0x34, 0x2e, 0x35, 0x20, 0x2d, 0x33, 0x35, 0x2e, 0x35, 0x74, 0x2d, 0x33, 0x35,
    0x2e, 0x35, 0x20, 0x2d, 0x31, 0x34, 0x2e, 0x35, 0x68, 0x2d, 0x32, 0x30, 0x30, 0x71, 0x2d, 0x32,
    0x31, 0x20, 0x30, 0x20, 0x2d, 0x33, 0x35, 0x2e, 0x35, 0x20, 0x31, 0x34, 0x2e, 0x35, 0x74, 0x2d,
    0x31, 0x34, 0x2e, 0x35, 0x20, 0x33, 0x35, 0x2e, 0x35, 0x76, 0x35, 0x35, 0x30, 0x68, 0x2d, 0x32,
    0x39, 0x31, 0x71, 0x2d, 0x32, 0x31, 0x20, 0x30, 0x20, 0x2d, 0x32, 0x36, 0x20, 0x31, 0x31, 0x2e,
    0x35, 0x74, 0x38, 0x20, 0x32, 0x37, 0x2e, 0x35, 0x6c, 0x34, 0x32, 0x37, 0x20, 0x35, 0x32, 0x32,
    0x71, 0x31, 0x33, 0x20, 0x31, 0x36, 0x20, 0x33, 0x32, 0x20, 0x31, 0x36, 0x74, 0x33, 0x32, 0x20,
    0x2d, 0x31, 0x36, 0x7a, 0x22, 0x20, 0x2f, 0x3e, 0x0a, 0x3c, 0x67, 0x6c, 0x79, 0x70, 0x68, 0x20,
    0x75, 0x6e, 0x69, 0x63, 0x6f, 0x64, 0x65, 0x3d, 0x22, 0x26, 0x23, 0x78, 0x65, 0x30, 0x39, 0x34,
    0x3b, 0x22, 0x20, 0x64, 0x3d, 0x22, 0x4d, 0x35, 0x35, 0x30, 0x20, 0x31, 0x32, 0x30, 0x30, 0x68,
    0x32, 0x30, 0x30, 0x71, 0x32, 0x31, 0x20, 0x30, 0x20, 0x33, 0x35, 0x2e, 0x35, 0x20, 0x2d, 0x31,
    0x34, 0x2e, 0x35, 0x74, 0x31, 0x34, 0x2e, 0x35, 0x20, 0x2d, 0x33, 0x35, 0x2e, 0x35, 0x76, 0x2d,
    0x35, 0x35, 0x30, 0x68, 0x32, 0x39, 0x31, 0x71, 0x32, 0x31, 0x20, 0x30, 0x20, 0x32, 0x36, 0x20,
    0x2d, 0x31, 0x31, 0x2e, 0x35, 0x74, 0x2d, 0x38, 0x20, 0x2d, 0x32, 0x37, 0x2e, 0x35, 0x6c, 0x2d,
    0x34, 0x32, 0x37, 0x20, 0x2d, 0x35, 0x32, 0x32, 0x71, 0x2d, 0x31, 0x33, 0x20, 0x2d, 0x31, 0x36,
    0x20, 0x2d, 0x33, 0x32, 0x20, 0x2d, 0x31, 0x36, 0x74, 0x2d, 0x33, 0x32, 0x20, 0x31, 0x36, 0x6c,
    0x2d, 0x34, 0x32, 0x37, 0x20, 0x35, 0x32, 0x32, 0x71, 0x2d, 0x31, 0x33, 0x20, 0x31, 0x36, 0x20,
    0x2d, 0x38, 0x20, 0x32, 0x37, 0x2e, 0x35, 0x74, 0x32, 0x36, 0x20, 0x31, 0x31, 0x2e, 0x35, 0x68,
    0x32, 0x39, 0x31, 0x76, 0x35, 0x35, 0x30, 0x71, 0x30, 0x20, 0x32, 0x31, 0x20, 0x31, 0x34, 0x2e,
    0x35, 0x20, 0x33, 0x35, 0x2e, 0x35, 0x74, 0x33, 0x35, 0x2e, 0x35, 0x20, 0x31, 0x34, 0x2e, 0x35,
    0x7a, 0x22, 0x20, 0x2f, 0x3e, 0x0a, 0x3c, 0x67, 0x6c, 0x79, 0x70, 0x68, 0x20, 0x75, 0x6e, 0x69,
    0x63, 0x6f, 0x64, 0x65, 0x3d, 0x22, 0x26, 0x23, 0x78, 0x65, 0x30, 0x39, 0x35, 0x3b, 0x22, 0x20,
    0x64, 0x3d, 0x22, 0x4d, 0x36, 0x33, 0x39, 0x20, 0x31, 0x31, 0x30, 0x39, 0x6c, 0x35, 0x32, 0x32,
    0x20, 0x2d, 0x34, 0x32, 0x37, 0x71, 0x31, 0x36, 0x20, 0x2d, 0x31, 0x33, 0x20, 0x31, 0x36, 0x20,
    0x2d, 0x33, 0x32, 0x74, 0x2d, 0x31, 0x36, 0x20, 0x2d, 0x33, 0x32, 0x6c, 0x2d, 0x35, 0x32, 0x32,
    0x20, 0x2d, 0x34, 0x32, 0x37, 0x71, 0x2d, 0x31, 0x36, 0x20, 0x2d, 0x31, 0x33, 0x20, 0x2d, 0x32,
    0x37, 0x2e, 0x35, 0x20, 0x2d, 0x38, 0x74, 0x2d, 0x31, 0x31, 0x2e, 0x35, 0x20, 0x32, 0x36, 0x76,
    0x32, 0x39, 0x31, 0x71, 0x2d, 0x39, 0x34, 0x20, 0x2d, 0x32, 0x20, 0x2d, 0x31, 0x38, 0x32, 0x20,
    0x2d, 0x32, 0x30, 0x74, 0x2d, 0x31, 0x37, 0x30, 0x2e, 0x35, 0x20, 0x2d, 0x35, 0x32, 0x74, 0x2d,
    0x31, 0x34, 0x37, 0x20, 0x2d, 0x39, 0x32, 0x2e, 0x35, 0x74, 0x2d, 0x31, 0x30, 0x30, 0x2e, 0x35,
    0x20, 0x2d, 0x31, 0x33, 0x35, 0x2e, 0x35, 0x71, 0x35, 0x20, 0x31, 0x30, 0x35, 0x20, 0x32, 0x37,
    0x20, 0x31, 0x39, 0x33, 0x2e, 0x35, 0x74, 0x36, 0x37, 0x2e, 0x35, 0x20, 0x31, 0x36, 0x37, 0x74,
    0x31, 0x31, 0x33, 0x20, 0x31, 0x33, 0x35, 0x74, 0x31, 0x36, 0x37, 0x20, 0x39, 0x31, 0x2e, 0x35,
    0x74, 0x32, 0x32, 0x35, 0x2e, 0x35, 0x20, 0x34, 0x32, 0x76, 0x32, 0x36, 0x32, 0x71, 0x30, 0x20,
    0x32, 0x31, 0x20, 0x31, 0x31, 0x2e, 0x35, 0x20, 0x32, 0x36, 0x74, 0x32, 0x37, 0x2e, 0x35, 0x20,
    0x2d, 0x38, 0x7a, 0x22, 0x20, 0x2f, 0x3e, 0x0a, 0x3c, 0x67, 0x6c, 0x79, 0x70, 0x68, 0x20, 0x75,
    0x6e, 0x69, 0x63, 0x6f, 0x64, 0x65, 0x3d, 0x22, 0x26, 0x23, 0x78, 0x65, 0x30, 0x39, 0x36, 0x3b,
    0x22, 0x20, 0x64, 0x3d, 0x22, 0x4d, 0x38, 0x35, 0x30, 0x20, 0x31, 0x32, 0x30, 0x30, 0x68, 0x33,
    0x30, 0x30, 0x71, 0x32, 0x31, 0x20, 0x30, 0x20, 0x33, 0x35, 0x2e, 0x35, 0x20, 0x2d, 0x31, 0x34,
    0x2e, 0x35, 0x74, 0x31, 0x34, 0x2e, 0x35, 0x20, 0x2d, 0x33, 0x35, 0x2e, 0x35, 0x76, 0x2d, 0x33,
    0x30, 0x30, 0x71, 0x30, 0x20, 0x2d, 0x32, 0x31, 0x20, 0x2d, 0x31, 0x30, 0x2e, 0x35, 0x20, 0x2d,
    0x32, 0x35, 0x74, 0x2d, 0x32, 0x34, 0x2e, 0x35, 0x20, 0x31, 0x30, 0x6c, 0x2d, 0x39, 0x34, 0x20,
    0x39, 0x34, 0x6c, 0x2d, 0x32, 0x34, 0x39, 0x20, 0x2d, 0x32, 0x34, 0x39, 0x71, 0x2d, 0x38, 0x20,
    0x2d, 0x37, 0x20, 0x2d, 0x31, 0x38, 0x20, 0x2d, 0x37, 0x74, 0x2d, 0x31, 0x38, 0x20, 0x37, 0x6c,
    0x2d, 0x31, 0x30, 0x36, 0x20, 0x31, 0x30, 0x36, 0x71, 0x2d, 0x37, 0x20, 0x38, 0x20, 0x2d, 0x37,
    0x20, 0x31, 0x38, 0x74, 0x37, 0x20, 0x31, 0x38, 0x6c, 0x32, 0x34, 0x39, 0x20, 0x32, 0x34, 0x39,
    0x6c, 0x2d, 0x39, 0x34, 0x20, 0x39, 0x34, 0x71, 0x2d, 0x31, 0x34, 0x20, 0x31, 0x34, 0x20, 0x2d,
    0x31, 0x30, 0x20, 0x32, 0x34, 0x2e, 0x35, 0x74, 0x32, 0x35, 0x20, 0x31, 0x30, 0x2e, 0x35, 0x7a,
    0x4d, 0x33, 0x35, 0x30, 0x20, 0x30, 0x68, 0x2d, 0x33, 0x30, 0x30, 0x71, 0x2d, 0x32, 0x31, 0x20,
    0x30, 0x20, 0x2d, 0x33, 0x35, 0x2e, 0x35, 0x20, 0x31, 0x34, 0x2e, 0x35, 0x74, 0x2d, 0x31, 0x34,
    0x2e, 0x35, 0x20, 0x33, 0x35, 0x2e, 0x35, 0x76, 0x33, 0x30, 0x30, 0x71, 0x30, 0x20, 0x32, 0x31,
    0x20, 0x31, 0x30, 0x2e, 0x35, 0x20, 0x32, 0x35, 0x74, 0x32, 0x34, 0x2e, 0x35, 0x20, 0x2d, 0x31,
    0x30, 0x6c, 0x39, 0x34, 0x20, 0x2d, 0x39, 0x34, 0x6c, 0x32, 0x34, 0x39, 0x20, 0x32, 0x34, 0x39,
    0x20, 0x71, 0x38, 0x20, 0x37, 0x20, 0x31, 0x38, 0x20, 0x37, 0x74, 0x31, 0x38, 0x20, 0x2d, 0x37,
    0x6c, 0x31, 0x30, 0x36, 0x20, 0x2d, 0x31, 0x30, 0x36, 0x71, 0x37, 0x20, 0x2d, 0x38, 0x20, 0x37,
    0x20, 0x2d, 0x31, 0x38, 0x74, 0x2d, 0x37, 0x20, 0x2d, 0x31, 0x38, 0x6c, 0x2d, 0x32, 0x34, 0x39,
    0x20, 0x2d, 0x32, 0x34, 0x39, 0x6c, 0x39, 0x34, 0x20, 0x2d, 0x39, 0x34, 0x71, 0x31, 0x34, 0x20,
    0x2d, 0x31, 0x34, 0x20, 0x31, 0x30, 0x20, 0x2d, 0x32, 0x34, 0x2e, 0x35, 0x74, 0x2d, 0x32, 0x35,
    0x20, 0x2d, 0x31, 0x30, 0x2e, 0x35, 0x7a, 0x22, 0x20, 0x2f, 0x3e, 0x0a, 0x3c, 0x67, 0x6c, 0x79,
    0x70, 0x68, 0x20, 0x75, 0x6e, 0x69, 0x63, 0x6f, 0x64, 0x65, 0x3d, 0x22, 0x26, 0x23, 0x78, 0x65,
    0x30, 0x39, 0x37, 0x3b, 0x22, 0x20, 0x64, 0x3d, 0x22, 0x4d, 0x31, 0x30, 0x31, 0x34, 0x20, 0x31,
    0x31, 0x32, 0x30, 0x6c, 0x31, 0x30, 0x36, 0x20, 0x2d, 0x31, 0x30, 0x36, 0x71, 0x37, 0x20, 0x2d,
    0x38, 0x20, 0x37, 0x20, 0x2d, 0x31, 0x38, 0x74, 0x2d, 0x37, 0x20, 0x2d, 0x31, 0x38, 0x6c, 0x2d,
    0x32, 0x34, 0x39, 0x20, 0x2d, 0x32, 0x34, 0x39, 0x6c, 0x39, 0x34, 0x20, 0x2d, 0x39, 0x34, 0x71,
    0x31, 0x34, 0x20, 0x2d, 0x31, 0x34, 0x20, 0x31, 0x30, 0x20, 0x2d, 0x32, 0x34, 0x2e, 0x35, 0x74,
    0x2d, 0x32, 0x35, 0x20, 0x2d, 0x31, 0x30, 0x2e, 0x35, 0x68, 0x2d, 0x33, 0x30, 0x30, 0x71, 0x2d,
    0x32, 0x31, 0x20, 0x30, 0x20, 0x2d, 0x33, 0x35, 0x2e, 0x35, 0x20, 0x31, 0x34, 0x2e, 0x35, 0x74,
    0x2d, 0x31, 0x34, 0x2e, 0x35, 0x20, 0x33, 0x35, 0x2e, 0x35, 0x76, 0x33, 0x30, 0x30, 0x71, 0x30,
    0x20, 0x32, 0x31, 0x20, 0x31, 0x30, 0x2e, 0x35, 0x20, 0x32, 0x35, 0x74, 0x32, 0x34, 0x2e, 0x35,
    0x20, 0x2d, 0x31, 0x30, 0x6c, 0x39, 0x34, 0x20, 0x2d, 0x39, 0x34, 0x6c, 0x32, 0x34, 0x39, 0x20,
    0x32, 0x34, 0x39, 0x71, 0x38, 0x20, 0x37, 0x20, 0x31, 0x38, 0x20, 0x37, 0x74, 0x31, 0x38, 0x20,
    0x2d, 0x37, 0x7a, 0x4d, 0x32, 0x35, 0x30, 0x20, 0x36, 0x30, 0x30, 0x68, 0x33, 0x30, 0x30, 0x71,
    0x32, 0x31, 0x20, 0x30, 0x20, 0x33, 0x35, 0x2e, 0x35, 0x20, 0x2d, 0x31, 0x34, 0x2e, 0x35, 0x74,
    0x31, 0x34, 0x2e, 0x35, 0x20, 0x2d, 0x33, 0x35, 0x2e, 0x35, 0x76, 0x2d, 0x33, 0x30, 0x30, 0x71,
    0x30, 0x20, 0x2d, 0x32, 0x31, 0x20, 0x2d, 0x31, 0x30, 0x2e, 0x35, 0x20, 0x2d, 0x32, 0x35, 0x74,
    0x2d, 0x32, 0x34, 0x2e, 0x35, 0x20, 0x31, 0x30, 0x6c, 0x2d, 0x39, 0x34, 0x20, 0x39, 0x34, 0x20,
    0x6c, 0x2d, 0x32, 0x34, 0x39, 0x20, 0x2d, 0x32, 0x34, 0x39, 0x71, 0x2d, 0x38, 0x20, 0x2d, 0x37,
    0x20, 0x2d, 0x31, 0x38, 0x20, 0x2d, 0x37, 0x74, 0x2d, 0x31, 0x38, 0x20, 0x37, 0x6c, 0x2d, 0x31,
    0x30, 0x36, 0x20, 0x31, 0x30, 0x36, 0x71, 0x2d, 0x37, 0x20, 0x38, 0x20, 0x2d, 0x37, 0x20, 0x31,
    0x38, 0x74, 0x37, 0x20, 0x31, 0x38, 0x6c, 0x32, 0x34, 0x39, 0x20, 0x32, 0x34, 0x39, 0x6c, 0x2d,
    0x39, 0x34, 0x20, 0x39, 0x34, 0x71, 0x2d, 0x31, 0x34, 0x20, 0x31, 0x34, 0x20, 0x2d, 0x31, 0x30,
    0x20, 0x32, 0x34, 0x2e, 0x35, 0x74, 0x32, 0x35, 0x20, 0x31, 0x30, 0x2e, 0x35, 0x7a, 0x22, 0x20,
    0x2f, 0x3e, 0x0a, 0x3c, 0x67, 0x6c, 0x79, 0x70, 0x68, 0x20, 0x75, 0x6e, 0x69, 0x63, 0x6f, 0x64,
    0x65, 0x3d, 0x22, 0x26, 0x23, 0x78, 0x65, 0x31, 0x30, 0x31, 0x3b, 0x22, 0x20, 0x64, 0x3d, 0x22,
    0x4d, 0x36, 0x30, 0x30, 0x20, 0x31, 0x31, 0x37, 0x37, 0x71, 0x31, 0x31, 0x37, 0x20, 0x30, 0x20,
    0x32, 0x32, 0x34, 0x20, 0x2d, 0x34, 0x35, 0x2e, 0x35, 0x74, 0x31, 0x38, 0x34, 0x2e, 0x35, 0x20,
    0x2d, 0x31, 0x32, 0x33, 0x74, 0x31, 0x32, 0x33, 0x20, 0x2d, 0x31, 0x38, 0x34, 0x2e, 0x35, 0x74,
    0x34, 0x35, 0x2e, 0x35, 0x20, 0x2d, 0x32, 0x32, 0x34, 0x74, 0x2d, 0x34, 0x35, 0x2e, 0x35, 0x20,
    0x2d, 0x32, 0x32, 0x34, 0x74, 0x2d, 0x31, 0x32, 0x33, 0x20, 0x2d, 0x31, 0x38, 0x34, 0x2e, 0x35,
    0x74, 0x2d, 0x31, 0x38, 0x34, 0x2e, 0x35, 0x20, 0x2d, 0x31, 0x32, 0x33, 0x74, 0x2d, 0x32, 0x32,
    0x34, 0x20, 0x2d, 0x34, 0x35, 0x2e, 0x35, 0x74, 0x2d, 0x32, 0x32, 0x34, 0x20, 0x34, 0x35, 0x2e,
    0x35, 0x74, 0x2d, 0x31, 0x38, 0x34, 0x2e, 0x35, 0x20, 0x31, 0x32, 0x33, 0x74, 0x2d, 0x31, 0x32,
    0x33, 0x20, 0x31, 0x38, 0x34, 0x2e, 0x35, 0x74, 0x2d, 0x34, 0x35, 0x2e, 0x35, 0x20, 0x32, 0x32,
    0x34, 0x74, 0x34, 0x35, 0x2e, 0x35, 0x20, 0x32, 0x32, 0x34, 0x74, 0x31, 0x32, 0x33, 0x20, 0x31,
    0x38, 0x34, 0x2e, 0x35, 0x74, 0x31, 0x38, 0x34, 0x2e, 0x35, 0x20, 0x31, 0x32, 0x33, 0x74, 0x32,
    0x32, 0x34, 0x20, 0x34, 0x35, 0x2e, 0x35, 0x7a, 0x4d, 0x37, 0x30, 0x34, 0x20, 0x39, 0x30, 0x30,
    0x68, 0x2d, 0x32, 0x30, 0x38, 0x71, 0x2d, 0x32, 0x30, 0x20, 0x30, 0x20, 0x2d, 0x33, 0x32, 0x20,
    0x2d, 0x31, 0x34, 0x2e, 0x35, 0x74, 0x2d, 0x38, 0x20, 0x2d, 0x33, 0x34, 0x2e, 0x35, 0x6c, 0x35,
    0x38, 0x20, 0x2d, 0x33, 0x30, 0x32, 0x71, 0x34, 0x20, 0x2d, 0x32, 0x30, 0x20, 0x32, 0x31, 0x2e,
    0x35, 0x20, 0x2d, 0x33, 0x34, 0x2e, 0x35, 0x20, 0x74, 0x33, 0x37, 0x2e, 0x35, 0x20, 0x2d, 0x31,
    0x34, 0x2e, 0x35, 0x68, 0x35, 0x34, 0x71, 0x32, 0x30, 0x20, 0x30, 0x20, 0x33, 0x37, 0x2e, 0x35,
    0x20, 0x31, 0x34, 0x2e, 0x35, 0x74, 0x32, 0x31, 0x2e, 0x35, 0x20, 0x33, 0x34, 0x2e, 0x35, 0x6c,
    0x35, 0x38, 0x20, 0x33, 0x30, 0x32, 0x71, 0x34, 0x20, 0x32, 0x30, 0x20, 0x2d, 0x38, 0x20, 0x33,
    0x34, 0x2e, 0x35, 0x74, 0x2d, 0x33, 0x32, 0x20, 0x31, 0x34, 0x2e, 0x35, 0x7a, 0x4d, 0x36, 0x37,
    0x35, 0x20, 0x34, 0x30, 0x30, 0x68, 0x2d, 0x31, 0x35, 0x30, 0x71, 0x2d, 0x31, 0x30, 0x20, 0x30,
    0x20, 0x2d, 0x31, 0x37, 0x2e, 0x35, 0x20, 0x2d, 0x37, 0x2e, 0x35, 0x74, 0x2d, 0x37, 0x2e, 0x35,
    0x20, 0x2d, 0x31, 0x37, 0x2e, 0x35, 0x76, 0x2d, 0x31, 0x35, 0x30, 0x71, 0x30, 0x20, 0x2d, 0x31,
    0x30, 0x20, 0x37, 0x2e, 0x35, 0x20, 0x2d, 0x31, 0x37, 0x2e, 0x35, 0x74, 0x31, 0x37, 0x2e, 0x35,
    0x20, 0x2d, 0x37, 0x2e, 0x35, 0x68, 0x31, 0x35, 0x30, 0x71, 0x31, 0x30, 0x20, 0x30, 0x20, 0x31,
    0x37, 0x2e, 0x35, 0x20, 0x37, 0x2e, 0x35, 0x74, 0x37, 0x2e, 0x35, 0x20, 0x31, 0x37, 0x2e, 0x35,
    0x76, 0x31, 0x35, 0x30, 0x71, 0x30, 0x20, 0x31, 0x30, 0x20, 0x2d, 0x37, 0x2e, 0x35, 0x20, 0x31,
    0x37, 0x2e, 0x35, 0x74, 0x2d, 0x31, 0x37, 0x2e, 0x35, 0x20, 0x37, 0x2e, 0x35, 0x7a, 0x22, 0x20,
    0x2f, 0x3e, 0x0a, 0x3c, 0x67, 0x6c, 0x79, 0x70, 0x68, 0x20, 0x75, 0x6e, 0x69, 0x63, 0x6f, 0x64,
    0x65, 0x3d, 0x22, 0x26, 0x23, 0x78, 0x65, 0x31, 0x30, 0x32, 0x3b, 0x22, 0x20, 0x64, 0x3d, 0x22,
    0x4d, 0x32, 0x36, 0x30, 0x20, 0x31, 0x32, 0x30, 0x30, 0x71, 0x39, 0x20, 0x30, 0x20, 0x31, 0x39,
    0x20, 0x2d, 0x32, 0x74, 0x31, 0x35, 0x20, 0x2d, 0x34, 0x6c, 0x35, 0x20, 0x2d, 0x32, 0x71, 0x32,
    0x32, 0x20, 0x2d, 0x31, 0x30, 0x20, 0x34, 0x34, 0x20, 0x2d, 0x32, 0x33, 0x6c, 0x31, 0x39, 0x36,
    0x20, 0x2d, 0x31, 0x31, 0x38, 0x71, 0x32, 0x31, 0x20, 0x2d, 0x31, 0x33, 0x20, 0x33, 0x36, 0x20,
    0x2d, 0x32, 0x34, 0x71, 0x32, 0x39, 0x20, 0x2d, 0x32, 0x31, 0x20, 0x33, 0x37, 0x20, 0x2d, 0x31,
    0x32, 0x71, 0x31, 0x31, 0x20, 0x31, 0x33, 0x20, 0x34, 0x39, 0x20, 0x33, 0x35, 0x6c, 0x31, 0x39,
    0x36, 0x20, 0x31, 0x31, 0x38, 0x71, 0x32, 0x32, 0x20, 0x31, 0x33, 0x20, 0x34, 0x35, 0x20, 0x32,
    0x33, 0x71, 0x31, 0x37, 0x20, 0x37, 0x20, 0x33, 0x38, 0x20, 0x37, 0x71, 0x32, 0x33, 0x20, 0x30,
    0x20, 0x34, 0x37, 0x20, 0x2d, 0x31, 0x36, 0x2e, 0x35, 0x74, 0x33, 0x37, 0x20, 0x2d, 0x33, 0x33,
    0x2e, 0x35, 0x6c, 0x31, 0x33, 0x20, 0x2d, 0x31, 0x36, 0x71, 0x31, 0x34, 0x20, 0x2d, 0x32, 0x31,
    0x20, 0x31, 0x38, 0x20, 0x2d, 0x34, 0x35, 0x6c, 0x32, 0x35, 0x20, 0x2d, 0x31, 0x32, 0x33, 0x6c,
    0x38, 0x20, 0x2d, 0x34, 0x34, 0x71, 0x31, 0x20, 0x2d, 0x39, 0x20, 0x38, 0x2e, 0x35, 0x20, 0x2d,
    0x31, 0x34, 0x2e, 0x35, 0x74, 0x31, 0x37, 0x2e, 0x35, 0x20, 0x2d, 0x35, 0x2e, 0x35, 0x68, 0x36,
    0x31, 0x71, 0x31, 0x30, 0x20, 0x30, 0x20, 0x31, 0x37, 0x2e, 0x35, 0x20, 0x2d, 0x37, 0x2e, 0x35,
    0x74, 0x37, 0x2e, 0x35, 0x20, 0x2d, 0x31, 0x37, 0x2e, 0x35, 0x76, 0x2d, 0x35, 0x30, 0x20, 0x71,
    0x30, 0x20, 0x2d, 0x31, 0x30, 0x20, 0x2d, 0x37, 0x2e, 0x35, 0x20, 0x2d, 0x31, 0x37, 0x2e, 0x35,
    0x74, 0x2d, 0x31, 0x37, 0x2e, 0x35, 0x20, 0x2d, 0x37, 0x2e, 0x35, 0x68, 0x2d, 0x35, 0x30, 0x71,
    0x2d, 0x31, 0x30, 0x20, 0x30, 0x20, 0x2d, 0x31, 0x37, 0x2e, 0x35, 0x20, 0x2d, 0x37, 0x2e, 0x35,
    0x74, 0x2d, 0x37, 0x2e, 0x35, 0x20, 0x2d, 0x31, 0x37, 0x2e, 0x35, 0x76, 0x2d, 0x31, 0x37, 0x35,
    0x68, 0x2d, 0x34, 0x30, 0x30, 0x76, 0x33, 0x30, 0x30, 0x68, 0x2d, 0x32, 0x30, 0x30, 0x76, 0x2d,
    0x33, 0x30, 0x30, 0x68, 0x2d, 0x34, 0x30, 0x30, 0x76, 0x31, 0x37, 0x35, 0x71, 0x30, 0x20, 0x31,
    0x30, 0x20, 0x2d, 0x37, 0x2e, 0x35, 0x20, 0x31, 0x37, 0x2e, 0x35, 0x74, 0x2d, 0x31, 0x37, 0x2e,
    0x35, 0x20, 0x37, 0x2e, 0x35, 0x68, 0x2d, 0x35, 0x30, 0x71, 0x2d, 0x31, 0x30, 0x20, 0x30, 0x20,
    0x2d, 0x31, 0x37, 0x2e, 0x35, 0x20, 0x37, 0x2e, 0x35, 0x74, 0x2d, 0x37, 0x2e, 0x35, 0x20, 0x31,
    0x37, 0x2e, 0x35, 0x76, 0x35, 0x30, 0x71, 0x30, 0x20, 0x31, 0x30, 0x20, 0x37, 0x2e, 0x35, 0x20,
    0x31, 0x37, 0x2e, 0x35, 0x74, 0x31, 0x37, 0x2e, 0x35, 0x20, 0x37, 0x2e, 0x35, 0x68, 0x36, 0x31,
    0x71, 0x31, 0x31, 0x20, 0x30, 0x20, 0x31, 0x38, 0x20, 0x33, 0x74, 0x37, 0x20, 0x38, 0x71, 0x30,
    0x20, 0x34, 0x20, 0x39, 0x20, 0x35, 0x32, 0x6c, 0x32, 0x35, 0x20, 0x31, 0x32, 0x38, 0x71, 0x35,
    0x20, 0x32, 0x35, 0x20, 0x31, 0x39, 0x20, 0x34, 0x35, 0x71, 0x32, 0x20, 0x33, 0x20, 0x35, 0x20,
    0x37, 0x74, 0x31, 0x33, 0x2e, 0x35, 0x20, 0x31, 0x35, 0x74, 0x32, 0x31, 0x2e, 0x35, 0x20, 0x31,
    0x39, 0x2e, 0x35, 0x74, 0x32, 0x36, 0x2e, 0x35, 0x20, 0x31, 0x35, 0x2e, 0x35, 0x20, 0x74, 0x32,
    0x39, 0x2e, 0x35, 0x20, 0x37, 0x7a, 0x4d, 0x39, 0x31, 0x35, 0x20, 0x31, 0x30, 0x37, 0x39, 0x6c,
    0x2d, 0x31, 0x36, 0x36, 0x20, 0x2d, 0x31, 0x36, 0x32, 0x71, 0x2d, 0x37, 0x20, 0x2d, 0x37, 0x20,
    0x2d, 0x35, 0x20, 0x2d, 0x31, 0x32, 0x74, 0x31, 0x32, 0x20, 0x2d, 0x35, 0x68, 0x32, 0x31, 0x39,
    0x71, 0x31, 0x30, 0x20, 0x30, 0x20, 0x31, 0x35, 0x20, 0x37, 0x74, 0x32, 0x20, 0x31, 0x37, 0x6c,
    0x2d, 0x35, 0x31, 0x20, 0x31, 0x34, 0x39, 0x71, 0x2d, 0x33, 0x20, 0x31, 0x30, 0x20, 0x2d, 0x31,
    0x31, 0x20, 0x31, 0x32, 0x74, 0x2d, 0x31, 0x35, 0x20, 0x2d, 0x36, 0x7a, 0x4d, 0x34, 0x36, 0x33,
    0x20, 0x39, 0x31, 0x37, 0x6c, 0x2d, 0x31, 0x37, 0x37, 0x20, 0x31, 0x35, 0x37, 0x71, 0x2d, 0x38,
    0x20, 0x37, 0x20, 0x2d, 0x31, 0x36, 0x20, 0x35, 0x74, 0x2d, 0x31, 0x31, 0x20, 0x2d, 0x31, 0x32,
    0x6c, 0x2d, 0x35, 0x31, 0x20, 0x2d, 0x31, 0x34, 0x33, 0x71, 0x2d, 0x33, 0x20, 0x2d, 0x31, 0x30,
    0x20, 0x32, 0x20, 0x2d, 0x31, 0x37, 0x74, 0x31, 0x35, 0x20, 0x2d, 0x37, 0x68, 0x32, 0x33, 0x31,
    0x71, 0x31, 0x31, 0x20, 0x30, 0x20, 0x31, 0x32, 0x2e, 0x35, 0x20, 0x35, 0x74, 0x2d, 0x35, 0x2e,
    0x35, 0x20, 0x31, 0x32, 0x7a, 0x4d, 0x35, 0x30, 0x30, 0x20, 0x30, 0x68, 0x2d, 0x33, 0x37, 0x35,
    0x71, 0x2d, 0x31, 0x30, 0x20, 0x30, 0x20, 0x2d, 0x31, 0x37, 0x2e, 0x35, 0x20, 0x37, 0x2e, 0x35,
    0x74, 0x2d, 0x37, 0x2e, 0x35, 0x20, 0x31, 0x37, 0x2e, 0x35, 0x76, 0x33, 0x37, 0x35, 0x68, 0x34,
    0x30, 0x30, 0x76, 0x2d, 0x34, 0x30, 0x30, 0x7a, 0x4d, 0x31, 0x31, 0x30, 0x30, 0x20, 0x34, 0x30,
    0x30, 0x76, 0x2d, 0x33, 0x37, 0x35, 0x20, 0x71, 0x30, 0x20, 0x2d, 0x31, 0x30, 0x20, 0x2d, 0x37,
    0x2e, 0x35, 0x20, 0x2d, 0x31, 0x37, 0x2e, 0x35, 0x74, 0x2d, 0x31, 0x37, 0x2e, 0x35, 0x20, 0x2d,
    0x37, 0x2e, 0x35, 0x68, 0x2d, 0x33, 0x37, 0x35, 0x76, 0x34, 0x30, 0x30, 0x68, 0x34, 0x30, 0x30,
    0x7a, 0x22, 0x20, 0x2f, 0x3e, 0x0a, 0x3c, 0x67, 0x6c, 0x79, 0x70, 0x68, 0x20, 0x75, 0x6e, 0x69,
    0x63, 0x6f, 0x64, 0x65, 0x3d, 0x22, 0x26, 0x23, 0x78, 0x65, 0x31, 0x30, 0x33, 0x3b, 0x22, 0x20,
    0x64, 0x3d, 0x22, 0x4d, 0x31, 0x31, 0x36, 0x35, 0x20, 0x31, 0x31, 0x39, 0x30, 0x71, 0x38, 0x20,
    0x33, 0x20, 0x32, 0x31, 0x20, 0x2d, 0x36, 0x2e, 0x35, 0x74, 0x31, 0x33, 0x20, 0x2d, 0x31, 0x37,
    0x2e, 0x35, 0x71, 0x2d, 0x32, 0x20, 0x2d, 0x31, 0x37, 0x38, 0x20, 0x2d, 0x32, 0x34, 0x2e, 0x35,
    0x20, 0x2d, 0x33, 0x32, 0x33, 0x2e, 0x35, 0x74, 0x2d, 0x35, 0x35, 0x2e, 0x35, 0x20, 0x2d, 0x32,
    0x34, 0x35, 0x2e, 0x35, 0x74, 0x2d, 0x38, 0x37, 0x20, 0x2d, 0x31, 0x37, 0x34, 0x2e, 0x35, 0x74,
    0x2d, 0x31, 0x30, 0x32, 0x2e, 0x35, 0x20, 0x2d, 0x31, 0x31, 0x38, 0x2e, 0x35, 0x74, 0x2d, 0x31,
    0x31, 0x38, 0x20, 0x2d, 0x36, 0x38, 0x2e, 0x35, 0x74, 0x2d, 0x31, 0x31, 0x38, 0x2e, 0x35, 0x20,
    0x2d, 0x33, 0x33, 0x74, 0x2d, 0x31, 0x32, 0x30, 0x20, 0x2d, 0x34, 0x2e, 0x35, 0x74, 0x2d, 0x31,
    0x30, 0x35, 0x20, 0x39, 0x2e, 0x35, 0x74, 0x2d, 0x39, 0x30, 0x20, 0x31, 0x36, 0x2e, 0x35, 0x71,
    0x2d, 0x36, 0x31, 0x20, 0x31, 0x32, 0x20, 0x2d, 0x37, 0x38, 0x20, 0x31, 0x31, 0x71, 0x2d, 0x34,
    0x20, 0x31, 0x20, 0x2d, 0x31, 0x32, 0x2e, 0x35, 0x20, 0x30, 0x74, 0x2d, 0x33, 0x34, 0x20, 0x2d,
    0x31, 0x34, 0x2e, 0x35, 0x74, 0x2d, 0x35, 0x32, 0x2e, 0x35, 0x20, 0x2d, 0x34, 0x30, 0x2e, 0x35,
    0x6c, 0x2d, 0x31, 0x35, 0x33, 0x20, 0x2d, 0x31, 0x35, 0x33, 0x71, 0x2d, 0x32, 0x36, 0x20, 0x2d,
    0x32, 0x34, 0x20, 0x2d, 0x33, 0x37, 0x20, 0x2d, 0x31, 0x34, 0x2e, 0x35, 0x74, 0x2d, 0x31, 0x31,
    0x20, 0x34, 0x33, 0x2e, 0x35, 0x71, 0x30, 0x20, 0x36, 0x34, 0x20, 0x34, 0x32, 0x20, 0x31, 0x30,
    0x32, 0x71, 0x38, 0x20, 0x38, 0x20, 0x35, 0x30, 0x2e, 0x35, 0x20, 0x34, 0x35, 0x20, 0x74, 0x36,
    0x36, 0x2e, 0x35, 0x20, 0x35, 0x38, 0x71, 0x31, 0x39, 0x20, 0x31, 0x37, 0x20, 0x33, 0x35, 0x20,
    0x34, 0x37, 0x74, 0x31, 0x33, 0x20, 0x36, 0x31, 0x71, 0x2d, 0x39, 0x20, 0x35, 0x35, 0x20, 0x2d,
    0x31, 0x30, 0x20, 0x31, 0x30, 0x32, 0x2e, 0x35, 0x74, 0x37, 0x20, 0x31, 0x31, 0x31, 0x74, 0x33,
    0x37, 0x20, 0x31, 0x33, 0x30, 0x74, 0x37, 0x38, 0x20, 0x31, 0x32, 0x39, 0x2e, 0x35, 0x71, 0x33,
    0x39, 0x20, 0x35, 0x31, 0x20, 0x38, 0x30, 0x20, 0x38, 0x38, 0x74, 0x38, 0x39, 0x2e, 0x35, 0x20,
    0x36, 0x33, 0x2e, 0x35, 0x74, 0x39, 0x34, 0x2e, 0x35, 0x20, 0x34, 0x35, 0x74, 0x31, 0x31, 0x33,
    0x2e, 0x35, 0x20, 0x33, 0x36, 0x74, 0x31, 0x32, 0x39, 0x20, 0x33, 0x31, 0x74, 0x31, 0x35, 0x37,
    0x2e, 0x35, 0x20, 0x33, 0x37, 0x74, 0x31, 0x38, 0x32, 0x20, 0x34, 0x37, 0x2e, 0x35, 0x7a, 0x4d,
    0x31, 0x31, 0x31, 0x36, 0x20, 0x31, 0x30, 0x39, 0x38, 0x71, 0x2d, 0x38, 0x20, 0x39, 0x20, 0x2d,
    0x32, 0x32, 0x2e, 0x35, 0x20, 0x2d, 0x33, 0x74, 0x2d, 0x34, 0x35, 0x2e, 0x35, 0x20, 0x2d, 0x35,
    0x30, 0x71, 0x2d, 0x33, 0x38, 0x20, 0x2d, 0x34, 0x37, 0x20, 0x2d, 0x31, 0x31, 0x39, 0x20, 0x2d,
    0x31, 0x30, 0x33, 0x2e, 0x35, 0x74, 0x2d, 0x31, 0x34, 0x32, 0x20, 0x2d, 0x38, 0x39, 0x2e, 0x35,
    0x6c, 0x2d, 0x36, 0x32, 0x20, 0x2d, 0x33, 0x33, 0x71, 0x2d, 0x35, 0x36, 0x20, 0x2d, 0x33, 0x30,
    0x20, 0x2d, 0x31, 0x30, 0x32, 0x20, 0x2d, 0x35, 0x37, 0x74, 0x2d, 0x31, 0x30, 0x34, 0x20, 0x2d,
    0x36, 0x38, 0x74, 0x2d, 0x31, 0x30, 0x32, 0x2e, 0x35, 0x20, 0x2d, 0x38, 0x30, 0x2e, 0x35, 0x74,
    0x2d, 0x38, 0x35, 0x2e, 0x35, 0x20, 0x2d, 0x39, 0x31, 0x20, 0x74, 0x2d, 0x36, 0x34, 0x20, 0x2d,
    0x31, 0x30, 0x34, 0x2e, 0x35, 0x71, 0x2d, 0x32, 0x34, 0x20, 0x2d, 0x35, 0x36, 0x20, 0x2d, 0x33,
    0x31, 0x20, 0x2d, 0x38, 0x36, 0x74, 0x32, 0x20, 0x2d, 0x33, 0x32, 0x74, 0x33, 0x31, 0x2e, 0x35,
    0x20, 0x31, 0x37, 0x2e, 0x35, 0x74, 0x35, 0x35, 0x2e, 0x35, 0x20, 0x35, 0x39, 0x2e, 0x35, 0x71,
    0x32, 0x35, 0x20, 0x33, 0x30, 0x20, 0x39, 0x34, 0x20, 0x37, 0x35, 0x2e, 0x35, 0x74, 0x31, 0x32,
    0x35, 0x2e, 0x35, 0x20, 0x37, 0x37, 0x2e, 0x35, 0x74, 0x31, 0x34, 0x37, 0x2e, 0x35, 0x20, 0x38,
    0x31, 0x71, 0x37, 0x30, 0x20, 0x33, 0x37, 0x20, 0x31, 0x31, 0x38, 0x2e, 0x35, 0x20, 0x36, 0x39,
    0x74, 0x31, 0x30, 0x32, 0x20, 0x37, 0x39, 0x2e, 0x35, 0x74, 0x39, 0x39, 0x20, 0x31, 0x31, 0x31,
    0x74, 0x38, 0x36, 0x2e, 0x35, 0x20, 0x31, 0x34, 0x38, 0x2e, 0x35, 0x71, 0x32, 0x32, 0x20, 0x35,
    0x30, 0x20, 0x32, 0x34, 0x20, 0x36, 0x30, 0x74, 0x2d, 0x36, 0x20, 0x31, 0x39, 0x7a, 0x22, 0x20,
    0x2f, 0x3e, 0x0a, 0x3c, 0x67, 0x6c, 0x79, 0x70, 0x68, 0x20, 0x75, 0x6e, 0x69, 0x63, 0x6f, 0x64,
    0x65, 0x3d, 0x22, 0x26, 0x23, 0x78, 0x65, 0x31, 0x30, 0x34, 0x3b, 0x22, 0x20, 0x64, 0x3d, 0x22,
    0x4d, 0x36, 0x35, 0x33, 0x20, 0x31, 0x32, 0x33, 0x31, 0x71, 0x2d, 0x33, 0x39, 0x20, 0x2d, 0x36,
    0x37, 0x20, 0x2d, 0x35, 0x34, 0x2e, 0x35, 0x20, 0x2d, 0x31, 0x33, 0x31, 0x74, 0x2d, 0x31, 0x30,
    0x2e, 0x35, 0x20, 0x2d, 0x31, 0x31, 0x34, 0x2e, 0x35, 0x74, 0x32, 0x34, 0x2e, 0x35, 0x20, 0x2d,
    0x39, 0x36, 0x2e, 0x35, 0x74, 0x34, 0x37, 0x2e, 0x35, 0x20, 0x2d, 0x38, 0x30, 0x74, 0x36, 0x33,
    0x2e, 0x35, 0x20, 0x2d, 0x36, 0x32, 0x2e, 0x35, 0x74, 0x36, 0x38, 0x2e, 0x35, 0x20, 0x2d, 0x34,
    0x36, 0x2e, 0x35, 0x74, 0x36, 0x35, 0x20, 0x2d, 0x33, 0x30, 0x71, 0x2d, 0x34, 0x20, 0x37, 0x20,
    0x2d, 0x31, 0x37, 0x2e, 0x35, 0x20, 0x33, 0x35, 0x74, 0x2d, 0x31, 0x38, 0x2e, 0x35, 0x20, 0x33,
    0x39, 0x2e, 0x35, 0x74, 0x2d, 0x31, 0x37, 0x20, 0x33, 0x39, 0x2e, 0x35, 0x74, 0x2d, 0x31, 0x37,
    0x20, 0x34, 0x33, 0x74, 0x2d, 0x31, 0x33, 0x20, 0x34, 0x32, 0x74, 0x2d, 0x39, 0x2e, 0x35, 0x20,
    0x34, 0x34, 0x2e, 0x35, 0x74, 0x2d, 0x32, 0x20, 0x34, 0x32, 0x74, 0x34, 0x20, 0x34, 0x33, 0x74,
    0x31, 0x33, 0x2e, 0x35, 0x20, 0x33, 0x39, 0x74, 0x32, 0x33, 0x20, 0x33, 0x38, 0x2e, 0x35, 0x71,
    0x39, 0x36, 0x20, 0x2d, 0x34, 0x32, 0x20, 0x31, 0x36, 0x35, 0x20, 0x2d, 0x31, 0x30, 0x37, 0x2e,
    0x35, 0x74, 0x31, 0x30, 0x35, 0x20, 0x2d, 0x31, 0x33, 0x38, 0x74, 0x35, 0x32, 0x20, 0x2d, 0x31,
    0x35, 0x36, 0x74, 0x31, 0x33, 0x20, 0x2d, 0x31, 0x35, 0x39, 0x74, 0x2d, 0x31, 0x39, 0x20, 0x2d,
    0x31, 0x34, 0x39, 0x2e, 0x35, 0x71, 0x2d, 0x31, 0x33, 0x20, 0x2d, 0x35, 0x35, 0x20, 0x2d, 0x34,
    0x34, 0x20, 0x2d, 0x31, 0x30, 0x36, 0x2e, 0x35, 0x20, 0x74, 0x2d, 0x36, 0x38, 0x20, 0x2d, 0x38,
    0x37, 0x74, 0x2d, 0x37, 0x38, 0x2e, 0x35, 0x20, 0x2d, 0x36, 0x34, 0x2e, 0x35, 0x74, 0x2d, 0x37,
    0x32, 0x2e, 0x35, 0x20, 0x2d, 0x34, 0x35, 0x74, 0x2d, 0x35, 0x33, 0x20, 0x2d, 0x32, 0x32, 0x71,
    0x2d, 0x37, 0x32, 0x20, 0x2d, 0x32, 0x32, 0x20, 0x2d, 0x31, 0x32, 0x37, 0x20, 0x2d, 0x31, 0x31,
    0x71, 0x2d, 0x33, 0x31, 0x20, 0x36, 0x20, 0x2d, 0x31, 0x33, 0x20, 0x31, 0x39, 0x71, 0x36, 0x20,
    0x33, 0x20, 0x31, 0x37, 0x20, 0x37, 0x71, 0x31, 0x33, 0x20, 0x35, 0x20, 0x33, 0x32, 0x2e, 0x35,
    0x20, 0x32, 0x31, 0x74, 0x34, 0x31, 0x20, 0x34, 0x34, 0x74, 0x33, 0x38, 0x2e, 0x35, 0x20, 0x36,
    0x33, 0x2e, 0x35, 0x74, 0x32, 0x31, 0x2e, 0x35, 0x20, 0x38, 0x31, 0x2e, 0x35, 0x74, 0x2d, 0x36,
    0x2e, 0x35, 0x20, 0x39, 0x34, 0x2e, 0x35, 0x74, 0x2d, 0x35, 0x30, 0x20, 0x31, 0x30, 0x37, 0x74,
    0x2d, 0x31, 0x30, 0x34, 0x20, 0x31, 0x31, 0x35, 0x2e, 0x35, 0x71, 0x31, 0x30, 0x20, 0x2d, 0x31,
    0x30, 0x34, 0x20, 0x2d, 0x30, 0x2e, 0x35, 0x20, 0x2d, 0x31, 0x38, 0x39, 0x74, 0x2d, 0x33, 0x37,
    0x20, 0x2d, 0x31, 0x34, 0x30, 0x2e, 0x35, 0x74, 0x2d, 0x36, 0x35, 0x20, 0x2d, 0x39, 0x33, 0x74,
    0x2d, 0x38, 0x34, 0x20, 0x2d, 0x35, 0x32, 0x74, 0x2d, 0x39, 0x33, 0x2e, 0x35, 0x20, 0x2d, 0x31,
    0x31, 0x74, 0x2d, 0x39, 0x35, 0x20, 0x32, 0x34, 0x2e, 0x35, 0x71, 0x2d, 0x38, 0x30, 0x20, 0x33,
    0x36, 0x20, 0x2d, 0x31, 0x33, 0x31, 0x2e, 0x35, 0x20, 0x31, 0x31, 0x34, 0x74, 0x2d, 0x35, 0x33,
    0x2e, 0x35, 0x20, 0x31, 0x37, 0x31, 0x71, 0x2d, 0x32, 0x20, 0x32, 0x33, 0x20, 0x30, 0x20, 0x34,
    0x39, 0x2e, 0x35, 0x20, 0x74, 0x34, 0x2e, 0x35, 0x20, 0x35, 0x32, 0x2e, 0x35, 0x74, 0x31, 0x33,
    0x2e, 0x35, 0x20, 0x35, 0x36, 0x74, 0x32, 0x37, 0x2e, 0x35, 0x20, 0x36, 0x30, 0x74, 0x34, 0x36,
    0x20, 0x36, 0x34, 0x2e, 0x35, 0x74, 0x36, 0x39, 0x2e, 0x35, 0x20, 0x36, 0x38, 0x2e, 0x35, 0x71,
    0x2d, 0x38, 0x20, 0x2d, 0x35, 0x33, 0x20, 0x2d, 0x35, 0x20, 0x2d, 0x31, 0x30, 0x32, 0x2e, 0x35,
    0x74, 0x31, 0x37, 0x2e, 0x35, 0x20, 0x2d, 0x39, 0x30, 0x74, 0x33, 0x34, 0x20, 0x2d, 0x36, 0x38,
    0x2e, 0x35, 0x74, 0x34, 0x34, 0x2e, 0x35, 0x20, 0x2d, 0x33, 0x39, 0x74, 0x34, 0x39, 0x20, 0x2d,
    0x32, 0x71, 0x33, 0x31, 0x20, 0x31, 0x33, 0x20, 0x33, 0x38, 0x2e, 0x35, 0x20, 0x33, 0x36, 0x74,
    0x2d, 0x34, 0x2e, 0x35, 0x20, 0x35, 0x35, 0x74, 0x2d, 0x32, 0x39, 0x20, 0x36, 0x34, 0x2e, 0x35,
    0x74, 0x2d, 0x33, 0x36, 0x20, 0x37, 0x35, 0x74, 0x2d, 0x32, 0x36, 0x20, 0x37, 0x35, 0x2e, 0x35,
    0x71, 0x2d, 0x31, 0x35, 0x20, 0x38, 0x35, 0x20, 0x32, 0x20, 0x31, 0x36, 0x31, 0x2e, 0x35, 0x74,
    0x35, 0x33, 0x2e, 0x35, 0x20, 0x31, 0x32, 0x38, 0x2e, 0x35, 0x74, 0x38, 0x35, 0x2e, 0x35, 0x20,
    0x39, 0x32, 0x2e, 0x35, 0x74, 0x39, 0x33, 0x2e, 0x35, 0x20, 0x36, 0x31, 0x74, 0x38, 0x31, 0x2e,
    0x35, 0x20, 0x32, 0x35, 0x2e, 0x35, 0x7a, 0x22, 0x20, 0x2f, 0x3e, 0x0a, 0x3c, 0x67, 0x6c, 0x79,
    0x70, 0x68, 0x20, 0x75, 0x6e, 0x69, 0x63, 0x6f, 0x64, 0x65, 0x3d, 0x22, 0x26, 0x23, 0x78, 0x65,
    0x31, 0x30, 0x35, 0x3b, 0x22, 0x20, 0x64, 0x3d, 0x22, 0x4d, 0x36, 0x30, 0x30, 0x20, 0x31, 0x30,
    0x39, 0x34, 0x71, 0x38, 0x32, 0x20, 0x30, 0x20, 0x31, 0x36, 0x30, 0x2e, 0x35, 0x20, 0x2d, 0x32,
    0x32, 0x2e, 0x35, 0x74, 0x31, 0x34, 0x30, 0x20, 0x2d, 0x35, 0x39, 0x74, 0x31, 0x31, 0x36, 0x2e,
    0x35, 0x20, 0x2d, 0x38, 0x32, 0x2e, 0x35, 0x74, 0x39, 0x34, 0x2e, 0x35, 0x20, 0x2d, 0x39, 0x35,
    0x74, 0x36, 0x38, 0x20, 0x2d, 0x39, 0x35, 0x74, 0x34, 0x32, 0x2e, 0x35, 0x20, 0x2d, 0x38, 0x32,
    0x2e, 0x35, 0x74, 0x31, 0x34, 0x20, 0x2d, 0x35, 0x37, 0x2e, 0x35, 0x74, 0x2d, 0x31, 0x34, 0x20,
    0x2d, 0x35, 0x37, 0x2e, 0x35, 0x74, 0x2d, 0x34, 0x33, 0x20, 0x2d, 0x38, 0x32, 0x2e, 0x35, 0x74,
    0x2d, 0x36, 0x38, 0x2e, 0x35, 0x20, 0x2d, 0x39, 0x35, 0x74, 0x2d, 0x39, 0x34, 0x2e, 0x35, 0x20,
    0x2d, 0x39, 0x35, 0x74, 0x2d, 0x31, 0x31, 0x36, 0x2e, 0x35, 0x20, 0x2d, 0x38, 0x32, 0x2e, 0x35,
    0x74, 0x2d, 0x31, 0x34, 0x30, 0x20, 0x2d, 0x35, 0x39, 0x74, 0x2d, 0x31, 0x35, 0x39, 0x2e, 0x35,
    0x20, 0x2d, 0x32, 0x32, 0x2e, 0x35, 0x74, 0x2d, 0x31, 0x35, 0x39, 0x2e, 0x35, 0x20, 0x32, 0x32,
    0x2e, 0x35, 0x74, 0x2d, 0x31, 0x34, 0x30, 0x20, 0x35, 0x39, 0x74, 0x2d, 0x31, 0x31, 0x36, 0x2e,
    0x35, 0x20, 0x38, 0x32, 0x2e, 0x35, 0x74, 0x2d, 0x39, 0x34, 0x2e, 0x35, 0x20, 0x39, 0x35, 0x74,
    0x2d, 0x36, 0x38, 0x2e, 0x35, 0x20, 0x39, 0x35, 0x74, 0x2d, 0x34, 0x33, 0x20, 0x38, 0x32, 0x2e,
    0x35, 0x74, 0x2d, 0x31, 0x34, 0x20, 0x35, 0x37, 0x2e, 0x35, 0x74, 0x31, 0x34, 0x20, 0x35, 0x37,
    0x2e, 0x35, 0x74, 0x34, 0x32, 0x2e, 0x35, 0x20, 0x38, 0x32, 0x2e, 0x35, 0x74, 0x36, 0x38, 0x20,
    0x39, 0x35, 0x20, 0x74, 0x39, 0x34, 0x2e, 0x35, 0x20, 0x39, 0x35, 0x74, 0x31, 0x31, 0x36, 0x2e,
    0x35, 0x20, 0x38, 0x32, 0x2e, 0x35, 0x74, 0x31, 0x34, 0x30, 0x20, 0x35, 0x39, 0x74, 0x31, 0x36,
    0x30, 0x2e, 0x35, 0x20, 0x32, 0x32, 0x2e, 0x35, 0x7a, 0x4d, 0x38, 0x38, 0x38, 0x20, 0x38, 0x32,
    0x39, 0x71, 0x2d, 0x31, 0x35, 0x20, 0x31, 0x35, 0x20, 0x2d, 0x31, 0x38, 0x20, 0x31, 0x32, 0x74,
    0x35, 0x20, 0x2d, 0x32, 0x32, 0x71, 0x32, 0x35, 0x20, 0x2d, 0x35, 0x37, 0x20, 0x32, 0x35, 0x20,
    0x2d, 0x31, 0x31, 0x39, 0x71, 0x30, 0x20, 0x2d, 0x31, 0x32, 0x34, 0x20, 0x2d, 0x38, 0x38, 0x20,
    0x2d, 0x32, 0x31, 0x32, 0x74, 0x2d, 0x32, 0x31, 0x32, 0x20, 0x2d, 0x38, 0x38, 0x74, 0x2d, 0x32,
    0x31, 0x32, 0x20, 0x38, 0x38, 0x74, 0x2d, 0x38, 0x38, 0x20, 0x32, 0x31, 0x32, 0x71, 0x30, 0x20,
    0x35, 0x39, 0x20, 0x32, 0x33, 0x20, 0x31, 0x31, 0x34, 0x71, 0x38, 0x20, 0x31, 0x39, 0x20, 0x34,
    0x2e, 0x35, 0x20, 0x32, 0x32, 0x74, 0x2d, 0x31, 0x37, 0x2e, 0x35, 0x20, 0x2d, 0x31, 0x32, 0x71,
    0x2d, 0x37, 0x30, 0x20, 0x2d, 0x36, 0x39, 0x20, 0x2d, 0x31, 0x36, 0x30, 0x20, 0x2d, 0x31, 0x38,
    0x34, 0x71, 0x2d, 0x31, 0x33, 0x20, 0x2d, 0x31, 0x36, 0x20, 0x2d, 0x31, 0x35, 0x20, 0x2d, 0x34,
    0x30, 0x2e, 0x35, 0x74, 0x39, 0x20, 0x2d, 0x34, 0x32, 0x2e, 0x35, 0x71, 0x32, 0x32, 0x20, 0x2d,
    0x33, 0x36, 0x20, 0x34, 0x37, 0x20, 0x2d, 0x37, 0x31, 0x74, 0x37, 0x30, 0x20, 0x2d, 0x38, 0x32,
    0x74, 0x39, 0x32, 0x2e, 0x35, 0x20, 0x2d, 0x38, 0x31, 0x74, 0x31, 0x31, 0x33, 0x20, 0x2d, 0x35,
    0x38, 0x2e, 0x35, 0x74, 0x31, 0x33, 0x33, 0x2e, 0x35, 0x20, 0x2d, 0x32, 0x34, 0x2e, 0x35, 0x20,
    0x74, 0x31, 0x33, 0x33, 0x2e, 0x35, 0x20, 0x32, 0x34, 0x74, 0x31, 0x31, 0x33, 0x20, 0x35, 0x38,
    0x2e, 0x35, 0x74, 0x39, 0x32, 0x2e, 0x35, 0x20, 0x38, 0x31, 0x2e, 0x35, 0x74, 0x37, 0x30, 0x20,
    0x38, 0x31, 0x2e, 0x35, 0x74, 0x34, 0x37, 0x20, 0x37, 0x30, 0x2e, 0x35, 0x71, 0x31, 0x31, 0x20,
    0x31, 0x38, 0x20, 0x39, 0x20, 0x34, 0x32, 0x2e, 0x35, 0x74, 0x2d, 0x31, 0x34, 0x20, 0x34, 0x31,
    0x2e, 0x35, 0x71, 0x2d, 0x39, 0x30, 0x20, 0x31, 0x31, 0x37, 0x20, 0x2d, 0x31, 0x36, 0x33, 0x20,
    0x31, 0x38, 0x39, 0x7a, 0x4d, 0x34, 0x34, 0x38, 0x20, 0x37, 0x32, 0x37, 0x6c, 0x2d, 0x33, 0x35,
    0x20, 0x2d, 0x33, 0x36, 0x71, 0x2d, 0x31, 0x35, 0x20, 0x2d, 0x31, 0x35, 0x20, 0x2d, 0x31, 0x39,
    0x2e, 0x35, 0x20, 0x2d, 0x33, 0x38, 0x2e, 0x35, 0x74, 0x34, 0x2e, 0x35, 0x20, 0x2d, 0x34, 0x31,
    0x2e, 0x35, 0x71, 0x33, 0x37, 0x20, 0x2d, 0x36, 0x38, 0x20, 0x39, 0x33, 0x20, 0x2d, 0x31, 0x31,
    0x36, 0x71, 0x31, 0x36, 0x20, 0x2d, 0x31, 0x33, 0x20, 0x33, 0x38, 0x2e, 0x35, 0x20, 0x2d, 0x31,
    0x31, 0x74, 0x33, 0x36, 0x2e, 0x35, 0x20, 0x31, 0x37, 0x6c, 0x33, 0x35, 0x20, 0x33, 0x34, 0x71,
    0x31, 0x34, 0x20, 0x31, 0x35, 0x20, 0x31, 0x32, 0x2e, 0x35, 0x20, 0x33, 0x33, 0x2e, 0x35, 0x74,
    0x2d, 0x31, 0x36, 0x2e, 0x35, 0x20, 0x33, 0x33, 0x2e, 0x35, 0x71, 0x2d, 0x34, 0x34, 0x20, 0x34,
    0x34, 0x20, 0x2d, 0x38, 0x39, 0x20, 0x31, 0x31, 0x37, 0x71, 0x2d, 0x31, 0x31, 0x20, 0x31, 0x38,
    0x20, 0x2d, 0x32, 0x38, 0x20, 0x32, 0x30, 0x74, 0x2d, 0x33, 0x32, 0x20, 0x2d, 0x31, 0x32, 0x7a,
    0x22, 0x20, 0x2f, 0x3e, 0x0a, 0x3c, 0x67, 0x6c, 0x79, 0x70, 0x68, 0x20, 0x75, 0x6e, 0x69, 0x63,
    0x6f, 0x64, 0x65, 0x3d, 0x22, 0x26, 0x23, 0x78, 0x65, 0x31, 0x30, 0x36, 0x3b, 0x22, 0x20, 0x64,
    0x3d, 0x22, 0x4d, 0x35, 0x39, 0x32, 0x20, 0x30, 0x68, 0x2d, 0x31, 0x34, 0x38, 0x6c, 0x33, 0x31,
    0x20, 0x31, 0x32, 0x30, 0x71, 0x2d, 0x39, 0x31, 0x20, 0x32, 0x30, 0x20, 0x2d, 0x31, 0x37, 0x35,
    0x2e, 0x35, 0x20, 0x36, 0x38, 0x2e, 0x35, 0x74, 0x2d, 0x31, 0x34, 0x33, 0x2e, 0x35, 0x20, 0x31,
    0x30, 0x36, 0x2e, 0x35, 0x74, 0x2d, 0x31, 0x30, 0x33, 0x2e, 0x35, 0x20, 0x31, 0x31, 0x39, 0x74,
    0x2d, 0x36, 0x36, 0x2e, 0x35, 0x20, 0x31, 0x31, 0x30, 0x74, 0x2d, 0x32, 0x32, 0x20, 0x37, 0x36,
    0x71, 0x30, 0x20, 0x32, 0x31, 0x20, 0x31, 0x34, 0x20, 0x35, 0x37, 0x2e, 0x35, 0x74, 0x34, 0x32,
    0x2e, 0x35, 0x20, 0x38, 0x32, 0x2e, 0x35, 0x74, 0x36, 0x38, 0x20, 0x39, 0x35, 0x74, 0x39, 0x34,
    0x2e, 0x35, 0x20, 0x39, 0x35, 0x74, 0x31, 0x31, 0x36, 0x2e, 0x35, 0x20, 0x38, 0x32, 0x2e, 0x35,
    0x74, 0x31, 0x34, 0x30, 0x20, 0x35, 0x39, 0x74, 0x31, 0x36, 0x30, 0x2e, 0x35, 0x20, 0x32, 0x32,
    0x2e, 0x35, 0x71, 0x36, 0x31, 0x20, 0x30, 0x20, 0x31, 0x32, 0x36, 0x20, 0x2d, 0x31, 0x35, 0x6c,
    0x33, 0x32, 0x20, 0x31, 0x32, 0x31, 0x68, 0x31, 0x34, 0x38, 0x7a, 0x4d, 0x39, 0x34, 0x34, 0x20,
    0x37, 0x37, 0x30, 0x6c, 0x34, 0x37, 0x20, 0x31, 0x38, 0x31, 0x71, 0x31, 0x30, 0x38, 0x20, 0x2d,
    0x38, 0x35, 0x20, 0x31, 0x37, 0x36, 0x2e, 0x35, 0x20, 0x2d, 0x31, 0x39, 0x32, 0x74, 0x36, 0x38,
    0x2e, 0x35, 0x20, 0x2d, 0x31, 0x35, 0x39, 0x71, 0x30, 0x20, 0x2d, 0x32, 0x36, 0x20, 0x2d, 0x31,
    0x39, 0x2e, 0x35, 0x20, 0x2d, 0x37, 0x31, 0x74, 0x2d, 0x35, 0x39, 0x2e, 0x35, 0x20, 0x2d, 0x31,
    0x30, 0x32, 0x74, 0x2d, 0x39, 0x33, 0x20, 0x2d, 0x31, 0x31, 0x32, 0x20, 0x74, 0x2d, 0x31, 0x32,
    0x39, 0x20, 0x2d, 0x31, 0x30, 0x34, 0x2e, 0x35, 0x74, 0x2d, 0x31, 0x35, 0x38, 0x20, 0x2d, 0x37,
    0x35, 0x2e, 0x35, 0x6c, 0x34, 0x36, 0x20, 0x31, 0x37, 0x33, 0x71, 0x37, 0x37, 0x20, 0x34, 0x39,
    0x20, 0x31, 0x33, 0x36, 0x20, 0x31, 0x31, 0x37, 0x74, 0x39, 0x37, 0x20, 0x31, 0x33, 0x31, 0x71,
    0x31, 0x31, 0x20, 0x31, 0x38, 0x20, 0x39, 0x20, 0x34, 0x32, 0x2e, 0x35, 0x74, 0x2d, 0x31, 0x34,
    0x20, 0x34, 0x31, 0x2e, 0x35, 0x71, 0x2d, 0x35, 0x34, 0x20, 0x37, 0x30, 0x20, 0x2d, 0x31, 0x30,
    0x37, 0x20, 0x31, 0x33, 0x30, 0x7a, 0x4d, 0x33, 0x31, 0x30, 0x20, 0x38, 0x32, 0x34, 0x71, 0x2d,
    0x37, 0x30, 0x20, 0x2d, 0x36, 0x39, 0x20, 0x2d, 0x31, 0x36, 0x30, 0x20, 0x2d, 0x31, 0x38, 0x34,
    0x71, 0x2d, 0x31, 0x33, 0x20, 0x2d, 0x31, 0x36, 0x20, 0x2d, 0x31, 0x35, 0x20, 0x2d, 0x34, 0x30,
    0x2e, 0x35, 0x74, 0x39, 0x20, 0x2d, 0x34, 0x32, 0x2e, 0x35, 0x71, 0x31, 0x38, 0x20, 0x2d, 0x33,
    0x30, 0x20, 0x33, 0x39, 0x20, 0x2d, 0x36, 0x30, 0x74, 0x35, 0x37, 0x20, 0x2d, 0x37, 0x30, 0x2e,
    0x35, 0x74, 0x37, 0x34, 0x20, 0x2d, 0x37, 0x33, 0x74, 0x39, 0x30, 0x20, 0x2d, 0x36, 0x31, 0x74,
    0x31, 0x30, 0x35, 0x20, 0x2d, 0x34, 0x31, 0x2e, 0x35, 0x6c, 0x34, 0x31, 0x20, 0x31, 0x35, 0x34,
    0x71, 0x2d, 0x31, 0x30, 0x37, 0x20, 0x31, 0x38, 0x20, 0x2d, 0x31, 0x37, 0x38, 0x2e, 0x35, 0x20,
    0x31, 0x30, 0x31, 0x2e, 0x35, 0x74, 0x2d, 0x37, 0x31, 0x2e, 0x35, 0x20, 0x31, 0x39, 0x33, 0x2e,
    0x35, 0x71, 0x30, 0x20, 0x35, 0x39, 0x20, 0x32, 0x33, 0x20, 0x31, 0x31, 0x34, 0x71, 0x38, 0x20,
    0x31, 0x39, 0x20, 0x34, 0x2e, 0x35, 0x20, 0x32, 0x32, 0x20, 0x74, 0x2d, 0x31, 0x37, 0x2e, 0x35,
    0x20, 0x2d, 0x31, 0x32, 0x7a, 0x4d, 0x34, 0x34, 0x38, 0x20, 0x37, 0x32, 0x37, 0x6c, 0x2d, 0x33,
    0x35, 0x20, 0x2d, 0x33, 0x36, 0x71, 0x2d, 0x31, 0x35, 0x20, 0x2d, 0x31, 0x35, 0x20, 0x2d, 0x31,
    0x39, 0x2e, 0x35, 0x20, 0x2d, 0x33, 0x38, 0x2e, 0x35, 0x74, 0x34, 0x2e, 0x35, 0x20, 0x2d, 0x34,
    0x31, 0x2e, 0x35, 0x71, 0x33, 0x37, 0x20, 0x2d, 0x36, 0x38, 0x20, 0x39, 0x33, 0x20, 0x2d, 0x31,
    0x31, 0x36, 0x71, 0x31, 0x36, 0x20, 0x2d, 0x31, 0x33, 0x20, 0x33, 0x38, 0x2e, 0x35, 0x20, 0x2d,
    0x31, 0x31, 0x74, 0x33, 0x36, 0x2e, 0x35, 0x20, 0x31, 0x37, 0x6c, 0x31, 0x32, 0x20, 0x31, 0x31,
    0x6c, 0x32, 0x32, 0x20, 0x38, 0x36, 0x6c, 0x2d, 0x33, 0x20, 0x34, 0x71, 0x2d, 0x34, 0x34, 0x20,
    0x34, 0x34, 0x20, 0x2d, 0x38, 0x39, 0x20, 0x31, 0x31, 0x37, 0x71, 0x2d, 0x31, 0x31, 0x20, 0x31,
    0x38, 0x20, 0x2d, 0x32, 0x38, 0x20, 0x32, 0x30, 0x74, 0x2d, 0x33, 0x32, 0x20, 0x2d, 0x31, 0x32,
    0x7a, 0x22, 0x20, 0x2f, 0x3e, 0x0a, 0x3c, 0x67, 0x6c, 0x79, 0x70, 0x68, 0x20, 0x75, 0x6e, 0x69,
    0x63, 0x6f, 0x64, 0x65, 0x3d, 0x22, 0x26, 0x23, 0x78, 0x65, 0x31, 0x30, 0x37, 0x3b, 0x22, 0x20,
    0x64, 0x3d, 0x22, 0x4d, 0x2d, 0x39, 0x30, 0x20, 0x31, 0x30, 0x30, 0x6c, 0x36, 0x34, 0x32, 0x20,
    0x31, 0x30, 0x36, 0x36, 0x71, 0x32, 0x30, 0x20, 0x33, 0x31, 0x20, 0x34, 0x38, 0x20, 0x32, 0x38,
    0x2e, 0x35, 0x74, 0x34, 0x38, 0x20, 0x2d, 0x33, 0x35, 0x2e, 0x35, 0x6c, 0x36, 0x34, 0x32, 0x20,
    0x2d, 0x31, 0x30, 0x35, 0x36, 0x71, 0x32, 0x31, 0x20, 0x2d, 0x33, 0x32, 0x20, 0x37, 0x2e, 0x35,
    0x20, 0x2d, 0x36, 0x37, 0x2e, 0x35, 0x74, 0x2d, 0x35, 0x30, 0x2e, 0x35, 0x20, 0x2d, 0x33, 0x35,
    0x2e, 0x35, 0x68, 0x2d, 0x31, 0x32, 0x39, 0x34, 0x71, 0x2d, 0x33, 0x37, 0x20, 0x30, 0x20, 0x2d,
    0x35, 0x30, 0x2e, 0x35, 0x20, 0x33, 0x34, 0x74, 0x37, 0x2e, 0x35, 0x20, 0x36, 0x36, 0x7a, 0x4d,
    0x31, 0x35, 0x35, 0x20, 0x32, 0x30, 0x30, 0x68, 0x33, 0x34, 0x35, 0x76, 0x37, 0x35, 0x71, 0x30,
    0x20, 0x31, 0x30, 0x20, 0x37, 0x2e, 0x35, 0x20, 0x31, 0x37, 0x2e, 0x35, 0x74, 0x31, 0x37, 0x2e,
    0x35, 0x20, 0x37, 0x2e, 0x35, 0x68, 0x31, 0x35, 0x30, 0x71, 0x31, 0x30, 0x20, 0x30, 0x20, 0x31,
    0x37, 0x2e, 0x35, 0x20, 0x2d, 0x37, 0x2e, 0x35, 0x74, 0x37, 0x2e, 0x35, 0x20, 0x2d, 0x31, 0x37,
    0x2e, 0x35, 0x76, 0x2d, 0x37, 0x35, 0x68, 0x33, 0x34, 0x35, 0x6c, 0x2d, 0x34, 0x34, 0x35, 0x20,
    0x37, 0x32, 0x33, 0x7a, 0x4d, 0x34, 0x39, 0x36, 0x20, 0x37, 0x30, 0x30, 0x68, 0x32, 0x30, 0x38,
    0x71, 0x32, 0x30, 0x20, 0x30, 0x20, 0x33, 0x32, 0x20, 0x2d, 0x31, 0x34, 0x2e, 0x35, 0x74, 0x38,
    0x20, 0x2d, 0x33, 0x34, 0x2e, 0x35, 0x6c, 0x2d, 0x35, 0x38, 0x20, 0x2d, 0x32, 0x35, 0x32, 0x20,
    0x71, 0x2d, 0x34, 0x20, 0x2d, 0x32, 0x30, 0x20, 0x2d, 0x32, 0x31, 0x2e, 0x35, 0x20, 0x2d, 0x33,
    0x34, 0x2e, 0x35, 0x74, 0x2d, 0x33, 0x37, 0x2e, 0x35, 0x20, 0x2d, 0x31, 0x34, 0x2e, 0x35, 0x68,
    0x2d, 0x35, 0x34, 0x71, 0x2d, 0x32, 0x30, 0x20, 0x30, 0x20, 0x2d, 0x33, 0x37, 0x2e, 0x35, 0x20,
    0x31, 0x34, 0x2e, 0x35, 0x74, 0x2d, 0x32, 0x31, 0x2e, 0x35, 0x20, 0x33, 0x34, 0x2e, 0x35, 0x6c,
    0x2d, 0x35, 0x38, 0x20, 0x32, 0x35, 0x32, 0x71, 0x2d, 0x34, 0x20, 0x32, 0x30, 0x20, 0x38, 0x20,
    0x33, 0x34, 0x2e, 0x35, 0x74, 0x33, 0x32, 0x20, 0x31, 0x34, 0x2e, 0x35, 0x7a, 0x22, 0x20, 0x2f,
    0x3e, 0x0a, 0x3c, 0x67, 0x6c, 0x79, 0x70, 0x68, 0x20, 0x75, 0x6e, 0x69, 0x63, 0x6f, 0x64, 0x65,
    0x3d, 0x22, 0x26, 0x23, 0x78, 0x65, 0x31, 0x30, 0x38, 0x3b, 0x22, 0x20, 0x64, 0x3d, 0x22, 0x4d,
    0x36, 0x35, 0x30, 0x20, 0x31, 0x32, 0x30, 0x30, 0x71, 0x36, 0x32, 0x20, 0x30, 0x20, 0x31, 0x30,
    0x36, 0x20, 0x2d, 0x34, 0x34, 0x74, 0x34, 0x34, 0x20, 0x2d, 0x31, 0x30, 0x36, 0x76, 0x2d, 0x33,
    0x33, 0x39, 0x6c, 0x33, 0x36, 0x33, 0x20, 0x2d, 0x33, 0x32, 0x35, 0x71, 0x31, 0x35, 0x20, 0x2d,
    0x31, 0x34, 0x20, 0x32, 0x36, 0x20, 0x2d, 0x33, 0x38, 0x2e, 0x35, 0x74, 0x31, 0x31, 0x20, 0x2d,
    0x34, 0x34, 0x2e, 0x35, 0x76, 0x2d, 0x34, 0x31, 0x71, 0x30, 0x20, 0x2d, 0x32, 0x30, 0x20, 0x2d,
    0x31, 0x32, 0x20, 0x2d, 0x32, 0x36, 0x2e, 0x35, 0x74, 0x2d, 0x32, 0x39, 0x20, 0x35, 0x2e, 0x35,
    0x6c, 0x2d, 0x33, 0x35, 0x39, 0x20, 0x32, 0x34, 0x39, 0x76, 0x2d, 0x32, 0x36, 0x33, 0x71, 0x31,
    0x30, 0x30, 0x20, 0x2d, 0x39, 0x33, 0x20, 0x31, 0x30, 0x30, 0x20, 0x2d, 0x31, 0x31, 0x33, 0x76,
    0x2d, 0x36, 0x34, 0x71, 0x30, 0x20, 0x2d, 0x32, 0x31, 0x20, 0x2d, 0x31, 0x33, 0x20, 0x2d, 0x32,
    0x39, 0x74, 0x2d, 0x33, 0x32, 0x20, 0x31, 0x6c, 0x2d, 0x32, 0x30, 0x35, 0x20, 0x31, 0x32, 0x38,
    0x6c, 0x2d, 0x32, 0x30, 0x35, 0x20, 0x2d, 0x31, 0x32, 0x38, 0x71, 0x2d, 0x31, 0x39, 0x20, 0x2d,
    0x39, 0x20, 0x2d, 0x33, 0x32, 0x20, 0x2d, 0x31, 0x74, 0x2d, 0x31, 0x33, 0x20, 0x32, 0x39, 0x76,
    0x36, 0x34, 0x71, 0x30, 0x20, 0x32, 0x30, 0x20, 0x31, 0x30, 0x30, 0x20, 0x31, 0x31, 0x33, 0x76,
    0x32, 0x36, 0x33, 0x6c, 0x2d, 0x33, 0x35, 0x39, 0x20, 0x2d, 0x32, 0x34, 0x39, 0x71, 0x2d, 0x31,
    0x37, 0x20, 0x2d, 0x31, 0x32, 0x20, 0x2d, 0x32, 0x39, 0x20, 0x2d, 0x35, 0x2e, 0x35, 0x74, 0x2d,
    0x31, 0x32, 0x20, 0x32, 0x36, 0x2e, 0x35, 0x76, 0x34, 0x31, 0x20, 0x71, 0x30, 0x20, 0x32, 0x30,
    0x20, 0x31, 0x31, 0x20, 0x34, 0x34, 0x2e, 0x35, 0x74, 0x32, 0x36, 0x20, 0x33, 0x38, 0x2e, 0x35,
    0x6c, 0x33, 0x36, 0x33, 0x20, 0x33, 0x32, 0x35, 0x76, 0x33, 0x33, 0x39, 0x71, 0x30, 0x20, 0x36,
    0x32, 0x20, 0x34, 0x34, 0x20, 0x31, 0x30, 0x36, 0x74, 0x31, 0x30, 0x36, 0x20, 0x34, 0x34, 0x7a,
    0x22, 0x20, 0x2f, 0x3e, 0x0a, 0x3c, 0x67, 0x6c, 0x79, 0x70, 0x68, 0x20, 0x75, 0x6e, 0x69, 0x63,
    0x6f, 0x64, 0x65, 0x3d, 0x22, 0x26, 0x23, 0x78, 0x65, 0x31, 0x30, 0x39, 0x3b, 0x22, 0x20, 0x64,
    0x3d, 0x22, 0x4d, 0x38, 0x35, 0x30, 0x20, 0x31, 0x32, 0x30, 0x30, 0x68, 0x31, 0x30, 0x30, 0x71,
    0x32, 0x31, 0x20, 0x30, 0x20, 0x33, 0x35, 0x2e, 0x35, 0x20, 0x2d, 0x31, 0x34, 0x2e, 0x35, 0x74,
    0x31, 0x34, 0x2e, 0x35, 0x20, 0x2d, 0x33, 0x35, 0x2e, 0x35, 0x76, 0x2d, 0x35, 0x30, 0x68, 0x35,
    0x30, 0x71, 0x32, 0x31, 0x20, 0x30, 0x20, 0x33, 0x35, 0x2e, 0x35, 0x20, 0x2d, 0x31, 0x34, 0x2e,
    0x35, 0x74, 0x31, 0x34, 0x2e, 0x35, 0x20, 0x2d, 0x33, 0x35, 0x2e, 0x35, 0x76, 0x2d, 0x31, 0x35,
    0x30, 0x68, 0x2d, 0x31, 0x31, 0x30, 0x30, 0x76, 0x31, 0x35, 0x30, 0x71, 0x30, 0x20, 0x32, 0x31,
    0x20, 0x31, 0x34, 0x2e, 0x35, 0x20, 0x33, 0x35, 0x2e, 0x35, 0x74, 0x33, 0x35, 0x2e, 0x35, 0x20,
    0x31, 0x34, 0x2e, 0x35, 0x68, 0x35, 0x30, 0x76, 0x35, 0x30, 0x71, 0x30, 0x20, 0x32, 0x31, 0x20,
    0x31, 0x34, 0x2e, 0x35, 0x20, 0x33, 0x35, 0x2e, 0x35, 0x74, 0x33, 0x35, 0x2e, 0x35, 0x20, 0x31,
    0x34, 0x2e, 0x35, 0x68, 0x31, 0x30, 0x30, 0x71, 0x32, 0x31, 0x20, 0x30, 0x20, 0x33, 0x35, 0x2e,
    0x35, 0x20, 0x2d, 0x31, 0x34, 0x2e, 0x35, 0x74, 0x31, 0x34, 0x2e, 0x35, 0x20, 0x2d, 0x33, 0x35,
    0x2e, 0x35, 0x76, 0x2d, 0x35, 0x30, 0x68, 0x35, 0x30, 0x30, 0x76, 0x35, 0x30, 0x71, 0x30, 0x20,
    0x32, 0x31, 0x20, 0x31, 0x34, 0x2e, 0x35, 0x20, 0x33, 0x35, 0x2e, 0x35, 0x74, 0x33, 0x35, 0x2e,
    0x35, 0x20, 0x31, 0x34, 0x2e, 0x35, 0x7a, 0x4d, 0x31, 0x31, 0x30, 0x30, 0x20, 0x38, 0x30, 0x30,
    0x76, 0x2d, 0x37, 0x35, 0x30, 0x71, 0x30, 0x20, 0x2d, 0x32, 0x31, 0x20, 0x2d, 0x31, 0x34, 0x2e,
    0x35, 0x20, 0x2d, 0x33, 0x35, 0x2e, 0x35, 0x20, 0x74, 0x2d, 0x33, 0x35, 0x2e, 0x35, 0x20, 0x2d,
    0x31, 0x34, 0x2e, 0x35, 0x68, 0x2d, 0x31, 0x30, 0x30, 0x30, 0x71, 0x2d, 0x32, 0x31, 0x20, 0x30,
    0x20, 0x2d, 0x33, 0x35, 0x2e, 0x35, 0x20, 0x31, 0x34, 0x2e, 0x35, 0x74, 0x2d, 0x31, 0x34, 0x2e,
    0x35, 0x20, 0x33, 0x35, 0x2e, 0x35, 0x76, 0x37, 0x35, 0x30, 0x68, 0x31, 0x31, 0x30, 0x30, 0x7a,
    0x4d, 0x31, 0x30, 0x30, 0x20, 0x36, 0x30, 0x30, 0x76, 0x2d, 0x31, 0x30, 0x30, 0x68, 0x31, 0x30,
    0x30, 0x76, 0x31, 0x30, 0x30, 0x68, 0x2d, 0x31, 0x30, 0x30, 0x7a, 0x4d, 0x33, 0x30, 0x30, 0x20,
    0x36, 0x30, 0x30, 0x76, 0x2d, 0x31, 0x30, 0x30, 0x68, 0x31, 0x30, 0x30, 0x76, 0x31, 0x30, 0x30,
    0x68, 0x2d, 0x31, 0x30, 0x30, 0x7a, 0x4d, 0x35, 0x30, 0x30, 0x20, 0x36, 0x30, 0x30, 0x76, 0x2d,
    0x31, 0x30, 0x30, 0x68, 0x31, 0x30, 0x30, 0x76, 0x31, 0x30, 0x30, 0x68, 0x2d, 0x31, 0x30, 0x30,
    0x7a, 0x4d, 0x37, 0x30, 0x30, 0x20, 0x36, 0x30, 0x30, 0x76, 0x2d, 0x31, 0x30, 0x30, 0x68, 0x31,
    0x30, 0x30, 0x76, 0x31, 0x30, 0x30, 0x68, 0x2d, 0x31, 0x30, 0x30, 0x7a, 0x4d, 0x39, 0x30, 0x30,
    0x20, 0x36, 0x30, 0x30, 0x76, 0x2d, 0x31, 0x30, 0x30, 0x68, 0x31, 0x30, 0x30, 0x76, 0x31, 0x30,
    0x30, 0x68, 0x2d, 0x31, 0x30, 0x30, 0x7a, 0x4d, 0x31, 0x30, 0x30, 0x20, 0x34, 0x30, 0x30, 0x76,
    0x2d, 0x31, 0x30, 0x30, 0x68, 0x31, 0x30, 0x30, 0x76, 0x31, 0x30, 0x30, 0x68, 0x2d, 0x31, 0x30,
    0x30, 0x7a, 0x4d, 0x33, 0x30, 0x30, 0x20, 0x34, 0x30, 0x30, 0x76, 0x2d, 0x31, 0x30, 0x30, 0x68,
    0x31, 0x30, 0x30, 0x76, 0x31, 0x30, 0x30, 0x68, 0x2d, 0x31, 0x30, 0x30, 0x7a, 0x4d, 0x35, 0x30,
    0x30, 0x20, 0x34, 0x30, 0x30, 0x20, 0x76, 0x2d, 0x31, 0x30, 0x30, 0x68, 0x31, 0x30, 0x30, 0x76,
    0x31, 0x30, 0x30, 0x68, 0x2d, 0x31, 0x30, 0x30, 0x7a, 0x4d, 0x37, 0x30, 0x30, 0x20, 0x34, 0x30,
    0x30, 0x76, 0x2d, 0x31, 0x30, 0x30, 0x68, 0x31, 0x30, 0x30, 0x76, 0x31, 0x30, 0x30, 0x68, 0x2d,
    0x31, 0x30, 0x30, 0x7a, 0x4d, 0x39, 0x30, 0x30, 0x20, 0x34, 0x30, 0x30, 0x76, 0x2d, 0x31, 0x30,
    0x30, 0x68, 0x31, 0x30, 0x30, 0x76, 0x31, 0x30, 0x30, 0x68, 0x2d, 0x31, 0x30, 0x30, 0x7a, 0x4d,
    0x31, 0x30, 0x30, 0x20, 0x32, 0x30, 0x30, 0x76, 0x2d, 0x31, 0x30, 0x30, 0x68, 0x31, 0x30, 0x30,
    0x76, 0x31, 0x30, 0x30, 0x68, 0x2d, 0x31, 0x30, 0x30, 0x7a, 0x4d, 0x33, 0x30, 0x30, 0x20, 0x32,
    0x30, 0x30, 0x76, 0x2d, 0x31, 0x30, 0x30, 0x68, 0x31, 0x30, 0x30, 0x76, 0x31, 0x30, 0x30, 0x68,
    0x2d, 0x31, 0x30, 0x30, 0x7a, 0x4d, 0x35, 0x30, 0x30, 0x20, 0x32, 0x30, 0x30, 0x76, 0x2d, 0x31,
    0x30, 0x30, 0x68, 0x31, 0x30, 0x30, 0x76, 0x31, 0x30, 0x30, 0x68, 0x2d, 0x31, 0x30, 0x30, 0x7a,
    0x4d, 0x37, 0x30, 0x30, 0x20, 0x32, 0x30, 0x30, 0x76, 0x2d, 0x31, 0x30, 0x30, 0x68, 0x31, 0x30,
    0x30, 0x76, 0x31, 0x30, 0x30, 0x68, 0x2d, 0x31, 0x30, 0x30, 0x7a, 0x4d, 0x39, 0x30, 0x30, 0x20,
    0x32, 0x30, 0x30, 0x76, 0x2d, 0x31, 0x30, 0x30, 0x68, 0x31, 0x30, 0x30, 0x76, 0x31, 0x30, 0x30,
    0x68, 0x2d, 0x31, 0x30, 0x30, 0x7a, 0x22, 0x20, 0x2f, 0x3e, 0x0a, 0x3c, 0x67, 0x6c, 0x79, 0x70,
    0x68, 0x20, 0x75, 0x6e, 0x69, 0x63, 0x6f, 0x64, 0x65, 0x3d, 0x22, 0x26, 0x23, 0x78, 0x65, 0x31,
    0x31, 0x30, 0x3b, 0x22, 0x20, 0x64, 0x3d, 0x22, 0x4d, 0x31, 0x31, 0x33, 0x35, 0x20, 0x31, 0x31,
    0x36, 0x35, 0x6c, 0x32, 0x34, 0x39, 0x20, 0x2d, 0x32, 0x33, 0x30, 0x71, 0x31, 0x35, 0x20, 0x2d,
    0x31, 0x34, 0x20, 0x31, 0x35, 0x20, 0x2d, 0x33, 0x35, 0x74, 0x2d, 0x31, 0x35, 0x20, 0x2d, 0x33,
    0x35, 0x6c, 0x2d, 0x32, 0x34, 0x39, 0x20, 0x2d, 0x32, 0x33, 0x30, 0x71, 0x2d, 0x31, 0x34, 0x20,
    0x2d, 0x31, 0x34, 0x20, 0x2d, 0x32, 0x34, 0x2e, 0x35, 0x20, 0x2d, 0x31, 0x30, 0x74, 0x2d, 0x31,
    0x30, 0x2e, 0x35, 0x20, 0x32, 0x35, 0x76, 0x31, 0x35, 0x30, 0x68, 0x2d, 0x31, 0x35, 0x39, 0x6c,
    0x2d, 0x36, 0x30, 0x30, 0x20, 0x2d, 0x36, 0x30, 0x30, 0x68, 0x2d, 0x32, 0x39, 0x31, 0x71, 0x2d,
    0x32, 0x31, 0x20, 0x30, 0x20, 0x2d, 0x33, 0x35, 0x2e, 0x35, 0x20, 0x31, 0x34, 0x2e, 0x35, 0x74,
    0x2d, 0x31, 0x34, 0x2e, 0x35, 0x20, 0x33, 0x35, 0x2e, 0x35, 0x76, 0x31, 0x30, 0x30, 0x71, 0x30,
    0x20, 0x32, 0x31, 0x20, 0x31, 0x34, 0x2e, 0x35, 0x20, 0x33, 0x35, 0x2e, 0x35, 0x74, 0x33, 0x35,
    0x2e, 0x35, 0x20, 0x31, 0x34, 0x2e, 0x35, 0x68, 0x32, 0x30, 0x39, 0x6c, 0x36, 0x30, 0x30, 0x20,
    0x36, 0x30, 0x30, 0x68, 0x32, 0x34, 0x31, 0x76, 0x31, 0x35, 0x30, 0x71, 0x30, 0x20, 0x32, 0x31,
    0x20, 0x31, 0x30, 0x2e, 0x35, 0x20, 0x32, 0x35, 0x74, 0x32, 0x34, 0x2e, 0x35, 0x20, 0x2d, 0x31,
    0x30, 0x7a, 0x4d, 0x35, 0x32, 0x32, 0x20, 0x38, 0x31, 0x39, 0x6c, 0x2d, 0x31, 0x34, 0x31, 0x20,
    0x2d, 0x31, 0x34, 0x31, 0x6c, 0x2d, 0x31, 0x32, 0x32, 0x20, 0x31, 0x32, 0x32, 0x68, 0x2d, 0x32,
    0x30, 0x39, 0x71, 0x2d, 0x32, 0x31, 0x20, 0x30, 0x20, 0x2d, 0x33, 0x35, 0x2e, 0x35, 0x20, 0x31,
    0x34, 0x2e, 0x35, 0x20, 0x74, 0x2d, 0x31, 0x34, 0x2e, 0x35, 0x20, 0x33, 0x35, 0x2e, 0x35, 0x76,
    0x31, 0x30, 0x30, 0x71, 0x30, 0x20, 0x32, 0x31, 0x20, 0x31, 0x34, 0x2e, 0x35, 0x20, 0x33, 0x35,
    0x2e, 0x35, 0x74, 0x33, 0x35, 0x2e, 0x35, 0x20, 0x31, 0x34, 0x2e, 0x35, 0x68, 0x32, 0x39, 0x31,
    0x7a, 0x4d, 0x31, 0x31, 0x33, 0x35, 0x20, 0x35, 0x36, 0x35, 0x6c, 0x32, 0x34, 0x39, 0x20, 0x2d,
    0x32, 0x33, 0x30, 0x71, 0x31, 0x35, 0x20, 0x2d, 0x31, 0x34, 0x20, 0x31, 0x35, 0x20, 0x2d, 0x33,
    0x35, 0x74, 0x2d, 0x31, 0x35, 0x20, 0x2d, 0x33, 0x35, 0x6c, 0x2d, 0x32, 0x34, 0x39, 0x20, 0x2d,
    0x32, 0x33, 0x30, 0x71, 0x2d, 0x31, 0x34, 0x20, 0x2d, 0x31, 0x34, 0x20, 0x2d, 0x32, 0x34, 0x2e,
    0x35, 0x20, 0x2d, 0x31, 0x30, 0x74, 0x2d, 0x31, 0x30, 0x2e, 0x35, 0x20, 0x32, 0x35, 0x76, 0x31,
    0x35, 0x30, 0x68, 0x2d, 0x32, 0x34, 0x31, 0x6c, 0x2d, 0x31, 0x38, 0x31, 0x20, 0x31, 0x38, 0x31,
    0x6c, 0x31, 0x34, 0x31, 0x20, 0x31, 0x34, 0x31, 0x6c, 0x31, 0x32, 0x32, 0x20, 0x2d, 0x31, 0x32,
    0x32, 0x68, 0x31, 0x35, 0x39, 0x76, 0x31, 0x35, 0x30, 0x71, 0x30, 0x20, 0x32, 0x31, 0x20, 0x31,
    0x30, 0x2e, 0x35, 0x20, 0x32, 0x35, 0x74, 0x32, 0x34, 0x2e, 0x35, 0x20, 0x2d, 0x31, 0x30, 0x7a,
    0x22, 0x20, 0x2f, 0x3e, 0x0a, 0x3c, 0x67, 0x6c, 0x79, 0x70, 0x68, 0x20, 0x75, 0x6e, 0x69, 0x63,
    0x6f, 0x64, 0x65, 0x3d, 0x22, 0x26, 0x23, 0x78, 0x65, 0x31, 0x31, 0x31, 0x3b, 0x22, 0x20, 0x64,
    0x3d, 0x22, 0x4d, 0x31, 0x30, 0x30, 0x20, 0x31, 0x31, 0x30, 0x30, 0x68, 0x31, 0x30, 0x30, 0x30,
    0x71, 0x34, 0x31, 0x20, 0x30, 0x20, 0x37, 0x30, 0x2e, 0x35, 0x20, 0x2d, 0x32, 0x39, 0x2e, 0x35,
    0x74, 0x32, 0x39, 0x2e, 0x35, 0x20, 0x2d, 0x37, 0x30, 0x2e, 0x35, 0x76, 0x2d, 0x36, 0x30, 0x30,
    0x71, 0x30, 0x20, 0x2d, 0x34, 0x31, 0x20, 0x2d, 0x32, 0x39, 0x2e, 0x35, 0x20, 0x2d, 0x37, 0x30,
    0x2e, 0x35, 0x74, 0x2d, 0x37, 0x30, 0x2e, 0x35, 0x20, 0x2d, 0x32, 0x39, 0x2e, 0x35, 0x68, 0x2d,
    0x35, 0x39, 0x36, 0x6c, 0x2d, 0x33, 0x30, 0x34, 0x20, 0x2d, 0x33, 0x30, 0x30, 0x76, 0x33, 0x30,
    0x30, 0x68, 0x2d, 0x31, 0x30, 0x30, 0x71, 0x2d, 0x34, 0x31, 0x20, 0x30, 0x20, 0x2d, 0x37, 0x30,
    0x2e, 0x35, 0x20, 0x32, 0x39, 0x2e, 0x35, 0x74, 0x2d, 0x32, 0x39, 0x2e, 0x35, 0x20, 0x37, 0x30,
    0x2e, 0x35, 0x76, 0x36, 0x30, 0x30, 0x71, 0x30, 0x20, 0x34, 0x31, 0x20, 0x32, 0x39, 0x2e, 0x35,
    0x20, 0x37, 0x30, 0x2e, 0x35, 0x74, 0x37, 0x30, 0x2e, 0x35, 0x20, 0x32, 0x39, 0x2e, 0x35, 0x7a,
    0x22, 0x20, 0x2f, 0x3e, 0x0a, 0x3c, 0x67, 0x6c, 0x79, 0x70, 0x68, 0x20, 0x75, 0x6e, 0x69, 0x63,
    0x6f, 0x64, 0x65, 0x3d, 0x22, 0x26, 0x23, 0x78, 0x65, 0x31, 0x31, 0x32, 0x3b, 0x22, 0x20, 0x64,
    0x3d, 0x22, 0x4d, 0x31, 0x35, 0x30, 0x20, 0x31, 0x32, 0x30, 0x30, 0x68, 0x32, 0x30, 0x30, 0x71,
    0x32, 0x31, 0x20, 0x30, 0x20, 0x33, 0x35, 0x2e, 0x35, 0x20, 0x2d, 0x31, 0x34, 0x2e, 0x35, 0x74,
    0x31, 0x34, 0x2e, 0x35, 0x20, 0x2d, 0x33, 0x35, 0x2e, 0x35, 0x76, 0x2d, 0x32, 0x35, 0x30, 0x68,
    0x2d, 0x33, 0x30, 0x30, 0x76, 0x32, 0x35, 0x30, 0x71, 0x30, 0x20, 0x32, 0x31, 0x20, 0x31, 0x34,
    0x2e, 0x35, 0x20, 0x33, 0x35, 0x2e, 0x35, 0x74, 0x33, 0x35, 0x2e, 0x35, 0x20, 0x31, 0x34, 0x2e,
    0x35, 0x7a, 0x4d, 0x38, 0x35, 0x30, 0x20, 0x31, 0x32, 0x30, 0x30, 0x68, 0x32, 0x30, 0x30, 0x71,
    0x32, 0x31, 0x20, 0x30, 0x20, 0x33, 0x35, 0x2e, 0x35, 0x20, 0x2d, 0x31, 0x34, 0x2e, 0x35, 0x74,
    0x31, 0x34, 0x2e, 0x35, 0x20, 0x2d, 0x33, 0x35, 0x2e, 0x35, 0x76, 0x2d, 0x32, 0x35, 0x30, 0x68,
    0x2d, 0x33, 0x30, 0x30, 0x76, 0x32, 0x35, 0x30, 0x71, 0x30, 0x20, 0x32, 0x31, 0x20, 0x31, 0x34,
    0x2e, 0x35, 0x20, 0x33, 0x35, 0x2e, 0x35, 0x74, 0x33, 0x35, 0x2e, 0x35, 0x20, 0x31, 0x34, 0x2e,
    0x35, 0x7a, 0x4d, 0x31, 0x31, 0x30, 0x30, 0x20, 0x38, 0x30, 0x30, 0x76, 0x2d, 0x33, 0x30, 0x30,
    0x71, 0x30, 0x20, 0x2d, 0x34, 0x31, 0x20, 0x2d, 0x33, 0x20, 0x2d, 0x37, 0x37, 0x2e, 0x35, 0x74,
    0x2d, 0x31, 0x35, 0x20, 0x2d, 0x38, 0x39, 0x2e, 0x35, 0x74, 0x2d, 0x33, 0x32, 0x20, 0x2d, 0x39,
    0x36, 0x74, 0x2d, 0x35, 0x38, 0x20, 0x2d, 0x38, 0x39, 0x74, 0x2d, 0x38, 0x39, 0x20, 0x2d, 0x37,
    0x37, 0x74, 0x2d, 0x31, 0x32, 0x39, 0x20, 0x2d, 0x35, 0x31, 0x74, 0x2d, 0x31, 0x37, 0x34, 0x20,
    0x2d, 0x32, 0x30, 0x74, 0x2d, 0x31, 0x37, 0x34, 0x20, 0x32, 0x30, 0x20, 0x74, 0x2d, 0x31, 0x32,
    0x39, 0x20, 0x35, 0x31, 0x74, 0x2d, 0x38, 0x39, 0x20, 0x37, 0x37, 0x74, 0x2d, 0x35, 0x38, 0x20,
    0x38, 0x39, 0x74, 0x2d, 0x33, 0x32, 0x20, 0x39, 0x36, 0x74, 0x2d, 0x31, 0x35, 0x20, 0x38, 0x39,
    0x2e, 0x35, 0x74, 0x2d, 0x33, 0x20, 0x37, 0x37, 0x2e, 0x35, 0x76, 0x33, 0x30, 0x30, 0x68, 0x33,
    0x30, 0x30, 0x76, 0x2d, 0x32, 0x35, 0x30, 0x76, 0x2d, 0x32, 0x37, 0x76, 0x2d, 0x34, 0x32, 0x2e,
    0x35, 0x74, 0x31, 0x2e, 0x35, 0x20, 0x2d, 0x34, 0x31, 0x74, 0x35, 0x20, 0x2d, 0x33, 0x38, 0x74,
    0x31, 0x30, 0x20, 0x2d, 0x33, 0x35, 0x74, 0x31, 0x36, 0x2e, 0x35, 0x20, 0x2d, 0x33, 0x30, 0x74,
    0x32, 0x35, 0x2e, 0x35, 0x20, 0x2d, 0x32, 0x34, 0x2e, 0x35, 0x74, 0x33, 0x35, 0x20, 0x2d, 0x31,
    0x39, 0x74, 0x34, 0x36, 0x2e, 0x35, 0x20, 0x2d, 0x31, 0x32, 0x74, 0x36, 0x30, 0x20, 0x2d, 0x34,
    0x74, 0x36, 0x30, 0x20, 0x34, 0x2e, 0x35, 0x74, 0x34, 0x36, 0x2e, 0x35, 0x20, 0x31, 0x32, 0x2e,
    0x35, 0x74, 0x33, 0x35, 0x20, 0x31, 0x39, 0x2e, 0x35, 0x74, 0x32, 0x35, 0x20, 0x32, 0x35, 0x2e,
    0x35, 0x74, 0x31, 0x37, 0x20, 0x33, 0x30, 0x2e, 0x35, 0x74, 0x31, 0x30, 0x20, 0x33, 0x35, 0x74,
    0x35, 0x20, 0x33, 0x38, 0x74, 0x32, 0x20, 0x34, 0x30, 0x2e, 0x35, 0x74, 0x2d, 0x30, 0x2e, 0x35,
    0x20, 0x34, 0x32, 0x76, 0x32, 0x35, 0x76, 0x32, 0x35, 0x30, 0x68, 0x33, 0x30, 0x30, 0x7a, 0x22,
    0x20, 0x2f, 0x3e, 0x0a, 0x3c, 0x67, 0x6c, 0x79, 0x70, 0x68, 0x20, 0x75, 0x6e, 0x69, 0x63, 0x6f,
    0x64, 0x65, 0x3d, 0x22, 0x26, 0x23, 0x78, 0x65, 0x31, 0x31, 0x33, 0x3b, 0x22, 0x20, 0x64, 0x3d,
    0x22, 0x4d, 0x31, 0x31, 0x30, 0x30, 0x20, 0x34, 0x31, 0x31, 0x6c, 0x2d, 0x31, 0x39, 0x38, 0x20,
    0x2d, 0x31, 0x39, 0x39, 0x6c, 0x2d, 0x33, 0x35, 0x33, 0x20, 0x33, 0x35, 0x33, 0x6c, 0x2d, 0x33,
    0x35, 0x33, 0x20, 0x2d, 0x33, 0x35, 0x33, 0x6c, 0x2d, 0x31, 0x39, 0x37, 0x20, 0x31, 0x39, 0x39,
    0x6c, 0x35, 0x35, 0x31, 0x20, 0x35, 0x35, 0x31, 0x7a, 0x22, 0x20, 0x2f, 0x3e, 0x0a, 0x3c, 0x67,
    0x6c, 0x79, 0x70, 0x68, 0x20, 0x75, 0x6e, 0x69, 0x63, 0x6f, 0x64, 0x65, 0x3d, 0x22, 0x26, 0x23,
    0x78, 0x65, 0x31, 0x31, 0x34, 0x3b, 0x22, 0x20, 0x64, 0x3d, 0x22, 0x4d, 0x31, 0x31, 0x30, 0x31,
    0x20, 0x37, 0x38, 0x39, 0x6c, 0x2d, 0x35, 0x35, 0x30, 0x20, 0x2d, 0x35, 0x35, 0x31, 0x6c, 0x2d,
    0x35, 0x35, 0x31, 0x20, 0x35, 0x35, 0x31, 0x6c, 0x31, 0x39, 0x38, 0x20, 0x31, 0x39, 0x39, 0x6c,
    0x33, 0x35, 0x33, 0x20, 0x2d, 0x33, 0x35, 0x33, 0x6c, 0x33, 0x35, 0x33, 0x20, 0x33, 0x35, 0x33,
    0x7a, 0x22, 0x20, 0x2f, 0x3e, 0x0a, 0x3c, 0x67, 0x6c, 0x79, 0x70, 0x68, 0x20, 0x75, 0x6e, 0x69,
    0x63, 0x6f, 0x64, 0x65, 0x3d, 0x22, 0x26, 0x23, 0x78, 0x65, 0x31, 0x31, 0x35, 0x3b, 0x22, 0x20,
    0x64, 0x3d, 0x22, 0x4d, 0x34, 0x30, 0x34, 0x20, 0x31, 0x30, 0x30, 0x30, 0x68, 0x37, 0x34, 0x36,
    0x71, 0x32, 0x31, 0x20, 0x30, 0x20, 0x33, 0x35, 0x2e, 0x35, 0x20, 0x2d, 0x31, 0x34, 0x2e, 0x35,
    0x74, 0x31, 0x34, 0x2e, 0x35, 0x20, 0x2d, 0x33, 0x35, 0x2e, 0x35, 0x76, 0x2d, 0x35, 0x35, 0x31,
    0x68, 0x31, 0x35, 0x30, 0x71, 0x32, 0x31, 0x20, 0x30, 0x20, 0x32, 0x35, 0x20, 0x2d, 0x31, 0x30,
    0x2e, 0x35, 0x74, 0x2d, 0x31, 0x30, 0x20, 0x2d, 0x32, 0x34, 0x2e, 0x35, 0x6c, 0x2d, 0x32, 0x33,
    0x30, 0x20, 0x2d, 0x32, 0x34, 0x39, 0x71, 0x2d, 0x31, 0x34, 0x20, 0x2d, 0x31, 0x35, 0x20, 0x2d,
    0x33, 0x35, 0x20, 0x2d, 0x31, 0x35, 0x74, 0x2d, 0x33, 0x35, 0x20, 0x31, 0x35, 0x6c, 0x2d, 0x32,
    0x33, 0x30, 0x20, 0x32, 0x34, 0x39, 0x71, 0x2d, 0x31, 0x34, 0x20, 0x31, 0x34, 0x20, 0x2d, 0x31,
    0x30, 0x20, 0x32, 0x34, 0x2e, 0x35, 0x74, 0x32, 0x35, 0x20, 0x31, 0x30, 0x2e, 0x35, 0x68, 0x31,
    0x35, 0x30, 0x76, 0x34, 0x30, 0x31, 0x68, 0x2d, 0x33, 0x38, 0x31, 0x7a, 0x4d, 0x31, 0x33, 0x35,
    0x20, 0x39, 0x38, 0x34, 0x6c, 0x32, 0x33, 0x30, 0x20, 0x2d, 0x32, 0x34, 0x39, 0x71, 0x31, 0x34,
    0x20, 0x2d, 0x31, 0x34, 0x20, 0x31, 0x30, 0x20, 0x2d, 0x32, 0x34, 0x2e, 0x35, 0x74, 0x2d, 0x32,
    0x35, 0x20, 0x2d, 0x31, 0x30, 0x2e, 0x35, 0x68, 0x2d, 0x31, 0x35, 0x30, 0x76, 0x2d, 0x34, 0x30,
    0x30, 0x68, 0x33, 0x38, 0x35, 0x6c, 0x32, 0x31, 0x35, 0x20, 0x2d, 0x32, 0x30, 0x30, 0x68, 0x2d,
    0x37, 0x35, 0x30, 0x71, 0x2d, 0x32, 0x31, 0x20, 0x30, 0x20, 0x2d, 0x33, 0x35, 0x2e, 0x35, 0x20,
    0x31, 0x34, 0x2e, 0x35, 0x20, 0x74, 0x2d, 0x31, 0x34, 0x2e, 0x35, 0x20, 0x33, 0x35, 0x2e, 0x35,
    0x76, 0x35, 0x35, 0x30, 0x68, 0x2d, 0x31, 0x35, 0x30, 0x71, 0x2d, 0x32, 0x31, 0x20, 0x30, 0x20,
    0x2d, 0x32, 0x35, 0x20, 0x31, 0x30, 0x2e, 0x35, 0x74, 0x31, 0x30, 0x20, 0x32, 0x34, 0x2e, 0x35,
    0x6c, 0x32, 0x33, 0x30, 0x20, 0x32, 0x34, 0x39, 0x71, 0x31, 0x34, 0x20, 0x31, 0x35, 0x20, 0x33,
    0x35, 0x20, 0x31, 0x35, 0x74, 0x33, 0x35, 0x20, 0x2d, 0x31, 0x35, 0x7a, 0x22, 0x20, 0x2f, 0x3e,
    0x0a, 0x3c, 0x67, 0x6c, 0x79, 0x70, 0x68, 0x20, 0x75, 0x6e, 0x69, 0x63, 0x6f, 0x64, 0x65, 0x3d,
    0x22, 0x26, 0x23, 0x78, 0x65, 0x31, 0x31, 0x36, 0x3b, 0x22, 0x20, 0x64, 0x3d, 0x22, 0x4d, 0x35,
    0x36, 0x20, 0x31, 0x32, 0x30, 0x30, 0x68, 0x39, 0x34, 0x71, 0x31, 0x37, 0x20, 0x30, 0x20, 0x33,
    0x31, 0x20, 0x2d, 0x31, 0x31, 0x74, 0x31, 0x38, 0x20, 0x2d, 0x32, 0x37, 0x6c, 0x33, 0x38, 0x20,
    0x2d, 0x31, 0x36, 0x32, 0x68, 0x38, 0x39, 0x36, 0x71, 0x32, 0x34, 0x20, 0x30, 0x20, 0x33, 0x39,
    0x20, 0x2d, 0x31, 0x38, 0x2e, 0x35, 0x74, 0x31, 0x30, 0x20, 0x2d, 0x34, 0x32, 0x2e, 0x35, 0x6c,
    0x2d, 0x31, 0x30, 0x30, 0x20, 0x2d, 0x34, 0x37, 0x35, 0x71, 0x2d, 0x35, 0x20, 0x2d, 0x32, 0x31,
    0x20, 0x2d, 0x32, 0x37, 0x20, 0x2d, 0x34, 0x32, 0x2e, 0x35, 0x74, 0x2d, 0x35, 0x35, 0x20, 0x2d,
    0x32, 0x31, 0x2e, 0x35, 0x68, 0x2d, 0x36, 0x33, 0x33, 0x6c, 0x34, 0x38, 0x20, 0x2d, 0x32, 0x30,
    0x30, 0x68, 0x35, 0x33, 0x35, 0x71, 0x32, 0x31, 0x20, 0x30, 0x20, 0x33, 0x35, 0x2e, 0x35, 0x20,
    0x2d, 0x31, 0x34, 0x2e, 0x35, 0x74, 0x31, 0x34, 0x2e, 0x35, 0x20, 0x2d, 0x33, 0x35, 0x2e, 0x35,
    0x74, 0x2d, 0x31, 0x34, 0x2e, 0x35, 0x20, 0x2d, 0x33, 0x35, 0x2e, 0x35, 0x74, 0x2d, 0x33, 0x35,
    0x2e, 0x35, 0x20, 0x2d, 0x31, 0x34, 0x2e, 0x35, 0x68, 0x2d, 0x35, 0x30, 0x76, 0x2d, 0x35, 0x30,
    0x71, 0x30, 0x20, 0x2d, 0x32, 0x31, 0x20, 0x2d, 0x31, 0x34, 0x2e, 0x35, 0x20, 0x2d, 0x33, 0x35,
    0x2e, 0x35, 0x74, 0x2d, 0x33, 0x35, 0x2e, 0x35, 0x20, 0x2d, 0x31, 0x34, 0x2e, 0x35, 0x74, 0x2d,
    0x33, 0x35, 0x2e, 0x35, 0x20, 0x31, 0x34, 0x2e, 0x35, 0x74, 0x2d, 0x31, 0x34, 0x2e, 0x35, 0x20,
    0x33, 0x35, 0x2e, 0x35, 0x76, 0x35, 0x30, 0x68, 0x2d, 0x33, 0x30, 0x30, 0x76, 0x2d, 0x35, 0x30,
    0x20, 0x71, 0x30, 0x20, 0x2d, 0x32, 0x31, 0x20, 0x2d, 0x31, 0x34, 0x2e, 0x35, 0x20, 0x2d, 0x33,
    0x35, 0x2e, 0x35, 0x74, 0x2d, 0x33, 0x35, 0x2e, 0x35, 0x20, 0x2d, 0x31, 0x34, 0x2e, 0x35, 0x74,
    0x2d, 0x33, 0x35, 0x2e, 0x35, 0x20, 0x31, 0x34, 0x2e, 0x35, 0x74, 0x2d, 0x31, 0x34, 0x2e, 0x35,
    0x20, 0x33, 0x35, 0x2e, 0x35, 0x76, 0x35, 0x30, 0x68, 0x2d, 0x33, 0x31, 0x71, 0x2d, 0x31, 0x38,
    0x20, 0x30, 0x20, 0x2d, 0x33, 0x32, 0x2e, 0x35, 0x20, 0x31, 0x30, 0x74, 0x2d, 0x32, 0x30, 0x2e,
    0x35, 0x20, 0x31, 0x39, 0x6c, 0x2d, 0x35, 0x20, 0x31, 0x30, 0x6c, 0x2d, 0x32, 0x30, 0x31, 0x20,
    0x39, 0x36, 0x31, 0x68, 0x2d, 0x35, 0x34, 0x71, 0x2d, 0x32, 0x30, 0x20, 0x30, 0x20, 0x2d, 0x33,
    0x35, 0x20, 0x31, 0x34, 0x2e, 0x35, 0x74, 0x2d, 0x31, 0x35, 0x20, 0x33, 0x35, 0x2e, 0x35, 0x74,
    0x31, 0x35, 0x20, 0x33, 0x35, 0x2e, 0x35, 0x74, 0x33, 0x35, 0x20, 0x31, 0x34, 0x2e, 0x35, 0x7a,
    0x22, 0x20, 0x2f, 0x3e, 0x0a, 0x3c, 0x67, 0x6c, 0x79, 0x70, 0x68, 0x20, 0x75, 0x6e, 0x69, 0x63,
    0x6f, 0x64, 0x65, 0x3d, 0x22, 0x26, 0x23, 0x78, 0x65, 0x31, 0x31, 0x37, 0x3b, 0x22, 0x20, 0x64,
    0x3d, 0x22, 0x4d, 0x31, 0x32, 0x30, 0x30, 0x20, 0x31, 0x30, 0x30, 0x30, 0x76, 0x2d, 0x31, 0x30,
    0x30, 0x68, 0x2d, 0x31, 0x32, 0x30, 0x30, 0x76, 0x31, 0x30, 0x30, 0x68, 0x32, 0x30, 0x30, 0x71,
    0x30, 0x20, 0x34, 0x31, 0x20, 0x32, 0x39, 0x2e, 0x35, 0x20, 0x37, 0x30, 0x2e, 0x35, 0x74, 0x37,
    0x30, 0x2e, 0x35, 0x20, 0x32, 0x39, 0x2e, 0x35, 0x68, 0x33, 0x30, 0x30, 0x71, 0x34, 0x31, 0x20,
    0x30, 0x20, 0x37, 0x30, 0x2e, 0x35, 0x20, 0x2d, 0x32, 0x39, 0x2e, 0x35, 0x74, 0x32, 0x39, 0x2e,
    0x35, 0x20, 0x2d, 0x37, 0x30, 0x2e, 0x35, 0x68, 0x35, 0x30, 0x30, 0x7a, 0x4d, 0x30, 0x20, 0x38,
    0x30, 0x30, 0x68, 0x31, 0x32, 0x30, 0x30, 0x76, 0x2d, 0x38, 0x30, 0x30, 0x68, 0x2d, 0x31, 0x32,
    0x30, 0x30, 0x76, 0x38, 0x30, 0x30, 0x7a, 0x22, 0x20, 0x2f, 0x3e, 0x0a, 0x3c, 0x67, 0x6c, 0x79,
    0x70, 0x68, 0x20, 0x75, 0x6e, 0x69, 0x63, 0x6f, 0x64, 0x65, 0x3d, 0x22, 0x26, 0x23, 0x78, 0x65,
    0x31, 0x31, 0x38, 0x3b, 0x22, 0x20, 0x64, 0x3d, 0x22, 0x4d, 0x32, 0x30, 0x30, 0x20, 0x38, 0x30,
    0x30, 0x6c, 0x2d, 0x32, 0x30, 0x30, 0x20, 0x2d, 0x34, 0x30, 0x30, 0x76, 0x36, 0x30, 0x30, 0x68,
    0x32, 0x30, 0x30, 0x71, 0x30, 0x20, 0x34, 0x31, 0x20, 0x32, 0x39, 0x2e, 0x35, 0x20, 0x37, 0x30,
    0x2e, 0x35, 0x74, 0x37, 0x30, 0x2e, 0x35, 0x20, 0x32, 0x39, 0x2e, 0x35, 0x68, 0x33, 0x30, 0x30,
    0x71, 0x34, 0x32, 0x20, 0x30, 0x20, 0x37, 0x31, 0x20, 0x2d, 0x32, 0x39, 0x2e, 0x35, 0x74, 0x32,
    0x39, 0x20, 0x2d, 0x37, 0x30, 0x2e, 0x35, 0x68, 0x35, 0x30, 0x30, 0x76, 0x2d, 0x32, 0x30, 0x30,
    0x68, 0x2d, 0x31, 0x30, 0x30, 0x30, 0x7a, 0x4d, 0x31, 0x35, 0x30, 0x30, 0x20, 0x37, 0x30, 0x30,
    0x6c, 0x2d, 0x33, 0x30, 0x30, 0x20, 0x2d, 0x37, 0x30, 0x30, 0x68, 0x2d, 0x31, 0x32, 0x30, 0x30,
    0x6c, 0x33, 0x30, 0x30, 0x20, 0x37, 0x30, 0x30, 0x68, 0x31, 0x32, 0x30, 0x30, 0x7a, 0x22, 0x20,
    0x2f, 0x3e, 0x0a, 0x3c, 0x67, 0x6c, 0x79, 0x70, 0x68, 0x20, 0x75, 0x6e, 0x69, 0x63, 0x6f, 0x64,
    0x65, 0x3d, 0x22, 0x26, 0x23, 0x78, 0x65, 0x31, 0x31, 0x39, 0x3b, 0x22, 0x20, 0x64, 0x3d, 0x22,
    0x4d, 0x36, 0x33, 0x35, 0x20, 0x31, 0x31, 0x38, 0x34, 0x6c, 0x32, 0x33, 0x30, 0x20, 0x2d, 0x32,
    0x34, 0x39, 0x71, 0x31, 0x34, 0x20, 0x2d, 0x31, 0x34, 0x20, 0x31, 0x30, 0x20, 0x2d, 0x32, 0x34,
    0x2e, 0x35, 0x74, 0x2d, 0x32, 0x35, 0x20, 0x2d, 0x31, 0x30, 0x2e, 0x35, 0x68, 0x2d, 0x31, 0x35,
    0x30, 0x76, 0x2d, 0x36, 0x30, 0x31, 0x68, 0x31, 0x35, 0x30, 0x71, 0x32, 0x31, 0x20, 0x30, 0x20,
    0x32, 0x35, 0x20, 0x2d, 0x31, 0x30, 0x2e, 0x35, 0x74, 0x2d, 0x31, 0x30, 0x20, 0x2d, 0x32, 0x34,
    0x2e, 0x35, 0x6c, 0x2d, 0x32, 0x33, 0x30, 0x20, 0x2d, 0x32, 0x34, 0x39, 0x71, 0x2d, 0x31, 0x34,
    0x20, 0x2d, 0x31, 0x35, 0x20, 0x2d, 0x33, 0x35, 0x20, 0x2d, 0x31, 0x35, 0x74, 0x2d, 0x33, 0x35,
    0x20, 0x31, 0x35, 0x6c, 0x2d, 0x32, 0x33, 0x30, 0x20, 0x32, 0x34, 0x39, 0x71, 0x2d, 0x31, 0x34,
    0x20, 0x31, 0x34, 0x20, 0x2d, 0x31, 0x30, 0x20, 0x32, 0x34, 0x2e, 0x35, 0x74, 0x32, 0x35, 0x20,
    0x31, 0x30, 0x2e, 0x35, 0x68, 0x31, 0x35, 0x30, 0x76, 0x36, 0x30, 0x31, 0x68, 0x2d, 0x31, 0x35,
    0x30, 0x71, 0x2d, 0x32, 0x31, 0x20, 0x30, 0x20, 0x2d, 0x32, 0x35, 0x20, 0x31, 0x30, 0x2e, 0x35,
    0x74, 0x31, 0x30, 0x20, 0x32, 0x34, 0x2e, 0x35, 0x6c, 0x32, 0x33, 0x30, 0x20, 0x32, 0x34, 0x39,
    0x71, 0x31, 0x34, 0x20, 0x31, 0x35, 0x20, 0x33, 0x35, 0x20, 0x31, 0x35, 0x74, 0x33, 0x35, 0x20,
    0x2d, 0x31, 0x35, 0x7a, 0x22, 0x20, 0x2f, 0x3e, 0x0a, 0x3c, 0x67, 0x6c, 0x79, 0x70, 0x68, 0x20,
    0x75, 0x6e, 0x69, 0x63, 0x6f, 0x64, 0x65, 0x3d, 0x22, 0x26, 0x23, 0x78, 0x65, 0x31, 0x32, 0x30,
    0x3b, 0x22, 0x20, 0x64, 0x3d, 0x22, 0x4d, 0x39, 0x33, 0x36, 0x20, 0x38, 0x36, 0x34, 0x6c, 0x32,
    0x34, 0x39, 0x20, 0x2d, 0x32, 0x32, 0x39, 0x71, 0x31, 0x34, 0x20, 0x2d, 0x31, 0x35, 0x20, 0x31,
    0x34, 0x20, 0x2d, 0x33, 0x35, 0x2e, 0x35, 0x74, 0x2d, 0x31, 0x34, 0x20, 0x2d, 0x33, 0x35, 0x2e,
    0x35, 0x6c, 0x2d, 0x32, 0x34, 0x39, 0x20, 0x2d, 0x32, 0x32, 0x39, 0x71, 0x2d, 0x31, 0x35, 0x20,
    0x2d, 0x31, 0x35, 0x20, 0x2d, 0x32, 0x35, 0x2e, 0x35, 0x20, 0x2d, 0x31, 0x30, 0x2e, 0x35, 0x74,
    0x2d, 0x31, 0x30, 0x2e, 0x35, 0x20, 0x32, 0x34, 0x2e, 0x35, 0x76, 0x31, 0x35, 0x31, 0x68, 0x2d,
    0x36, 0x30, 0x30, 0x76, 0x2d, 0x31, 0x35, 0x31, 0x71, 0x30, 0x20, 0x2d, 0x32, 0x30, 0x20, 0x2d,
    0x31, 0x30, 0x2e, 0x35, 0x20, 0x2d, 0x32, 0x34, 0x2e, 0x35, 0x74, 0x2d, 0x32, 0x35, 0x2e, 0x35,
    0x20, 0x31, 0x30, 0x2e, 0x35, 0x6c, 0x2d, 0x32, 0x34, 0x39, 0x20, 0x32, 0x32, 0x39, 0x71, 0x2d,
    0x31, 0x34, 0x20, 0x31, 0x35, 0x20, 0x2d, 0x31, 0x34, 0x20, 0x33, 0x35, 0x2e, 0x35, 0x74, 0x31,
    0x34, 0x20, 0x33, 0x35, 0x2e, 0x35, 0x6c, 0x32, 0x34, 0x39, 0x20, 0x32, 0x32, 0x39, 0x71, 0x31,
    0x35, 0x20, 0x31, 0x35, 0x20, 0x32, 0x35, 0x2e, 0x35, 0x20, 0x31, 0x30, 0x2e, 0x35, 0x74, 0x31,
    0x30, 0x2e, 0x35, 0x20, 0x2d, 0x32, 0x35, 0x2e, 0x35, 0x76, 0x2d, 0x31, 0x34, 0x39, 0x68, 0x36,
    0x30, 0x30, 0x76, 0x31, 0x34, 0x39, 0x71, 0x30, 0x20, 0x32, 0x31, 0x20, 0x31, 0x30, 0x2e, 0x35,
    0x20, 0x32, 0x35, 0x2e, 0x35, 0x74, 0x32, 0x35, 0x2e, 0x35, 0x20, 0x2d, 0x31, 0x30, 0x2e, 0x35,
    0x7a, 0x22, 0x20, 0x2f, 0x3e, 0x0a, 0x3c, 0x67, 0x6c, 0x79, 0x70, 0x68, 0x20, 0x75, 0x6e, 0x69,
    0x63, 0x6f, 0x64, 0x65, 0x3d, 0x22, 0x26, 0x23, 0x78, 0x65, 0x31, 0x32, 0x31, 0x3b, 0x22, 0x20,
    0x64, 0x3d, 0x22, 0x4d, 0x31, 0x31, 0x36, 0x39, 0x20, 0x34, 0x30, 0x30, 0x6c, 0x2d, 0x31, 0x37,
    0x32, 0x20, 0x37, 0x33, 0x32, 0x71, 0x2d, 0x35, 0x20, 0x32, 0x33, 0x20, 0x2d, 0x32, 0x33, 0x20,
    0x34, 0x35, 0x2e, 0x35, 0x74, 0x2d, 0x33, 0x38, 0x20, 0x32, 0x32, 0x2e, 0x35, 0x68, 0x2d, 0x36,
    0x37, 0x32, 0x71, 0x2d, 0x32, 0x30, 0x20, 0x30, 0x20, 0x2d, 0x33, 0x38, 0x20, 0x2d, 0x32, 0x30,
    0x74, 0x2d, 0x32, 0x33, 0x20, 0x2d, 0x34, 0x31, 0x6c, 0x2d, 0x31, 0x37, 0x32, 0x20, 0x2d, 0x37,
    0x33, 0x39, 0x68, 0x31, 0x31, 0x33, 0x38, 0x7a, 0x4d, 0x31, 0x31, 0x30, 0x30, 0x20, 0x33, 0x30,
    0x30, 0x68, 0x2d, 0x31, 0x30, 0x30, 0x30, 0x71, 0x2d, 0x34, 0x31, 0x20, 0x30, 0x20, 0x2d, 0x37,
    0x30, 0x2e, 0x35, 0x20, 0x2d, 0x32, 0x39, 0x2e, 0x35, 0x74, 0x2d, 0x32, 0x39, 0x2e, 0x35, 0x20,
    0x2d, 0x37, 0x30, 0x2e, 0x35, 0x76, 0x2d, 0x31, 0x30, 0x30, 0x71, 0x30, 0x20, 0x2d, 0x34, 0x31,
    0x20, 0x32, 0x39, 0x2e, 0x35, 0x20, 0x2d, 0x37, 0x30, 0x2e, 0x35, 0x74, 0x37, 0x30, 0x2e, 0x35,
    0x20, 0x2d, 0x32, 0x39, 0x2e, 0x35, 0x68, 0x31, 0x30, 0x30, 0x30, 0x71, 0x34, 0x31, 0x20, 0x30,
    0x20, 0x37, 0x30, 0x2e, 0x35, 0x20, 0x32, 0x39, 0x2e, 0x35, 0x74, 0x32, 0x39, 0x2e, 0x35, 0x20,
    0x37, 0x30, 0x2e, 0x35, 0x76, 0x31, 0x30, 0x30, 0x71, 0x30, 0x20, 0x34, 0x31, 0x20, 0x2d, 0x32,
    0x39, 0x2e, 0x35, 0x20, 0x37, 0x30, 0x2e, 0x35, 0x74, 0x2d, 0x37, 0x30, 0x2e, 0x35, 0x20, 0x32,
    0x39, 0x2e, 0x35, 0x7a, 0x4d, 0x38, 0x30, 0x30, 0x20, 0x31, 0x30, 0x30, 0x76, 0x31, 0x30, 0x30,
    0x68, 0x31, 0x30, 0x30, 0x76, 0x2d, 0x31, 0x30, 0x30, 0x68, 0x2d, 0x31, 0x30, 0x30, 0x20, 0x7a,
    0x4d, 0x31, 0x30, 0x30, 0x30, 0x20, 0x31, 0x30, 0x30, 0x76, 0x31, 0x30, 0x30, 0x68, 0x31, 0x30,
    0x30, 0x76, 0x2d, 0x31, 0x30, 0x30, 0x68, 0x2d, 0x31, 0x30, 0x30, 0x7a, 0x22, 0x20, 0x2f, 0x3e,
    0x0a, 0x3c, 0x67, 0x6c, 0x79, 0x70, 0x68, 0x20, 0x75, 0x6e, 0x69, 0x63, 0x6f, 0x64, 0x65, 0x3d,
    0x22, 0x26, 0x23, 0x78, 0x65, 0x31, 0x32, 0x32, 0x3b, 0x22, 0x20, 0x64, 0x3d, 0x22, 0x4d, 0x31,
    0x31, 0x35, 0x30, 0x20, 0x31, 0x31, 0x30, 0x30, 0x71, 0x32, 0x31, 0x20, 0x30, 0x20, 0x33, 0x35,
    0x2e, 0x35, 0x20, 0x2d, 0x31, 0x34, 0x2e, 0x35, 0x74, 0x31, 0x34, 0x2e, 0x35, 0x20, 0x2d, 0x33,
    0x35, 0x2e, 0x35, 0x76, 0x2d, 0x38, 0x35, 0x30, 0x71, 0x30, 0x20, 0x2d, 0x32, 0x31, 0x20, 0x2d,
    0x31, 0x34, 0x2e, 0x35, 0x20, 0x2d, 0x33, 0x35, 0x2e, 0x35, 0x74, 0x2d, 0x33, 0x35, 0x2e, 0x35,
    0x20, 0x2d, 0x31, 0x34, 0x2e, 0x35, 0x74, 0x2d, 0x33, 0x35, 0x2e, 0x35, 0x20, 0x31, 0x34, 0x2e,
    0x35, 0x74, 0x2d, 0x31, 0x34, 0x2e, 0x35, 0x20, 0x33, 0x35, 0x2e, 0x35, 0x76, 0x38, 0x35, 0x30,
    0x71, 0x30, 0x20, 0x32, 0x31, 0x20, 0x31, 0x34, 0x2e, 0x35, 0x20, 0x33, 0x35, 0x2e, 0x35, 0x74,
    0x33, 0x35, 0x2e, 0x35, 0x20, 0x31, 0x34, 0x2e, 0x35, 0x7a, 0x4d, 0x31, 0x30, 0x30, 0x30, 0x20,
    0x32, 0x30, 0x30, 0x6c, 0x2d, 0x36, 0x37, 0x35, 0x20, 0x32, 0x30, 0x30, 0x68, 0x2d, 0x33, 0x38,
    0x6c, 0x34, 0x37, 0x20, 0x2d, 0x32, 0x37, 0x36, 0x71, 0x33, 0x20, 0x2d, 0x31, 0x36, 0x20, 0x2d,
    0x35, 0x2e, 0x35, 0x20, 0x2d, 0x32, 0x30, 0x74, 0x2d, 0x32, 0x39, 0x2e, 0x35, 0x20, 0x2d, 0x34,
    0x68, 0x2d, 0x37, 0x68, 0x2d, 0x38, 0x34, 0x71, 0x2d, 0x32, 0x30, 0x20, 0x30, 0x20, 0x2d, 0x33,
    0x34, 0x2e, 0x35, 0x20, 0x31, 0x34, 0x74, 0x2d, 0x31, 0x38, 0x2e, 0x35, 0x20, 0x33, 0x35, 0x71,
    0x2d, 0x35, 0x35, 0x20, 0x33, 0x33, 0x37, 0x20, 0x2d, 0x35, 0x35, 0x20, 0x33, 0x35, 0x31, 0x76,
    0x32, 0x35, 0x30, 0x76, 0x36, 0x71, 0x30, 0x20, 0x31, 0x36, 0x20, 0x31, 0x20, 0x32, 0x33, 0x2e,
    0x35, 0x74, 0x36, 0x2e, 0x35, 0x20, 0x31, 0x34, 0x20, 0x74, 0x31, 0x37, 0x2e, 0x35, 0x20, 0x36,
    0x2e, 0x35, 0x68, 0x32, 0x30, 0x30, 0x6c, 0x36, 0x37, 0x35, 0x20, 0x32, 0x35, 0x30, 0x76, 0x2d,
    0x38, 0x35, 0x30, 0x7a, 0x4d, 0x30, 0x20, 0x37, 0x35, 0x30, 0x76, 0x2d, 0x32, 0x35, 0x30, 0x71,
    0x2d, 0x34, 0x20, 0x30, 0x20, 0x2d, 0x31, 0x31, 0x20, 0x30, 0x2e, 0x35, 0x74, 0x2d, 0x32, 0x34,
    0x20, 0x36, 0x74, 0x2d, 0x33, 0x30, 0x20, 0x31, 0x35, 0x74, 0x2d, 0x32, 0x34, 0x20, 0x33, 0x30,
    0x74, 0x2d, 0x31, 0x31, 0x20, 0x34, 0x38, 0x2e, 0x35, 0x76, 0x35, 0x30, 0x71, 0x30, 0x20, 0x32,
    0x36, 0x20, 0x31, 0x30, 0x2e, 0x35, 0x20, 0x34, 0x36, 0x74, 0x32, 0x35, 0x20, 0x33, 0x30, 0x74,
    0x32, 0x39, 0x20, 0x31, 0x36, 0x74, 0x32, 0x35, 0x2e, 0x35, 0x20, 0x37, 0x7a, 0x22, 0x20, 0x2f,
    0x3e, 0x0a, 0x3c, 0x67, 0x6c, 0x79, 0x70, 0x68, 0x20, 0x75, 0x6e, 0x69, 0x63, 0x6f, 0x64, 0x65,
    0x3d, 0x22, 0x26, 0x23, 0x78, 0x65, 0x31, 0x32, 0x33, 0x3b, 0x22, 0x20, 0x64, 0x3d, 0x22, 0x4d,
    0x35, 0x35, 0x33, 0x20, 0x31, 0x32, 0x30, 0x30, 0x68, 0x39, 0x34, 0x71, 0x32, 0x30, 0x20, 0x30,
    0x20, 0x32, 0x39, 0x20, 0x2d, 0x31, 0x30, 0x2e, 0x35, 0x74, 0x33, 0x20, 0x2d, 0x32, 0x39, 0x2e,
    0x35, 0x6c, 0x2d, 0x31, 0x38, 0x20, 0x2d, 0x33, 0x37, 0x71, 0x38, 0x33, 0x20, 0x2d, 0x31, 0x39,
    0x20, 0x31, 0x34, 0x34, 0x20, 0x2d, 0x38, 0x32, 0x2e, 0x35, 0x74, 0x37, 0x36, 0x20, 0x2d, 0x31,
    0x34, 0x30, 0x2e, 0x35, 0x6c, 0x36, 0x33, 0x20, 0x2d, 0x33, 0x32, 0x37, 0x6c, 0x31, 0x31, 0x38,
    0x20, 0x2d, 0x31, 0x37, 0x33, 0x68, 0x31, 0x37, 0x71, 0x31, 0x39, 0x20, 0x30, 0x20, 0x33, 0x33,
    0x20, 0x2d, 0x31, 0x34, 0x2e, 0x35, 0x74, 0x31, 0x34, 0x20, 0x2d, 0x33, 0x35, 0x74, 0x2d, 0x31,
    0x33, 0x20, 0x2d, 0x34, 0x30, 0x2e, 0x35, 0x74, 0x2d, 0x33, 0x31, 0x20, 0x2d, 0x32, 0x37, 0x71,
    0x2d, 0x38, 0x20, 0x2d, 0x34, 0x20, 0x2d, 0x32, 0x33, 0x20, 0x2d, 0x39, 0x2e, 0x35, 0x74, 0x2d,
    0x36, 0x35, 0x20, 0x2d, 0x31, 0x39, 0x2e, 0x35, 0x74, 0x2d, 0x31, 0x30, 0x33, 0x20, 0x2d, 0x32,
    0x35, 0x74, 0x2d, 0x31, 0x33, 0x32, 0x2e, 0x35, 0x20, 0x2d, 0x32, 0x30, 0x74, 0x2d, 0x31, 0x35,
    0x38, 0x2e, 0x35, 0x20, 0x2d, 0x39, 0x71, 0x2d, 0x35, 0x37, 0x20, 0x30, 0x20, 0x2d, 0x31, 0x31,
    0x35, 0x20, 0x35, 0x74, 0x2d, 0x31, 0x30, 0x34, 0x20, 0x31, 0x32, 0x74, 0x2d, 0x38, 0x38, 0x2e,
    0x35, 0x20, 0x31, 0x35, 0x2e, 0x35, 0x74, 0x2d, 0x37, 0x33, 0x2e, 0x35, 0x20, 0x31, 0x37, 0x2e,
    0x35, 0x74, 0x2d, 0x35, 0x34, 0x2e, 0x35, 0x20, 0x31, 0x36, 0x74, 0x2d, 0x33, 0x35, 0x2e, 0x35,
    0x20, 0x31, 0x32, 0x6c, 0x2d, 0x31, 0x31, 0x20, 0x34, 0x20, 0x71, 0x2d, 0x31, 0x38, 0x20, 0x38,
    0x20, 0x2d, 0x33, 0x31, 0x20, 0x32, 0x38, 0x74, 0x2d, 0x31, 0x33, 0x20, 0x34, 0x30, 0x2e, 0x35,
    0x74, 0x31, 0x34, 0x20, 0x33, 0x35, 0x74, 0x33, 0x33, 0x20, 0x31, 0x34, 0x2e, 0x35, 0x68, 0x31,
    0x37, 0x6c, 0x31, 0x31, 0x38, 0x20, 0x31, 0x37, 0x33, 0x6c, 0x36, 0x33, 0x20, 0x33, 0x32, 0x37,
    0x71, 0x31, 0x35, 0x20, 0x37, 0x37, 0x20, 0x37, 0x36, 0x20, 0x31, 0x34, 0x30, 0x74, 0x31, 0x34,
    0x34, 0x20, 0x38, 0x33, 0x6c, 0x2d, 0x31, 0x38, 0x20, 0x33, 0x32, 0x71, 0x2d, 0x36, 0x20, 0x31,
    0x39, 0x20, 0x33, 0x2e, 0x35, 0x20, 0x33, 0x32, 0x74, 0x32, 0x38, 0x2e, 0x35, 0x20, 0x31, 0x33,
    0x7a, 0x4d, 0x34, 0x39, 0x38, 0x20, 0x31, 0x31, 0x30, 0x71, 0x35, 0x30, 0x20, 0x2d, 0x36, 0x20,
    0x31, 0x30, 0x32, 0x20, 0x2d, 0x36, 0x71, 0x35, 0x33, 0x20, 0x30, 0x20, 0x31, 0x30, 0x32, 0x20,
    0x36, 0x71, 0x2d, 0x31, 0x32, 0x20, 0x2d, 0x34, 0x39, 0x20, 0x2d, 0x33, 0x39, 0x2e, 0x35, 0x20,
    0x2d, 0x37, 0x39, 0x2e, 0x35, 0x74, 0x2d, 0x36, 0x32, 0x2e, 0x35, 0x20, 0x2d, 0x33, 0x30, 0x2e,
    0x35, 0x74, 0x2d, 0x36, 0x33, 0x20, 0x33, 0x30, 0x2e, 0x35, 0x74, 0x2d, 0x33, 0x39, 0x20, 0x37,
    0x39, 0x2e, 0x35, 0x7a, 0x22, 0x20, 0x2f, 0x3e, 0x0a, 0x3c, 0x67, 0x6c, 0x79, 0x70, 0x68, 0x20,
    0x75, 0x6e, 0x69, 0x63, 0x6f, 0x64, 0x65, 0x3d, 0x22, 0x26, 0x23, 0x78, 0x65, 0x31, 0x32, 0x34,
    0x3b, 0x22, 0x20, 0x64, 0x3d, 0x22, 0x4d, 0x38, 0x30, 0x30, 0x20, 0x39, 0x34, 0x36, 0x6c, 0x32,
    0x32, 0x34, 0x20, 0x37, 0x38, 0x6c, 0x2d, 0x37, 0x38, 0x20, 0x2d, 0x32, 0x32, 0x34, 0x6c, 0x32,
    0x33, 0x34, 0x20, 0x2d, 0x34, 0x35, 0x6c, 0x2d, 0x31, 0x38, 0x30, 0x20, 0x2d, 0x31, 0x35, 0x35,
    0x6c, 0x31, 0x38, 0x30, 0x20, 0x2d, 0x31, 0x35, 0x35, 0x6c, 0x2d, 0x32, 0x33, 0x34, 0x20, 0x2d,
    0x34, 0x35, 0x6c, 0x37, 0x38, 0x20, 0x2d, 0x32, 0x32, 0x34, 0x6c, 0x2d, 0x32, 0x32, 0x34, 0x20,
    0x37, 0x38, 0x6c, 0x2d, 0x34, 0x35, 0x20, 0x2d, 0x32, 0x33, 0x34, 0x6c, 0x2d, 0x31, 0x35, 0x35,
    0x20, 0x31, 0x38, 0x30, 0x6c, 0x2d, 0x31, 0x35, 0x35, 0x20, 0x2d, 0x31, 0x38, 0x30, 0x6c, 0x2d,
    0x34, 0x35, 0x20, 0x32, 0x33, 0x34, 0x6c, 0x2d, 0x32, 0x32, 0x34, 0x20, 0x2d, 0x37, 0x38, 0x6c,
    0x37, 0x38, 0x20, 0x32, 0x32, 0x34, 0x6c, 0x2d, 0x32, 0x33, 0x34, 0x20, 0x34, 0x35, 0x6c, 0x31,
    0x38, 0x30, 0x20, 0x31, 0x35, 0x35, 0x6c, 0x2d, 0x31, 0x38, 0x30, 0x20, 0x31, 0x35, 0x35, 0x6c,
    0x32, 0x33, 0x34, 0x20, 0x34, 0x35, 0x6c, 0x2d, 0x37, 0x38, 0x20, 0x32, 0x32, 0x34, 0x6c, 0x32,
    0x32, 0x34, 0x20, 0x2d, 0x37, 0x38, 0x6c, 0x34, 0x35, 0x20, 0x32, 0x33, 0x34, 0x6c, 0x31, 0x35,
    0x35, 0x20, 0x2d, 0x31, 0x38, 0x30, 0x6c, 0x31, 0x35, 0x35, 0x20, 0x31, 0x38, 0x30, 0x7a, 0x22,
    0x20, 0x2f, 0x3e, 0x0a, 0x3c, 0x67, 0x6c, 0x79, 0x70, 0x68, 0x20, 0x75, 0x6e, 0x69, 0x63, 0x6f,
    0x64, 0x65, 0x3d, 0x22, 0x26, 0x23, 0x78, 0x65, 0x31, 0x32, 0x35, 0x3b, 0x22, 0x20, 0x64, 0x3d,
    0x22, 0x4d, 0x36, 0x35, 0x30, 0x20, 0x31, 0x32, 0x30, 0x30, 0x68, 0x35, 0x30, 0x71, 0x34, 0x30,
    0x20, 0x30, 0x20, 0x37, 0x30, 0x20, 0x2d, 0x34, 0x30, 0x2e, 0x35, 0x74, 0x33, 0x30, 0x20, 0x2d,
    0x38, 0x34, 0x2e, 0x35, 0x76, 0x2d, 0x31, 0x35, 0x30, 0x6c, 0x2d, 0x32, 0x38, 0x20, 0x2d, 0x31,
    0x32, 0x35, 0x68, 0x33, 0x32, 0x38, 0x71, 0x34, 0x30, 0x20, 0x30, 0x20, 0x37, 0x30, 0x20, 0x2d,
    0x34, 0x30, 0x2e, 0x35, 0x74, 0x33, 0x30, 0x20, 0x2d, 0x38, 0x34, 0x2e, 0x35, 0x76, 0x2d, 0x31,
    0x30, 0x30, 0x71, 0x30, 0x20, 0x2d, 0x34, 0x35, 0x20, 0x2d, 0x32, 0x39, 0x20, 0x2d, 0x37, 0x34,
    0x6c, 0x2d, 0x32, 0x33, 0x38, 0x20, 0x2d, 0x33, 0x34, 0x34, 0x71, 0x2d, 0x31, 0x36, 0x20, 0x2d,
    0x32, 0x34, 0x20, 0x2d, 0x33, 0x38, 0x20, 0x2d, 0x34, 0x30, 0x2e, 0x35, 0x74, 0x2d, 0x34, 0x35,
    0x20, 0x2d, 0x31, 0x36, 0x2e, 0x35, 0x68, 0x2d, 0x32, 0x35, 0x30, 0x71, 0x2d, 0x37, 0x20, 0x30,
    0x20, 0x2d, 0x34, 0x32, 0x20, 0x32, 0x35, 0x74, 0x2d, 0x36, 0x36, 0x20, 0x35, 0x30, 0x6c, 0x2d,
    0x33, 0x31, 0x20, 0x32, 0x35, 0x68, 0x2d, 0x36, 0x31, 0x71, 0x2d, 0x34, 0x35, 0x20, 0x30, 0x20,
    0x2d, 0x37, 0x32, 0x2e, 0x35, 0x20, 0x31, 0x38, 0x74, 0x2d, 0x32, 0x37, 0x2e, 0x35, 0x20, 0x35,
    0x37, 0x76, 0x34, 0x30, 0x30, 0x71, 0x30, 0x20, 0x33, 0x36, 0x20, 0x32, 0x30, 0x20, 0x36, 0x33,
    0x6c, 0x31, 0x34, 0x35, 0x20, 0x31, 0x39, 0x36, 0x6c, 0x39, 0x36, 0x20, 0x31, 0x39, 0x38, 0x71,
    0x31, 0x33, 0x20, 0x32, 0x38, 0x20, 0x33, 0x37, 0x2e, 0x35, 0x20, 0x34, 0x38, 0x74, 0x35, 0x31,
    0x2e, 0x35, 0x20, 0x32, 0x30, 0x7a, 0x20, 0x4d, 0x36, 0x35, 0x30, 0x20, 0x31, 0x31, 0x30, 0x30,
    0x6c, 0x2d, 0x31, 0x30, 0x30, 0x20, 0x2d, 0x32, 0x31, 0x32, 0x6c, 0x2d, 0x31, 0x35, 0x30, 0x20,
    0x2d, 0x32, 0x31, 0x33, 0x76, 0x2d, 0x33, 0x37, 0x35, 0x68, 0x31, 0x30, 0x30, 0x6c, 0x31, 0x33,
    0x36, 0x20, 0x2d, 0x31, 0x30, 0x30, 0x68, 0x32, 0x31, 0x34, 0x6c, 0x32, 0x35, 0x30, 0x20, 0x33,
    0x37, 0x35, 0x76, 0x31, 0x32, 0x35, 0x68, 0x2d, 0x34, 0x35, 0x30, 0x6c, 0x35, 0x30, 0x20, 0x32,
    0x32, 0x35, 0x76, 0x31, 0x37, 0x35, 0x68, 0x2d, 0x35, 0x30, 0x7a, 0x4d, 0x35, 0x30, 0x20, 0x38,
    0x30, 0x30, 0x68, 0x31, 0x30, 0x30, 0x71, 0x32, 0x31, 0x20, 0x30, 0x20, 0x33, 0x35, 0x2e, 0x35,
    0x20, 0x2d, 0x31, 0x34, 0x2e, 0x35, 0x74, 0x31, 0x34, 0x2e, 0x35, 0x20, 0x2d, 0x33, 0x35, 0x2e,
    0x35, 0x76, 0x2d, 0x35, 0x30, 0x30, 0x71, 0x30, 0x20, 0x2d, 0x32, 0x31, 0x20, 0x2d, 0x31, 0x34,
    0x2e, 0x35, 0x20, 0x2d, 0x33, 0x35, 0x2e, 0x35, 0x74, 0x2d, 0x33, 0x35, 0x2e, 0x35, 0x20, 0x2d,
    0x31, 0x34, 0x2e, 0x35, 0x68, 0x2d, 0x31, 0x30, 0x30, 0x71, 0x2d, 0x32, 0x31, 0x20, 0x30, 0x20,
    0x2d, 0x33, 0x35, 0x2e, 0x35, 0x20, 0x31, 0x34, 0x2e, 0x35, 0x74, 0x2d, 0x31, 0x34, 0x2e, 0x35,
    0x20, 0x33, 0x35, 0x2e, 0x35, 0x76, 0x35, 0x30, 0x30, 0x71, 0x30, 0x20, 0x32, 0x31, 0x20, 0x31,
    0x34, 0x2e, 0x35, 0x20, 0x33, 0x35, 0x2e, 0x35, 0x74, 0x33, 0x35, 0x2e, 0x35, 0x20, 0x31, 0x34,
    0x2e, 0x35, 0x7a, 0x22, 0x20, 0x2f, 0x3e, 0x0a, 0x3c, 0x67, 0x6c, 0x79, 0x70, 0x68, 0x20, 0x75,
    0x6e, 0x69, 0x63, 0x6f, 0x64, 0x65, 0x3d, 0x22, 0x26, 0x23, 0x78, 0x65, 0x31, 0x32, 0x36, 0x3b,
    0x22, 0x20, 0x64, 0x3d, 0x22, 0x4d, 0x36, 0x30, 0x30, 0x20, 0x31, 0x31, 0x30, 0x30, 0x68, 0x32,
    0x35, 0x30, 0x71, 0x32, 0x33, 0x20, 0x30, 0x20, 0x34, 0x35, 0x20, 0x2d, 0x31, 0x36, 0x2e, 0x35,
    0x74, 0x33, 0x38, 0x20, 0x2d, 0x34, 0x30, 0x2e, 0x35, 0x6c, 0x32, 0x33, 0x38, 0x20, 0x2d, 0x33,
    0x34, 0x34, 0x71, 0x32, 0x39, 0x20, 0x2d, 0x32, 0x39, 0x20, 0x32, 0x39, 0x20, 0x2d, 0x37, 0x34,
    0x76, 0x2d, 0x31, 0x30, 0x30, 0x71, 0x30, 0x20, 0x2d, 0x34, 0x34, 0x20, 0x2d, 0x33, 0x30, 0x20,
    0x2d, 0x38, 0x34, 0x2e, 0x35, 0x74, 0x2d, 0x37, 0x30, 0x20, 0x2d, 0x34, 0x30, 0x2e, 0x35, 0x68,
    0x2d, 0x33, 0x32, 0x38, 0x71, 0x32, 0x38, 0x20, 0x2d, 0x31, 0x31, 0x38, 0x20, 0x32, 0x38, 0x20,
    0x2d, 0x31, 0x32, 0x35, 0x76, 0x2d, 0x31, 0x35, 0x30, 0x71, 0x30, 0x20, 0x2d, 0x34, 0x34, 0x20,
    0x2d, 0x33, 0x30, 0x20, 0x2d, 0x38, 0x34, 0x2e, 0x35, 0x74, 0x2d, 0x37, 0x30, 0x20, 0x2d, 0x34,
    0x30, 0x2e, 0x35, 0x68, 0x2d, 0x35, 0x30, 0x71, 0x2d, 0x32, 0x37, 0x20, 0x30, 0x20, 0x2d, 0x35,
    0x31, 0x2e, 0x35, 0x20, 0x32, 0x30, 0x74, 0x2d, 0x33, 0x37, 0x2e, 0x35, 0x20, 0x34, 0x38, 0x6c,
    0x2d, 0x39, 0x36, 0x20, 0x31, 0x39, 0x38, 0x6c, 0x2d, 0x31, 0x34, 0x35, 0x20, 0x31, 0x39, 0x36,
    0x71, 0x2d, 0x32, 0x30, 0x20, 0x32, 0x37, 0x20, 0x2d, 0x32, 0x30, 0x20, 0x36, 0x33, 0x76, 0x34,
    0x30, 0x30, 0x71, 0x30, 0x20, 0x33, 0x39, 0x20, 0x32, 0x37, 0x2e, 0x35, 0x20, 0x35, 0x37, 0x74,
    0x37, 0x32, 0x2e, 0x35, 0x20, 0x31, 0x38, 0x68, 0x36, 0x31, 0x71, 0x31, 0x32, 0x34, 0x20, 0x31,
    0x30, 0x30, 0x20, 0x31, 0x33, 0x39, 0x20, 0x31, 0x30, 0x30, 0x7a, 0x20, 0x4d, 0x35, 0x30, 0x20,
    0x31, 0x30, 0x30, 0x30, 0x68, 0x31, 0x30, 0x30, 0x71, 0x32, 0x31, 0x20, 0x30, 0x20, 0x33, 0x35,
    0x2e, 0x35, 0x20, 0x2d, 0x31, 0x34, 0x2e, 0x35, 0x74, 0x31, 0x34, 0x2e, 0x35, 0x20, 0x2d, 0x33,
    0x35, 0x2e, 0x35, 0x76, 0x2d, 0x35, 0x30, 0x30, 0x71, 0x30, 0x20, 0x2d, 0x32, 0x31, 0x20, 0x2d,
    0x31, 0x34, 0x2e, 0x35, 0x20, 0x2d, 0x33, 0x35, 0x2e, 0x35, 0x74, 0x2d, 0x33, 0x35, 0x2e, 0x35,
    0x20, 0x2d, 0x31, 0x34, 0x2e, 0x35, 0x68, 0x2d, 0x31, 0x30, 0x30, 0x71, 0x2d, 0x32, 0x31, 0x20,
    0x30, 0x20, 0x2d, 0x33, 0x35, 0x2e, 0x35, 0x20, 0x31, 0x34, 0x2e, 0x35, 0x74, 0x2d, 0x31, 0x34,
    0x2e, 0x35, 0x20, 0x33, 0x35, 0x2e, 0x35, 0x76, 0x35, 0x30, 0x30, 0x71, 0x30, 0x20, 0x32, 0x31,
    0x20, 0x31, 0x34, 0x2e, 0x35, 0x20, 0x33, 0x35, 0x2e, 0x35, 0x74, 0x33, 0x35, 0x2e, 0x35, 0x20,
    0x31, 0x34, 0x2e, 0x35, 0x7a, 0x4d, 0x36, 0x33, 0x36, 0x20, 0x31, 0x30, 0x30, 0x30, 0x6c, 0x2d,
    0x31, 0x33, 0x36, 0x20, 0x2d, 0x31, 0x30, 0x30, 0x68, 0x2d, 0x31, 0x30, 0x30, 0x76, 0x2d, 0x33,
    0x37, 0x35, 0x6c, 0x31, 0x35, 0x30, 0x20, 0x2d, 0x32, 0x31, 0x33, 0x6c, 0x31, 0x30, 0x30, 0x20,
    0x2d, 0x32, 0x31, 0x32, 0x68, 0x35, 0x30, 0x76, 0x31, 0x37, 0x35, 0x6c, 0x2d, 0x35, 0x30, 0x20,
    0x32, 0x32, 0x35, 0x68, 0x34, 0x35, 0x30, 0x76, 0x31, 0x32, 0x35, 0x6c, 0x2d, 0x32, 0x35, 0x30,
    0x20, 0x33, 0x37, 0x35, 0x68, 0x2d, 0x32, 0x31, 0x34, 0x7a, 0x22, 0x20, 0x2f, 0x3e, 0x0a, 0x3c,
    0x67, 0x6c, 0x79, 0x70, 0x68, 0x20, 0x75, 0x6e, 0x69, 0x63, 0x6f, 0x64, 0x65, 0x3d, 0x22, 0x26,
    0x23, 0x78, 0x65, 0x31, 0x32, 0x37, 0x3b, 0x22, 0x20, 0x64, 0x3d, 0x22, 0x4d, 0x33, 0x35, 0x36,
    0x20, 0x38, 0x37, 0x33, 0x6c, 0x33, 0x36, 0x33, 0x20, 0x32, 0x33, 0x30, 0x71, 0x33, 0x31, 0x20,
    0x31, 0x36, 0x20, 0x35, 0x33, 0x20, 0x2d, 0x36, 0x6c, 0x31, 0x31, 0x30, 0x20, 0x2d, 0x31, 0x31,
    0x32, 0x71, 0x31, 0x33, 0x20, 0x2d, 0x31, 0x33, 0x20, 0x31, 0x33, 0x2e, 0x35, 0x20, 0x2d, 0x33,
    0x32, 0x74, 0x2d, 0x31, 0x31, 0x2e, 0x35, 0x20, 0x2d, 0x33, 0x34, 0x6c, 0x2d, 0x38, 0x34, 0x20,
    0x2d, 0x31, 0x32, 0x31, 0x68, 0x33, 0x30, 0x32, 0x71, 0x38, 0x34, 0x20, 0x30, 0x20, 0x31, 0x33,
    0x38, 0x20, 0x2d, 0x33, 0x38, 0x74, 0x35, 0x34, 0x20, 0x2d, 0x31, 0x31, 0x30, 0x74, 0x2d, 0x35,
    0x35, 0x20, 0x2d, 0x31, 0x31, 0x31, 0x74, 0x2d, 0x31, 0x33, 0x39, 0x20, 0x2d, 0x33, 0x39, 0x68,
    0x2d, 0x31, 0x30, 0x36, 0x6c, 0x2d, 0x31, 0x33, 0x31, 0x20, 0x2d, 0x33, 0x33, 0x39, 0x71, 0x2d,
    0x36, 0x20, 0x2d, 0x32, 0x31, 0x20, 0x2d, 0x31, 0x39, 0x2e, 0x35, 0x20, 0x2d, 0x34, 0x31, 0x74,
    0x2d, 0x32, 0x38, 0x2e, 0x35, 0x20, 0x2d, 0x32, 0x30, 0x68, 0x2d, 0x33, 0x34, 0x32, 0x71, 0x2d,
    0x37, 0x20, 0x30, 0x20, 0x2d, 0x39, 0x30, 0x20, 0x38, 0x31, 0x74, 0x2d, 0x38, 0x33, 0x20, 0x39,
    0x34, 0x76, 0x35, 0x32, 0x35, 0x71, 0x30, 0x20, 0x31, 0x37, 0x20, 0x31, 0x34, 0x20, 0x33, 0x35,
    0x2e, 0x35, 0x74, 0x32, 0x38, 0x20, 0x32, 0x38, 0x2e, 0x35, 0x7a, 0x4d, 0x34, 0x30, 0x30, 0x20,
    0x37, 0x39, 0x32, 0x76, 0x2d, 0x35, 0x30, 0x33, 0x6c, 0x31, 0x30, 0x30, 0x20, 0x2d, 0x38, 0x39,
    0x68, 0x32, 0x39, 0x33, 0x6c, 0x31, 0x33, 0x31, 0x20, 0x33, 0x33, 0x39, 0x20, 0x71, 0x36, 0x20,
    0x32, 0x31, 0x20, 0x31, 0x39, 0x2e, 0x35, 0x20, 0x34, 0x31, 0x74, 0x32, 0x38, 0x2e, 0x35, 0x20,
    0x32, 0x30, 0x68, 0x32, 0x30, 0x33, 0x71, 0x32, 0x31, 0x20, 0x30, 0x20, 0x33, 0x30, 0x2e, 0x35,
    0x20, 0x32, 0x35, 0x74, 0x30, 0x2e, 0x35, 0x20, 0x35, 0x30, 0x74, 0x2d, 0x33, 0x31, 0x20, 0x32,
    0x35, 0x68, 0x2d, 0x34, 0x35, 0x36, 0x68, 0x2d, 0x37, 0x68, 0x2d, 0x36, 0x68, 0x2d, 0x35, 0x2e,
    0x35, 0x74, 0x2d, 0x36, 0x20, 0x30, 0x2e, 0x35, 0x74, 0x2d, 0x35, 0x20, 0x31, 0x2e, 0x35, 0x74,
    0x2d, 0x35, 0x20, 0x32, 0x74, 0x2d, 0x34, 0x20, 0x32, 0x2e, 0x35, 0x74, 0x2d, 0x34, 0x20, 0x34,
    0x74, 0x2d, 0x32, 0x2e, 0x35, 0x20, 0x34, 0x2e, 0x35, 0x71, 0x2d, 0x31, 0x32, 0x20, 0x32, 0x35,
    0x20, 0x35, 0x20, 0x34, 0x37, 0x6c, 0x31, 0x34, 0x36, 0x20, 0x31, 0x38, 0x33, 0x6c, 0x2d, 0x38,
    0x36, 0x20, 0x38, 0x33, 0x7a, 0x4d, 0x35, 0x30, 0x20, 0x38, 0x30, 0x30, 0x68, 0x31, 0x30, 0x30,
    0x71, 0x32, 0x31, 0x20, 0x30, 0x20, 0x33, 0x35, 0x2e, 0x35, 0x20, 0x2d, 0x31, 0x34, 0x2e, 0x35,
    0x74, 0x31, 0x34, 0x2e, 0x35, 0x20, 0x2d, 0x33, 0x35, 0x2e, 0x35, 0x76, 0x2d, 0x35, 0x30, 0x30,
    0x71, 0x30, 0x20, 0x2d, 0x32, 0x31, 0x20, 0x2d, 0x31, 0x34, 0x2e, 0x35, 0x20, 0x2d, 0x33, 0x35,
    0x2e, 0x35, 0x74, 0x2d, 0x33, 0x35, 0x2e, 0x35, 0x20, 0x2d, 0x31, 0x34, 0x2e, 0x35, 0x68, 0x2d,
    0x31, 0x30, 0x30, 0x71, 0x2d, 0x32, 0x31, 0x20, 0x30, 0x20, 0x2d, 0x33, 0x35, 0x2e, 0x35, 0x20,
    0x31, 0x34, 0x2e, 0x35, 0x74, 0x2d, 0x31, 0x34, 0x2e, 0x35, 0x20, 0x33, 0x35, 0x2e, 0x35, 0x76,
    0x35, 0x30, 0x30, 0x20, 0x71, 0x30, 0x20, 0x32, 0x31, 0x20, 0x31, 0x34, 0x2e, 0x35, 0x20, 0x33,
    0x35, 0x2e, 0x35, 0x74, 0x33, 0x35, 0x2e, 0x35, 0x20, 0x31, 0x34, 0x2e, 0x35, 0x7a, 0x22, 0x20,
    0x2f, 0x3e, 0x0a, 0x3c, 0x67, 0x6c, 0x79, 0x70, 0x68, 0x20, 0x75, 0x6e, 0x69, 0x63, 0x6f, 0x64,
    0x65, 0x3d, 0x22, 0x26, 0x23, 0x78, 0x65, 0x31, 0x32, 0x38, 0x3b, 0x22, 0x20, 0x64, 0x3d, 0x22,
    0x4d, 0x34, 0x37, 0x35, 0x20, 0x31, 0x31, 0x30, 0x33, 0x6c, 0x33, 0x36, 0x36, 0x20, 0x2d, 0x32,
    0x33, 0x30, 0x71, 0x32, 0x20, 0x2d, 0x31, 0x20, 0x36, 0x20, 0x2d, 0x33, 0x2e, 0x35, 0x74, 0x31,
    0x34, 0x20, 0x2d, 0x31, 0x30, 0x2e, 0x35, 0x74, 0x31, 0x38, 0x20, 0x2d, 0x31, 0x36, 0x2e, 0x35,
    0x74, 0x31, 0x34, 0x2e, 0x35, 0x20, 0x2d, 0x32, 0x30, 0x74, 0x36, 0x2e, 0x35, 0x20, 0x2d, 0x32,
    0x32, 0x2e, 0x35, 0x76, 0x2d, 0x35, 0x32, 0x35, 0x71, 0x30, 0x20, 0x2d, 0x31, 0x33, 0x20, 0x2d,
    0x38, 0x36, 0x20, 0x2d, 0x39, 0x34, 0x74, 0x2d, 0x39, 0x33, 0x20, 0x2d, 0x38, 0x31, 0x68, 0x2d,
    0x33, 0x34, 0x32, 0x71, 0x2d, 0x31, 0x35, 0x20, 0x30, 0x20, 0x2d, 0x32, 0x38, 0x2e, 0x35, 0x20,
    0x32, 0x30, 0x74, 0x2d, 0x31, 0x39, 0x2e, 0x35, 0x20, 0x34, 0x31, 0x6c, 0x2d, 0x31, 0x33, 0x31,
    0x20, 0x33, 0x33, 0x39, 0x68, 0x2d, 0x31, 0x30, 0x36, 0x71, 0x2d, 0x38, 0x35, 0x20, 0x30, 0x20,
    0x2d, 0x31, 0x33, 0x39, 0x2e, 0x35, 0x20, 0x33, 0x39, 0x74, 0x2d, 0x35, 0x34, 0x2e, 0x35, 0x20,
    0x31, 0x31, 0x31, 0x74, 0x35, 0x34, 0x20, 0x31, 0x31, 0x30, 0x74, 0x31, 0x33, 0x38, 0x20, 0x33,
    0x38, 0x68, 0x33, 0x30, 0x32, 0x6c, 0x2d, 0x38, 0x35, 0x20, 0x31, 0x32, 0x31, 0x71, 0x2d, 0x31,
    0x31, 0x20, 0x31, 0x35, 0x20, 0x2d, 0x31, 0x30, 0x2e, 0x35, 0x20, 0x33, 0x34, 0x74, 0x31, 0x33,
    0x2e, 0x35, 0x20, 0x33, 0x32, 0x6c, 0x31, 0x31, 0x30, 0x20, 0x31, 0x31, 0x32, 0x71, 0x32, 0x32,
    0x20, 0x32, 0x32, 0x20, 0x35, 0x33, 0x20, 0x36, 0x7a, 0x4d, 0x33, 0x37, 0x30, 0x20, 0x39, 0x34,
    0x35, 0x6c, 0x31, 0x34, 0x36, 0x20, 0x2d, 0x31, 0x38, 0x33, 0x20, 0x71, 0x31, 0x37, 0x20, 0x2d,
    0x32, 0x32, 0x20, 0x35, 0x20, 0x2d, 0x34, 0x37, 0x71, 0x2d, 0x32, 0x20, 0x2d, 0x32, 0x20, 0x2d,
    0x33, 0x2e, 0x35, 0x20, 0x2d, 0x34, 0x2e, 0x35, 0x74, 0x2d, 0x34, 0x20, 0x2d, 0x34, 0x74, 0x2d,
    0x34, 0x20, 0x2d, 0x32, 0x2e, 0x35, 0x74, 0x2d, 0x35, 0x20, 0x2d, 0x32, 0x74, 0x2d, 0x35, 0x20,
    0x2d, 0x31, 0x2e, 0x35, 0x74, 0x2d, 0x36, 0x20, 0x2d, 0x30, 0x2e, 0x35, 0x68, 0x2d, 0x36, 0x68,
    0x2d, 0x36, 0x2e, 0x35, 0x68, 0x2d, 0x36, 0x68, 0x2d, 0x34, 0x37, 0x35, 0x76, 0x2d, 0x31, 0x30,
    0x30, 0x68, 0x32, 0x32, 0x31, 0x71, 0x31, 0x35, 0x20, 0x30, 0x20, 0x32, 0x39, 0x20, 0x2d, 0x32,
    0x30, 0x74, 0x32, 0x30, 0x20, 0x2d, 0x34, 0x31, 0x6c, 0x31, 0x33, 0x30, 0x20, 0x2d, 0x33, 0x33,
    0x39, 0x68, 0x32, 0x39, 0x34, 0x6c, 0x31, 0x30, 0x36, 0x20, 0x38, 0x39, 0x76, 0x35, 0x30, 0x33,
    0x6c, 0x2d, 0x33, 0x34, 0x32, 0x20, 0x32, 0x33, 0x36, 0x7a, 0x4d, 0x31, 0x30, 0x35, 0x30, 0x20,
    0x38, 0x30, 0x30, 0x68, 0x31, 0x30, 0x30, 0x71, 0x32, 0x31, 0x20, 0x30, 0x20, 0x33, 0x35, 0x2e,
    0x35, 0x20, 0x2d, 0x31, 0x34, 0x2e, 0x35, 0x74, 0x31, 0x34, 0x2e, 0x35, 0x20, 0x2d, 0x33, 0x35,
    0x2e, 0x35, 0x76, 0x2d, 0x35, 0x30, 0x30, 0x71, 0x30, 0x20, 0x2d, 0x32, 0x31, 0x20, 0x2d, 0x31,
    0x34, 0x2e, 0x35, 0x20, 0x2d, 0x33, 0x35, 0x2e, 0x35, 0x74, 0x2d, 0x33, 0x35, 0x2e, 0x35, 0x20,
    0x2d, 0x31, 0x34, 0x2e, 0x35, 0x68, 0x2d, 0x31, 0x30, 0x30, 0x71, 0x2d, 0x32, 0x31, 0x20, 0x30,
    0x20, 0x2d, 0x33, 0x35, 0x2e, 0x35, 0x20, 0x31, 0x34, 0x2e, 0x35, 0x74, 0x2d, 0x31, 0x34, 0x2e,
    0x35, 0x20, 0x33, 0x35, 0x2e, 0x35, 0x20, 0x76, 0x35, 0x30, 0x30, 0x71, 0x30, 0x20, 0x32, 0x31,
    0x20, 0x31, 0x34, 0x2e, 0x35, 0x20, 0x33, 0x35, 0x2e, 0x35, 0x74, 0x33, 0x35, 0x2e, 0x35, 0x20,
    0x31, 0x34, 0x2e, 0x35, 0x7a, 0x22, 0x20, 0x2f, 0x3e, 0x0a, 0x3c, 0x67, 0x6c, 0x79, 0x70, 0x68,
    0x20, 0x75, 0x6e, 0x69, 0x63, 0x6f, 0x64, 0x65, 0x3d, 0x22, 0x26, 0x23, 0x78, 0x65, 0x31, 0x32,
    0x39, 0x3b, 0x22, 0x20, 0x64, 0x3d, 0x22, 0x4d, 0x35, 0x35, 0x30, 0x20, 0x31, 0x32, 0x39, 0x34,
    0x71, 0x37, 0x32, 0x20, 0x30, 0x20, 0x31, 0x31, 0x31, 0x20, 0x2d, 0x35, 0x35, 0x74, 0x33, 0x39,
    0x20, 0x2d, 0x31, 0x33, 0x39, 0x76, 0x2d, 0x31, 0x30, 0x36, 0x6c, 0x33, 0x33, 0x39, 0x20, 0x2d,
    0x31, 0x33, 0x31, 0x71, 0x32, 0x31, 0x20, 0x2d, 0x36, 0x20, 0x34, 0x31, 0x20, 0x2d, 0x31, 0x39,
    0x2e, 0x35, 0x74, 0x32, 0x30, 0x20, 0x2d, 0x32, 0x38, 0x2e, 0x35, 0x76, 0x2d, 0x33, 0x34, 0x32,
    0x71, 0x30, 0x20, 0x2d, 0x37, 0x20, 0x2d, 0x38, 0x31, 0x20, 0x2d, 0x39, 0x30, 0x74, 0x2d, 0x39,
    0x34, 0x20, 0x2d, 0x38, 0x33, 0x68, 0x2d, 0x35, 0x32, 0x35, 0x71, 0x2d, 0x31, 0x37, 0x20, 0x30,
    0x20, 0x2d, 0x33, 0x35, 0x2e, 0x35, 0x20, 0x31, 0x34, 0x74, 0x2d, 0x32, 0x38, 0x2e, 0x35, 0x20,
    0x32, 0x38, 0x6c, 0x2d, 0x39, 0x20, 0x31, 0x34, 0x6c, 0x2d, 0x32, 0x33, 0x30, 0x20, 0x33, 0x36,
    0x33, 0x71, 0x2d, 0x31, 0x36, 0x20, 0x33, 0x31, 0x20, 0x36, 0x20, 0x35, 0x33, 0x6c, 0x31, 0x31,
    0x32, 0x20, 0x31, 0x31, 0x30, 0x71, 0x31, 0x33, 0x20, 0x31, 0x33, 0x20, 0x33, 0x32, 0x20, 0x31,
    0x33, 0x2e, 0x35, 0x74, 0x33, 0x34, 0x20, 0x2d, 0x31, 0x31, 0x2e, 0x35, 0x6c, 0x31, 0x32, 0x31,
    0x20, 0x2d, 0x38, 0x34, 0x76, 0x33, 0x30, 0x32, 0x71, 0x30, 0x20, 0x38, 0x34, 0x20, 0x33, 0x38,
    0x20, 0x31, 0x33, 0x38, 0x74, 0x31, 0x31, 0x30, 0x20, 0x35, 0x34, 0x7a, 0x4d, 0x36, 0x30, 0x30,
    0x20, 0x39, 0x37, 0x32, 0x76, 0x32, 0x30, 0x33, 0x71, 0x30, 0x20, 0x32, 0x31, 0x20, 0x2d, 0x32,
    0x35, 0x20, 0x33, 0x30, 0x2e, 0x35, 0x74, 0x2d, 0x35, 0x30, 0x20, 0x30, 0x2e, 0x35, 0x20, 0x74,
    0x2d, 0x32, 0x35, 0x20, 0x2d, 0x33, 0x31, 0x76, 0x2d, 0x34, 0x35, 0x36, 0x76, 0x2d, 0x37, 0x76,
    0x2d, 0x36, 0x76, 0x2d, 0x35, 0x2e, 0x35, 0x74, 0x2d, 0x30, 0x2e, 0x35, 0x20, 0x2d, 0x36, 0x74,
    0x2d, 0x31, 0x2e, 0x35, 0x20, 0x2d, 0x35, 0x74, 0x2d, 0x32, 0x20, 0x2d, 0x35, 0x74, 0x2d, 0x32,
    0x2e, 0x35, 0x20, 0x2d, 0x34, 0x74, 0x2d, 0x34, 0x20, 0x2d, 0x34, 0x74, 0x2d, 0x34, 0x2e, 0x35,
    0x20, 0x2d, 0x32, 0x2e, 0x35, 0x71, 0x2d, 0x32, 0x35, 0x20, 0x2d, 0x31, 0x32, 0x20, 0x2d, 0x34,
    0x37, 0x20, 0x35, 0x6c, 0x2d, 0x31, 0x38, 0x33, 0x20, 0x31, 0x34, 0x36, 0x6c, 0x2d, 0x38, 0x33,
    0x20, 0x2d, 0x38, 0x36, 0x6c, 0x32, 0x33, 0x36, 0x20, 0x2d, 0x33, 0x33, 0x39, 0x68, 0x35, 0x30,
    0x33, 0x6c, 0x38, 0x39, 0x20, 0x31, 0x30, 0x30, 0x76, 0x32, 0x39, 0x33, 0x6c, 0x2d, 0x33, 0x33,
    0x39, 0x20, 0x31, 0x33, 0x31, 0x71, 0x2d, 0x32, 0x31, 0x20, 0x36, 0x20, 0x2d, 0x34, 0x31, 0x20,
    0x31, 0x39, 0x2e, 0x35, 0x74, 0x2d, 0x32, 0x30, 0x20, 0x32, 0x38, 0x2e, 0x35, 0x7a, 0x4d, 0x34,
    0x35, 0x30, 0x20, 0x32, 0x30, 0x30, 0x68, 0x35, 0x30, 0x30, 0x71, 0x32, 0x31, 0x20, 0x30, 0x20,
    0x33, 0x35, 0x2e, 0x35, 0x20, 0x2d, 0x31, 0x34, 0x2e, 0x35, 0x74, 0x31, 0x34, 0x2e, 0x35, 0x20,
    0x2d, 0x33, 0x35, 0x2e, 0x35, 0x76, 0x2d, 0x31, 0x30, 0x30, 0x71, 0x30, 0x20, 0x2d, 0x32, 0x31,
    0x20, 0x2d, 0x31, 0x34, 0x2e, 0x35, 0x20, 0x2d, 0x33, 0x35, 0x2e, 0x35, 0x74, 0x2d, 0x33, 0x35,
    0x2e, 0x35, 0x20, 0x2d, 0x31, 0x34, 0x2e, 0x35, 0x68, 0x2d, 0x35, 0x30, 0x30, 0x20, 0x71, 0x2d,
    0x32, 0x31, 0x20, 0x30, 0x20, 0x2d, 0x33, 0x35, 0x2e, 0x35, 0x20, 0x31, 0x34, 0x2e, 0x35, 0x74,
    0x2d, 0x31, 0x34, 0x2e, 0x35, 0x20, 0x33, 0x35, 0x2e, 0x35, 0x76, 0x31, 0x30, 0x30, 0x71, 0x30,
    0x20, 0x32, 0x31, 0x20, 0x31, 0x34, 0x2e, 0x35, 0x20, 0x33, 0x35, 0x2e, 0x35, 0x74, 0x33, 0x35,
    0x2e, 0x35, 0x20, 0x31, 0x34, 0x2e, 0x35, 0x7a, 0x22, 0x20, 0x2f, 0x3e, 0x0a, 0x3c, 0x67, 0x6c,
    0x79, 0x70, 0x68, 0x20, 0x75, 0x6e, 0x69, 0x63, 0x6f, 0x64, 0x65, 0x3d, 0x22, 0x26, 0x23, 0x78,
    0x65, 0x31, 0x33, 0x30, 0x3b, 0x22, 0x20, 0x64, 0x3d, 0x22, 0x4d, 0x33, 0x35, 0x30, 0x20, 0x31,
    0x31, 0x30, 0x30, 0x68, 0x35, 0x30, 0x30, 0x71, 0x32, 0x31, 0x20, 0x30, 0x20, 0x33, 0x35, 0x2e,
    0x35, 0x20, 0x31, 0x34, 0x2e, 0x35, 0x74, 0x31, 0x34, 0x2e, 0x35, 0x20, 0x33, 0x35, 0x2e, 0x35,
    0x76, 0x31, 0x30, 0x30, 0x71, 0x30, 0x20, 0x32, 0x31, 0x20, 0x2d, 0x31, 0x34, 0x2e, 0x35, 0x20,
    0x33, 0x35, 0x2e, 0x35, 0x74, 0x2d, 0x33, 0x35, 0x2e, 0x35, 0x20, 0x31, 0x34, 0x2e, 0x35, 0x68,
    0x2d, 0x35, 0x30, 0x30, 0x71, 0x2d, 0x32, 0x31, 0x20, 0x30, 0x20, 0x2d, 0x33, 0x35, 0x2e, 0x35,
    0x20, 0x2d, 0x31, 0x34, 0x2e, 0x35, 0x74, 0x2d, 0x31, 0x34, 0x2e, 0x35, 0x20, 0x2d, 0x33, 0x35,
    0x2e, 0x35, 0x76, 0x2d, 0x31, 0x30, 0x30, 0x71, 0x30, 0x20, 0x2d, 0x32, 0x31, 0x20, 0x31, 0x34,
    0x2e, 0x35, 0x20, 0x2d, 0x33, 0x35, 0x2e, 0x35, 0x74, 0x33, 0x35, 0x2e, 0x35, 0x20, 0x2d, 0x31,
    0x34, 0x2e, 0x35, 0x7a, 0x4d, 0x36, 0x30, 0x30, 0x20, 0x33, 0x30, 0x36, 0x76, 0x2d, 0x31, 0x30,
    0x36, 0x71, 0x30, 0x20, 0x2d, 0x38, 0x34, 0x20, 0x2d, 0x33, 0x39, 0x20, 0x2d, 0x31, 0x33, 0x39,
    0x74, 0x2d, 0x31, 0x31, 0x31, 0x20, 0x2d, 0x35, 0x35, 0x74, 0x2d, 0x31, 0x31, 0x30, 0x20, 0x35,
    0x34, 0x74, 0x2d, 0x33, 0x38, 0x20, 0x31, 0x33, 0x38, 0x76, 0x33, 0x30, 0x32, 0x6c, 0x2d, 0x31,
    0x32, 0x31, 0x20, 0x2d, 0x38, 0x34, 0x71, 0x2d, 0x31, 0x35, 0x20, 0x2d, 0x31, 0x32, 0x20, 0x2d,
    0x33, 0x34, 0x20, 0x2d, 0x31, 0x31, 0x2e, 0x35, 0x74, 0x2d, 0x33, 0x32, 0x20, 0x31, 0x33, 0x2e,
    0x35, 0x6c, 0x2d, 0x31, 0x31, 0x32, 0x20, 0x31, 0x31, 0x30, 0x20, 0x71, 0x2d, 0x32, 0x32, 0x20,
    0x32, 0x32, 0x20, 0x2d, 0x36, 0x20, 0x35, 0x33, 0x6c, 0x32, 0x33, 0x30, 0x20, 0x33, 0x36, 0x33,
    0x71, 0x31, 0x20, 0x32, 0x20, 0x33, 0x2e, 0x35, 0x20, 0x36, 0x74, 0x31, 0x30, 0x2e, 0x35, 0x20,
    0x31, 0x33, 0x2e, 0x35, 0x74, 0x31, 0x36, 0x2e, 0x35, 0x20, 0x31, 0x37, 0x74, 0x32, 0x30, 0x20,
    0x31, 0x33, 0x2e, 0x35, 0x74, 0x32, 0x32, 0x2e, 0x35, 0x20, 0x36, 0x68, 0x35, 0x32, 0x35, 0x71,
    0x31, 0x33, 0x20, 0x30, 0x20, 0x39, 0x34, 0x20, 0x2d, 0x38, 0x33, 0x74, 0x38, 0x31, 0x20, 0x2d,
    0x39, 0x30, 0x76, 0x2d, 0x33, 0x34, 0x32, 0x71, 0x30, 0x20, 0x2d, 0x31, 0x35, 0x20, 0x2d, 0x32,
    0x30, 0x20, 0x2d, 0x32, 0x38, 0x2e, 0x35, 0x74, 0x2d, 0x34, 0x31, 0x20, 0x2d, 0x31, 0x39, 0x2e,
    0x35, 0x7a, 0x4d, 0x33, 0x30, 0x38, 0x20, 0x39, 0x30, 0x30, 0x6c, 0x2d, 0x32, 0x33, 0x36, 0x20,
    0x2d, 0x33, 0x33, 0x39, 0x6c, 0x38, 0x33, 0x20, 0x2d, 0x38, 0x36, 0x6c, 0x31, 0x38, 0x33, 0x20,
    0x31, 0x34, 0x36, 0x71, 0x32, 0x32, 0x20, 0x31, 0x37, 0x20, 0x34, 0x37, 0x20, 0x35, 0x71, 0x32,
    0x20, 0x2d, 0x31, 0x20, 0x34, 0x2e, 0x35, 0x20, 0x2d, 0x32, 0x2e, 0x35, 0x74, 0x34, 0x20, 0x2d,
    0x34, 0x74, 0x32, 0x2e, 0x35, 0x20, 0x2d, 0x34, 0x74, 0x32, 0x20, 0x2d, 0x35, 0x74, 0x31, 0x2e,
    0x35, 0x20, 0x2d, 0x35, 0x74, 0x30, 0x2e, 0x35, 0x20, 0x2d, 0x36, 0x76, 0x2d, 0x35, 0x2e, 0x35,
    0x76, 0x2d, 0x36, 0x76, 0x2d, 0x37, 0x76, 0x2d, 0x34, 0x35, 0x36, 0x71, 0x30, 0x20, 0x2d, 0x32,
    0x32, 0x20, 0x32, 0x35, 0x20, 0x2d, 0x33, 0x31, 0x74, 0x35, 0x30, 0x20, 0x30, 0x2e, 0x35, 0x74,
    0x32, 0x35, 0x20, 0x33, 0x30, 0x2e, 0x35, 0x20, 0x76, 0x32, 0x30, 0x33, 0x71, 0x30, 0x20, 0x31,
    0x35, 0x20, 0x32, 0x30, 0x20, 0x32, 0x38, 0x2e, 0x35, 0x74, 0x34, 0x31, 0x20, 0x31, 0x39, 0x2e,
    0x35, 0x6c, 0x33, 0x33, 0x39, 0x20, 0x31, 0x33, 0x31, 0x76, 0x32, 0x39, 0x33, 0x6c, 0x2d, 0x38,
    0x39, 0x20, 0x31, 0x30, 0x30, 0x68, 0x2d, 0x35, 0x30, 0x33, 0x7a, 0x22, 0x20, 0x2f, 0x3e, 0x0a,
    0x3c, 0x67, 0x6c, 0x79, 0x70, 0x68, 0x20, 0x75, 0x6e, 0x69, 0x63, 0x6f, 0x64, 0x65, 0x3d, 0x22,
    0x26, 0x23, 0x78, 0x65, 0x31, 0x33, 0x31, 0x3b, 0x22, 0x20, 0x64, 0x3d, 0x22, 0x4d, 0x36, 0x30,
    0x30, 0x20, 0x31, 0x31, 0x37, 0x38, 0x71, 0x31, 0x31, 0x38, 0x20, 0x30, 0x20, 0x32, 0x32, 0x35,
    0x20, 0x2d, 0x34, 0x35, 0x2e, 0x35, 0x74, 0x31, 0x38, 0x34, 0x2e, 0x35, 0x20, 0x2d, 0x31, 0x32,
    0x33, 0x74, 0x31, 0x32, 0x33, 0x20, 0x2d, 0x31, 0x38, 0x34, 0x2e, 0x35, 0x74, 0x34, 0x35, 0x2e,
    0x35, 0x20, 0x2d, 0x32, 0x32, 0x35, 0x74, 0x2d, 0x34, 0x35, 0x2e, 0x35, 0x20, 0x2d, 0x32, 0x32,
    0x35, 0x74, 0x2d, 0x31, 0x32, 0x33, 0x20, 0x2d, 0x31, 0x38, 0x34, 0x2e, 0x35, 0x74, 0x2d, 0x31,
    0x38, 0x34, 0x2e, 0x35, 0x20, 0x2d, 0x31, 0x32, 0x33, 0x74, 0x2d, 0x32, 0x32, 0x35, 0x20, 0x2d,
    0x34, 0x35, 0x2e, 0x35, 0x74, 0x2d, 0x32, 0x32, 0x35, 0x20, 0x34, 0x35, 0x2e, 0x35, 0x74, 0x2d,
    0x31, 0x38, 0x34, 0x2e, 0x35, 0x20, 0x31, 0x32, 0x33, 0x74, 0x2d, 0x31, 0x32, 0x33, 0x20, 0x31,
    0x38, 0x34, 0x2e, 0x35, 0x74, 0x2d, 0x34, 0x35, 0x2e, 0x35, 0x20, 0x32, 0x32, 0x35, 0x74, 0x34,
    0x35, 0x2e, 0x35, 0x20, 0x32, 0x32, 0x35, 0x74, 0x31, 0x32, 0x33, 0x20, 0x31, 0x38, 0x34, 0x2e,
    0x35, 0x74, 0x31, 0x38, 0x34, 0x2e, 0x35, 0x20, 0x31, 0x32, 0x33, 0x74, 0x32, 0x32, 0x35, 0x20,
    0x34, 0x35, 0x2e, 0x35, 0x7a, 0x4d, 0x39, 0x31, 0x34, 0x20, 0x36, 0x33, 0x32, 0x6c, 0x2d, 0x32,
    0x37, 0x35, 0x20, 0x32, 0x32, 0x33, 0x71, 0x2d, 0x31, 0x36, 0x20, 0x31, 0x33, 0x20, 0x2d, 0x32,
    0x37, 0x2e, 0x35, 0x20, 0x38, 0x74, 0x2d, 0x31, 0x31, 0x2e, 0x35, 0x20, 0x2d, 0x32, 0x36, 0x76,
    0x2d, 0x31, 0x33, 0x37, 0x68, 0x2d, 0x32, 0x37, 0x35, 0x20, 0x71, 0x2d, 0x31, 0x30, 0x20, 0x30,
    0x20, 0x2d, 0x31, 0x37, 0x2e, 0x35, 0x20, 0x2d, 0x37, 0x2e, 0x35, 0x74, 0x2d, 0x37, 0x2e, 0x35,
    0x20, 0x2d, 0x31, 0x37, 0x2e, 0x35, 0x76, 0x2d, 0x31, 0x35, 0x30, 0x71, 0x30, 0x20, 0x2d, 0x31,
    0x30, 0x20, 0x37, 0x2e, 0x35, 0x20, 0x2d, 0x31, 0x37, 0x2e, 0x35, 0x74, 0x31, 0x37, 0x2e, 0x35,
    0x20, 0x2d, 0x37, 0x2e, 0x35, 0x68, 0x32, 0x37, 0x35, 0x76, 0x2d, 0x31, 0x33, 0x37, 0x71, 0x30,
    0x20, 0x2d, 0x32, 0x31, 0x20, 0x31, 0x31, 0x2e, 0x35, 0x20, 0x2d, 0x32, 0x36, 0x74, 0x32, 0x37,
    0x2e, 0x35, 0x20, 0x38, 0x6c, 0x32, 0x37, 0x35, 0x20, 0x32, 0x32, 0x33, 0x71, 0x31, 0x36, 0x20,
    0x31, 0x33, 0x20, 0x31, 0x36, 0x20, 0x33, 0x32, 0x74, 0x2d, 0x31, 0x36, 0x20, 0x33, 0x32, 0x7a,
    0x22, 0x20, 0x2f, 0x3e, 0x0a, 0x3c, 0x67, 0x6c, 0x79, 0x70, 0x68, 0x20, 0x75, 0x6e, 0x69, 0x63,
    0x6f, 0x64, 0x65, 0x3d, 0x22, 0x26, 0x23, 0x78, 0x65, 0x31, 0x33, 0x32, 0x3b, 0x22, 0x20, 0x64,
    0x3d, 0x22, 0x4d, 0x36, 0x30, 0x30, 0x20, 0x31, 0x31, 0x37, 0x38, 0x71, 0x31, 0x31, 0x38, 0x20,
    0x30, 0x20, 0x32, 0x32, 0x35, 0x20, 0x2d, 0x34, 0x35, 0x2e, 0x35, 0x74, 0x31, 0x38, 0x34, 0x2e,
    0x35, 0x20, 0x2d, 0x31, 0x32, 0x33, 0x74, 0x31, 0x32, 0x33, 0x20, 0x2d, 0x31, 0x38, 0x34, 0x2e,
    0x35, 0x74, 0x34, 0x35, 0x2e, 0x35, 0x20, 0x2d, 0x32, 0x32, 0x35, 0x74, 0x2d, 0x34, 0x35, 0x2e,
    0x35, 0x20, 0x2d, 0x32, 0x32, 0x35, 0x74, 0x2d, 0x31, 0x32, 0x33, 0x20, 0x2d, 0x31, 0x38, 0x34,
    0x2e, 0x35, 0x74, 0x2d, 0x31, 0x38, 0x34, 0x2e, 0x35, 0x20, 0x2d, 0x31, 0x32, 0x33, 0x74, 0x2d,
    0x32, 0x32, 0x35, 0x20, 0x2d, 0x34, 0x35, 0x2e, 0x35, 0x74, 0x2d, 0x32, 0x32, 0x35, 0x20, 0x34,
    0x35, 0x2e, 0x35, 0x74, 0x2d, 0x31, 0x38, 0x34, 0x2e, 0x35, 0x20, 0x31, 0x32, 0x33, 0x74, 0x2d,
    0x31, 0x32, 0x33, 0x20, 0x31, 0x38, 0x34, 0x2e, 0x35, 0x74, 0x2d, 0x34, 0x35, 0x2e, 0x35, 0x20,
    0x32, 0x32, 0x35, 0x74, 0x34, 0x35, 0x2e, 0x35, 0x20, 0x32, 0x32, 0x35, 0x74, 0x31, 0x32, 0x33,
    0x20, 0x31, 0x38, 0x34, 0x2e, 0x35, 0x74, 0x31, 0x38, 0x34, 0x2e, 0x35, 0x20, 0x31, 0x32, 0x33,
    0x74, 0x32, 0x32, 0x35, 0x20, 0x34, 0x35, 0x2e, 0x35, 0x7a, 0x4d, 0x35, 0x36, 0x31, 0x20, 0x38,
    0x35, 0x35, 0x6c, 0x2d, 0x32, 0x37, 0x35, 0x20, 0x2d, 0x32, 0x32, 0x33, 0x71, 0x2d, 0x31, 0x36,
    0x20, 0x2d, 0x31, 0x33, 0x20, 0x2d, 0x31, 0x36, 0x20, 0x2d, 0x33, 0x32, 0x74, 0x31, 0x36, 0x20,
    0x2d, 0x33, 0x32, 0x6c, 0x32, 0x37, 0x35, 0x20, 0x2d, 0x32, 0x32, 0x33, 0x71, 0x31, 0x36, 0x20,
    0x2d, 0x31, 0x33, 0x20, 0x32, 0x37, 0x2e, 0x35, 0x20, 0x2d, 0x38, 0x20, 0x74, 0x31, 0x31, 0x2e,
    0x35, 0x20, 0x32, 0x36, 0x76, 0x31, 0x33, 0x37, 0x68, 0x32, 0x37, 0x35, 0x71, 0x31, 0x30, 0x20,
    0x30, 0x20, 0x31, 0x37, 0x2e, 0x35, 0x20, 0x37, 0x2e, 0x35, 0x74, 0x37, 0x2e, 0x35, 0x20, 0x31,
    0x37, 0x2e, 0x35, 0x76, 0x31, 0x35, 0x30, 0x71, 0x30, 0x20, 0x31, 0x30, 0x20, 0x2d, 0x37, 0x2e,
    0x35, 0x20, 0x31, 0x37, 0x2e, 0x35, 0x74, 0x2d, 0x31, 0x37, 0x2e, 0x35, 0x20, 0x37, 0x2e, 0x35,
    0x68, 0x2d, 0x32, 0x37, 0x35, 0x76, 0x31, 0x33, 0x37, 0x71, 0x30, 0x20, 0x32, 0x31, 0x20, 0x2d,
    0x31, 0x31, 0x2e, 0x35, 0x20, 0x32, 0x36, 0x74, 0x2d, 0x32, 0x37, 0x2e, 0x35, 0x20, 0x2d, 0x38,
    0x7a, 0x22, 0x20, 0x2f, 0x3e, 0x0a, 0x3c, 0x67, 0x6c, 0x79, 0x70, 0x68, 0x20, 0x75, 0x6e, 0x69,
    0x63, 0x6f, 0x64, 0x65, 0x3d, 0x22, 0x26, 0x23, 0x78, 0x65, 0x31, 0x33, 0x33, 0x3b, 0x22, 0x20,
    0x64, 0x3d, 0x22, 0x4d, 0x36, 0x30, 0x30, 0x20, 0x31, 0x31, 0x37, 0x38, 0x71, 0x31, 0x31, 0x38,
    0x20, 0x30, 0x20, 0x32, 0x32, 0x35, 0x20, 0x2d, 0x34, 0x35, 0x2e, 0x35, 0x74, 0x31, 0x38, 0x34,
    0x2e, 0x35, 0x20, 0x2d, 0x31, 0x32, 0x33, 0x74, 0x31, 0x32, 0x33, 0x20, 0x2d, 0x31, 0x38, 0x34,
    0x2e, 0x35, 0x74, 0x34, 0x35, 0x2e, 0x35, 0x20, 0x2d, 0x32, 0x32, 0x35, 0x74, 0x2d, 0x34, 0x35,
    0x2e, 0x35, 0x20, 0x2d, 0x32, 0x32, 0x35, 0x74, 0x2d, 0x31, 0x32, 0x33, 0x20, 0x2d, 0x31, 0x38,
    0x34, 0x2e, 0x35, 0x74, 0x2d, 0x31, 0x38, 0x34, 0x2e, 0x35, 0x20, 0x2d, 0x31, 0x32, 0x33, 0x74,
    0x2d, 0x32, 0x32, 0x35, 0x20, 0x2d, 0x34, 0x35, 0x2e, 0x35, 0x74, 0x2d, 0x32, 0x32, 0x35, 0x20,
    0x34, 0x35, 0x2e, 0x35, 0x74, 0x2d, 0x31, 0x38, 0x34, 0x2e, 0x35, 0x20, 0x31, 0x32, 0x33, 0x74,
    0x2d, 0x31, 0x32, 0x33, 0x20, 0x31, 0x38, 0x34, 0x2e, 0x35, 0x74, 0x2d, 0x34, 0x35, 0x2e, 0x35,
    0x20, 0x32, 0x32, 0x35, 0x74, 0x34, 0x35, 0x2e, 0x35, 0x20, 0x32, 0x32, 0x35, 0x74, 0x31, 0x32,
    0x33, 0x20, 0x31, 0x38, 0x34, 0x2e, 0x35, 0x74, 0x31, 0x38, 0x34, 0x2e, 0x35, 0x20, 0x31, 0x32,
    0x33, 0x74, 0x32, 0x32, 0x35, 0x20, 0x34, 0x35, 0x2e, 0x35, 0x7a, 0x4d, 0x38, 0x35, 0x35, 0x20,
    0x36, 0x33, 0x39, 0x6c, 0x2d, 0x32, 0x32, 0x33, 0x20, 0x32, 0x37, 0x35, 0x71, 0x2d, 0x31, 0x33,
    0x20, 0x31, 0x36, 0x20, 0x2d, 0x33, 0x32, 0x20, 0x31, 0x36, 0x74, 0x2d, 0x33, 0x32, 0x20, 0x2d,
    0x31, 0x36, 0x6c, 0x2d, 0x32, 0x32, 0x33, 0x20, 0x2d, 0x32, 0x37, 0x35, 0x71, 0x2d, 0x31, 0x33,
    0x20, 0x2d, 0x31, 0x36, 0x20, 0x2d, 0x38, 0x20, 0x2d, 0x32, 0x37, 0x2e, 0x35, 0x20, 0x74, 0x32,
    0x36, 0x20, 0x2d, 0x31, 0x31, 0x2e, 0x35, 0x68, 0x31, 0x33, 0x37, 0x76, 0x2d, 0x32, 0x37, 0x35,
    0x71, 0x30, 0x20, 0x2d, 0x31, 0x30, 0x20, 0x37, 0x2e, 0x35, 0x20, 0x2d, 0x31, 0x37, 0x2e, 0x35,
    0x74, 0x31, 0x37, 0x2e, 0x35, 0x20, 0x2d, 0x37, 0x2e, 0x35, 0x68, 0x31, 0x35, 0x30, 0x71, 0x31,
    0x30, 0x20, 0x30, 0x20, 0x31, 0x37, 0x2e, 0x35, 0x20, 0x37, 0x2e, 0x35, 0x74, 0x37, 0x2e, 0x35,
    0x20, 0x31, 0x37, 0x2e, 0x35, 0x76, 0x32, 0x37, 0x35, 0x68, 0x31, 0x33, 0x37, 0x71, 0x32, 0x31,
    0x20, 0x30, 0x20, 0x32, 0x36, 0x20, 0x31, 0x31, 0x2e, 0x35, 0x74, 0x2d, 0x38, 0x20, 0x32, 0x37,
    0x2e, 0x35, 0x7a, 0x22, 0x20, 0x2f, 0x3e, 0x0a, 0x3c, 0x67, 0x6c, 0x79, 0x70, 0x68, 0x20, 0x75,
    0x6e, 0x69, 0x63, 0x6f, 0x64, 0x65, 0x3d, 0x22, 0x26, 0x23, 0x78, 0x65, 0x31, 0x33, 0x34, 0x3b,
    0x22, 0x20, 0x64, 0x3d, 0x22, 0x4d, 0x36, 0x30, 0x30, 0x20, 0x31, 0x31, 0x37, 0x38, 0x71, 0x31,
    0x31, 0x38, 0x20, 0x30, 0x20, 0x32, 0x32, 0x35, 0x20, 0x2d, 0x34, 0x35, 0x2e, 0x35, 0x74, 0x31,
    0x38, 0x34, 0x2e, 0x35, 0x20, 0x2d, 0x31, 0x32, 0x33, 0x74, 0x31, 0x32, 0x33, 0x20, 0x2d, 0x31,
    0x38, 0x34, 0x2e, 0x35, 0x74, 0x34, 0x35, 0x2e, 0x35, 0x20, 0x2d, 0x32, 0x32, 0x35, 0x74, 0x2d,
    0x34, 0x35, 0x2e, 0x35, 0x20, 0x2d, 0x32, 0x32, 0x35, 0x74, 0x2d, 0x31, 0x32, 0x33, 0x20, 0x2d,
    0x31, 0x38, 0x34, 0x2e, 0x35, 0x74, 0x2d, 0x31, 0x38, 0x34, 0x2e, 0x35, 0x20, 0x2d, 0x31, 0x32,
    0x33, 0x74, 0x2d, 0x32, 0x32, 0x35, 0x20, 0x2d, 0x34, 0x35, 0x2e, 0x35, 0x74, 0x2d, 0x32, 0x32,
    0x35, 0x20, 0x34, 0x35, 0x2e, 0x35, 0x74, 0x2d, 0x31, 0x38, 0x34, 0x2e, 0x35, 0x20, 0x31, 0x32,
    0x33, 0x74, 0x2d, 0x31, 0x32, 0x33, 0x20, 0x31, 0x38, 0x34, 0x2e, 0x35, 0x74, 0x2d, 0x34, 0x35,
    0x2e, 0x35, 0x20, 0x32, 0x32, 0x35, 0x74, 0x34, 0x35, 0x2e, 0x35, 0x20, 0x32, 0x32, 0x35, 0x74,
    0x31, 0x32, 0x33, 0x20, 0x31, 0x38, 0x34, 0x2e, 0x35, 0x74, 0x31, 0x38, 0x34, 0x2e, 0x35, 0x20,
    0x31, 0x32, 0x33, 0x74, 0x32, 0x32, 0x35, 0x20, 0x34, 0x35, 0x2e, 0x35, 0x7a, 0x4d, 0x36, 0x37,
    0x35, 0x20, 0x39, 0x30, 0x30, 0x68, 0x2d, 0x31, 0x35, 0x30, 0x71, 0x2d, 0x31, 0x30, 0x20, 0x30,
    0x20, 0x2d, 0x31, 0x37, 0x2e, 0x35, 0x20, 0x2d, 0x37, 0x2e, 0x35, 0x74, 0x2d, 0x37, 0x2e, 0x35,
    0x20, 0x2d, 0x31, 0x37, 0x2e, 0x35, 0x76, 0x2d, 0x32, 0x37, 0x35, 0x68, 0x2d, 0x31, 0x33, 0x37,
    0x71, 0x2d, 0x32, 0x31, 0x20, 0x30, 0x20, 0x2d, 0x32, 0x36, 0x20, 0x2d, 0x31, 0x31, 0x2e, 0x35,
    0x20, 0x74, 0x38, 0x20, 0x2d, 0x32, 0x37, 0x2e, 0x35, 0x6c, 0x32, 0x32, 0x33, 0x20, 0x2d, 0x32,
    0x37, 0x35, 0x71, 0x31, 0x33, 0x20, 0x2d, 0x31, 0x36, 0x20, 0x33, 0x32, 0x20, 0x2d, 0x31, 0x36,
    0x74, 0x33, 0x32, 0x20, 0x31, 0x36, 0x6c, 0x32, 0x32, 0x33, 0x20, 0x32, 0x37, 0x35, 0x71, 0x31,
    0x33, 0x20, 0x31, 0x36, 0x20, 0x38, 0x20, 0x32, 0x37, 0x2e, 0x35, 0x74, 0x2d, 0x32, 0x36, 0x20,
    0x31, 0x31, 0x2e, 0x35, 0x68, 0x2d, 0x31, 0x33, 0x37, 0x76, 0x32, 0x37, 0x35, 0x71, 0x30, 0x20,
    0x31, 0x30, 0x20, 0x2d, 0x37, 0x2e, 0x35, 0x20, 0x31, 0x37, 0x2e, 0x35, 0x74, 0x2d, 0x31, 0x37,
    0x2e, 0x35, 0x20, 0x37, 0x2e, 0x35, 0x7a, 0x22, 0x20, 0x2f, 0x3e, 0x0a, 0x3c, 0x67, 0x6c, 0x79,
    0x70, 0x68, 0x20, 0x75, 0x6e, 0x69, 0x63, 0x6f, 0x64, 0x65, 0x3d, 0x22, 0x26, 0x23, 0x78, 0x65,
    0x31, 0x33, 0x35, 0x3b, 0x22, 0x20, 0x64, 0x3d, 0x22, 0x4d, 0x36, 0x30, 0x30, 0x20, 0x31, 0x31,
    0x37, 0x36, 0x71, 0x31, 0x31, 0x36, 0x20, 0x30, 0x20, 0x32, 0x32, 0x32, 0x2e, 0x35, 0x20, 0x2d,
    0x34, 0x36, 0x74, 0x31, 0x38, 0x34, 0x20, 0x2d, 0x31, 0x32, 0x33, 0x2e, 0x35, 0x74, 0x31, 0x32,
    0x33, 0x2e, 0x35, 0x20, 0x2d, 0x31, 0x38, 0x34, 0x74, 0x34, 0x36, 0x20, 0x2d, 0x32, 0x32, 0x32,
    0x2e, 0x35, 0x74, 0x2d, 0x34, 0x36, 0x20, 0x2d, 0x32, 0x32, 0x32, 0x2e, 0x35, 0x74, 0x2d, 0x31,
    0x32, 0x33, 0x2e, 0x35, 0x20, 0x2d, 0x31, 0x38, 0x34, 0x74, 0x2d, 0x31, 0x38, 0x34, 0x20, 0x2d,
    0x31, 0x32, 0x33, 0x2e, 0x35, 0x74, 0x2d, 0x32, 0x32, 0x32, 0x2e, 0x35, 0x20, 0x2d, 0x34, 0x36,
    0x74, 0x2d, 0x32, 0x32, 0x32, 0x2e, 0x35, 0x20, 0x34, 0x36, 0x74, 0x2d, 0x31, 0x38, 0x34, 0x20,
    0x31, 0x32, 0x33, 0x2e, 0x35, 0x74, 0x2d, 0x31, 0x32, 0x33, 0x2e, 0x35, 0x20, 0x31, 0x38, 0x34,
    0x74, 0x2d, 0x34, 0x36, 0x20, 0x32, 0x32, 0x32, 0x2e, 0x35, 0x74, 0x34, 0x36, 0x20, 0x32, 0x32,
    0x32, 0x2e, 0x35, 0x74, 0x31, 0x32, 0x33, 0x2e, 0x35, 0x20, 0x31, 0x38, 0x34, 0x74, 0x31, 0x38,
    0x34, 0x20, 0x31, 0x32, 0x33, 0x2e, 0x35, 0x74, 0x32, 0x32, 0x32, 0x2e, 0x35, 0x20, 0x34, 0x36,
    0x7a, 0x4d, 0x36, 0x32, 0x37, 0x20, 0x31, 0x31, 0x30, 0x31, 0x71, 0x2d, 0x31, 0x35, 0x20, 0x2d,
    0x31, 0x32, 0x20, 0x2d, 0x33, 0x36, 0x2e, 0x35, 0x20, 0x2d, 0x32, 0x30, 0x2e, 0x35, 0x74, 0x2d,
    0x33, 0x35, 0x2e, 0x35, 0x20, 0x2d, 0x31, 0x32, 0x74, 0x2d, 0x34, 0x33, 0x20, 0x2d, 0x38, 0x74,
    0x2d, 0x33, 0x39, 0x20, 0x2d, 0x36, 0x2e, 0x35, 0x20, 0x71, 0x2d, 0x31, 0x35, 0x20, 0x2d, 0x33,
    0x20, 0x2d, 0x34, 0x35, 0x2e, 0x35, 0x20, 0x30, 0x74, 0x2d, 0x34, 0x35, 0x2e, 0x35, 0x20, 0x2d,
    0x32, 0x71, 0x2d, 0x32, 0x30, 0x20, 0x2d, 0x37, 0x20, 0x2d, 0x35, 0x31, 0x2e, 0x35, 0x20, 0x2d,
    0x32, 0x36, 0x2e, 0x35, 0x74, 0x2d, 0x33, 0x34, 0x2e, 0x35, 0x20, 0x2d, 0x33, 0x34, 0x2e, 0x35,
    0x71, 0x2d, 0x33, 0x20, 0x2d, 0x31, 0x31, 0x20, 0x36, 0x2e, 0x35, 0x20, 0x2d, 0x32, 0x32, 0x2e,
    0x35, 0x74, 0x38, 0x2e, 0x35, 0x20, 0x2d, 0x31, 0x38, 0x2e, 0x35, 0x71, 0x2d, 0x33, 0x20, 0x2d,
    0x33, 0x34, 0x20, 0x2d, 0x32, 0x37, 0x2e, 0x35, 0x20, 0x2d, 0x39, 0x31, 0x74, 0x2d, 0x32, 0x39,
    0x2e, 0x35, 0x20, 0x2d, 0x37, 0x39, 0x71, 0x2d, 0x39, 0x20, 0x2d, 0x33, 0x34, 0x20, 0x35, 0x20,
    0x2d, 0x39, 0x33, 0x74, 0x38, 0x20, 0x2d, 0x38, 0x37, 0x71, 0x30, 0x20, 0x2d, 0x39, 0x20, 0x31,
    0x37, 0x20, 0x2d, 0x34, 0x34, 0x2e, 0x35, 0x74, 0x31, 0x36, 0x20, 0x2d, 0x35, 0x39, 0x2e, 0x35,
    0x71, 0x31, 0x32, 0x20, 0x30, 0x20, 0x32, 0x33, 0x20, 0x2d, 0x35, 0x74, 0x32, 0x33, 0x2e, 0x35,
    0x20, 0x2d, 0x31, 0x35, 0x74, 0x31, 0x39, 0x2e, 0x35, 0x20, 0x2d, 0x31, 0x34, 0x71, 0x31, 0x36,
    0x20, 0x2d, 0x38, 0x20, 0x33, 0x33, 0x20, 0x2d, 0x31, 0x35, 0x74, 0x34, 0x30, 0x2e, 0x35, 0x20,
    0x2d, 0x31, 0x35, 0x74, 0x33, 0x34, 0x2e, 0x35, 0x20, 0x2d, 0x31, 0x32, 0x71, 0x32, 0x31, 0x20,
    0x2d, 0x39, 0x20, 0x35, 0x32, 0x2e, 0x35, 0x20, 0x2d, 0x33, 0x32, 0x74, 0x36, 0x30, 0x20, 0x2d,
    0x33, 0x38, 0x74, 0x35, 0x37, 0x2e, 0x35, 0x20, 0x2d, 0x31, 0x31, 0x20, 0x71, 0x37, 0x20, 0x2d,
    0x31, 0x35, 0x20, 0x2d, 0x33, 0x20, 0x2d, 0x33, 0x34, 0x74, 0x2d, 0x32, 0x32, 0x2e, 0x35, 0x20,
    0x2d, 0x34, 0x30, 0x74, 0x2d, 0x39, 0x2e, 0x35, 0x20, 0x2d, 0x33, 0x38, 0x71, 0x31, 0x33, 0x20,
    0x2d, 0x32, 0x31, 0x20, 0x32, 0x33, 0x20, 0x2d, 0x33, 0x34, 0x2e, 0x35, 0x74, 0x32, 0x37, 0x2e,
    0x35, 0x20, 0x2d, 0x32, 0x37, 0x2e, 0x35, 0x74, 0x33, 0x36, 0x2e, 0x35, 0x20, 0x2d, 0x31, 0x38,
    0x71, 0x30, 0x20, 0x2d, 0x37, 0x20, 0x2d, 0x33, 0x2e, 0x35, 0x20, 0x2d, 0x31, 0x36, 0x74, 0x2d,
    0x33, 0x2e, 0x35, 0x20, 0x2d, 0x31, 0x34, 0x74, 0x35, 0x20, 0x2d, 0x31, 0x37, 0x71, 0x31, 0x30,
    0x34, 0x20, 0x2d, 0x32, 0x20, 0x32, 0x32, 0x31, 0x20, 0x31, 0x31, 0x32, 0x71, 0x33, 0x30, 0x20,
    0x32, 0x39, 0x20, 0x34, 0x36, 0x2e, 0x35, 0x20, 0x34, 0x37, 0x74, 0x33, 0x34, 0x2e, 0x35, 0x20,
    0x34, 0x39, 0x74, 0x32, 0x31, 0x20, 0x36, 0x33, 0x71, 0x2d, 0x31, 0x33, 0x20, 0x38, 0x20, 0x2d,
    0x33, 0x37, 0x20, 0x38, 0x2e, 0x35, 0x74, 0x2d, 0x33, 0x36, 0x20, 0x37, 0x2e, 0x35, 0x71, 0x2d,
    0x31, 0x35, 0x20, 0x37, 0x20, 0x2d, 0x34, 0x39, 0x2e, 0x35, 0x20, 0x31, 0x35, 0x74, 0x2d, 0x35,
    0x31, 0x2e, 0x35, 0x20, 0x31, 0x39, 0x71, 0x2d, 0x31, 0x38, 0x20, 0x30, 0x20, 0x2d, 0x34, 0x31,
    0x20, 0x2d, 0x30, 0x2e, 0x35, 0x74, 0x2d, 0x34, 0x33, 0x20, 0x2d, 0x31, 0x2e, 0x35, 0x74, 0x2d,
    0x34, 0x32, 0x20, 0x2d, 0x36, 0x2e, 0x35, 0x74, 0x2d, 0x33, 0x38, 0x20, 0x2d, 0x31, 0x36, 0x2e,
    0x35, 0x71, 0x2d, 0x35, 0x31, 0x20, 0x2d, 0x33, 0x35, 0x20, 0x2d, 0x36, 0x36, 0x20, 0x2d, 0x31,
    0x32, 0x20, 0x71, 0x2d, 0x34, 0x20, 0x31, 0x20, 0x2d, 0x33, 0x2e, 0x35, 0x20, 0x32, 0x35, 0x2e,
    0x35, 0x74, 0x30, 0x2e, 0x35, 0x20, 0x32, 0x35, 0x2e, 0x35, 0x71, 0x2d, 0x36, 0x20, 0x31, 0x33,
    0x20, 0x2d, 0x32, 0x36, 0x2e, 0x35, 0x20, 0x31, 0x37, 0x2e, 0x35, 0x74, 0x2d, 0x32, 0x34, 0x2e,
    0x35, 0x20, 0x36, 0x2e, 0x35, 0x71, 0x31, 0x20, 0x31, 0x35, 0x20, 0x2d, 0x30, 0x2e, 0x35, 0x20,
    0x33, 0x30, 0x2e, 0x35, 0x74, 0x2d, 0x37, 0x20, 0x32, 0x38, 0x74, 0x2d, 0x31, 0x38, 0x2e, 0x35,
    0x20, 0x31, 0x31, 0x2e, 0x35, 0x74, 0x2d, 0x33, 0x31, 0x20, 0x2d, 0x32, 0x31, 0x71, 0x2d, 0x32,
    0x33, 0x20, 0x2d, 0x32, 0x35, 0x20, 0x2d, 0x34, 0x32, 0x20, 0x34, 0x71, 0x2d, 0x31, 0x39, 0x20,
    0x32, 0x38, 0x20, 0x2d, 0x38, 0x20, 0x35, 0x38, 0x71, 0x36, 0x20, 0x31, 0x36, 0x20, 0x32, 0x32,
    0x20, 0x32, 0x32, 0x71, 0x36, 0x20, 0x2d, 0x31, 0x20, 0x32, 0x36, 0x20, 0x2d, 0x31, 0x2e, 0x35,
    0x74, 0x33, 0x33, 0x2e, 0x35, 0x20, 0x2d, 0x34, 0x74, 0x31, 0x39, 0x2e, 0x35, 0x20, 0x2d, 0x31,
    0x33, 0x2e, 0x35, 0x71, 0x37, 0x20, 0x2d, 0x31, 0x32, 0x20, 0x31, 0x38, 0x20, 0x2d, 0x32, 0x34,
    0x74, 0x32, 0x31, 0x2e, 0x35, 0x20, 0x2d, 0x32, 0x30, 0x2e, 0x35, 0x74, 0x32, 0x30, 0x20, 0x2d,
    0x31, 0x35, 0x74, 0x31, 0x35, 0x2e, 0x35, 0x20, 0x2d, 0x31, 0x30, 0x2e, 0x35, 0x6c, 0x35, 0x20,
    0x2d, 0x33, 0x71, 0x32, 0x20, 0x31, 0x32, 0x20, 0x37, 0x2e, 0x35, 0x20, 0x33, 0x30, 0x2e, 0x35,
    0x74, 0x38, 0x20, 0x33, 0x34, 0x2e, 0x35, 0x74, 0x2d, 0x30, 0x2e, 0x35, 0x20, 0x33, 0x32, 0x71,
    0x2d, 0x33, 0x20, 0x31, 0x38, 0x20, 0x33, 0x2e, 0x35, 0x20, 0x32, 0x39, 0x20, 0x74, 0x31, 0x38,
    0x20, 0x32, 0x32, 0x2e, 0x35, 0x74, 0x31, 0x35, 0x2e, 0x35, 0x20, 0x32, 0x34, 0x2e, 0x35, 0x71,
    0x36, 0x20, 0x31, 0x34, 0x20, 0x31, 0x30, 0x2e, 0x35, 0x20, 0x33, 0x35, 0x74, 0x38, 0x20, 0x33,
    0x31, 0x74, 0x31, 0x35, 0x2e, 0x35, 0x20, 0x32, 0x32, 0x2e, 0x35, 0x74, 0x33, 0x34, 0x20, 0x32,
    0x32, 0x2e, 0x35, 0x71, 0x2d, 0x36, 0x20, 0x31, 0x38, 0x20, 0x31, 0x30, 0x20, 0x33, 0x36, 0x71,
    0x38, 0x20, 0x30, 0x20, 0x32, 0x34, 0x20, 0x2d, 0x31, 0x2e, 0x35, 0x74, 0x32, 0x34, 0x2e, 0x35,
    0x20, 0x2d, 0x31, 0x2e, 0x35, 0x74, 0x32, 0x30, 0x20, 0x34, 0x2e, 0x35, 0x74, 0x32, 0x30, 0x2e,
    0x35, 0x20, 0x31, 0x35, 0x2e, 0x35, 0x71, 0x2d, 0x31, 0x30, 0x20, 0x32, 0x33, 0x20, 0x2d, 0x33,
    0x31, 0x20, 0x34, 0x32, 0x2e, 0x35, 0x74, 0x2d, 0x33, 0x37, 0x2e, 0x35, 0x20, 0x32, 0x39, 0x2e,
    0x35, 0x74, 0x2d, 0x34, 0x39, 0x20, 0x32, 0x37, 0x74, 0x2d, 0x34, 0x33, 0x2e, 0x35, 0x20, 0x32,
    0x33, 0x71, 0x30, 0x20, 0x31, 0x20, 0x32, 0x20, 0x38, 0x74, 0x33, 0x20, 0x31, 0x31, 0x2e, 0x35,
    0x74, 0x31, 0x2e, 0x35, 0x20, 0x31, 0x30, 0x2e, 0x35, 0x74, 0x2d, 0x31, 0x20, 0x39, 0x2e, 0x35,
    0x74, 0x2d, 0x34, 0x2e, 0x35, 0x20, 0x34, 0x2e, 0x35, 0x71, 0x33, 0x31, 0x20, 0x2d, 0x31, 0x33,
    0x20, 0x35, 0x38, 0x2e, 0x35, 0x20, 0x2d, 0x31, 0x34, 0x2e, 0x35, 0x74, 0x33, 0x38, 0x2e, 0x35,
    0x20, 0x32, 0x2e, 0x35, 0x6c, 0x31, 0x32, 0x20, 0x35, 0x71, 0x35, 0x20, 0x32, 0x38, 0x20, 0x2d,
    0x39, 0x2e, 0x35, 0x20, 0x34, 0x36, 0x74, 0x2d, 0x33, 0x36, 0x2e, 0x35, 0x20, 0x32, 0x34, 0x74,
    0x2d, 0x35, 0x30, 0x20, 0x31, 0x35, 0x20, 0x74, 0x2d, 0x34, 0x31, 0x20, 0x32, 0x30, 0x71, 0x2d,
    0x31, 0x38, 0x20, 0x2d, 0x34, 0x20, 0x2d, 0x33, 0x37, 0x20, 0x30, 0x7a, 0x4d, 0x36, 0x31, 0x33,
    0x20, 0x39, 0x39, 0x34, 0x71, 0x30, 0x20, 0x2d, 0x31, 0x37, 0x20, 0x38, 0x20, 0x2d, 0x34, 0x32,
    0x74, 0x31, 0x37, 0x20, 0x2d, 0x34, 0x35, 0x74, 0x39, 0x20, 0x2d, 0x32, 0x33, 0x71, 0x2d, 0x38,
    0x20, 0x31, 0x20, 0x2d, 0x33, 0x39, 0x2e, 0x35, 0x20, 0x35, 0x2e, 0x35, 0x74, 0x2d, 0x35, 0x32,
    0x2e, 0x35, 0x20, 0x31, 0x30, 0x74, 0x2d, 0x33, 0x37, 0x20, 0x31, 0x36, 0x2e, 0x35, 0x71, 0x33,
    0x20, 0x31, 0x31, 0x20, 0x31, 0x36, 0x20, 0x32, 0x39, 0x2e, 0x35, 0x74, 0x31, 0x36, 0x20, 0x32,
    0x35, 0x2e, 0x35, 0x71, 0x31, 0x30, 0x20, 0x2d, 0x31, 0x30, 0x20, 0x31, 0x39, 0x20, 0x2d, 0x31,
    0x30, 0x74, 0x31, 0x34, 0x20, 0x36, 0x74, 0x31, 0x33, 0x2e, 0x35, 0x20, 0x31, 0x34, 0x2e, 0x35,
    0x74, 0x31, 0x36, 0x2e, 0x35, 0x20, 0x31, 0x32, 0x2e, 0x35, 0x7a, 0x22, 0x20, 0x2f, 0x3e, 0x0a,
    0x3c, 0x67, 0x6c, 0x79, 0x70, 0x68, 0x20, 0x75, 0x6e, 0x69, 0x63, 0x6f, 0x64, 0x65, 0x3d, 0x22,
    0x26, 0x23, 0x78, 0x65, 0x31, 0x33, 0x36, 0x3b, 0x22, 0x20, 0x64, 0x3d, 0x22, 0x4d, 0x37, 0x35,
    0x36, 0x20, 0x31, 0x31, 0x35, 0x37, 0x71, 0x31, 0x36, 0x34, 0x20, 0x39, 0x32, 0x20, 0x33, 0x30,
    0x36, 0x20, 0x2d, 0x39, 0x6c, 0x2d, 0x32, 0x35, 0x39, 0x20, 0x2d, 0x31, 0x33, 0x38, 0x6c, 0x31,
    0x34, 0x35, 0x20, 0x2d, 0x32, 0x33, 0x32, 0x6c, 0x32, 0x35, 0x31, 0x20, 0x31, 0x32, 0x36, 0x71,
    0x36, 0x20, 0x2d, 0x38, 0x39, 0x20, 0x2d, 0x33, 0x34, 0x20, 0x2d, 0x31, 0x35, 0x36, 0x2e, 0x35,
    0x74, 0x2d, 0x31, 0x31, 0x37, 0x20, 0x2d, 0x31, 0x31, 0x30, 0x2e, 0x35, 0x71, 0x2d, 0x36, 0x30,
    0x20, 0x2d, 0x33, 0x34, 0x20, 0x2d, 0x31, 0x32, 0x37, 0x20, 0x2d, 0x33, 0x39, 0x2e, 0x35, 0x74,
    0x2d, 0x31, 0x32, 0x36, 0x20, 0x31, 0x36, 0x2e, 0x35, 0x6c, 0x2d, 0x35, 0x39, 0x36, 0x20, 0x2d,
    0x35, 0x39, 0x36, 0x71, 0x2d, 0x31, 0x35, 0x20, 0x2d, 0x31, 0x36, 0x20, 0x2d, 0x33, 0x36, 0x2e,
    0x35, 0x20, 0x2d, 0x31, 0x36, 0x74, 0x2d, 0x33, 0x36, 0x2e, 0x35, 0x20, 0x31, 0x36, 0x6c, 0x2d,
    0x31, 0x31, 0x31, 0x20, 0x31, 0x31, 0x30, 0x71, 0x2d, 0x31, 0x35, 0x20, 0x31, 0x35, 0x20, 0x2d,
    0x31, 0x35, 0x20, 0x33, 0x36, 0x2e, 0x35, 0x74, 0x31, 0x35, 0x20, 0x33, 0x37, 0x2e, 0x35, 0x6c,
    0x36, 0x30, 0x30, 0x20, 0x35, 0x39, 0x39, 0x71, 0x2d, 0x33, 0x34, 0x20, 0x31, 0x30, 0x31, 0x20,
    0x35, 0x2e, 0x35, 0x20, 0x32, 0x30, 0x31, 0x2e, 0x35, 0x74, 0x31, 0x33, 0x35, 0x2e, 0x35, 0x20,
    0x31, 0x35, 0x34, 0x2e, 0x35, 0x7a, 0x22, 0x20, 0x2f, 0x3e, 0x0a, 0x3c, 0x67, 0x6c, 0x79, 0x70,
    0x68, 0x20, 0x75, 0x6e, 0x69, 0x63, 0x6f, 0x64, 0x65, 0x3d, 0x22, 0x26, 0x23, 0x78, 0x65, 0x31,
    0x33, 0x37, 0x3b, 0x22, 0x20, 0x68, 0x6f, 0x72, 0x69, 0x7a, 0x2d, 0x61, 0x64, 0x76, 0x2d, 0x78,
    0x3d, 0x22, 0x31, 0x32, 0x32, 0x30, 0x22, 0x20, 0x64, 0x3d, 0x22, 0x4d, 0x31, 0x30, 0x30, 0x20,
    0x31, 0x31, 0x39, 0x36, 0x68, 0x31, 0x30, 0x30, 0x30, 0x71, 0x34, 0x31, 0x20, 0x30, 0x20, 0x37,
    0x30, 0x2e, 0x35, 0x20, 0x2d, 0x32, 0x39, 0x2e, 0x35, 0x74, 0x32, 0x39, 0x2e, 0x35, 0x20, 0x2d,
    0x37, 0x30, 0x2e, 0x35, 0x76, 0x2d, 0x31, 0x30, 0x30, 0x71, 0x30, 0x20, 0x2d, 0x34, 0x31, 0x20,
    0x2d, 0x32, 0x39, 0x2e, 0x35, 0x20, 0x2d, 0x37, 0x30, 0x2e, 0x35, 0x74, 0x2d, 0x37, 0x30, 0x2e,
    0x35, 0x20, 0x2d, 0x32, 0x39, 0x2e, 0x35, 0x68, 0x2d, 0x31, 0x30, 0x30, 0x30, 0x71, 0x2d, 0x34,
    0x31, 0x20, 0x30, 0x20, 0x2d, 0x37, 0x30, 0x2e, 0x35, 0x20, 0x32, 0x39, 0x2e, 0x35, 0x74, 0x2d,
    0x32, 0x39, 0x2e, 0x35, 0x20, 0x37, 0x30, 0x2e, 0x35, 0x76, 0x31, 0x30, 0x30, 0x71, 0x30, 0x20,
    0x34, 0x31, 0x20, 0x32, 0x39, 0x2e, 0x35, 0x20, 0x37, 0x30, 0x2e, 0x35, 0x74, 0x37, 0x30, 0x2e,
    0x35, 0x20, 0x32, 0x39, 0x2e, 0x35, 0x7a, 0x4d, 0x31, 0x31, 0x30, 0x30, 0x20, 0x31, 0x30, 0x39,
    0x36, 0x68, 0x2d, 0x32, 0x30, 0x30, 0x76, 0x2d, 0x31, 0x30, 0x30, 0x68, 0x32, 0x30, 0x30, 0x76,
    0x31, 0x30, 0x30, 0x7a, 0x4d, 0x31, 0x30, 0x30, 0x20, 0x37, 0x39, 0x36, 0x68, 0x31, 0x30, 0x30,
    0x30, 0x71, 0x34, 0x31, 0x20, 0x30, 0x20, 0x37, 0x30, 0x2e, 0x35, 0x20, 0x2d, 0x32, 0x39, 0x2e,
    0x35, 0x74, 0x32, 0x39, 0x2e, 0x35, 0x20, 0x2d, 0x37, 0x30, 0x2e, 0x35, 0x76, 0x2d, 0x31, 0x30,
    0x30, 0x71, 0x30, 0x20, 0x2d, 0x34, 0x31, 0x20, 0x2d, 0x32, 0x39, 0x2e, 0x35, 0x20, 0x2d, 0x37,
    0x30, 0x2e, 0x35, 0x74, 0x2d, 0x37, 0x30, 0x2e, 0x35, 0x20, 0x2d, 0x32, 0x39, 0x2e, 0x35, 0x68,
    0x2d, 0x31, 0x30, 0x30, 0x30, 0x20, 0x71, 0x2d, 0x34, 0x31, 0x20, 0x30, 0x20, 0x2d, 0x37, 0x30,
    0x2e, 0x35, 0x20, 0x32, 0x39, 0x2e, 0x35, 0x74, 0x2d, 0x32, 0x39, 0x2e, 0x35, 0x20, 0x37, 0x30,
    0x2e, 0x35, 0x76, 0x31, 0x30, 0x30, 0x71, 0x30, 0x20, 0x34, 0x31, 0x20, 0x32, 0x39, 0x2e, 0x35,
    0x20, 0x37, 0x30, 0x2e, 0x35, 0x74, 0x37, 0x30, 0x2e, 0x35, 0x20, 0x32, 0x39, 0x2e, 0x35, 0x7a,
    0x4d, 0x31, 0x31, 0x30, 0x30, 0x20, 0x36, 0x39, 0x36, 0x68, 0x2d, 0x35, 0x30, 0x30, 0x76, 0x2d,
    0x31, 0x30, 0x30, 0x68, 0x35, 0x30, 0x30, 0x76, 0x31, 0x30, 0x30, 0x7a, 0x4d, 0x31, 0x30, 0x30,
    0x20, 0x33, 0x39, 0x36, 0x68, 0x31, 0x30, 0x30, 0x30, 0x71, 0x34, 0x31, 0x20, 0x30, 0x20, 0x37,
    0x30, 0x2e, 0x35, 0x20, 0x2d, 0x32, 0x39, 0x2e, 0x35, 0x74, 0x32, 0x39, 0x2e, 0x35, 0x20, 0x2d,
    0x37, 0x30, 0x2e, 0x35, 0x76, 0x2d, 0x31, 0x30, 0x30, 0x71, 0x30, 0x20, 0x2d, 0x34, 0x31, 0x20,
    0x2d, 0x32, 0x39, 0x2e, 0x35, 0x20, 0x2d, 0x37, 0x30, 0x2e, 0x35, 0x74, 0x2d, 0x37, 0x30, 0x2e,
    0x35, 0x20, 0x2d, 0x32, 0x39, 0x2e, 0x35, 0x68, 0x2d, 0x31, 0x30, 0x30, 0x30, 0x71, 0x2d, 0x34,
    0x31, 0x20, 0x30, 0x20, 0x2d, 0x37, 0x30, 0x2e, 0x35, 0x20, 0x32, 0x39, 0x2e, 0x35, 0x74, 0x2d,
    0x32, 0x39, 0x2e, 0x35, 0x20, 0x37, 0x30, 0x2e, 0x35, 0x76, 0x31, 0x30, 0x30, 0x71, 0x30, 0x20,
    0x34, 0x31, 0x20, 0x32, 0x39, 0x2e, 0x35, 0x20, 0x37, 0x30, 0x2e, 0x35, 0x74, 0x37, 0x30, 0x2e,
    0x35, 0x20, 0x32, 0x39, 0x2e, 0x35, 0x7a, 0x4d, 0x31, 0x31, 0x30, 0x30, 0x20, 0x32, 0x39, 0x36,
    0x68, 0x2d, 0x33, 0x30, 0x30, 0x76, 0x2d, 0x31, 0x30, 0x30, 0x68, 0x33, 0x30, 0x30, 0x76, 0x31,
    0x30, 0x30, 0x7a, 0x20, 0x22, 0x20, 0x2f, 0x3e, 0x0a, 0x3c, 0x67, 0x6c, 0x79, 0x70, 0x68, 0x20,
    0x75, 0x6e, 0x69, 0x63, 0x6f, 0x64, 0x65, 0x3d, 0x22, 0x26, 0x23, 0x78, 0x65, 0x31, 0x33, 0x38,
    0x3b, 0x22, 0x20, 0x64, 0x3d, 0x22, 0x4d, 0x31, 0x35, 0x30, 0x20, 0x31, 0x32, 0x30, 0x30, 0x68,
    0x39, 0x30, 0x30, 0x71, 0x32, 0x31, 0x20, 0x30, 0x20, 0x33, 0x35, 0x2e, 0x35, 0x20, 0x2d, 0x31,
    0x34, 0x2e, 0x35, 0x74, 0x31, 0x34, 0x2e, 0x35, 0x20, 0x2d, 0x33, 0x35, 0x2e, 0x35, 0x74, 0x2d,
    0x31, 0x34, 0x2e, 0x35, 0x20, 0x2d, 0x33, 0x35, 0x2e, 0x35, 0x74, 0x2d, 0x33, 0x35, 0x2e, 0x35,
    0x20, 0x2d, 0x31, 0x34, 0x2e, 0x35, 0x68, 0x2d, 0x39, 0x30, 0x30, 0x71, 0x2d, 0x32, 0x31, 0x20,
    0x30, 0x20, 0x2d, 0x33, 0x35, 0x2e, 0x35, 0x20, 0x31, 0x34, 0x2e, 0x35, 0x74, 0x2d, 0x31, 0x34,
    0x2e, 0x35, 0x20, 0x33, 0x35, 0x2e, 0x35, 0x74, 0x31, 0x34, 0x2e, 0x35, 0x20, 0x33, 0x35, 0x2e,
    0x35, 0x74, 0x33, 0x35, 0x2e, 0x35, 0x20, 0x31, 0x34, 0x2e, 0x35, 0x7a, 0x4d, 0x37, 0x30, 0x30,
    0x20, 0x35, 0x30, 0x30, 0x76, 0x2d, 0x33, 0x30, 0x30, 0x6c, 0x2d, 0x32, 0x30, 0x30, 0x20, 0x2d,
    0x32, 0x30, 0x30, 0x76, 0x35, 0x30, 0x30, 0x6c, 0x2d, 0x33, 0x35, 0x30, 0x20, 0x35, 0x30, 0x30,
    0x68, 0x39, 0x30, 0x30, 0x7a, 0x22, 0x20, 0x2f, 0x3e, 0x0a, 0x3c, 0x67, 0x6c, 0x79, 0x70, 0x68,
    0x20, 0x75, 0x6e, 0x69, 0x63, 0x6f, 0x64, 0x65, 0x3d, 0x22, 0x26, 0x23, 0x78, 0x65, 0x31, 0x33,
    0x39, 0x3b, 0x22, 0x20, 0x64, 0x3d, 0x22, 0x4d, 0x35, 0x30, 0x30, 0x20, 0x31, 0x32, 0x30, 0x30,
    0x68, 0x32, 0x30, 0x30, 0x71, 0x34, 0x31, 0x20, 0x30, 0x20, 0x37, 0x30, 0x2e, 0x35, 0x20, 0x2d,
    0x32, 0x39, 0x2e, 0x35, 0x74, 0x32, 0x39, 0x2e, 0x35, 0x20, 0x2d, 0x37, 0x30, 0x2e, 0x35, 0x76,
    0x2d, 0x31, 0x30, 0x30, 0x68, 0x33, 0x30, 0x30, 0x71, 0x34, 0x31, 0x20, 0x30, 0x20, 0x37, 0x30,
    0x2e, 0x35, 0x20, 0x2d, 0x32, 0x39, 0x2e, 0x35, 0x74, 0x32, 0x39, 0x2e, 0x35, 0x20, 0x2d, 0x37,
    0x30, 0x2e, 0x35, 0x76, 0x2d, 0x34, 0x30, 0x30, 0x68, 0x2d, 0x35, 0x30, 0x30, 0x76, 0x31, 0x30,
    0x30, 0x68, 0x2d, 0x32, 0x30, 0x30, 0x76, 0x2d, 0x31, 0x30, 0x30, 0x68, 0x2d, 0x35, 0x30, 0x30,
    0x76, 0x34, 0x30, 0x30, 0x71, 0x30, 0x20, 0x34, 0x31, 0x20, 0x32, 0x39, 0x2e, 0x35, 0x20, 0x37,
    0x30, 0x2e, 0x35, 0x74, 0x37, 0x30, 0x2e, 0x35, 0x20, 0x32, 0x39, 0x2e, 0x35, 0x68, 0x33, 0x30,
    0x30, 0x76, 0x31, 0x30, 0x30, 0x71, 0x30, 0x20, 0x34, 0x31, 0x20, 0x32, 0x39, 0x2e, 0x35, 0x20,
    0x37, 0x30, 0x2e, 0x35, 0x74, 0x37, 0x30, 0x2e, 0x35, 0x20, 0x32, 0x39, 0x2e, 0x35, 0x7a, 0x4d,
    0x35, 0x30, 0x30, 0x20, 0x31, 0x31, 0x30, 0x30, 0x76, 0x2d, 0x31, 0x30, 0x30, 0x68, 0x32, 0x30,
    0x30, 0x76, 0x31, 0x30, 0x30, 0x68, 0x2d, 0x32, 0x30, 0x30, 0x7a, 0x4d, 0x31, 0x32, 0x30, 0x30,
    0x20, 0x34, 0x30, 0x30, 0x76, 0x2d, 0x32, 0x30, 0x30, 0x71, 0x30, 0x20, 0x2d, 0x34, 0x31, 0x20,
    0x2d, 0x32, 0x39, 0x2e, 0x35, 0x20, 0x2d, 0x37, 0x30, 0x2e, 0x35, 0x74, 0x2d, 0x37, 0x30, 0x2e,
    0x35, 0x20, 0x2d, 0x32, 0x39, 0x2e, 0x35, 0x68, 0x2d, 0x31, 0x30, 0x30, 0x30, 0x20, 0x71, 0x2d,
    0x34, 0x31, 0x20, 0x30, 0x20, 0x2d, 0x37, 0x30, 0x2e, 0x35, 0x20, 0x32, 0x39, 0x2e, 0x35, 0x74,
    0x2d, 0x32, 0x39, 0x2e, 0x35, 0x20, 0x37, 0x30, 0x2e, 0x35, 0x76, 0x32, 0x30, 0x30, 0x68, 0x31,
    0x32, 0x30, 0x30, 0x7a, 0x22, 0x20, 0x2f, 0x3e, 0x0a, 0x3c, 0x67, 0x6c, 0x79, 0x70, 0x68, 0x20,
    0x75, 0x6e, 0x69, 0x63, 0x6f, 0x64, 0x65, 0x3d, 0x22, 0x26, 0x23, 0x78, 0x65, 0x31, 0x34, 0x30,
    0x3b, 0x22, 0x20, 0x64, 0x3d, 0x22, 0x4d, 0x35, 0x30, 0x20, 0x31, 0x32, 0x30, 0x30, 0x68, 0x33,
    0x30, 0x30, 0x71, 0x32, 0x31, 0x20, 0x30, 0x20, 0x32, 0x35, 0x20, 0x2d, 0x31, 0x30, 0x2e, 0x35,
    0x74, 0x2d, 0x31, 0x30, 0x20, 0x2d, 0x32, 0x34, 0x2e, 0x35, 0x6c, 0x2d, 0x39, 0x34, 0x20, 0x2d,
    0x39, 0x34, 0x6c, 0x31, 0x39, 0x39, 0x20, 0x2d, 0x31, 0x39, 0x39, 0x71, 0x37, 0x20, 0x2d, 0x38,
    0x20, 0x37, 0x20, 0x2d, 0x31, 0x38, 0x74, 0x2d, 0x37, 0x20, 0x2d, 0x31, 0x38, 0x6c, 0x2d, 0x31,
    0x30, 0x36, 0x20, 0x2d, 0x31, 0x30, 0x36, 0x71, 0x2d, 0x38, 0x20, 0x2d, 0x37, 0x20, 0x2d, 0x31,
    0x38, 0x20, 0x2d, 0x37, 0x74, 0x2d, 0x31, 0x38, 0x20, 0x37, 0x6c, 0x2d, 0x31, 0x39, 0x39, 0x20,
    0x31, 0x39, 0x39, 0x6c, 0x2d, 0x39, 0x34, 0x20, 0x2d, 0x39, 0x34, 0x71, 0x2d, 0x31, 0x34, 0x20,
    0x2d, 0x31, 0x34, 0x20, 0x2d, 0x32, 0x34, 0x2e, 0x35, 0x20, 0x2d, 0x31, 0x30, 0x74, 0x2d, 0x31,
    0x30, 0x2e, 0x35, 0x20, 0x32, 0x35, 0x76, 0x33, 0x30, 0x30, 0x71, 0x30, 0x20, 0x32, 0x31, 0x20,
    0x31, 0x34, 0x2e, 0x35, 0x20, 0x33, 0x35, 0x2e, 0x35, 0x74, 0x33, 0x35, 0x2e, 0x35, 0x20, 0x31,
    0x34, 0x2e, 0x35, 0x7a, 0x4d, 0x38, 0x35, 0x30, 0x20, 0x31, 0x32, 0x30, 0x30, 0x68, 0x33, 0x30,
    0x30, 0x71, 0x32, 0x31, 0x20, 0x30, 0x20, 0x33, 0x35, 0x2e, 0x35, 0x20, 0x2d, 0x31, 0x34, 0x2e,
    0x35, 0x74, 0x31, 0x34, 0x2e, 0x35, 0x20, 0x2d, 0x33, 0x35, 0x2e, 0x35, 0x76, 0x2d, 0x33, 0x30,
    0x30, 0x71, 0x30, 0x20, 0x2d, 0x32, 0x31, 0x20, 0x2d, 0x31, 0x30, 0x2e, 0x35, 0x20, 0x2d, 0x32,
    0x35, 0x74, 0x2d, 0x32, 0x34, 0x2e, 0x35, 0x20, 0x31, 0x30, 0x6c, 0x2d, 0x39, 0x34, 0x20, 0x39,
    0x34, 0x20, 0x6c, 0x2d, 0x31, 0x39, 0x39, 0x20, 0x2d, 0x31, 0x39, 0x39, 0x71, 0x2d, 0x38, 0x20,
    0x2d, 0x37, 0x20, 0x2d, 0x31, 0x38, 0x20, 0x2d, 0x37, 0x74, 0x2d, 0x31, 0x38, 0x20, 0x37, 0x6c,
    0x2d, 0x31, 0x30, 0x36, 0x20, 0x31, 0x30, 0x36, 0x71, 0x2d, 0x37, 0x20, 0x38, 0x20, 0x2d, 0x37,
    0x20, 0x31, 0x38, 0x74, 0x37, 0x20, 0x31, 0x38, 0x6c, 0x31, 0x39, 0x39, 0x20, 0x31, 0x39, 0x39,
    0x6c, 0x2d, 0x39, 0x34, 0x20, 0x39, 0x34, 0x71, 0x2d, 0x31, 0x34, 0x20, 0x31, 0x34, 0x20, 0x2d,
    0x31, 0x30, 0x20, 0x32, 0x34, 0x2e, 0x35, 0x74, 0x32, 0x35, 0x20, 0x31, 0x30, 0x2e, 0x35, 0x7a,
    0x4d, 0x33, 0x36, 0x34, 0x20, 0x34, 0x37, 0x30, 0x6c, 0x31, 0x30, 0x36, 0x20, 0x2d, 0x31, 0x30,
    0x36, 0x71, 0x37, 0x20, 0x2d, 0x38, 0x20, 0x37, 0x20, 0x2d, 0x31, 0x38, 0x74, 0x2d, 0x37, 0x20,
    0x2d, 0x31, 0x38, 0x6c, 0x2d, 0x31, 0x39, 0x39, 0x20, 0x2d, 0x31, 0x39, 0x39, 0x6c, 0x39, 0x34,
    0x20, 0x2d, 0x39, 0x34, 0x71, 0x31, 0x34, 0x20, 0x2d, 0x31, 0x34, 0x20, 0x31, 0x30, 0x20, 0x2d,
    0x32, 0x34, 0x2e, 0x35, 0x74, 0x2d, 0x32, 0x35, 0x20, 0x2d, 0x31, 0x30, 0x2e, 0x35, 0x68, 0x2d,
    0x33, 0x30, 0x30, 0x71, 0x2d, 0x32, 0x31, 0x20, 0x30, 0x20, 0x2d, 0x33, 0x35, 0x2e, 0x35, 0x20,
    0x31, 0x34, 0x2e, 0x35, 0x74, 0x2d, 0x31, 0x34, 0x2e, 0x35, 0x20, 0x33, 0x35, 0x2e, 0x35, 0x76,
    0x33, 0x30, 0x30, 0x71, 0x30, 0x20, 0x32, 0x31, 0x20, 0x31, 0x30, 0x2e, 0x35, 0x20, 0x32, 0x35,
    0x74, 0x32, 0x34, 0x2e, 0x35, 0x20, 0x2d, 0x31, 0x30, 0x6c, 0x39, 0x34, 0x20, 0x2d, 0x39, 0x34,
    0x6c, 0x31, 0x39, 0x39, 0x20, 0x31, 0x39, 0x39, 0x20, 0x71, 0x38, 0x20, 0x37, 0x20, 0x31, 0x38,
    0x20, 0x37, 0x74, 0x31, 0x38, 0x20, 0x2d, 0x37, 0x7a, 0x4d, 0x31, 0x30, 0x37, 0x31, 0x20, 0x32,
    0x37, 0x31, 0x6c, 0x39, 0x34, 0x20, 0x39, 0x34, 0x71, 0x31, 0x34, 0x20, 0x31, 0x34, 0x20, 0x32,
    0x34, 0x2e, 0x35, 0x20, 0x31, 0x30, 0x74, 0x31, 0x30, 0x2e, 0x35, 0x20, 0x2d, 0x32, 0x35, 0x76,
    0x2d, 0x33, 0x30, 0x30, 0x71, 0x30, 0x20, 0x2d, 0x32, 0x31, 0x20, 0x2d, 0x31, 0x34, 0x2e, 0x35,
    0x20, 0x2d, 0x33, 0x35, 0x2e, 0x35, 0x74, 0x2d, 0x33, 0x35, 0x2e, 0x35, 0x20, 0x2d, 0x31, 0x34,
    0x2e, 0x35, 0x68, 0x2d, 0x33, 0x30, 0x30, 0x71, 0x2d, 0x32, 0x31, 0x20, 0x30, 0x20, 0x2d, 0x32,
    0x35, 0x20, 0x31, 0x30, 0x2e, 0x35, 0x74, 0x31, 0x30, 0x20, 0x32, 0x34, 0x2e, 0x35, 0x6c, 0x39,
    0x34, 0x20, 0x39, 0x34, 0x6c, 0x2d, 0x31, 0x39, 0x39, 0x20, 0x31, 0x39, 0x39, 0x71, 0x2d, 0x37,
    0x20, 0x38, 0x20, 0x2d, 0x37, 0x20, 0x31, 0x38, 0x74, 0x37, 0x20, 0x31, 0x38, 0x6c, 0x31, 0x30,
    0x36, 0x20, 0x31, 0x30, 0x36, 0x71, 0x38, 0x20, 0x37, 0x20, 0x31, 0x38, 0x20, 0x37, 0x74, 0x31,
    0x38, 0x20, 0x2d, 0x37, 0x7a, 0x22, 0x20, 0x2f, 0x3e, 0x0a, 0x3c, 0x67, 0x6c, 0x79, 0x70, 0x68,
    0x20, 0x75, 0x6e, 0x69, 0x63, 0x6f, 0x64, 0x65, 0x3d, 0x22, 0x26, 0x23, 0x78, 0x65, 0x31, 0x34,
    0x31, 0x3b, 0x22, 0x20, 0x64, 0x3d, 0x22, 0x4d, 0x35, 0x39, 0x36, 0x20, 0x31, 0x31, 0x39, 0x32,
    0x71, 0x31, 0x32, 0x31, 0x20, 0x30, 0x20, 0x32, 0x33, 0x31, 0x2e, 0x35, 0x20, 0x2d, 0x34, 0x37,
    0x2e, 0x35, 0x74, 0x31, 0x39, 0x30, 0x20, 0x2d, 0x31, 0x32, 0x37, 0x74, 0x31, 0x32, 0x37, 0x20,
    0x2d, 0x31, 0x39, 0x30, 0x74, 0x34, 0x37, 0x2e, 0x35, 0x20, 0x2d, 0x32, 0x33, 0x31, 0x2e, 0x35,
    0x74, 0x2d, 0x34, 0x37, 0x2e, 0x35, 0x20, 0x2d, 0x32, 0x33, 0x31, 0x2e, 0x35, 0x74, 0x2d, 0x31,
    0x32, 0x37, 0x20, 0x2d, 0x31, 0x39, 0x30, 0x2e, 0x35, 0x74, 0x2d, 0x31, 0x39, 0x30, 0x20, 0x2d,
    0x31, 0x32, 0x37, 0x74, 0x2d, 0x32, 0x33, 0x31, 0x2e, 0x35, 0x20, 0x2d, 0x34, 0x37, 0x74, 0x2d,
    0x32, 0x33, 0x31, 0x2e, 0x35, 0x20, 0x34, 0x37, 0x74, 0x2d, 0x31, 0x39, 0x30, 0x2e, 0x35, 0x20,
    0x31, 0x32, 0x37, 0x74, 0x2d, 0x31, 0x32, 0x37, 0x20, 0x31, 0x39, 0x30, 0x2e, 0x35, 0x74, 0x2d,
    0x34, 0x37, 0x20, 0x32, 0x33, 0x31, 0x2e, 0x35, 0x74, 0x34, 0x37, 0x20, 0x32, 0x33, 0x31, 0x2e,
    0x35, 0x74, 0x31, 0x32, 0x37, 0x20, 0x31, 0x39, 0x30, 0x74, 0x31, 0x39, 0x30, 0x2e, 0x35, 0x20,
    0x31, 0x32, 0x37, 0x74, 0x32, 0x33, 0x31, 0x2e, 0x35, 0x20, 0x34, 0x37, 0x2e, 0x35, 0x7a, 0x4d,
    0x35, 0x39, 0x36, 0x20, 0x31, 0x30, 0x31, 0x30, 0x71, 0x2d, 0x31, 0x31, 0x32, 0x20, 0x30, 0x20,
    0x2d, 0x32, 0x30, 0x37, 0x2e, 0x35, 0x20, 0x2d, 0x35, 0x35, 0x2e, 0x35, 0x74, 0x2d, 0x31, 0x35,
    0x31, 0x20, 0x2d, 0x31, 0x35, 0x31, 0x74, 0x2d, 0x35, 0x35, 0x2e, 0x35, 0x20, 0x2d, 0x32, 0x30,
    0x37, 0x2e, 0x35, 0x74, 0x35, 0x35, 0x2e, 0x35, 0x20, 0x2d, 0x32, 0x30, 0x37, 0x2e, 0x35, 0x20,
    0x74, 0x31, 0x35, 0x31, 0x20, 0x2d, 0x31, 0x35, 0x31, 0x74, 0x32, 0x30, 0x37, 0x2e, 0x35, 0x20,
    0x2d, 0x35, 0x35, 0x2e, 0x35, 0x74, 0x32, 0x30, 0x37, 0x2e, 0x35, 0x20, 0x35, 0x35, 0x2e, 0x35,
    0x74, 0x31, 0x35, 0x31, 0x20, 0x31, 0x35, 0x31, 0x74, 0x35, 0x35, 0x2e, 0x35, 0x20, 0x32, 0x30,
    0x37, 0x2e, 0x35, 0x74, 0x2d, 0x35, 0x35, 0x2e, 0x35, 0x20, 0x32, 0x30, 0x37, 0x2e, 0x35, 0x74,
    0x2d, 0x31, 0x35, 0x31, 0x20, 0x31, 0x35, 0x31, 0x74, 0x2d, 0x32, 0x30, 0x37, 0x2e, 0x35, 0x20,
    0x35, 0x35, 0x2e, 0x35, 0x7a, 0x4d, 0x34, 0x35, 0x34, 0x2e, 0x35, 0x20, 0x39, 0x30, 0x35, 0x71,
    0x32, 0x32, 0x2e, 0x35, 0x20, 0x30, 0x20, 0x33, 0x38, 0x2e, 0x35, 0x20, 0x2d, 0x31, 0x36, 0x74,
    0x31, 0x36, 0x20, 0x2d, 0x33, 0x38, 0x2e, 0x35, 0x74, 0x2d, 0x31, 0x36, 0x20, 0x2d, 0x33, 0x39,
    0x74, 0x2d, 0x33, 0x38, 0x2e, 0x35, 0x20, 0x2d, 0x31, 0x36, 0x2e, 0x35, 0x74, 0x2d, 0x33, 0x38,
    0x2e, 0x35, 0x20, 0x31, 0x36, 0x2e, 0x35, 0x74, 0x2d, 0x31, 0x36, 0x20, 0x33, 0x39, 0x74, 0x31,
    0x36, 0x20, 0x33, 0x38, 0x2e, 0x35, 0x74, 0x33, 0x38, 0x2e, 0x35, 0x20, 0x31, 0x36, 0x7a, 0x4d,
    0x37, 0x35, 0x34, 0x2e, 0x35, 0x20, 0x39, 0x30, 0x35, 0x71, 0x32, 0x32, 0x2e, 0x35, 0x20, 0x30,
    0x20, 0x33, 0x38, 0x2e, 0x35, 0x20, 0x2d, 0x31, 0x36, 0x74, 0x31, 0x36, 0x20, 0x2d, 0x33, 0x38,
    0x2e, 0x35, 0x74, 0x2d, 0x31, 0x36, 0x20, 0x2d, 0x33, 0x39, 0x74, 0x2d, 0x33, 0x38, 0x20, 0x2d,
    0x31, 0x36, 0x2e, 0x35, 0x71, 0x2d, 0x31, 0x34, 0x20, 0x30, 0x20, 0x2d, 0x32, 0x39, 0x20, 0x31,
    0x30, 0x6c, 0x2d, 0x35, 0x35, 0x20, 0x2d, 0x31, 0x34, 0x35, 0x20, 0x71, 0x31, 0x37, 0x20, 0x2d,
    0x32, 0x33, 0x20, 0x31, 0x37, 0x20, 0x2d, 0x35, 0x31, 0x71, 0x30, 0x20, 0x2d, 0x33, 0x36, 0x20,
    0x2d, 0x32, 0x35, 0x2e, 0x35, 0x20, 0x2d, 0x36, 0x31, 0x2e, 0x35, 0x74, 0x2d, 0x36, 0x31, 0x2e,
    0x35, 0x20, 0x2d, 0x32, 0x35, 0x2e, 0x35, 0x74, 0x2d, 0x36, 0x31, 0x2e, 0x35, 0x20, 0x32, 0x35,
    0x2e, 0x35, 0x74, 0x2d, 0x32, 0x35, 0x2e, 0x35, 0x20, 0x36, 0x31, 0x2e, 0x35, 0x71, 0x30, 0x20,
    0x33, 0x32, 0x20, 0x32, 0x30, 0x2e, 0x35, 0x20, 0x35, 0x36, 0x2e, 0x35, 0x74, 0x35, 0x31, 0x2e,
    0x35, 0x20, 0x32, 0x39, 0x2e, 0x35, 0x6c, 0x31, 0x32, 0x32, 0x20, 0x31, 0x32, 0x36, 0x6c, 0x31,
    0x20, 0x31, 0x71, 0x2d, 0x39, 0x20, 0x31, 0x34, 0x20, 0x2d, 0x39, 0x20, 0x32, 0x38, 0x71, 0x30,
    0x20, 0x32, 0x33, 0x20, 0x31, 0x36, 0x20, 0x33, 0x39, 0x74, 0x33, 0x38, 0x2e, 0x35, 0x20, 0x31,
    0x36, 0x7a, 0x4d, 0x33, 0x34, 0x35, 0x2e, 0x35, 0x20, 0x37, 0x30, 0x39, 0x71, 0x32, 0x32, 0x2e,
    0x35, 0x20, 0x30, 0x20, 0x33, 0x38, 0x2e, 0x35, 0x20, 0x2d, 0x31, 0x36, 0x74, 0x31, 0x36, 0x20,
    0x2d, 0x33, 0x38, 0x2e, 0x35, 0x74, 0x2d, 0x31, 0x36, 0x20, 0x2d, 0x33, 0x38, 0x2e, 0x35, 0x74,
    0x2d, 0x33, 0x38, 0x2e, 0x35, 0x20, 0x2d, 0x31, 0x36, 0x74, 0x2d, 0x33, 0x38, 0x2e, 0x35, 0x20,
    0x31, 0x36, 0x74, 0x2d, 0x31, 0x36, 0x20, 0x33, 0x38, 0x2e, 0x35, 0x74, 0x31, 0x36, 0x20, 0x33,
    0x38, 0x2e, 0x35, 0x74, 0x33, 0x38, 0x2e, 0x35, 0x20, 0x31, 0x36, 0x7a, 0x4d, 0x38, 0x35, 0x34,
    0x2e, 0x35, 0x20, 0x37, 0x30, 0x39, 0x71, 0x32, 0x32, 0x2e, 0x35, 0x20, 0x30, 0x20, 0x33, 0x38,
    0x2e, 0x35, 0x20, 0x2d, 0x31, 0x36, 0x20, 0x74, 0x31, 0x36, 0x20, 0x2d, 0x33, 0x38, 0x2e, 0x35,
    0x74, 0x2d, 0x31, 0x36, 0x20, 0x2d, 0x33, 0x38, 0x2e, 0x35, 0x74, 0x2d, 0x33, 0x38, 0x2e, 0x35,
    0x20, 0x2d, 0x31, 0x36, 0x74, 0x2d, 0x33, 0x38, 0x2e, 0x35, 0x20, 0x31, 0x36, 0x74, 0x2d, 0x31,
    0x36, 0x20, 0x33, 0x38, 0x2e, 0x35, 0x74, 0x31, 0x36, 0x20, 0x33, 0x38, 0x2e, 0x35, 0x74, 0x33,
    0x38, 0x2e, 0x35, 0x20, 0x31, 0x36, 0x7a, 0x22, 0x20, 0x2f, 0x3e, 0x0a, 0x3c, 0x67, 0x6c, 0x79,
    0x70, 0x68, 0x20, 0x75, 0x6e, 0x69, 0x63, 0x6f, 0x64, 0x65, 0x3d, 0x22, 0x26, 0x23, 0x78, 0x65,
    0x31, 0x34, 0x32, 0x3b, 0x22, 0x20, 0x64, 0x3d, 0x22, 0x4d, 0x35, 0x34, 0x36, 0x20, 0x31, 0x37,
    0x33, 0x6c, 0x34, 0x36, 0x39, 0x20, 0x34, 0x37, 0x30, 0x71, 0x39, 0x31, 0x20, 0x39, 0x31, 0x20,
    0x39, 0x39, 0x20, 0x31, 0x39, 0x32, 0x71, 0x37, 0x20, 0x39, 0x38, 0x20, 0x2d, 0x35, 0x32, 0x20,
    0x31, 0x37, 0x35, 0x2e, 0x35, 0x74, 0x2d, 0x31, 0x35, 0x34, 0x20, 0x39, 0x34, 0x2e, 0x35, 0x71,
    0x2d, 0x32, 0x32, 0x20, 0x34, 0x20, 0x2d, 0x34, 0x37, 0x20, 0x34, 0x71, 0x2d, 0x33, 0x34, 0x20,
    0x30, 0x20, 0x2d, 0x36, 0x36, 0x2e, 0x35, 0x20, 0x2d, 0x31, 0x30, 0x74, 0x2d, 0x35, 0x36, 0x2e,
    0x35, 0x20, 0x2d, 0x32, 0x33, 0x74, 0x2d, 0x35, 0x35, 0x2e, 0x35, 0x20, 0x2d, 0x33, 0x38, 0x74,
    0x2d, 0x34, 0x38, 0x20, 0x2d, 0x34, 0x31, 0x2e, 0x35, 0x74, 0x2d, 0x34, 0x38, 0x2e, 0x35, 0x20,
    0x2d, 0x34, 0x37, 0x2e, 0x35, 0x71, 0x2d, 0x33, 0x37, 0x36, 0x20, 0x2d, 0x33, 0x37, 0x35, 0x20,
    0x2d, 0x33, 0x39, 0x31, 0x20, 0x2d, 0x33, 0x39, 0x30, 0x71, 0x2d, 0x33, 0x30, 0x20, 0x2d, 0x32,
    0x37, 0x20, 0x2d, 0x34, 0x35, 0x20, 0x2d, 0x34, 0x31, 0x2e, 0x35, 0x74, 0x2d, 0x33, 0x37, 0x2e,
    0x35, 0x20, 0x2d, 0x34, 0x31, 0x74, 0x2d, 0x33, 0x32, 0x20, 0x2d, 0x34, 0x36, 0x2e, 0x35, 0x74,
    0x2d, 0x31, 0x36, 0x20, 0x2d, 0x34, 0x37, 0x2e, 0x35, 0x74, 0x2d, 0x31, 0x2e, 0x35, 0x20, 0x2d,
    0x35, 0x36, 0x2e, 0x35, 0x71, 0x39, 0x20, 0x2d, 0x36, 0x32, 0x20, 0x35, 0x33, 0x2e, 0x35, 0x20,
    0x2d, 0x39, 0x35, 0x74, 0x39, 0x39, 0x2e, 0x35, 0x20, 0x2d, 0x33, 0x33, 0x71, 0x37, 0x34, 0x20,
    0x30, 0x20, 0x31, 0x32, 0x35, 0x20, 0x35, 0x31, 0x6c, 0x35, 0x34, 0x38, 0x20, 0x35, 0x34, 0x38,
    0x20, 0x71, 0x33, 0x36, 0x20, 0x33, 0x36, 0x20, 0x32, 0x30, 0x20, 0x37, 0x35, 0x71, 0x2d, 0x37,
    0x20, 0x31, 0x36, 0x20, 0x2d, 0x32, 0x31, 0x2e, 0x35, 0x20, 0x32, 0x36, 0x74, 0x2d, 0x33, 0x32,
    0x2e, 0x35, 0x20, 0x31, 0x30, 0x71, 0x2d, 0x32, 0x36, 0x20, 0x30, 0x20, 0x2d, 0x35, 0x30, 0x20,
    0x2d, 0x32, 0x33, 0x71, 0x2d, 0x31, 0x33, 0x20, 0x2d, 0x31, 0x32, 0x20, 0x2d, 0x33, 0x39, 0x20,
    0x2d, 0x33, 0x38, 0x6c, 0x2d, 0x33, 0x34, 0x31, 0x20, 0x2d, 0x33, 0x33, 0x38, 0x71, 0x2d, 0x31,
    0x35, 0x20, 0x2d, 0x31, 0x35, 0x20, 0x2d, 0x33, 0x35, 0x2e, 0x35, 0x20, 0x2d, 0x31, 0x35, 0x2e,
    0x35, 0x74, 0x2d, 0x33, 0x34, 0x2e, 0x35, 0x20, 0x31, 0x33, 0x2e, 0x35, 0x74, 0x2d, 0x31, 0x34,
    0x20, 0x33, 0x34, 0x2e, 0x35, 0x74, 0x31, 0x34, 0x20, 0x33, 0x34, 0x2e, 0x35, 0x71, 0x33, 0x32,
    0x37, 0x20, 0x33, 0x33, 0x33, 0x20, 0x33, 0x36, 0x31, 0x20, 0x33, 0x36, 0x37, 0x71, 0x33, 0x35,
    0x20, 0x33, 0x35, 0x20, 0x36, 0x37, 0x2e, 0x35, 0x20, 0x35, 0x31, 0x2e, 0x35, 0x74, 0x37, 0x38,
    0x2e, 0x35, 0x20, 0x31, 0x36, 0x2e, 0x35, 0x71, 0x31, 0x34, 0x20, 0x30, 0x20, 0x32, 0x39, 0x20,
    0x2d, 0x31, 0x71, 0x34, 0x34, 0x20, 0x2d, 0x38, 0x20, 0x37, 0x34, 0x2e, 0x35, 0x20, 0x2d, 0x33,
    0x35, 0x2e, 0x35, 0x74, 0x34, 0x33, 0x2e, 0x35, 0x20, 0x2d, 0x36, 0x38, 0x2e, 0x35, 0x71, 0x31,
    0x34, 0x20, 0x2d, 0x34, 0x37, 0x20, 0x32, 0x20, 0x2d, 0x39, 0x36, 0x2e, 0x35, 0x74, 0x2d, 0x34,
    0x37, 0x20, 0x2d, 0x38, 0x34, 0x2e, 0x35, 0x71, 0x2d, 0x31, 0x32, 0x20, 0x2d, 0x31, 0x31, 0x20,
    0x2d, 0x33, 0x32, 0x20, 0x2d, 0x33, 0x32, 0x20, 0x74, 0x2d, 0x37, 0x39, 0x2e, 0x35, 0x20, 0x2d,
    0x38, 0x31, 0x74, 0x2d, 0x31, 0x31, 0x34, 0x2e, 0x35, 0x20, 0x2d, 0x31, 0x31, 0x35, 0x74, 0x2d,
    0x31, 0x32, 0x34, 0x2e, 0x35, 0x20, 0x2d, 0x31, 0x32, 0x33, 0x2e, 0x35, 0x74, 0x2d, 0x31, 0x32,
    0x33, 0x20, 0x2d, 0x31, 0x31, 0x39, 0x2e, 0x35, 0x74, 0x2d, 0x39, 0x36, 0x2e, 0x35, 0x20, 0x2d,
    0x38, 0x39, 0x74, 0x2d, 0x35, 0x37, 0x20, 0x2d, 0x34, 0x35, 0x71, 0x2d, 0x35, 0x36, 0x20, 0x2d,
    0x32, 0x37, 0x20, 0x2d, 0x31, 0x32, 0x30, 0x20, 0x2d, 0x32, 0x37, 0x71, 0x2d, 0x37, 0x30, 0x20,
    0x30, 0x20, 0x2d, 0x31, 0x32, 0x39, 0x20, 0x33, 0x32, 0x74, 0x2d, 0x39, 0x33, 0x20, 0x38, 0x39,
    0x71, 0x2d, 0x34, 0x38, 0x20, 0x37, 0x38, 0x20, 0x2d, 0x33, 0x35, 0x20, 0x31, 0x37, 0x33, 0x74,
    0x38, 0x31, 0x20, 0x31, 0x36, 0x33, 0x6c, 0x35, 0x31, 0x31, 0x20, 0x35, 0x31, 0x31, 0x71, 0x37,
    0x31, 0x20, 0x37, 0x32, 0x20, 0x31, 0x31, 0x31, 0x20, 0x39, 0x36, 0x71, 0x39, 0x31, 0x20, 0x35,
    0x35, 0x20, 0x31, 0x39, 0x38, 0x20, 0x35, 0x35, 0x71, 0x38, 0x30, 0x20, 0x30, 0x20, 0x31, 0x35,
    0x32, 0x20, 0x2d, 0x33, 0x33, 0x71, 0x37, 0x38, 0x20, 0x2d, 0x33, 0x36, 0x20, 0x31, 0x32, 0x39,
    0x2e, 0x35, 0x20, 0x2d, 0x31, 0x30, 0x33, 0x74, 0x36, 0x36, 0x2e, 0x35, 0x20, 0x2d, 0x31, 0x35,
    0x34, 0x71, 0x31, 0x37, 0x20, 0x2d, 0x39, 0x33, 0x20, 0x2d, 0x31, 0x31, 0x20, 0x2d, 0x31, 0x38,
    0x33, 0x2e, 0x35, 0x74, 0x2d, 0x39, 0x34, 0x20, 0x2d, 0x31, 0x35, 0x36, 0x2e, 0x35, 0x6c, 0x2d,
    0x34, 0x38, 0x32, 0x20, 0x2d, 0x34, 0x37, 0x36, 0x20, 0x71, 0x2d, 0x31, 0x35, 0x20, 0x2d, 0x31,
    0x35, 0x20, 0x2d, 0x33, 0x36, 0x20, 0x2d, 0x31, 0x36, 0x74, 0x2d, 0x33, 0x37, 0x20, 0x31, 0x34,
    0x74, 0x2d, 0x31, 0x37, 0x2e, 0x35, 0x20, 0x33, 0x34, 0x74, 0x31, 0x34, 0x2e, 0x35, 0x20, 0x33,
    0x35, 0x7a, 0x22, 0x20, 0x2f, 0x3e, 0x0a, 0x3c, 0x67, 0x6c, 0x79, 0x70, 0x68, 0x20, 0x75, 0x6e,
    0x69, 0x63, 0x6f, 0x64, 0x65, 0x3d, 0x22, 0x26, 0x23, 0x78, 0x65, 0x31, 0x34, 0x33, 0x3b, 0x22,
    0x20, 0x64, 0x3d, 0x22, 0x4d, 0x36, 0x34, 0x39, 0x20, 0x39, 0x34, 0x39, 0x71, 0x34, 0x38, 0x20,
    0x36, 0x38, 0x20, 0x31, 0x30, 0x39, 0x2e, 0x35, 0x20, 0x31, 0x30, 0x34, 0x74, 0x31, 0x32, 0x31,
    0x2e, 0x35, 0x20, 0x33, 0x38, 0x2e, 0x35, 0x74, 0x31, 0x31, 0x38, 0x2e, 0x35, 0x20, 0x2d, 0x32,
    0x30, 0x74, 0x31, 0x30, 0x32, 0x2e, 0x35, 0x20, 0x2d, 0x36, 0x34, 0x74, 0x37, 0x31, 0x20, 0x2d,
    0x31, 0x30, 0x30, 0x2e, 0x35, 0x74, 0x32, 0x37, 0x20, 0x2d, 0x31, 0x32, 0x33, 0x71, 0x30, 0x20,
    0x2d, 0x35, 0x37, 0x20, 0x2d, 0x33, 0x33, 0x2e, 0x35, 0x20, 0x2d, 0x31, 0x31, 0x37, 0x2e, 0x35,
    0x74, 0x2d, 0x39, 0x34, 0x20, 0x2d, 0x31, 0x32, 0x34, 0x2e, 0x35, 0x74, 0x2d, 0x31, 0x32, 0x36,
    0x2e, 0x35, 0x20, 0x2d, 0x31, 0x32, 0x37, 0x2e, 0x35, 0x74, 0x2d, 0x31, 0x35, 0x30, 0x20, 0x2d,
    0x31, 0x35, 0x32, 0x2e, 0x35, 0x74, 0x2d, 0x31, 0x34, 0x36, 0x20, 0x2d, 0x31, 0x37, 0x34, 0x71,
    0x2d, 0x36, 0x32, 0x20, 0x38, 0x35, 0x20, 0x2d, 0x31, 0x34, 0x35, 0x2e, 0x35, 0x20, 0x31, 0x37,
    0x34, 0x74, 0x2d, 0x31, 0x35, 0x30, 0x20, 0x31, 0x35, 0x32, 0x2e, 0x35, 0x74, 0x2d, 0x31, 0x32,
    0x36, 0x2e, 0x35, 0x20, 0x31, 0x32, 0x37, 0x2e, 0x35, 0x74, 0x2d, 0x39, 0x33, 0x2e, 0x35, 0x20,
    0x31, 0x32, 0x34, 0x2e, 0x35, 0x74, 0x2d, 0x33, 0x33, 0x2e, 0x35, 0x20, 0x31, 0x31, 0x37, 0x2e,
    0x35, 0x71, 0x30, 0x20, 0x36, 0x34, 0x20, 0x32, 0x38, 0x20, 0x31, 0x32, 0x33, 0x74, 0x37, 0x33,
    0x20, 0x31, 0x30, 0x30, 0x2e, 0x35, 0x74, 0x31, 0x30, 0x34, 0x20, 0x36, 0x34, 0x74, 0x31, 0x31,
    0x39, 0x20, 0x32, 0x30, 0x20, 0x74, 0x31, 0x32, 0x30, 0x2e, 0x35, 0x20, 0x2d, 0x33, 0x38, 0x2e,
    0x35, 0x74, 0x31, 0x30, 0x34, 0x2e, 0x35, 0x20, 0x2d, 0x31, 0x30, 0x34, 0x7a, 0x4d, 0x38, 0x39,
    0x36, 0x20, 0x39, 0x37, 0x32, 0x71, 0x2d, 0x33, 0x33, 0x20, 0x30, 0x20, 0x2d, 0x36, 0x34, 0x2e,
    0x35, 0x20, 0x2d, 0x31, 0x39, 0x74, 0x2d, 0x35, 0x36, 0x2e, 0x35, 0x20, 0x2d, 0x34, 0x36, 0x74,
    0x2d, 0x34, 0x37, 0x2e, 0x35, 0x20, 0x2d, 0x35, 0x33, 0x2e, 0x35, 0x74, 0x2d, 0x34, 0x33, 0x2e,
    0x35, 0x20, 0x2d, 0x34, 0x35, 0x2e, 0x35, 0x74, 0x2d, 0x33, 0x37, 0x2e, 0x35, 0x20, 0x2d, 0x31,
    0x39, 0x74, 0x2d, 0x33, 0x36, 0x20, 0x31, 0x39, 0x74, 0x2d, 0x34, 0x30, 0x20, 0x34, 0x35, 0x2e,
    0x35, 0x74, 0x2d, 0x34, 0x33, 0x20, 0x35, 0x33, 0x2e, 0x35, 0x74, 0x2d, 0x35, 0x34, 0x20, 0x34,
    0x36, 0x74, 0x2d, 0x36, 0x35, 0x2e, 0x35, 0x20, 0x31, 0x39, 0x71, 0x2d, 0x36, 0x37, 0x20, 0x30,
    0x20, 0x2d, 0x31, 0x32, 0x32, 0x2e, 0x35, 0x20, 0x2d, 0x35, 0x35, 0x2e, 0x35, 0x74, 0x2d, 0x35,
    0x35, 0x2e, 0x35, 0x20, 0x2d, 0x31, 0x33, 0x32, 0x2e, 0x35, 0x71, 0x30, 0x20, 0x2d, 0x32, 0x33,
    0x20, 0x31, 0x33, 0x2e, 0x35, 0x20, 0x2d, 0x35, 0x31, 0x74, 0x34, 0x36, 0x20, 0x2d, 0x36, 0x35,
    0x74, 0x35, 0x37, 0x2e, 0x35, 0x20, 0x2d, 0x36, 0x33, 0x74, 0x37, 0x36, 0x20, 0x2d, 0x37, 0x35,
    0x6c, 0x32, 0x32, 0x20, 0x2d, 0x32, 0x32, 0x71, 0x31, 0x35, 0x20, 0x2d, 0x31, 0x34, 0x20, 0x34,
    0x34, 0x20, 0x2d, 0x34, 0x34, 0x74, 0x35, 0x30, 0x2e, 0x35, 0x20, 0x2d, 0x35, 0x31, 0x74, 0x34,
    0x36, 0x20, 0x2d, 0x34, 0x34, 0x74, 0x34, 0x31, 0x20, 0x2d, 0x33, 0x35, 0x74, 0x32, 0x33, 0x20,
    0x2d, 0x31, 0x32, 0x20, 0x74, 0x32, 0x33, 0x2e, 0x35, 0x20, 0x31, 0x32, 0x74, 0x34, 0x32, 0x2e,
    0x35, 0x20, 0x33, 0x36, 0x74, 0x34, 0x36, 0x20, 0x34, 0x34, 0x74, 0x35, 0x32, 0x2e, 0x35, 0x20,
    0x35, 0x32, 0x74, 0x34, 0x34, 0x20, 0x34, 0x33, 0x71, 0x34, 0x20, 0x34, 0x20, 0x31, 0x32, 0x20,
    0x31, 0x33, 0x71, 0x34, 0x33, 0x20, 0x34, 0x31, 0x20, 0x36, 0x33, 0x2e, 0x35, 0x20, 0x36, 0x32,
    0x74, 0x35, 0x32, 0x20, 0x35, 0x35, 0x74, 0x34, 0x36, 0x20, 0x35, 0x35, 0x74, 0x32, 0x36, 0x20,
    0x34, 0x36, 0x74, 0x31, 0x31, 0x2e, 0x35, 0x20, 0x34, 0x34, 0x71, 0x30, 0x20, 0x37, 0x39, 0x20,
    0x2d, 0x35, 0x33, 0x20, 0x31, 0x33, 0x33, 0x2e, 0x35, 0x74, 0x2d, 0x31, 0x32, 0x30, 0x20, 0x35,
    0x34, 0x2e, 0x35, 0x7a, 0x22, 0x20, 0x2f, 0x3e, 0x0a, 0x3c, 0x67, 0x6c, 0x79, 0x70, 0x68, 0x20,
    0x75, 0x6e, 0x69, 0x63, 0x6f, 0x64, 0x65, 0x3d, 0x22, 0x26, 0x23, 0x78, 0x65, 0x31, 0x34, 0x34,
    0x3b, 0x22, 0x20, 0x64, 0x3d, 0x22, 0x4d, 0x37, 0x37, 0x36, 0x2e, 0x35, 0x20, 0x31, 0x32, 0x31,
    0x34, 0x71, 0x39, 0x33, 0x2e, 0x35, 0x20, 0x30, 0x20, 0x31, 0x35, 0x39, 0x2e, 0x35, 0x20, 0x2d,
    0x36, 0x36, 0x6c, 0x31, 0x34, 0x31, 0x20, 0x2d, 0x31, 0x34, 0x31, 0x71, 0x36, 0x36, 0x20, 0x2d,
    0x36, 0x36, 0x20, 0x36, 0x36, 0x20, 0x2d, 0x31, 0x36, 0x30, 0x71, 0x30, 0x20, 0x2d, 0x34, 0x32,
    0x20, 0x2d, 0x32, 0x38, 0x20, 0x2d, 0x39, 0x35, 0x2e, 0x35, 0x74, 0x2d, 0x36, 0x32, 0x20, 0x2d,
    0x38, 0x37, 0x2e, 0x35, 0x6c, 0x2d, 0x32, 0x39, 0x20, 0x2d, 0x32, 0x39, 0x71, 0x2d, 0x33, 0x31,
    0x20, 0x35, 0x33, 0x20, 0x2d, 0x37, 0x37, 0x20, 0x39, 0x39, 0x6c, 0x2d, 0x31, 0x38, 0x20, 0x31,
    0x38, 0x6c, 0x39, 0x35, 0x20, 0x39, 0x35, 0x6c, 0x2d, 0x32, 0x34, 0x37, 0x20, 0x32, 0x34, 0x38,
    0x6c, 0x2d, 0x33, 0x38, 0x39, 0x20, 0x2d, 0x33, 0x38, 0x39, 0x6c, 0x32, 0x31, 0x32, 0x20, 0x2d,
    0x32, 0x31, 0x32, 0x6c, 0x2d, 0x31, 0x30, 0x35, 0x20, 0x2d, 0x31, 0x30, 0x36, 0x6c, 0x2d, 0x31,
    0x39, 0x20, 0x31, 0x38, 0x6c, 0x2d, 0x31, 0x34, 0x31, 0x20, 0x31, 0x34, 0x31, 0x71, 0x2d, 0x36,
    0x36, 0x20, 0x36, 0x36, 0x20, 0x2d, 0x36, 0x36, 0x20, 0x31, 0x35, 0x39, 0x74, 0x36, 0x36, 0x20,
    0x31, 0x35, 0x39, 0x6c, 0x32, 0x38, 0x33, 0x20, 0x32, 0x38, 0x33, 0x71, 0x36, 0x35, 0x20, 0x36,
    0x36, 0x20, 0x31, 0x35, 0x38, 0x2e, 0x35, 0x20, 0x36, 0x36, 0x7a, 0x4d, 0x36, 0x30, 0x30, 0x20,
    0x37, 0x30, 0x36, 0x6c, 0x31, 0x30, 0x35, 0x20, 0x31, 0x30, 0x35, 0x71, 0x31, 0x30, 0x20, 0x2d,
    0x38, 0x20, 0x31, 0x39, 0x20, 0x2d, 0x31, 0x37, 0x6c, 0x31, 0x34, 0x31, 0x20, 0x2d, 0x31, 0x34,
    0x31, 0x20, 0x71, 0x36, 0x36, 0x20, 0x2d, 0x36, 0x36, 0x20, 0x36, 0x36, 0x20, 0x2d, 0x31, 0x35,
    0x39, 0x74, 0x2d, 0x36, 0x36, 0x20, 0x2d, 0x31, 0x35, 0x39, 0x6c, 0x2d, 0x32, 0x38, 0x33, 0x20,
    0x2d, 0x32, 0x38, 0x33, 0x71, 0x2d, 0x36, 0x36, 0x20, 0x2d, 0x36, 0x36, 0x20, 0x2d, 0x31, 0x35,
    0x39, 0x20, 0x2d, 0x36, 0x36, 0x74, 0x2d, 0x31, 0x35, 0x39, 0x20, 0x36, 0x36, 0x6c, 0x2d, 0x31,
    0x34, 0x31, 0x20, 0x31, 0x34, 0x31, 0x71, 0x2d, 0x36, 0x36, 0x20, 0x36, 0x36, 0x20, 0x2d, 0x36,
    0x36, 0x20, 0x31, 0x35, 0x39, 0x2e, 0x35, 0x74, 0x36, 0x36, 0x20, 0x31, 0x35, 0x39, 0x2e, 0x35,
    0x6c, 0x35, 0x35, 0x20, 0x35, 0x35, 0x71, 0x32, 0x39, 0x20, 0x2d, 0x35, 0x35, 0x20, 0x37, 0x35,
    0x20, 0x2d, 0x31, 0x30, 0x32, 0x6c, 0x31, 0x38, 0x20, 0x2d, 0x31, 0x37, 0x6c, 0x2d, 0x39, 0x35,
    0x20, 0x2d, 0x39, 0x35, 0x6c, 0x32, 0x34, 0x37, 0x20, 0x2d, 0x32, 0x34, 0x38, 0x6c, 0x33, 0x38,
    0x39, 0x20, 0x33, 0x38, 0x39, 0x7a, 0x22, 0x20, 0x2f, 0x3e, 0x0a, 0x3c, 0x67, 0x6c, 0x79, 0x70,
    0x68, 0x20, 0x75, 0x6e, 0x69, 0x63, 0x6f, 0x64, 0x65, 0x3d, 0x22, 0x26, 0x23, 0x78, 0x65, 0x31,
    0x34, 0x35, 0x3b, 0x22, 0x20, 0x64, 0x3d, 0x22, 0x4d, 0x36, 0x30, 0x33, 0x20, 0x31, 0x32, 0x30,
    0x30, 0x71, 0x38, 0x35, 0x20, 0x30, 0x20, 0x31, 0x36, 0x32, 0x20, 0x2d, 0x31, 0x35, 0x74, 0x31,
    0x32, 0x37, 0x20, 0x2d, 0x33, 0x38, 0x74, 0x37, 0x39, 0x20, 0x2d, 0x34, 0x38, 0x74, 0x32, 0x39,
    0x20, 0x2d, 0x34, 0x36, 0x76, 0x2d, 0x39, 0x35, 0x33, 0x71, 0x30, 0x20, 0x2d, 0x34, 0x31, 0x20,
    0x2d, 0x32, 0x39, 0x2e, 0x35, 0x20, 0x2d, 0x37, 0x30, 0x2e, 0x35, 0x74, 0x2d, 0x37, 0x30, 0x2e,
    0x35, 0x20, 0x2d, 0x32, 0x39, 0x2e, 0x35, 0x68, 0x2d, 0x36, 0x30, 0x30, 0x71, 0x2d, 0x34, 0x31,
    0x20, 0x30, 0x20, 0x2d, 0x37, 0x30, 0x2e, 0x35, 0x20, 0x32, 0x39, 0x2e, 0x35, 0x74, 0x2d, 0x32,
    0x39, 0x2e, 0x35, 0x20, 0x37, 0x30, 0x2e, 0x35, 0x76, 0x39, 0x35, 0x33, 0x71, 0x30, 0x20, 0x32,
    0x31, 0x20, 0x33, 0x30, 0x20, 0x34, 0x36, 0x2e, 0x35, 0x74, 0x38, 0x31, 0x20, 0x34, 0x38, 0x74,
    0x31, 0x32, 0x39, 0x20, 0x33, 0x37, 0x2e, 0x35, 0x74, 0x31, 0x36, 0x33, 0x20, 0x31, 0x35, 0x7a,
    0x4d, 0x33, 0x30, 0x30, 0x20, 0x31, 0x30, 0x30, 0x30, 0x76, 0x2d, 0x37, 0x30, 0x30, 0x68, 0x36,
    0x30, 0x30, 0x76, 0x37, 0x30, 0x30, 0x68, 0x2d, 0x36, 0x30, 0x30, 0x7a, 0x4d, 0x36, 0x30, 0x30,
    0x20, 0x32, 0x35, 0x34, 0x71, 0x2d, 0x34, 0x33, 0x20, 0x30, 0x20, 0x2d, 0x37, 0x33, 0x2e, 0x35,
    0x20, 0x2d, 0x33, 0x30, 0x2e, 0x35, 0x74, 0x2d, 0x33, 0x30, 0x2e, 0x35, 0x20, 0x2d, 0x37, 0x33,
    0x2e, 0x35, 0x74, 0x33, 0x30, 0x2e, 0x35, 0x20, 0x2d, 0x37, 0x33, 0x2e, 0x35, 0x74, 0x37, 0x33,
    0x2e, 0x35, 0x20, 0x2d, 0x33, 0x30, 0x2e, 0x35, 0x74, 0x37, 0x33, 0x2e, 0x35, 0x20, 0x33, 0x30,
    0x2e, 0x35, 0x20, 0x74, 0x33, 0x30, 0x2e, 0x35, 0x20, 0x37, 0x33, 0x2e, 0x35, 0x74, 0x2d, 0x33,
    0x30, 0x2e, 0x35, 0x20, 0x37, 0x33, 0x2e, 0x35, 0x74, 0x2d, 0x37, 0x33, 0x2e, 0x35, 0x20, 0x33,
    0x30, 0x2e, 0x35, 0x7a, 0x22, 0x20, 0x2f, 0x3e, 0x0a, 0x3c, 0x67, 0x6c, 0x79, 0x70, 0x68, 0x20,
    0x75, 0x6e, 0x69, 0x63, 0x6f, 0x64, 0x65, 0x3d, 0x22, 0x26, 0x23, 0x78, 0x65, 0x31, 0x34, 0x36,
    0x3b, 0x22, 0x20, 0x64, 0x3d, 0x22, 0x4d, 0x39, 0x30, 0x32, 0x20, 0x31, 0x31, 0x38, 0x35, 0x6c,
    0x32, 0x38, 0x33, 0x20, 0x2d, 0x32, 0x38, 0x32, 0x71, 0x31, 0x35, 0x20, 0x2d, 0x31, 0x35, 0x20,
    0x31, 0x35, 0x20, 0x2d, 0x33, 0x36, 0x74, 0x2d, 0x31, 0x34, 0x2e, 0x35, 0x20, 0x2d, 0x33, 0x35,
    0x2e, 0x35, 0x74, 0x2d, 0x33, 0x35, 0x2e, 0x35, 0x20, 0x2d, 0x31, 0x34, 0x2e, 0x35, 0x74, 0x2d,
    0x33, 0x35, 0x20, 0x31, 0x35, 0x6c, 0x2d, 0x33, 0x36, 0x20, 0x33, 0x35, 0x6c, 0x2d, 0x32, 0x37,
    0x39, 0x20, 0x2d, 0x32, 0x36, 0x37, 0x76, 0x2d, 0x33, 0x30, 0x30, 0x6c, 0x2d, 0x32, 0x31, 0x32,
    0x20, 0x32, 0x31, 0x30, 0x6c, 0x2d, 0x33, 0x30, 0x38, 0x20, 0x2d, 0x33, 0x30, 0x37, 0x6c, 0x2d,
    0x32, 0x38, 0x30, 0x20, 0x2d, 0x32, 0x30, 0x33, 0x6c, 0x32, 0x30, 0x33, 0x20, 0x32, 0x38, 0x30,
    0x6c, 0x33, 0x30, 0x37, 0x20, 0x33, 0x30, 0x38, 0x6c, 0x2d, 0x32, 0x31, 0x30, 0x20, 0x32, 0x31,
    0x32, 0x68, 0x33, 0x30, 0x30, 0x6c, 0x32, 0x36, 0x37, 0x20, 0x32, 0x37, 0x39, 0x6c, 0x2d, 0x33,
    0x35, 0x20, 0x33, 0x36, 0x71, 0x2d, 0x31, 0x35, 0x20, 0x31, 0x34, 0x20, 0x2d, 0x31, 0x35, 0x20,
    0x33, 0x35, 0x74, 0x31, 0x34, 0x2e, 0x35, 0x20, 0x33, 0x35, 0x2e, 0x35, 0x74, 0x33, 0x35, 0x2e,
    0x35, 0x20, 0x31, 0x34, 0x2e, 0x35, 0x74, 0x33, 0x35, 0x20, 0x2d, 0x31, 0x35, 0x7a, 0x22, 0x20,
    0x2f, 0x3e, 0x0a, 0x3c, 0x67, 0x6c, 0x79, 0x70, 0x68, 0x20, 0x75, 0x6e, 0x69, 0x63, 0x6f, 0x64,
    0x65, 0x3d, 0x22, 0x26, 0x23, 0x78, 0x65, 0x31, 0x34, 0x38, 0x3b, 0x22, 0x20, 0x64, 0x3d, 0x22,
    0x4d, 0x37, 0x30, 0x30, 0x20, 0x31, 0x32, 0x34, 0x38, 0x76, 0x2d, 0x37, 0x38, 0x71, 0x33, 0x38,
    0x20, 0x2d, 0x35, 0x20, 0x37, 0x32, 0x2e, 0x35, 0x20, 0x2d, 0x31, 0x34, 0x2e, 0x35, 0x74, 0x37,
    0x35, 0x2e, 0x35, 0x20, 0x2d, 0x33, 0x31, 0x2e, 0x35, 0x74, 0x37, 0x31, 0x20, 0x2d, 0x35, 0x33,
    0x2e, 0x35, 0x74, 0x35, 0x32, 0x20, 0x2d, 0x38, 0x34, 0x74, 0x32, 0x34, 0x20, 0x2d, 0x31, 0x31,
    0x38, 0x2e, 0x35, 0x68, 0x2d, 0x31, 0x35, 0x39, 0x71, 0x2d, 0x34, 0x20, 0x33, 0x36, 0x20, 0x2d,
    0x31, 0x30, 0x2e, 0x35, 0x20, 0x35, 0x39, 0x74, 0x2d, 0x32, 0x31, 0x20, 0x34, 0x35, 0x74, 0x2d,
    0x34, 0x30, 0x20, 0x33, 0x35, 0x2e, 0x35, 0x74, 0x2d, 0x36, 0x34, 0x2e, 0x35, 0x20, 0x32, 0x30,
    0x2e, 0x35, 0x76, 0x2d, 0x33, 0x30, 0x37, 0x6c, 0x36, 0x34, 0x20, 0x2d, 0x31, 0x33, 0x71, 0x33,
    0x34, 0x20, 0x2d, 0x37, 0x20, 0x36, 0x34, 0x20, 0x2d, 0x31, 0x36, 0x2e, 0x35, 0x74, 0x37, 0x30,
    0x20, 0x2d, 0x33, 0x32, 0x74, 0x36, 0x37, 0x2e, 0x35, 0x20, 0x2d, 0x35, 0x32, 0x2e, 0x35, 0x74,
    0x34, 0x37, 0x2e, 0x35, 0x20, 0x2d, 0x38, 0x30, 0x74, 0x32, 0x30, 0x20, 0x2d, 0x31, 0x31, 0x32,
    0x71, 0x30, 0x20, 0x2d, 0x31, 0x33, 0x39, 0x20, 0x2d, 0x38, 0x39, 0x20, 0x2d, 0x32, 0x32, 0x34,
    0x74, 0x2d, 0x32, 0x34, 0x34, 0x20, 0x2d, 0x39, 0x37, 0x76, 0x2d, 0x37, 0x37, 0x68, 0x2d, 0x31,
    0x30, 0x30, 0x76, 0x37, 0x39, 0x71, 0x2d, 0x31, 0x35, 0x30, 0x20, 0x31, 0x36, 0x20, 0x2d, 0x32,
    0x33, 0x37, 0x20, 0x31, 0x30, 0x33, 0x71, 0x2d, 0x34, 0x30, 0x20, 0x34, 0x30, 0x20, 0x2d, 0x35,
    0x32, 0x2e, 0x35, 0x20, 0x39, 0x33, 0x2e, 0x35, 0x20, 0x74, 0x2d, 0x31, 0x35, 0x2e, 0x35, 0x20,
    0x31, 0x33, 0x39, 0x2e, 0x35, 0x68, 0x31, 0x33, 0x39, 0x71, 0x35, 0x20, 0x2d, 0x37, 0x37, 0x20,
    0x34, 0x38, 0x2e, 0x35, 0x20, 0x2d, 0x31, 0x32, 0x36, 0x74, 0x31, 0x31, 0x37, 0x2e, 0x35, 0x20,
    0x2d, 0x36, 0x35, 0x76, 0x33, 0x33, 0x35, 0x6c, 0x2d, 0x32, 0x37, 0x20, 0x38, 0x71, 0x2d, 0x34,
    0x36, 0x20, 0x31, 0x34, 0x20, 0x2d, 0x37, 0x39, 0x20, 0x32, 0x36, 0x2e, 0x35, 0x74, 0x2d, 0x37,
    0x32, 0x20, 0x33, 0x36, 0x74, 0x2d, 0x36, 0x33, 0x20, 0x35, 0x32, 0x74, 0x2d, 0x34, 0x30, 0x20,
    0x37, 0x32, 0x2e, 0x35, 0x74, 0x2d, 0x31, 0x36, 0x20, 0x39, 0x38, 0x71, 0x30, 0x20, 0x37, 0x30,
    0x20, 0x32, 0x35, 0x20, 0x31, 0x32, 0x36, 0x74, 0x36, 0x37, 0x2e, 0x35, 0x20, 0x39, 0x32, 0x74,
    0x39, 0x34, 0x2e, 0x35, 0x20, 0x35, 0x37, 0x74, 0x31, 0x31, 0x30, 0x20, 0x32, 0x37, 0x76, 0x37,
    0x37, 0x68, 0x31, 0x30, 0x30, 0x7a, 0x4d, 0x36, 0x30, 0x30, 0x20, 0x37, 0x35, 0x34, 0x76, 0x32,
    0x37, 0x34, 0x71, 0x2d, 0x32, 0x39, 0x20, 0x2d, 0x34, 0x20, 0x2d, 0x35, 0x30, 0x20, 0x2d, 0x31,
    0x31, 0x74, 0x2d, 0x34, 0x32, 0x20, 0x2d, 0x32, 0x31, 0x2e, 0x35, 0x74, 0x2d, 0x33, 0x31, 0x2e,
    0x35, 0x20, 0x2d, 0x34, 0x31, 0x2e, 0x35, 0x74, 0x2d, 0x31, 0x30, 0x2e, 0x35, 0x20, 0x2d, 0x36,
    0x35, 0x71, 0x30, 0x20, 0x2d, 0x32, 0x39, 0x20, 0x37, 0x20, 0x2d, 0x35, 0x30, 0x2e, 0x35, 0x74,
    0x31, 0x36, 0x2e, 0x35, 0x20, 0x2d, 0x33, 0x34, 0x74, 0x32, 0x38, 0x2e, 0x35, 0x20, 0x2d, 0x32,
    0x32, 0x2e, 0x35, 0x74, 0x33, 0x31, 0x2e, 0x35, 0x20, 0x2d, 0x31, 0x34, 0x74, 0x33, 0x37, 0x2e,
    0x35, 0x20, 0x2d, 0x31, 0x30, 0x20, 0x71, 0x39, 0x20, 0x2d, 0x33, 0x20, 0x31, 0x33, 0x20, 0x2d,
    0x34, 0x7a, 0x4d, 0x37, 0x30, 0x30, 0x20, 0x35, 0x34, 0x37, 0x76, 0x2d, 0x33, 0x31, 0x30, 0x71,
    0x32, 0x32, 0x20, 0x32, 0x20, 0x34, 0x32, 0x2e, 0x35, 0x20, 0x36, 0x2e, 0x35, 0x74, 0x34, 0x35,
    0x20, 0x31, 0x35, 0x2e, 0x35, 0x74, 0x34, 0x31, 0x2e, 0x35, 0x20, 0x32, 0x37, 0x74, 0x32, 0x39,
    0x20, 0x34, 0x32, 0x74, 0x31, 0x32, 0x20, 0x35, 0x39, 0x2e, 0x35, 0x74, 0x2d, 0x31, 0x32, 0x2e,
    0x35, 0x20, 0x35, 0x39, 0x2e, 0x35, 0x74, 0x2d, 0x33, 0x38, 0x20, 0x34, 0x34, 0x2e, 0x35, 0x74,
    0x2d, 0x35, 0x33, 0x20, 0x33, 0x31, 0x74, 0x2d, 0x36, 0x36, 0x2e, 0x35, 0x20, 0x32, 0x34, 0x2e,
    0x35, 0x7a, 0x22, 0x20, 0x2f, 0x3e, 0x0a, 0x3c, 0x67, 0x6c, 0x79, 0x70, 0x68, 0x20, 0x75, 0x6e,
    0x69, 0x63, 0x6f, 0x64, 0x65, 0x3d, 0x22, 0x26, 0x23, 0x78, 0x65, 0x31, 0x34, 0x39, 0x3b, 0x22,
    0x20, 0x64, 0x3d, 0x22, 0x4d, 0x35, 0x36, 0x31, 0x20, 0x31, 0x31, 0x39, 0x37, 0x71, 0x38, 0x34,
    0x20, 0x30, 0x20, 0x31, 0x36, 0x30, 0x2e, 0x35, 0x20, 0x2d, 0x34, 0x30, 0x74, 0x31, 0x32, 0x33,
    0x2e, 0x35, 0x20, 0x2d, 0x31, 0x30, 0x39, 0x2e, 0x35, 0x74, 0x34, 0x37, 0x20, 0x2d, 0x31, 0x34,
    0x37, 0x2e, 0x35, 0x68, 0x2d, 0x31, 0x35, 0x33, 0x71, 0x30, 0x20, 0x34, 0x30, 0x20, 0x2d, 0x31,
    0x39, 0x2e, 0x35, 0x20, 0x37, 0x31, 0x2e, 0x35, 0x74, 0x2d, 0x34, 0x39, 0x2e, 0x35, 0x20, 0x34,
    0x38, 0x2e, 0x35, 0x74, 0x2d, 0x35, 0x39, 0x2e, 0x35, 0x20, 0x32, 0x36, 0x74, 0x2d, 0x35, 0x35,
    0x2e, 0x35, 0x20, 0x39, 0x71, 0x2d, 0x33, 0x37, 0x20, 0x30, 0x20, 0x2d, 0x37, 0x39, 0x20, 0x2d,
    0x31, 0x34, 0x2e, 0x35, 0x74, 0x2d, 0x36, 0x32, 0x20, 0x2d, 0x33, 0x35, 0x2e, 0x35, 0x71, 0x2d,
    0x34, 0x31, 0x20, 0x2d, 0x34, 0x34, 0x20, 0x2d, 0x34, 0x31, 0x20, 0x2d, 0x31, 0x30, 0x31, 0x71,
    0x30, 0x20, 0x2d, 0x32, 0x36, 0x20, 0x31, 0x33, 0x2e, 0x35, 0x20, 0x2d, 0x36, 0x33, 0x74, 0x32,
    0x36, 0x2e, 0x35, 0x20, 0x2d, 0x36, 0x31, 0x74, 0x33, 0x37, 0x20, 0x2d, 0x36, 0x36, 0x71, 0x36,
    0x20, 0x2d, 0x39, 0x20, 0x39, 0x20, 0x2d, 0x31, 0x34, 0x68, 0x32, 0x34, 0x31, 0x76, 0x2d, 0x31,
    0x30, 0x30, 0x68, 0x2d, 0x31, 0x39, 0x37, 0x71, 0x38, 0x20, 0x2d, 0x35, 0x30, 0x20, 0x2d, 0x32,
    0x2e, 0x35, 0x20, 0x2d, 0x31, 0x31, 0x35, 0x74, 0x2d, 0x33, 0x31, 0x2e, 0x35, 0x20, 0x2d, 0x39,
    0x35, 0x71, 0x2d, 0x34, 0x35, 0x20, 0x2d, 0x36, 0x32, 0x20, 0x2d, 0x39, 0x39, 0x20, 0x2d, 0x31,
    0x31, 0x32, 0x20, 0x71, 0x33, 0x34, 0x20, 0x31, 0x30, 0x20, 0x38, 0x33, 0x20, 0x31, 0x37, 0x2e,
    0x35, 0x74, 0x37, 0x31, 0x20, 0x37, 0x2e, 0x35, 0x71, 0x33, 0x32, 0x20, 0x31, 0x20, 0x31, 0x30,
    0x32, 0x20, 0x2d, 0x31, 0x36, 0x74, 0x31, 0x30, 0x34, 0x20, 0x2d, 0x31, 0x37, 0x71, 0x38, 0x33,
    0x20, 0x30, 0x20, 0x31, 0x33, 0x36, 0x20, 0x33, 0x30, 0x6c, 0x35, 0x30, 0x20, 0x2d, 0x31, 0x34,
    0x37, 0x71, 0x2d, 0x33, 0x31, 0x20, 0x2d, 0x31, 0x39, 0x20, 0x2d, 0x35, 0x38, 0x20, 0x2d, 0x33,
    0x30, 0x2e, 0x35, 0x74, 0x2d, 0x35, 0x35, 0x20, 0x2d, 0x31, 0x35, 0x2e, 0x35, 0x74, 0x2d, 0x34,
    0x32, 0x20, 0x2d, 0x34, 0x2e, 0x35, 0x74, 0x2d, 0x34, 0x36, 0x20, 0x2d, 0x30, 0x2e, 0x35, 0x71,
    0x2d, 0x32, 0x33, 0x20, 0x30, 0x20, 0x2d, 0x37, 0x36, 0x20, 0x31, 0x37, 0x74, 0x2d, 0x31, 0x31,
    0x31, 0x20, 0x33, 0x32, 0x2e, 0x35, 0x74, 0x2d, 0x39, 0x36, 0x20, 0x31, 0x31, 0x2e, 0x35, 0x71,
    0x2d, 0x33, 0x39, 0x20, 0x2d, 0x33, 0x20, 0x2d, 0x38, 0x32, 0x20, 0x2d, 0x31, 0x36, 0x74, 0x2d,
    0x36, 0x37, 0x20, 0x2d, 0x32, 0x35, 0x6c, 0x2d, 0x32, 0x33, 0x20, 0x2d, 0x31, 0x31, 0x6c, 0x2d,
    0x35, 0x35, 0x20, 0x31, 0x34, 0x35, 0x71, 0x34, 0x20, 0x33, 0x20, 0x31, 0x36, 0x20, 0x31, 0x31,
    0x74, 0x31, 0x35, 0x2e, 0x35, 0x20, 0x31, 0x30, 0x2e, 0x35, 0x74, 0x31, 0x33, 0x20, 0x39, 0x74,
    0x31, 0x35, 0x2e, 0x35, 0x20, 0x31, 0x32, 0x74, 0x31, 0x34, 0x2e, 0x35, 0x20, 0x31, 0x34, 0x74,
    0x31, 0x37, 0x2e, 0x35, 0x20, 0x31, 0x38, 0x2e, 0x35, 0x71, 0x34, 0x38, 0x20, 0x35, 0x35, 0x20,
    0x35, 0x34, 0x20, 0x31, 0x32, 0x36, 0x2e, 0x35, 0x20, 0x74, 0x2d, 0x33, 0x30, 0x20, 0x31, 0x34,
    0x32, 0x2e, 0x35, 0x68, 0x2d, 0x32, 0x32, 0x31, 0x76, 0x31, 0x30, 0x30, 0x68, 0x31, 0x36, 0x36,
    0x71, 0x2d, 0x32, 0x33, 0x20, 0x34, 0x37, 0x20, 0x2d, 0x34, 0x34, 0x20, 0x31, 0x30, 0x34, 0x71,
    0x2d, 0x37, 0x20, 0x32, 0x30, 0x20, 0x2d, 0x31, 0x32, 0x20, 0x34, 0x31, 0x2e, 0x35, 0x74, 0x2d,
    0x36, 0x20, 0x35, 0x35, 0x2e, 0x35, 0x74, 0x36, 0x20, 0x36, 0x36, 0x2e, 0x35, 0x74, 0x32, 0x39,
    0x2e, 0x35, 0x20, 0x37, 0x30, 0x2e, 0x35, 0x74, 0x35, 0x38, 0x2e, 0x35, 0x20, 0x37, 0x31, 0x71,
    0x39, 0x37, 0x20, 0x38, 0x38, 0x20, 0x32, 0x36, 0x33, 0x20, 0x38, 0x38, 0x7a, 0x22, 0x20, 0x2f,
    0x3e, 0x0a, 0x3c, 0x67, 0x6c, 0x79, 0x70, 0x68, 0x20, 0x75, 0x6e, 0x69, 0x63, 0x6f, 0x64, 0x65,
    0x3d, 0x22, 0x26, 0x23, 0x78, 0x65, 0x31, 0x35, 0x30, 0x3b, 0x22, 0x20, 0x64, 0x3d, 0x22, 0x4d,
    0x34, 0x30, 0x30, 0x20, 0x33, 0x30, 0x30, 0x68, 0x31, 0x35, 0x30, 0x71, 0x32, 0x31, 0x20, 0x30,
    0x20, 0x32, 0x35, 0x20, 0x2d, 0x31, 0x31, 0x74, 0x2d, 0x31, 0x30, 0x20, 0x2d, 0x32, 0x35, 0x6c,
    0x2d, 0x32, 0x33, 0x30, 0x20, 0x2d, 0x32, 0x35, 0x30, 0x71, 0x2d, 0x31, 0x34, 0x20, 0x2d, 0x31,
    0x35, 0x20, 0x2d, 0x33, 0x35, 0x20, 0x2d, 0x31, 0x35, 0x74, 0x2d, 0x33, 0x35, 0x20, 0x31, 0x35,
    0x6c, 0x2d, 0x32, 0x33, 0x30, 0x20, 0x32, 0x35, 0x30, 0x71, 0x2d, 0x31, 0x34, 0x20, 0x31, 0x34,
    0x20, 0x2d, 0x31, 0x30, 0x20, 0x32, 0x35, 0x74, 0x32, 0x35, 0x20, 0x31, 0x31, 0x68, 0x31, 0x35,
    0x30, 0x76, 0x39, 0x30, 0x30, 0x68, 0x32, 0x30, 0x30, 0x76, 0x2d, 0x39, 0x30, 0x30, 0x7a, 0x4d,
    0x39, 0x33, 0x35, 0x20, 0x31, 0x31, 0x38, 0x34, 0x6c, 0x32, 0x33, 0x30, 0x20, 0x2d, 0x32, 0x34,
    0x39, 0x71, 0x31, 0x34, 0x20, 0x2d, 0x31, 0x34, 0x20, 0x31, 0x30, 0x20, 0x2d, 0x32, 0x34, 0x2e,
    0x35, 0x74, 0x2d, 0x32, 0x35, 0x20, 0x2d, 0x31, 0x30, 0x2e, 0x35, 0x68, 0x2d, 0x31, 0x35, 0x30,
    0x76, 0x2d, 0x39, 0x30, 0x30, 0x68, 0x2d, 0x32, 0x30, 0x30, 0x76, 0x39, 0x30, 0x30, 0x68, 0x2d,
    0x31, 0x35, 0x30, 0x71, 0x2d, 0x32, 0x31, 0x20, 0x30, 0x20, 0x2d, 0x32, 0x35, 0x20, 0x31, 0x30,
    0x2e, 0x35, 0x74, 0x31, 0x30, 0x20, 0x32, 0x34, 0x2e, 0x35, 0x6c, 0x32, 0x33, 0x30, 0x20, 0x32,
    0x34, 0x39, 0x71, 0x31, 0x34, 0x20, 0x31, 0x35, 0x20, 0x33, 0x35, 0x20, 0x31, 0x35, 0x74, 0x33,
    0x35, 0x20, 0x2d, 0x31, 0x35, 0x7a, 0x22, 0x20, 0x2f, 0x3e, 0x0a, 0x3c, 0x67, 0x6c, 0x79, 0x70,
    0x68, 0x20, 0x75, 0x6e, 0x69, 0x63, 0x6f, 0x64, 0x65, 0x3d, 0x22, 0x26, 0x23, 0x78, 0x65, 0x31,
    0x35, 0x31, 0x3b, 0x22, 0x20, 0x64, 0x3d, 0x22, 0x4d, 0x31, 0x30, 0x30, 0x30, 0x20, 0x37, 0x30,
    0x30, 0x68, 0x2d, 0x31, 0x30, 0x30, 0x76, 0x31, 0x30, 0x30, 0x68, 0x2d, 0x31, 0x30, 0x30, 0x76,
    0x2d, 0x31, 0x30, 0x30, 0x68, 0x2d, 0x31, 0x30, 0x30, 0x76, 0x35, 0x30, 0x30, 0x68, 0x33, 0x30,
    0x30, 0x76, 0x2d, 0x35, 0x30, 0x30, 0x7a, 0x4d, 0x34, 0x30, 0x30, 0x20, 0x33, 0x30, 0x30, 0x68,
    0x31, 0x35, 0x30, 0x71, 0x32, 0x31, 0x20, 0x30, 0x20, 0x32, 0x35, 0x20, 0x2d, 0x31, 0x31, 0x74,
    0x2d, 0x31, 0x30, 0x20, 0x2d, 0x32, 0x35, 0x6c, 0x2d, 0x32, 0x33, 0x30, 0x20, 0x2d, 0x32, 0x35,
    0x30, 0x71, 0x2d, 0x31, 0x34, 0x20, 0x2d, 0x31, 0x35, 0x20, 0x2d, 0x33, 0x35, 0x20, 0x2d, 0x31,
    0x35, 0x74, 0x2d, 0x33, 0x35, 0x20, 0x31, 0x35, 0x6c, 0x2d, 0x32, 0x33, 0x30, 0x20, 0x32, 0x35,
    0x30, 0x71, 0x2d, 0x31, 0x34, 0x20, 0x31, 0x34, 0x20, 0x2d, 0x31, 0x30, 0x20, 0x32, 0x35, 0x74,
    0x32, 0x35, 0x20, 0x31, 0x31, 0x68, 0x31, 0x35, 0x30, 0x76, 0x39, 0x30, 0x30, 0x68, 0x32, 0x30,
    0x30, 0x76, 0x2d, 0x39, 0x30, 0x30, 0x7a, 0x4d, 0x38, 0x30, 0x31, 0x20, 0x31, 0x31, 0x30, 0x30,
    0x76, 0x2d, 0x32, 0x30, 0x30, 0x68, 0x31, 0x30, 0x30, 0x76, 0x32, 0x30, 0x30, 0x68, 0x2d, 0x31,
    0x30, 0x30, 0x7a, 0x4d, 0x31, 0x30, 0x30, 0x30, 0x20, 0x33, 0x35, 0x30, 0x6c, 0x2d, 0x32, 0x30,
    0x30, 0x20, 0x2d, 0x32, 0x35, 0x30, 0x68, 0x32, 0x30, 0x30, 0x76, 0x2d, 0x31, 0x30, 0x30, 0x68,
    0x2d, 0x33, 0x30, 0x30, 0x76, 0x31, 0x35, 0x30, 0x6c, 0x32, 0x30, 0x30, 0x20, 0x32, 0x35, 0x30,
    0x68, 0x2d, 0x32, 0x30, 0x30, 0x76, 0x31, 0x30, 0x30, 0x68, 0x33, 0x30, 0x30, 0x76, 0x2d, 0x31,
    0x35, 0x30, 0x7a, 0x20, 0x22, 0x20, 0x2f, 0x3e, 0x0a, 0x3c, 0x67, 0x6c, 0x79, 0x70, 0x68, 0x20,
    0x75, 0x6e, 0x69, 0x63, 0x6f, 0x64, 0x65, 0x3d, 0x22, 0x26, 0x23, 0x78, 0x65, 0x31, 0x35, 0x32,
    0x3b, 0x22, 0x20, 0x64, 0x3d, 0x22, 0x4d, 0x34, 0x30, 0x30, 0x20, 0x33, 0x30, 0x30, 0x68, 0x31,
    0x35, 0x30, 0x71, 0x32, 0x31, 0x20, 0x30, 0x20, 0x32, 0x35, 0x20, 0x2d, 0x31, 0x31, 0x74, 0x2d,
    0x31, 0x30, 0x20, 0x2d, 0x32, 0x35, 0x6c, 0x2d, 0x32, 0x33, 0x30, 0x20, 0x2d, 0x32, 0x35, 0x30,
    0x71, 0x2d, 0x31, 0x34, 0x20, 0x2d, 0x31, 0x35, 0x20, 0x2d, 0x33, 0x35, 0x20, 0x2d, 0x31, 0x35,
    0x74, 0x2d, 0x33, 0x35, 0x20, 0x31, 0x35, 0x6c, 0x2d, 0x32, 0x33, 0x30, 0x20, 0x32, 0x35, 0x30,
    0x71, 0x2d, 0x31, 0x34, 0x20, 0x31, 0x34, 0x20, 0x2d, 0x31, 0x30, 0x20, 0x32, 0x35, 0x74, 0x32,
    0x35, 0x20, 0x31, 0x31, 0x68, 0x31, 0x35, 0x30, 0x76, 0x39, 0x30, 0x30, 0x68, 0x32, 0x30, 0x30,
    0x76, 0x2d, 0x39, 0x30, 0x30, 0x7a, 0x4d, 0x31, 0x30, 0x30, 0x30, 0x20, 0x31, 0x30, 0x35, 0x30,
    0x6c, 0x2d, 0x32, 0x30, 0x30, 0x20, 0x2d, 0x32, 0x35, 0x30, 0x68, 0x32, 0x30, 0x30, 0x76, 0x2d,
    0x31, 0x30, 0x30, 0x68, 0x2d, 0x33, 0x30, 0x30, 0x76, 0x31, 0x35, 0x30, 0x6c, 0x32, 0x30, 0x30,
    0x20, 0x32, 0x35, 0x30, 0x68, 0x2d, 0x32, 0x30, 0x30, 0x76, 0x31, 0x30, 0x30, 0x68, 0x33, 0x30,
    0x30, 0x76, 0x2d, 0x31, 0x35, 0x30, 0x7a, 0x4d, 0x31, 0x30, 0x30, 0x30, 0x20, 0x30, 0x68, 0x2d,
    0x31, 0x30, 0x30, 0x76, 0x31, 0x30, 0x30, 0x68, 0x2d, 0x31, 0x30, 0x30, 0x76, 0x2d, 0x31, 0x30,
    0x30, 0x68, 0x2d, 0x31, 0x30, 0x30, 0x76, 0x35, 0x30, 0x30, 0x68, 0x33, 0x30, 0x30, 0x76, 0x2d,
    0x35, 0x30, 0x30, 0x7a, 0x4d, 0x38, 0x30, 0x31, 0x20, 0x34, 0x30, 0x30, 0x76, 0x2d, 0x32, 0x30,
    0x30, 0x68, 0x31, 0x30, 0x30, 0x76, 0x32, 0x30, 0x30, 0x68, 0x2d, 0x31, 0x30, 0x30, 0x7a, 0x20,
    0x22, 0x20, 0x2f, 0x3e, 0x0a, 0x3c, 0x67, 0x6c, 0x79, 0x70, 0x68, 0x20, 0x75, 0x6e, 0x69, 0x63,
    0x6f, 0x64, 0x65, 0x3d, 0x22, 0x26, 0x23, 0x78, 0x65, 0x31, 0x35, 0x33, 0x3b, 0x22, 0x20, 0x64,
    0x3d, 0x22, 0x4d, 0x34, 0x30, 0x30, 0x20, 0x33, 0x30, 0x30, 0x68, 0x31, 0x35, 0x30, 0x71, 0x32,
    0x31, 0x20, 0x30, 0x20, 0x32, 0x35, 0x20, 0x2d, 0x31, 0x31, 0x74, 0x2d, 0x31, 0x30, 0x20, 0x2d,
    0x32, 0x35, 0x6c, 0x2d, 0x32, 0x33, 0x30, 0x20, 0x2d, 0x32, 0x35, 0x30, 0x71, 0x2d, 0x31, 0x34,
    0x20, 0x2d, 0x31, 0x35, 0x20, 0x2d, 0x33, 0x35, 0x20, 0x2d, 0x31, 0x35, 0x74, 0x2d, 0x33, 0x35,
    0x20, 0x31, 0x35, 0x6c, 0x2d, 0x32, 0x33, 0x30, 0x20, 0x32, 0x35, 0x30, 0x71, 0x2d, 0x31, 0x34,
    0x20, 0x31, 0x34, 0x20, 0x2d, 0x31, 0x30, 0x20, 0x32, 0x35, 0x74, 0x32, 0x35, 0x20, 0x31, 0x31,
    0x68, 0x31, 0x35, 0x30, 0x76, 0x39, 0x30, 0x30, 0x68, 0x32, 0x30, 0x30, 0x76, 0x2d, 0x39, 0x30,
    0x30, 0x7a, 0x4d, 0x31, 0x30, 0x30, 0x30, 0x20, 0x37, 0x30, 0x30, 0x68, 0x2d, 0x31, 0x30, 0x30,
    0x76, 0x34, 0x30, 0x30, 0x68, 0x2d, 0x31, 0x30, 0x30, 0x76, 0x31, 0x30, 0x30, 0x68, 0x32, 0x30,
    0x30, 0x76, 0x2d, 0x35, 0x30, 0x30, 0x7a, 0x4d, 0x31, 0x31, 0x30, 0x30, 0x20, 0x30, 0x68, 0x2d,
    0x31, 0x30, 0x30, 0x76, 0x31, 0x30, 0x30, 0x68, 0x2d, 0x32, 0x30, 0x30, 0x76, 0x34, 0x30, 0x30,
    0x68, 0x33, 0x30, 0x30, 0x76, 0x2d, 0x35, 0x30, 0x30, 0x7a, 0x4d, 0x39, 0x30, 0x31, 0x20, 0x34,
    0x30, 0x30, 0x76, 0x2d, 0x32, 0x30, 0x30, 0x68, 0x31, 0x30, 0x30, 0x76, 0x32, 0x30, 0x30, 0x68,
    0x2d, 0x31, 0x30, 0x30, 0x7a, 0x22, 0x20, 0x2f, 0x3e, 0x0a, 0x3c, 0x67, 0x6c, 0x79, 0x70, 0x68,
    0x20, 0x75, 0x6e, 0x69, 0x63, 0x6f, 0x64, 0x65, 0x3d, 0x22, 0x26, 0x23, 0x78, 0x65, 0x31, 0x35,
    0x34, 0x3b, 0x22, 0x20, 0x64, 0x3d, 0x22, 0x4d, 0x34, 0x30, 0x30, 0x20, 0x33, 0x30, 0x30, 0x68,
    0x31, 0x35, 0x30, 0x71, 0x32, 0x31, 0x20, 0x30, 0x20, 0x32, 0x35, 0x20, 0x2d, 0x31, 0x31, 0x74,
    0x2d, 0x31, 0x30, 0x20, 0x2d, 0x32, 0x35, 0x6c, 0x2d, 0x32, 0x33, 0x30, 0x20, 0x2d, 0x32, 0x35,
    0x30, 0x71, 0x2d, 0x31, 0x34, 0x20, 0x2d, 0x31, 0x35, 0x20, 0x2d, 0x33, 0x35, 0x20, 0x2d, 0x31,
    0x35, 0x74, 0x2d, 0x33, 0x35, 0x20, 0x31, 0x35, 0x6c, 0x2d, 0x32, 0x33, 0x30, 0x20, 0x32, 0x35,
    0x30, 0x71, 0x2d, 0x31, 0x34, 0x20, 0x31, 0x34, 0x20, 0x2d, 0x31, 0x30, 0x20, 0x32, 0x35, 0x74,
    0x32, 0x35, 0x20, 0x31, 0x31, 0x68, 0x31, 0x35, 0x30, 0x76, 0x39, 0x30, 0x30, 0x68, 0x32, 0x30,
    0x30, 0x76, 0x2d, 0x39, 0x30, 0x30, 0x7a, 0x4d, 0x31, 0x31, 0x30, 0x30, 0x20, 0x37, 0x30, 0x30,
    0x68, 0x2d, 0x31, 0x30, 0x30, 0x76, 0x31, 0x30, 0x30, 0x68, 0x2d, 0x32, 0x30, 0x30, 0x76, 0x34,
    0x30, 0x30, 0x68, 0x33, 0x30, 0x30, 0x76, 0x2d, 0x35, 0x30, 0x30, 0x7a, 0x4d, 0x39, 0x30, 0x31,
    0x20, 0x31, 0x31, 0x30, 0x30, 0x76, 0x2d, 0x32, 0x30, 0x30, 0x68, 0x31, 0x30, 0x30, 0x76, 0x32,
    0x30, 0x30, 0x68, 0x2d, 0x31, 0x30, 0x30, 0x7a, 0x4d, 0x31, 0x30, 0x30, 0x30, 0x20, 0x30, 0x68,
    0x2d, 0x31, 0x30, 0x30, 0x76, 0x34, 0x30, 0x30, 0x68, 0x2d, 0x31, 0x30, 0x30, 0x76, 0x31, 0x30,
    0x30, 0x68, 0x32, 0x30, 0x30, 0x76, 0x2d, 0x35, 0x30, 0x30, 0x7a, 0x22, 0x20, 0x2f, 0x3e, 0x0a,
    0x3c, 0x67, 0x6c, 0x79, 0x70, 0x68, 0x20, 0x75, 0x6e, 0x69, 0x63, 0x6f, 0x64, 0x65, 0x3d, 0x22,
    0x26, 0x23, 0x78, 0x65, 0x31, 0x35, 0x35, 0x3b, 0x22, 0x20, 0x64, 0x3d, 0x22, 0x4d, 0x34, 0x30,
    0x30, 0x20, 0x33, 0x30, 0x30, 0x68, 0x31, 0x35, 0x30, 0x71, 0x32, 0x31, 0x20, 0x30, 0x20, 0x32,
    0x35, 0x20, 0x2d, 0x31, 0x31, 0x74, 0x2d, 0x31, 0x30, 0x20, 0x2d, 0x32, 0x35, 0x6c, 0x2d, 0x32,
    0x33, 0x30, 0x20, 0x2d, 0x32, 0x35, 0x30, 0x71, 0x2d, 0x31, 0x34, 0x20, 0x2d, 0x31, 0x35, 0x20,
    0x2d, 0x33, 0x35, 0x20, 0x2d, 0x31, 0x35, 0x74, 0x2d, 0x33, 0x35, 0x20, 0x31, 0x35, 0x6c, 0x2d,
    0x32, 0x33, 0x30, 0x20, 0x32, 0x35, 0x30, 0x71, 0x2d, 0x31, 0x34, 0x20, 0x31, 0x34, 0x20, 0x2d,
    0x31, 0x30, 0x20, 0x32, 0x35, 0x74, 0x32, 0x35, 0x20, 0x31, 0x31, 0x68, 0x31, 0x35, 0x30, 0x76,
    0x39, 0x30, 0x30, 0x68, 0x32, 0x30, 0x30, 0x76, 0x2d, 0x39, 0x30, 0x30, 0x7a, 0x4d, 0x39, 0x30,
    0x30, 0x20, 0x31, 0x30, 0x30, 0x30, 0x68, 0x2d, 0x32, 0x30, 0x30, 0x76, 0x32, 0x30, 0x30, 0x68,
    0x32, 0x30, 0x30, 0x76, 0x2d, 0x32, 0x30, 0x30, 0x7a, 0x4d, 0x31, 0x30, 0x30, 0x30, 0x20, 0x37,
    0x30, 0x30, 0x68, 0x2d, 0x33, 0x30, 0x30, 0x76, 0x32, 0x30, 0x30, 0x68, 0x33, 0x30, 0x30, 0x76,
    0x2d, 0x32, 0x30, 0x30, 0x7a, 0x4d, 0x31, 0x31, 0x30, 0x30, 0x20, 0x34, 0x30, 0x30, 0x68, 0x2d,
    0x34, 0x30, 0x30, 0x76, 0x32, 0x30, 0x30, 0x68, 0x34, 0x30, 0x30, 0x76, 0x2d, 0x32, 0x30, 0x30,
    0x7a, 0x4d, 0x31, 0x32, 0x30, 0x30, 0x20, 0x31, 0x30, 0x30, 0x68, 0x2d, 0x35, 0x30, 0x30, 0x76,
    0x32, 0x30, 0x30, 0x68, 0x35, 0x30, 0x30, 0x76, 0x2d, 0x32, 0x30, 0x30, 0x7a, 0x22, 0x20, 0x2f,
    0x3e, 0x0a, 0x3c, 0x67, 0x6c, 0x79, 0x70, 0x68, 0x20, 0x75, 0x6e, 0x69, 0x63, 0x6f, 0x64, 0x65,
    0x3d, 0x22, 0x26, 0x23, 0x78, 0x65, 0x31, 0x35, 0x36, 0x3b, 0x22, 0x20, 0x64, 0x3d, 0x22, 0x4d,
    0x34, 0x30, 0x30, 0x20, 0x33, 0x30, 0x30, 0x68, 0x31, 0x35, 0x30, 0x71, 0x32, 0x31, 0x20, 0x30,
    0x20, 0x32, 0x35, 0x20, 0x2d, 0x31, 0x31, 0x74, 0x2d, 0x31, 0x30, 0x20, 0x2d, 0x32, 0x35, 0x6c,
    0x2d, 0x32, 0x33, 0x30, 0x20, 0x2d, 0x32, 0x35, 0x30, 0x71, 0x2d, 0x31, 0x34, 0x20, 0x2d, 0x31,
    0x35, 0x20, 0x2d, 0x33, 0x35, 0x20, 0x2d, 0x31, 0x35, 0x74, 0x2d, 0x33, 0x35, 0x20, 0x31, 0x35,
    0x6c, 0x2d, 0x32, 0x33, 0x30, 0x20, 0x32, 0x35, 0x30, 0x71, 0x2d, 0x31, 0x34, 0x20, 0x31, 0x34,
    0x20, 0x2d, 0x31, 0x30, 0x20, 0x32, 0x35, 0x74, 0x32, 0x35, 0x20, 0x31, 0x31, 0x68, 0x31, 0x35,
    0x30, 0x76, 0x39, 0x30, 0x30, 0x68, 0x32, 0x30, 0x30, 0x76, 0x2d, 0x39, 0x30, 0x30, 0x7a, 0x4d,
    0x31, 0x32, 0x30, 0x30, 0x20, 0x31, 0x30, 0x30, 0x30, 0x68, 0x2d, 0x35, 0x30, 0x30, 0x76, 0x32,
    0x30, 0x30, 0x68, 0x35, 0x30, 0x30, 0x76, 0x2d, 0x32, 0x30, 0x30, 0x7a, 0x4d, 0x31, 0x31, 0x30,
    0x30, 0x20, 0x37, 0x30, 0x30, 0x68, 0x2d, 0x34, 0x30, 0x30, 0x76, 0x32, 0x30, 0x30, 0x68, 0x34,
    0x30, 0x30, 0x76, 0x2d, 0x32, 0x30, 0x30, 0x7a, 0x4d, 0x31, 0x30, 0x30, 0x30, 0x20, 0x34, 0x30,
    0x30, 0x68, 0x2d, 0x33, 0x30, 0x30, 0x76, 0x32, 0x30, 0x30, 0x68, 0x33, 0x30, 0x30, 0x76, 0x2d,
    0x32, 0x30, 0x30, 0x7a, 0x4d, 0x39, 0x30, 0x30, 0x20, 0x31, 0x30, 0x30, 0x68, 0x2d, 0x32, 0x30,
    0x30, 0x76, 0x32, 0x30, 0x30, 0x68, 0x32, 0x30, 0x30, 0x76, 0x2d, 0x32, 0x30, 0x30, 0x7a, 0x22,
    0x20, 0x2f, 0x3e, 0x0a, 0x3c, 0x67, 0x6c, 0x79, 0x70, 0x68, 0x20, 0x75, 0x6e, 0x69, 0x63, 0x6f,
    0x64, 0x65, 0x3d, 0x22, 0x26, 0x23, 0x78, 0x65, 0x31, 0x35, 0x37, 0x3b, 0x22, 0x20, 0x64, 0x3d,
    0x22, 0x4d, 0x33, 0x35, 0x30, 0x20, 0x31, 0x31, 0x30, 0x30, 0x68, 0x34, 0x30, 0x30, 0x71, 0x31,
    0x36, 0x32, 0x20, 0x30, 0x20, 0x32, 0x35, 0x36, 0x20, 0x2d, 0x39, 0x33, 0x2e, 0x35, 0x74, 0x39,
    0x34, 0x20, 0x2d, 0x32, 0x35, 0x36, 0x2e, 0x35, 0x76, 0x2d, 0x34, 0x30, 0x30, 0x71, 0x30, 0x20,
    0x2d, 0x31, 0x36, 0x35, 0x20, 0x2d, 0x39, 0x33, 0x2e, 0x35, 0x20, 0x2d, 0x32, 0x35, 0x37, 0x2e,
    0x35, 0x74, 0x2d, 0x32, 0x35, 0x36, 0x2e, 0x35, 0x20, 0x2d, 0x39, 0x32, 0x2e, 0x35, 0x68, 0x2d,
    0x34, 0x30, 0x30, 0x71, 0x2d, 0x31, 0x36, 0x35, 0x20, 0x30, 0x20, 0x2d, 0x32, 0x35, 0x37, 0x2e,
    0x35, 0x20, 0x39, 0x32, 0x2e, 0x35, 0x74, 0x2d, 0x39, 0x32, 0x2e, 0x35, 0x20, 0x32, 0x35, 0x37,
    0x2e, 0x35, 0x76, 0x34, 0x30, 0x30, 0x71, 0x30, 0x20, 0x31, 0x36, 0x35, 0x20, 0x39, 0x32, 0x2e,
    0x35, 0x20, 0x32, 0x35, 0x37, 0x2e, 0x35, 0x74, 0x32, 0x35, 0x37, 0x2e, 0x35, 0x20, 0x39, 0x32,
    0x2e, 0x35, 0x7a, 0x4d, 0x38, 0x30, 0x30, 0x20, 0x39, 0x30, 0x30, 0x68, 0x2d, 0x35, 0x30, 0x30,
    0x71, 0x2d, 0x34, 0x31, 0x20, 0x30, 0x20, 0x2d, 0x37, 0x30, 0x2e, 0x35, 0x20, 0x2d, 0x32, 0x39,
    0x2e, 0x35, 0x74, 0x2d, 0x32, 0x39, 0x2e, 0x35, 0x20, 0x2d, 0x37, 0x30, 0x2e, 0x35, 0x76, 0x2d,
    0x35, 0x30, 0x30, 0x71, 0x30, 0x20, 0x2d, 0x34, 0x31, 0x20, 0x32, 0x39, 0x2e, 0x35, 0x20, 0x2d,
    0x37, 0x30, 0x2e, 0x35, 0x74, 0x37, 0x30, 0x2e, 0x35, 0x20, 0x2d, 0x32, 0x39, 0x2e, 0x35, 0x68,
    0x35, 0x30, 0x30, 0x71, 0x34, 0x31, 0x20, 0x30, 0x20, 0x37, 0x30, 0x2e, 0x35, 0x20, 0x32, 0x39,
    0x2e, 0x35, 0x74, 0x32, 0x39, 0x2e, 0x35, 0x20, 0x37, 0x30, 0x2e, 0x35, 0x20, 0x76, 0x35, 0x30,
    0x30, 0x71, 0x30, 0x20, 0x34, 0x31, 0x20, 0x2d, 0x32, 0x39, 0x2e, 0x35, 0x20, 0x37, 0x30, 0x2e,
    0x35, 0x74, 0x2d, 0x37, 0x30, 0x2e, 0x35, 0x20, 0x32, 0x39, 0x2e, 0x35, 0x7a, 0x22, 0x20, 0x2f,
    0x3e, 0x0a, 0x3c, 0x67, 0x6c, 0x79, 0x70, 0x68, 0x20, 0x75, 0x6e, 0x69, 0x63, 0x6f, 0x64, 0x65,
    0x3d, 0x22, 0x26, 0x23, 0x78, 0x65, 0x31, 0x35, 0x38, 0x3b, 0x22, 0x20, 0x64, 0x3d, 0x22, 0x4d,
    0x33, 0x35, 0x30, 0x20, 0x31, 0x31, 0x30, 0x30, 0x68, 0x34, 0x30, 0x30, 0x71, 0x31, 0x36, 0x35,
    0x20, 0x30, 0x20, 0x32, 0x35, 0x37, 0x2e, 0x35, 0x20, 0x2d, 0x39, 0x32, 0x2e, 0x35, 0x74, 0x39,
    0x32, 0x2e, 0x35, 0x20, 0x2d, 0x32, 0x35, 0x37, 0x2e, 0x35, 0x76, 0x2d, 0x34, 0x30, 0x30, 0x71,
    0x30, 0x20, 0x2d, 0x31, 0x36, 0x35, 0x20, 0x2d, 0x39, 0x32, 0x2e, 0x35, 0x20, 0x2d, 0x32, 0x35,
    0x37, 0x2e, 0x35, 0x74, 0x2d, 0x32, 0x35, 0x37, 0x2e, 0x35, 0x20, 0x2d, 0x39, 0x32, 0x2e, 0x35,
    0x68, 0x2d, 0x34, 0x30, 0x30, 0x71, 0x2d, 0x31, 0x36, 0x33, 0x20, 0x30, 0x20, 0x2d, 0x32, 0x35,
    0x36, 0x2e, 0x35, 0x20, 0x39, 0x32, 0x2e, 0x35, 0x74, 0x2d, 0x39, 0x33, 0x2e, 0x35, 0x20, 0x32,
    0x35, 0x37, 0x2e, 0x35, 0x76, 0x34, 0x30, 0x30, 0x71, 0x30, 0x20, 0x31, 0x36, 0x33, 0x20, 0x39,
    0x34, 0x20, 0x32, 0x35, 0x36, 0x2e, 0x35, 0x74, 0x32, 0x35, 0x36, 0x20, 0x39, 0x33, 0x2e, 0x35,
    0x7a, 0x4d, 0x38, 0x30, 0x30, 0x20, 0x39, 0x30, 0x30, 0x68, 0x2d, 0x35, 0x30, 0x30, 0x71, 0x2d,
    0x34, 0x31, 0x20, 0x30, 0x20, 0x2d, 0x37, 0x30, 0x2e, 0x35, 0x20, 0x2d, 0x32, 0x39, 0x2e, 0x35,
    0x74, 0x2d, 0x32, 0x39, 0x2e, 0x35, 0x20, 0x2d, 0x37, 0x30, 0x2e, 0x35, 0x76, 0x2d, 0x35, 0x30,
    0x30, 0x71, 0x30, 0x20, 0x2d, 0x34, 0x31, 0x20, 0x32, 0x39, 0x2e, 0x35, 0x20, 0x2d, 0x37, 0x30,
    0x2e, 0x35, 0x74, 0x37, 0x30, 0x2e, 0x35, 0x20, 0x2d, 0x32, 0x39, 0x2e, 0x35, 0x68, 0x35, 0x30,
    0x30, 0x71, 0x34, 0x31, 0x20, 0x30, 0x20, 0x37, 0x30, 0x2e, 0x35, 0x20, 0x32, 0x39, 0x2e, 0x35,
    0x74, 0x32, 0x39, 0x2e, 0x35, 0x20, 0x37, 0x30, 0x2e, 0x35, 0x20, 0x76, 0x35, 0x30, 0x30, 0x71,
    0x30, 0x20, 0x34, 0x31, 0x20, 0x2d, 0x32, 0x39, 0x2e, 0x35, 0x20, 0x37, 0x30, 0x2e, 0x35, 0x74,
    0x2d, 0x37, 0x30, 0x2e, 0x35, 0x20, 0x32, 0x39, 0x2e, 0x35, 0x7a, 0x4d, 0x34, 0x34, 0x30, 0x20,
    0x37, 0x37, 0x30, 0x6c, 0x32, 0x35, 0x33, 0x20, 0x2d, 0x31, 0x39, 0x30, 0x71, 0x31, 0x37, 0x20,
    0x2d, 0x31, 0x32, 0x20, 0x31, 0x37, 0x20, 0x2d, 0x33, 0x30, 0x74, 0x2d, 0x31, 0x37, 0x20, 0x2d,
    0x33, 0x30, 0x6c, 0x2d, 0x32, 0x35, 0x33, 0x20, 0x2d, 0x31, 0x39, 0x30, 0x71, 0x2d, 0x31, 0x36,
    0x20, 0x2d, 0x31, 0x32, 0x20, 0x2d, 0x32, 0x38, 0x20, 0x2d, 0x36, 0x2e, 0x35, 0x74, 0x2d, 0x31,
    0x32, 0x20, 0x32, 0x36, 0x2e, 0x35, 0x76, 0x34, 0x30, 0x30, 0x71, 0x30, 0x20, 0x32, 0x31, 0x20,
    0x31, 0x32, 0x20, 0x32, 0x36, 0x2e, 0x35, 0x74, 0x32, 0x38, 0x20, 0x2d, 0x36, 0x2e, 0x35, 0x7a,
    0x22, 0x20, 0x2f, 0x3e, 0x0a, 0x3c, 0x67, 0x6c, 0x79, 0x70, 0x68, 0x20, 0x75, 0x6e, 0x69, 0x63,
    0x6f, 0x64, 0x65, 0x3d, 0x22, 0x26, 0x23, 0x78, 0x65, 0x31, 0x35, 0x39, 0x3b, 0x22, 0x20, 0x64,
    0x3d, 0x22, 0x4d, 0x33, 0x35, 0x30, 0x20, 0x31, 0x31, 0x30, 0x30, 0x68, 0x34, 0x30, 0x30, 0x71,
    0x31, 0x36, 0x33, 0x20, 0x30, 0x20, 0x32, 0x35, 0x36, 0x2e, 0x35, 0x20, 0x2d, 0x39, 0x34, 0x74,
    0x39, 0x33, 0x2e, 0x35, 0x20, 0x2d, 0x32, 0x35, 0x36, 0x76, 0x2d, 0x34, 0x30, 0x30, 0x71, 0x30,
    0x20, 0x2d, 0x31, 0x36, 0x35, 0x20, 0x2d, 0x39, 0x32, 0x2e, 0x35, 0x20, 0x2d, 0x32, 0x35, 0x37,
    0x2e, 0x35, 0x74, 0x2d, 0x32, 0x35, 0x37, 0x2e, 0x35, 0x20, 0x2d, 0x39, 0x32, 0x2e, 0x35, 0x68,
    0x2d, 0x34, 0x30, 0x30, 0x71, 0x2d, 0x31, 0x36, 0x35, 0x20, 0x30, 0x20, 0x2d, 0x32, 0x35, 0x37,
    0x2e, 0x35, 0x20, 0x39, 0x32, 0x2e, 0x35, 0x74, 0x2d, 0x39, 0x32, 0x2e, 0x35, 0x20, 0x32, 0x35,
    0x37, 0x2e, 0x35, 0x76, 0x34, 0x30, 0x30, 0x71, 0x30, 0x20, 0x31, 0x36, 0x33, 0x20, 0x39, 0x32,
    0x2e, 0x35, 0x20, 0x32, 0x35, 0x36, 0x2e, 0x35, 0x74, 0x32, 0x35, 0x37, 0x2e, 0x35, 0x20, 0x39,
    0x33, 0x2e, 0x35, 0x7a, 0x4d, 0x38, 0x30, 0x30, 0x20, 0x39, 0x30, 0x30, 0x68, 0x2d, 0x35, 0x30,
    0x30, 0x71, 0x2d, 0x34, 0x31, 0x20, 0x30, 0x20, 0x2d, 0x37, 0x30, 0x2e, 0x35, 0x20, 0x2d, 0x32,
    0x39, 0x2e, 0x35, 0x74, 0x2d, 0x32, 0x39, 0x2e, 0x35, 0x20, 0x2d, 0x37, 0x30, 0x2e, 0x35, 0x76,
    0x2d, 0x35, 0x30, 0x30, 0x71, 0x30, 0x20, 0x2d, 0x34, 0x31, 0x20, 0x32, 0x39, 0x2e, 0x35, 0x20,
    0x2d, 0x37, 0x30, 0x2e, 0x35, 0x74, 0x37, 0x30, 0x2e, 0x35, 0x20, 0x2d, 0x32, 0x39, 0x2e, 0x35,
    0x68, 0x35, 0x30, 0x30, 0x71, 0x34, 0x31, 0x20, 0x30, 0x20, 0x37, 0x30, 0x2e, 0x35, 0x20, 0x32,
    0x39, 0x2e, 0x35, 0x74, 0x32, 0x39, 0x2e, 0x35, 0x20, 0x37, 0x30, 0x2e, 0x35, 0x20, 0x76, 0x35,
    0x30, 0x30, 0x71, 0x30, 0x20, 0x34, 0x31, 0x20, 0x2d, 0x32, 0x39, 0x2e, 0x35, 0x20, 0x37, 0x30,
    0x2e, 0x35, 0x74, 0x2d, 0x37, 0x30, 0x2e, 0x35, 0x20, 0x32, 0x39, 0x2e, 0x35, 0x7a, 0x4d, 0x33,
    0x35, 0x30, 0x20, 0x37, 0x30, 0x30, 0x68, 0x34, 0x30, 0x30, 0x71, 0x32, 0x31, 0x20, 0x30, 0x20,
    0x32, 0x36, 0x2e, 0x35, 0x20, 0x2d, 0x31, 0x32, 0x74, 0x2d, 0x36, 0x2e, 0x35, 0x20, 0x2d, 0x32,
    0x38, 0x6c, 0x2d, 0x31, 0x39, 0x30, 0x20, 0x2d, 0x32, 0x35, 0x33, 0x71, 0x2d, 0x31, 0x32, 0x20,
    0x2d, 0x31, 0x37, 0x20, 0x2d, 0x33, 0x30, 0x20, 0x2d, 0x31, 0x37, 0x74, 0x2d, 0x33, 0x30, 0x20,
    0x31, 0x37, 0x6c, 0x2d, 0x31, 0x39, 0x30, 0x20, 0x32, 0x35, 0x33, 0x71, 0x2d, 0x31, 0x32, 0x20,
    0x31, 0x36, 0x20, 0x2d, 0x36, 0x2e, 0x35, 0x20, 0x32, 0x38, 0x74, 0x32, 0x36, 0x2e, 0x35, 0x20,
    0x31, 0x32, 0x7a, 0x22, 0x20, 0x2f, 0x3e, 0x0a, 0x3c, 0x67, 0x6c, 0x79, 0x70, 0x68, 0x20, 0x75,
    0x6e, 0x69, 0x63, 0x6f, 0x64, 0x65, 0x3d, 0x22, 0x26, 0x23, 0x78, 0x65, 0x31, 0x36, 0x30, 0x3b,
    0x22, 0x20, 0x64, 0x3d, 0x22, 0x4d, 0x33, 0x35, 0x30, 0x20, 0x31, 0x31, 0x30, 0x30, 0x68, 0x34,
    0x30, 0x30, 0x71, 0x31, 0x36, 0x35, 0x20, 0x30, 0x20, 0x32, 0x35, 0x37, 0x2e, 0x35, 0x20, 0x2d,
    0x39, 0x32, 0x2e, 0x35, 0x74, 0x39, 0x32, 0x2e, 0x35, 0x20, 0x2d, 0x32, 0x35, 0x37, 0x2e, 0x35,
    0x76, 0x2d, 0x34, 0x30, 0x30, 0x71, 0x30, 0x20, 0x2d, 0x31, 0x36, 0x33, 0x20, 0x2d, 0x39, 0x32,
    0x2e, 0x35, 0x20, 0x2d, 0x32, 0x35, 0x36, 0x2e, 0x35, 0x74, 0x2d, 0x32, 0x35, 0x37, 0x2e, 0x35,
    0x20, 0x2d, 0x39, 0x33, 0x2e, 0x35, 0x68, 0x2d, 0x34, 0x30, 0x30, 0x71, 0x2d, 0x31, 0x36, 0x33,
    0x20, 0x30, 0x20, 0x2d, 0x32, 0x35, 0x36, 0x2e, 0x35, 0x20, 0x39, 0x34, 0x74, 0x2d, 0x39, 0x33,
    0x2e, 0x35, 0x20, 0x32, 0x35, 0x36, 0x76, 0x34, 0x30, 0x30, 0x71, 0x30, 0x20, 0x31, 0x36, 0x35,
    0x20, 0x39, 0x32, 0x2e, 0x35, 0x20, 0x32, 0x35, 0x37, 0x2e, 0x35, 0x74, 0x32, 0x35, 0x37, 0x2e,
    0x35, 0x20, 0x39, 0x32, 0x2e, 0x35, 0x7a, 0x4d, 0x38, 0x30, 0x30, 0x20, 0x39, 0x30, 0x30, 0x68,
    0x2d, 0x35, 0x30, 0x30, 0x71, 0x2d, 0x34, 0x31, 0x20, 0x30, 0x20, 0x2d, 0x37, 0x30, 0x2e, 0x35,
    0x20, 0x2d, 0x32, 0x39, 0x2e, 0x35, 0x74, 0x2d, 0x32, 0x39, 0x2e, 0x35, 0x20, 0x2d, 0x37, 0x30,
    0x2e, 0x35, 0x76, 0x2d, 0x35, 0x30, 0x30, 0x71, 0x30, 0x20, 0x2d, 0x34, 0x31, 0x20, 0x32, 0x39,
    0x2e, 0x35, 0x20, 0x2d, 0x37, 0x30, 0x2e, 0x35, 0x74, 0x37, 0x30, 0x2e, 0x35, 0x20, 0x2d, 0x32,
    0x39, 0x2e, 0x35, 0x68, 0x35, 0x30, 0x30, 0x71, 0x34, 0x31, 0x20, 0x30, 0x20, 0x37, 0x30, 0x2e,
    0x35, 0x20, 0x32, 0x39, 0x2e, 0x35, 0x74, 0x32, 0x39, 0x2e, 0x35, 0x20, 0x37, 0x30, 0x2e, 0x35,
    0x20, 0x76, 0x35, 0x30, 0x30, 0x71, 0x30, 0x20, 0x34, 0x31, 0x20, 0x2d, 0x32, 0x39, 0x2e, 0x35,
    0x20, 0x37, 0x30, 0x2e, 0x35, 0x74, 0x2d, 0x37, 0x30, 0x2e, 0x35, 0x20, 0x32, 0x39, 0x2e, 0x35,
    0x7a, 0x4d, 0x35, 0x38, 0x30, 0x20, 0x36, 0x39, 0x33, 0x6c, 0x31, 0x39, 0x30, 0x20, 0x2d, 0x32,
    0x35, 0x33, 0x71, 0x31, 0x32, 0x20, 0x2d, 0x31, 0x36, 0x20, 0x36, 0x2e, 0x35, 0x20, 0x2d, 0x32,
    0x38, 0x74, 0x2d, 0x32, 0x36, 0x2e, 0x35, 0x20, 0x2d, 0x31, 0x32, 0x68, 0x2d, 0x34, 0x30, 0x30,
    0x71, 0x2d, 0x32, 0x31, 0x20, 0x30, 0x20, 0x2d, 0x32, 0x36, 0x2e, 0x35, 0x20, 0x31, 0x32, 0x74,
    0x36, 0x2e, 0x35, 0x20, 0x32, 0x38, 0x6c, 0x31, 0x39, 0x30, 0x20, 0x32, 0x35, 0x33, 0x71, 0x31,
    0x32, 0x20, 0x31, 0x37, 0x20, 0x33, 0x30, 0x20, 0x31, 0x37, 0x74, 0x33, 0x30, 0x20, 0x2d, 0x31,
    0x37, 0x7a, 0x22, 0x20, 0x2f, 0x3e, 0x0a, 0x3c, 0x67, 0x6c, 0x79, 0x70, 0x68, 0x20, 0x75, 0x6e,
    0x69, 0x63, 0x6f, 0x64, 0x65, 0x3d, 0x22, 0x26, 0x23, 0x78, 0x65, 0x31, 0x36, 0x31, 0x3b, 0x22,
    0x20, 0x64, 0x3d, 0x22, 0x4d, 0x35, 0x35, 0x30, 0x20, 0x31, 0x31, 0x30, 0x30, 0x68, 0x34, 0x30,
    0x30, 0x71, 0x31, 0x36, 0x35, 0x20, 0x30, 0x20, 0x32, 0x35, 0x37, 0x2e, 0x35, 0x20, 0x2d, 0x39,
    0x32, 0x2e, 0x35, 0x74, 0x39, 0x32, 0x2e, 0x35, 0x20, 0x2d, 0x32, 0x35, 0x37, 0x2e, 0x35, 0x76,
    0x2d, 0x34, 0x30, 0x30, 0x71, 0x30, 0x20, 0x2d, 0x31, 0x36, 0x35, 0x20, 0x2d, 0x39, 0x32, 0x2e,
    0x35, 0x20, 0x2d, 0x32, 0x35, 0x37, 0x2e, 0x35, 0x74, 0x2d, 0x32, 0x35, 0x37, 0x2e, 0x35, 0x20,
    0x2d, 0x39, 0x32, 0x2e, 0x35, 0x68, 0x2d, 0x34, 0x30, 0x30, 0x71, 0x2d, 0x32, 0x31, 0x20, 0x30,
    0x20, 0x2d, 0x33, 0x35, 0x2e, 0x35, 0x20, 0x31, 0x34, 0x2e, 0x35, 0x74, 0x2d, 0x31, 0x34, 0x2e,
    0x35, 0x20, 0x33, 0x35, 0x2e, 0x35, 0x76, 0x31, 0x30, 0x30, 0x71, 0x30, 0x20, 0x32, 0x31, 0x20,
    0x31, 0x34, 0x2e, 0x35, 0x20, 0x33, 0x35, 0x2e, 0x35, 0x74, 0x33, 0x35, 0x2e, 0x35, 0x20, 0x31,
    0x34, 0x2e, 0x35, 0x68, 0x34, 0x35, 0x30, 0x71, 0x34, 0x31, 0x20, 0x30, 0x20, 0x37, 0x30, 0x2e,
    0x35, 0x20, 0x32, 0x39, 0x2e, 0x35, 0x74, 0x32, 0x39, 0x2e, 0x35, 0x20, 0x37, 0x30, 0x2e, 0x35,
    0x76, 0x35, 0x30, 0x30, 0x71, 0x30, 0x20, 0x34, 0x31, 0x20, 0x2d, 0x32, 0x39, 0x2e, 0x35, 0x20,
    0x37, 0x30, 0x2e, 0x35, 0x74, 0x2d, 0x37, 0x30, 0x2e, 0x35, 0x20, 0x32, 0x39, 0x2e, 0x35, 0x68,
    0x2d, 0x34, 0x35, 0x30, 0x71, 0x2d, 0x32, 0x31, 0x20, 0x30, 0x20, 0x2d, 0x33, 0x35, 0x2e, 0x35,
    0x20, 0x31, 0x34, 0x2e, 0x35, 0x74, 0x2d, 0x31, 0x34, 0x2e, 0x35, 0x20, 0x33, 0x35, 0x2e, 0x35,
    0x76, 0x31, 0x30, 0x30, 0x20, 0x71, 0x30, 0x20, 0x32, 0x31, 0x20, 0x31, 0x34, 0x2e, 0x35, 0x20,
    0x33, 0x35, 0x2e, 0x35, 0x74, 0x33, 0x35, 0x2e, 0x35, 0x20, 0x31, 0x34, 0x2e, 0x35, 0x7a, 0x4d,
    0x33, 0x33, 0x38, 0x20, 0x38, 0x36, 0x37, 0x6c, 0x33, 0x32, 0x34, 0x20, 0x2d, 0x32, 0x38, 0x34,
    0x71, 0x31, 0x36, 0x20, 0x2d, 0x31, 0x34, 0x20, 0x31, 0x36, 0x20, 0x2d, 0x33, 0x33, 0x74, 0x2d,
    0x31, 0x36, 0x20, 0x2d, 0x33, 0x33, 0x6c, 0x2d, 0x33, 0x32, 0x34, 0x20, 0x2d, 0x32, 0x38, 0x34,
    0x71, 0x2d, 0x31, 0x36, 0x20, 0x2d, 0x31, 0x34, 0x20, 0x2d, 0x32, 0x37, 0x20, 0x2d, 0x39, 0x74,
    0x2d, 0x31, 0x31, 0x20, 0x32, 0x36, 0x76, 0x31, 0x35, 0x30, 0x68, 0x2d, 0x32, 0x35, 0x30, 0x71,
    0x2d, 0x32, 0x31, 0x20, 0x30, 0x20, 0x2d, 0x33, 0x35, 0x2e, 0x35, 0x20, 0x31, 0x34, 0x2e, 0x35,
    0x74, 0x2d, 0x31, 0x34, 0x2e, 0x35, 0x20, 0x33, 0x35, 0x2e, 0x35, 0x76, 0x32, 0x30, 0x30, 0x71,
    0x30, 0x20, 0x32, 0x31, 0x20, 0x31, 0x34, 0x2e, 0x35, 0x20, 0x33, 0x35, 0x2e, 0x35, 0x74, 0x33,
    0x35, 0x2e, 0x35, 0x20, 0x31, 0x34, 0x2e, 0x35, 0x68, 0x32, 0x35, 0x30, 0x76, 0x31, 0x35, 0x30,
    0x71, 0x30, 0x20, 0x32, 0x31, 0x20, 0x31, 0x31, 0x20, 0x32, 0x36, 0x74, 0x32, 0x37, 0x20, 0x2d,
    0x39, 0x7a, 0x22, 0x20, 0x2f, 0x3e, 0x0a, 0x3c, 0x67, 0x6c, 0x79, 0x70, 0x68, 0x20, 0x75, 0x6e,
    0x69, 0x63, 0x6f, 0x64, 0x65, 0x3d, 0x22, 0x26, 0x23, 0x78, 0x65, 0x31, 0x36, 0x32, 0x3b, 0x22,
    0x20, 0x64, 0x3d, 0x22, 0x4d, 0x37, 0x39, 0x33, 0x20, 0x31, 0x31, 0x38, 0x32, 0x6c, 0x39, 0x20,
    0x2d, 0x39, 0x71, 0x38, 0x20, 0x2d, 0x31, 0x30, 0x20, 0x35, 0x20, 0x2d, 0x32, 0x37, 0x71, 0x2d,
    0x33, 0x20, 0x2d, 0x31, 0x31, 0x20, 0x2d, 0x37, 0x39, 0x20, 0x2d, 0x32, 0x32, 0x35, 0x2e, 0x35,
    0x74, 0x2d, 0x37, 0x38, 0x20, 0x2d, 0x32, 0x32, 0x31, 0x2e, 0x35, 0x6c, 0x33, 0x30, 0x30, 0x20,
    0x31, 0x71, 0x32, 0x34, 0x20, 0x30, 0x20, 0x33, 0x32, 0x2e, 0x35, 0x20, 0x2d, 0x31, 0x37, 0x2e,
    0x35, 0x74, 0x2d, 0x35, 0x2e, 0x35, 0x20, 0x2d, 0x33, 0x35, 0x2e, 0x35, 0x71, 0x2d, 0x31, 0x20,
    0x30, 0x20, 0x2d, 0x31, 0x33, 0x33, 0x2e, 0x35, 0x20, 0x2d, 0x31, 0x35, 0x35, 0x74, 0x2d, 0x32,
    0x36, 0x37, 0x20, 0x2d, 0x33, 0x31, 0x32, 0x2e, 0x35, 0x74, 0x2d, 0x31, 0x33, 0x38, 0x2e, 0x35,
    0x20, 0x2d, 0x31, 0x36, 0x32, 0x2e, 0x35, 0x71, 0x2d, 0x31, 0x32, 0x20, 0x2d, 0x31, 0x35, 0x20,
    0x2d, 0x32, 0x36, 0x20, 0x2d, 0x31, 0x35, 0x68, 0x2d, 0x39, 0x6c, 0x2d, 0x39, 0x20, 0x38, 0x71,
    0x2d, 0x39, 0x20, 0x31, 0x31, 0x20, 0x2d, 0x34, 0x20, 0x33, 0x32, 0x71, 0x32, 0x20, 0x39, 0x20,
    0x34, 0x32, 0x20, 0x31, 0x32, 0x33, 0x2e, 0x35, 0x74, 0x37, 0x39, 0x20, 0x32, 0x32, 0x34, 0x2e,
    0x35, 0x6c, 0x33, 0x39, 0x20, 0x31, 0x31, 0x30, 0x68, 0x2d, 0x33, 0x30, 0x32, 0x71, 0x2d, 0x32,
    0x33, 0x20, 0x30, 0x20, 0x2d, 0x33, 0x31, 0x20, 0x31, 0x39, 0x71, 0x2d, 0x31, 0x30, 0x20, 0x32,
    0x31, 0x20, 0x36, 0x20, 0x34, 0x31, 0x71, 0x37, 0x35, 0x20, 0x38, 0x36, 0x20, 0x32, 0x30, 0x39,
    0x2e, 0x35, 0x20, 0x32, 0x33, 0x37, 0x2e, 0x35, 0x20, 0x74, 0x32, 0x32, 0x38, 0x20, 0x32, 0x35,
    0x37, 0x74, 0x39, 0x38, 0x2e, 0x35, 0x20, 0x31, 0x31, 0x31, 0x2e, 0x35, 0x71, 0x39, 0x20, 0x31,
    0x36, 0x20, 0x32, 0x35, 0x20, 0x31, 0x36, 0x68, 0x39, 0x7a, 0x22, 0x20, 0x2f, 0x3e, 0x0a, 0x3c,
    0x67, 0x6c, 0x79, 0x70, 0x68, 0x20, 0x75, 0x6e, 0x69, 0x63, 0x6f, 0x64, 0x65, 0x3d, 0x22, 0x26,
    0x23, 0x78, 0x65, 0x31, 0x36, 0x33, 0x3b, 0x22, 0x20, 0x64, 0x3d, 0x22, 0x4d, 0x33, 0x35, 0x30,
    0x20, 0x31, 0x31, 0x30, 0x30, 0x68, 0x34, 0x30, 0x30, 0x71, 0x32, 0x31, 0x20, 0x30, 0x20, 0x33,
    0x35, 0x2e, 0x35, 0x20, 0x2d, 0x31, 0x34, 0x2e, 0x35, 0x74, 0x31, 0x34, 0x2e, 0x35, 0x20, 0x2d,
    0x33, 0x35, 0x2e, 0x35, 0x76, 0x2d, 0x31, 0x30, 0x30, 0x71, 0x30, 0x20, 0x2d, 0x32, 0x31, 0x20,
    0x2d, 0x31, 0x34, 0x2e, 0x35, 0x20, 0x2d, 0x33, 0x35, 0x2e, 0x35, 0x74, 0x2d, 0x33, 0x35, 0x2e,
    0x35, 0x20, 0x2d, 0x31, 0x34, 0x2e, 0x35, 0x68, 0x2d, 0x34, 0x35, 0x30, 0x71, 0x2d, 0x34, 0x31,
    0x20, 0x30, 0x20, 0x2d, 0x37, 0x30, 0x2e, 0x35, 0x20, 0x2d, 0x32, 0x39, 0x2e, 0x35, 0x74, 0x2d,
    0x32, 0x39, 0x2e, 0x35, 0x20, 0x2d, 0x37, 0x30, 0x2e, 0x35, 0x76, 0x2d, 0x35, 0x30, 0x30, 0x71,
    0x30, 0x20, 0x2d, 0x34, 0x31, 0x20, 0x32, 0x39, 0x2e, 0x35, 0x20, 0x2d, 0x37, 0x30, 0x2e, 0x35,
    0x74, 0x37, 0x30, 0x2e, 0x35, 0x20, 0x2d, 0x32, 0x39, 0x2e, 0x35, 0x68, 0x34, 0x35, 0x30, 0x71,
    0x32, 0x31, 0x20, 0x30, 0x20, 0x33, 0x35, 0x2e, 0x35, 0x20, 0x2d, 0x31, 0x34, 0x2e, 0x35, 0x74,
    0x31, 0x34, 0x2e, 0x35, 0x20, 0x2d, 0x33, 0x35, 0x2e, 0x35, 0x76, 0x2d, 0x31, 0x30, 0x30, 0x71,
    0x30, 0x20, 0x2d, 0x32, 0x31, 0x20, 0x2d, 0x31, 0x34, 0x2e, 0x35, 0x20, 0x2d, 0x33, 0x35, 0x2e,
    0x35, 0x74, 0x2d, 0x33, 0x35, 0x2e, 0x35, 0x20, 0x2d, 0x31, 0x34, 0x2e, 0x35, 0x68, 0x2d, 0x34,
    0x30, 0x30, 0x71, 0x2d, 0x31, 0x36, 0x35, 0x20, 0x30, 0x20, 0x2d, 0x32, 0x35, 0x37, 0x2e, 0x35,
    0x20, 0x39, 0x32, 0x2e, 0x35, 0x74, 0x2d, 0x39, 0x32, 0x2e, 0x35, 0x20, 0x32, 0x35, 0x37, 0x2e,
    0x35, 0x76, 0x34, 0x30, 0x30, 0x20, 0x71, 0x30, 0x20, 0x31, 0x36, 0x35, 0x20, 0x39, 0x32, 0x2e,
    0x35, 0x20, 0x32, 0x35, 0x37, 0x2e, 0x35, 0x74, 0x32, 0x35, 0x37, 0x2e, 0x35, 0x20, 0x39, 0x32,
    0x2e, 0x35, 0x7a, 0x4d, 0x39, 0x33, 0x38, 0x20, 0x38, 0x36, 0x37, 0x6c, 0x33, 0x32, 0x34, 0x20,
    0x2d, 0x32, 0x38, 0x34, 0x71, 0x31, 0x36, 0x20, 0x2d, 0x31, 0x34, 0x20, 0x31, 0x36, 0x20, 0x2d,
    0x33, 0x33, 0x74, 0x2d, 0x31, 0x36, 0x20, 0x2d, 0x33, 0x33, 0x6c, 0x2d, 0x33, 0x32, 0x34, 0x20,
    0x2d, 0x32, 0x38, 0x34, 0x71, 0x2d, 0x31, 0x36, 0x20, 0x2d, 0x31, 0x34, 0x20, 0x2d, 0x32, 0x37,
    0x20, 0x2d, 0x39, 0x74, 0x2d, 0x31, 0x31, 0x20, 0x32, 0x36, 0x76, 0x31, 0x35, 0x30, 0x68, 0x2d,
    0x32, 0x35, 0x30, 0x71, 0x2d, 0x32, 0x31, 0x20, 0x30, 0x20, 0x2d, 0x33, 0x35, 0x2e, 0x35, 0x20,
    0x31, 0x34, 0x2e, 0x35, 0x74, 0x2d, 0x31, 0x34, 0x2e, 0x35, 0x20, 0x33, 0x35, 0x2e, 0x35, 0x76,
    0x32, 0x30, 0x30, 0x71, 0x30, 0x20, 0x32, 0x31, 0x20, 0x31, 0x34, 0x2e, 0x35, 0x20, 0x33, 0x35,
    0x2e, 0x35, 0x74, 0x33, 0x35, 0x2e, 0x35, 0x20, 0x31, 0x34, 0x2e, 0x35, 0x68, 0x32, 0x35, 0x30,
    0x76, 0x31, 0x35, 0x30, 0x71, 0x30, 0x20, 0x32, 0x31, 0x20, 0x31, 0x31, 0x20, 0x32, 0x36, 0x74,
    0x32, 0x37, 0x20, 0x2d, 0x39, 0x7a, 0x22, 0x20, 0x2f, 0x3e, 0x0a, 0x3c, 0x67, 0x6c, 0x79, 0x70,
    0x68, 0x20, 0x75, 0x6e, 0x69, 0x63, 0x6f, 0x64, 0x65, 0x3d, 0x22, 0x26, 0x23, 0x78, 0x65, 0x31,
    0x36, 0x34, 0x3b, 0x22, 0x20, 0x64, 0x3d, 0x22, 0x4d, 0x37, 0x35, 0x30, 0x20, 0x31, 0x32, 0x30,
    0x30, 0x68, 0x34, 0x30, 0x30, 0x71, 0x32, 0x31, 0x20, 0x30, 0x20, 0x33, 0x35, 0x2e, 0x35, 0x20,
    0x2d, 0x31, 0x34, 0x2e, 0x35, 0x74, 0x31, 0x34, 0x2e, 0x35, 0x20, 0x2d, 0x33, 0x35, 0x2e, 0x35,
    0x76, 0x2d, 0x34, 0x30, 0x30, 0x71, 0x30, 0x20, 0x2d, 0x32, 0x31, 0x20, 0x2d, 0x31, 0x30, 0x2e,
    0x35, 0x20, 0x2d, 0x32, 0x35, 0x74, 0x2d, 0x32, 0x34, 0x2e, 0x35, 0x20, 0x31, 0x30, 0x6c, 0x2d,
    0x31, 0x30, 0x39, 0x20, 0x31, 0x30, 0x39, 0x6c, 0x2d, 0x33, 0x31, 0x32, 0x20, 0x2d, 0x33, 0x31,
    0x32, 0x71, 0x2d, 0x31, 0x35, 0x20, 0x2d, 0x31, 0x35, 0x20, 0x2d, 0x33, 0x35, 0x2e, 0x35, 0x20,
    0x2d, 0x31, 0x35, 0x74, 0x2d, 0x33, 0x35, 0x2e, 0x35, 0x20, 0x31, 0x35, 0x6c, 0x2d, 0x31, 0x34,
    0x31, 0x20, 0x31, 0x34, 0x31, 0x71, 0x2d, 0x31, 0x35, 0x20, 0x31, 0x35, 0x20, 0x2d, 0x31, 0x35,
    0x20, 0x33, 0x35, 0x2e, 0x35, 0x74, 0x31, 0x35, 0x20, 0x33, 0x35, 0x2e, 0x35, 0x6c, 0x33, 0x31,
    0x32, 0x20, 0x33, 0x31, 0x32, 0x6c, 0x2d, 0x31, 0x30, 0x39, 0x20, 0x31, 0x30, 0x39, 0x71, 0x2d,
    0x31, 0x34, 0x20, 0x31, 0x34, 0x20, 0x2d, 0x31, 0x30, 0x20, 0x32, 0x34, 0x2e, 0x35, 0x74, 0x32,
    0x35, 0x20, 0x31, 0x30, 0x2e, 0x35, 0x7a, 0x4d, 0x34, 0x35, 0x36, 0x20, 0x39, 0x30, 0x30, 0x68,
    0x2d, 0x31, 0x35, 0x36, 0x71, 0x2d, 0x34, 0x31, 0x20, 0x30, 0x20, 0x2d, 0x37, 0x30, 0x2e, 0x35,
    0x20, 0x2d, 0x32, 0x39, 0x2e, 0x35, 0x74, 0x2d, 0x32, 0x39, 0x2e, 0x35, 0x20, 0x2d, 0x37, 0x30,
    0x2e, 0x35, 0x76, 0x2d, 0x35, 0x30, 0x30, 0x20, 0x71, 0x30, 0x20, 0x2d, 0x34, 0x31, 0x20, 0x32,
    0x39, 0x2e, 0x35, 0x20, 0x2d, 0x37, 0x30, 0x2e, 0x35, 0x74, 0x37, 0x30, 0x2e, 0x35, 0x20, 0x2d,
    0x32, 0x39, 0x2e, 0x35, 0x68, 0x35, 0x30, 0x30, 0x71, 0x34, 0x31, 0x20, 0x30, 0x20, 0x37, 0x30,
    0x2e, 0x35, 0x20, 0x32, 0x39, 0x2e, 0x35, 0x74, 0x32, 0x39, 0x2e, 0x35, 0x20, 0x37, 0x30, 0x2e,
    0x35, 0x76, 0x31, 0x34, 0x38, 0x6c, 0x32, 0x30, 0x30, 0x20, 0x32, 0x30, 0x30, 0x76, 0x2d, 0x32,
    0x39, 0x38, 0x71, 0x30, 0x20, 0x2d, 0x31, 0x36, 0x35, 0x20, 0x2d, 0x39, 0x33, 0x2e, 0x35, 0x20,
    0x2d, 0x32, 0x35, 0x37, 0x2e, 0x35, 0x74, 0x2d, 0x32, 0x35, 0x36, 0x2e, 0x35, 0x20, 0x2d, 0x39,
    0x32, 0x2e, 0x35, 0x68, 0x2d, 0x34, 0x30, 0x30, 0x71, 0x2d, 0x31, 0x36, 0x35, 0x20, 0x30, 0x20,
    0x2d, 0x32, 0x35, 0x37, 0x2e, 0x35, 0x20, 0x39, 0x32, 0x2e, 0x35, 0x74, 0x2d, 0x39, 0x32, 0x2e,
    0x35, 0x20, 0x32, 0x35, 0x37, 0x2e, 0x35, 0x76, 0x34, 0x30, 0x30, 0x71, 0x30, 0x20, 0x31, 0x36,
    0x35, 0x20, 0x39, 0x32, 0x2e, 0x35, 0x20, 0x32, 0x35, 0x37, 0x2e, 0x35, 0x74, 0x32, 0x35, 0x37,
    0x2e, 0x35, 0x20, 0x39, 0x32, 0x2e, 0x35, 0x68, 0x33, 0x30, 0x30, 0x7a, 0x22, 0x20, 0x2f, 0x3e,
    0x0a, 0x3c, 0x67, 0x6c, 0x79, 0x70, 0x68, 0x20, 0x75, 0x6e, 0x69, 0x63, 0x6f, 0x64, 0x65, 0x3d,
    0x22, 0x26, 0x23, 0x78, 0x65, 0x31, 0x36, 0x35, 0x3b, 0x22, 0x20, 0x64, 0x3d, 0x22, 0x4d, 0x36,
    0x30, 0x30, 0x20, 0x31, 0x31, 0x38, 0x36, 0x71, 0x31, 0x31, 0x39, 0x20, 0x30, 0x20, 0x32, 0x32,
    0x37, 0x2e, 0x35, 0x20, 0x2d, 0x34, 0x36, 0x2e, 0x35, 0x74, 0x31, 0x38, 0x37, 0x20, 0x2d, 0x31,
    0x32, 0x35, 0x74, 0x31, 0x32, 0x35, 0x20, 0x2d, 0x31, 0x38, 0x37, 0x74, 0x34, 0x36, 0x2e, 0x35,
    0x20, 0x2d, 0x32, 0x32, 0x37, 0x2e, 0x35, 0x74, 0x2d, 0x34, 0x36, 0x2e, 0x35, 0x20, 0x2d, 0x32,
    0x32, 0x37, 0x2e, 0x35, 0x74, 0x2d, 0x31, 0x32, 0x35, 0x20, 0x2d, 0x31, 0x38, 0x37, 0x74, 0x2d,
    0x31, 0x38, 0x37, 0x20, 0x2d, 0x31, 0x32, 0x35, 0x74, 0x2d, 0x32, 0x32, 0x37, 0x2e, 0x35, 0x20,
    0x2d, 0x34, 0x36, 0x2e, 0x35, 0x74, 0x2d, 0x32, 0x32, 0x37, 0x2e, 0x35, 0x20, 0x34, 0x36, 0x2e,
    0x35, 0x74, 0x2d, 0x31, 0x38, 0x37, 0x20, 0x31, 0x32, 0x35, 0x74, 0x2d, 0x31, 0x32, 0x35, 0x20,
    0x31, 0x38, 0x37, 0x74, 0x2d, 0x34, 0x36, 0x2e, 0x35, 0x20, 0x32, 0x32, 0x37, 0x2e, 0x35, 0x74,
    0x34, 0x36, 0x2e, 0x35, 0x20, 0x32, 0x32, 0x37, 0x2e, 0x35, 0x74, 0x31, 0x32, 0x35, 0x20, 0x31,
    0x38, 0x37, 0x74, 0x31, 0x38, 0x37, 0x20, 0x31, 0x32, 0x35, 0x74, 0x32, 0x32, 0x37, 0x2e, 0x35,
    0x20, 0x34, 0x36, 0x2e, 0x35, 0x7a, 0x4d, 0x36, 0x30, 0x30, 0x20, 0x31, 0x30, 0x32, 0x32, 0x71,
    0x2d, 0x31, 0x31, 0x35, 0x20, 0x30, 0x20, 0x2d, 0x32, 0x31, 0x32, 0x20, 0x2d, 0x35, 0x36, 0x2e,
    0x35, 0x74, 0x2d, 0x31, 0x35, 0x33, 0x2e, 0x35, 0x20, 0x2d, 0x31, 0x35, 0x33, 0x2e, 0x35, 0x74,
    0x2d, 0x35, 0x36, 0x2e, 0x35, 0x20, 0x2d, 0x32, 0x31, 0x32, 0x74, 0x35, 0x36, 0x2e, 0x35, 0x20,
    0x2d, 0x32, 0x31, 0x32, 0x20, 0x74, 0x31, 0x35, 0x33, 0x2e, 0x35, 0x20, 0x2d, 0x31, 0x35, 0x33,
    0x2e, 0x35, 0x74, 0x32, 0x31, 0x32, 0x20, 0x2d, 0x35, 0x36, 0x2e, 0x35, 0x74, 0x32, 0x31, 0x32,
    0x20, 0x35, 0x36, 0x2e, 0x35, 0x74, 0x31, 0x35, 0x33, 0x2e, 0x35, 0x20, 0x31, 0x35, 0x33, 0x2e,
    0x35, 0x74, 0x35, 0x36, 0x2e, 0x35, 0x20, 0x32, 0x31, 0x32, 0x74, 0x2d, 0x35, 0x36, 0x2e, 0x35,
    0x20, 0x32, 0x31, 0x32, 0x74, 0x2d, 0x31, 0x35, 0x33, 0x2e, 0x35, 0x20, 0x31, 0x35, 0x33, 0x2e,
    0x35, 0x74, 0x2d, 0x32, 0x31, 0x32, 0x20, 0x35, 0x36, 0x2e, 0x35, 0x7a, 0x4d, 0x36, 0x30, 0x30,
    0x20, 0x37, 0x39, 0x34, 0x71, 0x38, 0x30, 0x20, 0x30, 0x20, 0x31, 0x33, 0x37, 0x20, 0x2d, 0x35,
    0x37, 0x74, 0x35, 0x37, 0x20, 0x2d, 0x31, 0x33, 0x37, 0x74, 0x2d, 0x35, 0x37, 0x20, 0x2d, 0x31,
    0x33, 0x37, 0x74, 0x2d, 0x31, 0x33, 0x37, 0x20, 0x2d, 0x35, 0x37, 0x74, 0x2d, 0x31, 0x33, 0x37,
    0x20, 0x35, 0x37, 0x74, 0x2d, 0x35, 0x37, 0x20, 0x31, 0x33, 0x37, 0x74, 0x35, 0x37, 0x20, 0x31,
    0x33, 0x37, 0x74, 0x31, 0x33, 0x37, 0x20, 0x35, 0x37, 0x7a, 0x22, 0x20, 0x2f, 0x3e, 0x0a, 0x3c,
    0x67, 0x6c, 0x79, 0x70, 0x68, 0x20, 0x75, 0x6e, 0x69, 0x63, 0x6f, 0x64, 0x65, 0x3d, 0x22, 0x26,
    0x23, 0x78, 0x65, 0x31, 0x36, 0x36, 0x3b, 0x22, 0x20, 0x64, 0x3d, 0x22, 0x4d, 0x34, 0x35, 0x30,
    0x20, 0x31, 0x32, 0x30, 0x30, 0x68, 0x32, 0x30, 0x30, 0x71, 0x32, 0x31, 0x20, 0x30, 0x20, 0x33,
    0x35, 0x2e, 0x35, 0x20, 0x2d, 0x31, 0x34, 0x2e, 0x35, 0x74, 0x31, 0x34, 0x2e, 0x35, 0x20, 0x2d,
    0x33, 0x35, 0x2e, 0x35, 0x76, 0x2d, 0x33, 0x35, 0x30, 0x68, 0x32, 0x34, 0x35, 0x71, 0x32, 0x30,
    0x20, 0x30, 0x20, 0x32, 0x35, 0x20, 0x2d, 0x31, 0x31, 0x74, 0x2d, 0x39, 0x20, 0x2d, 0x32, 0x36,
    0x6c, 0x2d, 0x33, 0x38, 0x33, 0x20, 0x2d, 0x34, 0x32, 0x36, 0x71, 0x2d, 0x31, 0x34, 0x20, 0x2d,
    0x31, 0x35, 0x20, 0x2d, 0x33, 0x33, 0x2e, 0x35, 0x20, 0x2d, 0x31, 0x35, 0x74, 0x2d, 0x33, 0x32,
    0x2e, 0x35, 0x20, 0x31, 0x35, 0x6c, 0x2d, 0x33, 0x37, 0x39, 0x20, 0x34, 0x32, 0x36, 0x71, 0x2d,
    0x31, 0x33, 0x20, 0x31, 0x35, 0x20, 0x2d, 0x38, 0x2e, 0x35, 0x20, 0x32, 0x36, 0x74, 0x32, 0x35,
    0x2e, 0x35, 0x20, 0x31, 0x31, 0x68, 0x32, 0x35, 0x30, 0x76, 0x33, 0x35, 0x30, 0x71, 0x30, 0x20,
    0x32, 0x31, 0x20, 0x31, 0x34, 0x2e, 0x35, 0x20, 0x33, 0x35, 0x2e, 0x35, 0x74, 0x33, 0x35, 0x2e,
    0x35, 0x20, 0x31, 0x34, 0x2e, 0x35, 0x7a, 0x4d, 0x35, 0x30, 0x20, 0x33, 0x30, 0x30, 0x68, 0x31,
    0x30, 0x30, 0x30, 0x71, 0x32, 0x31, 0x20, 0x30, 0x20, 0x33, 0x35, 0x2e, 0x35, 0x20, 0x2d, 0x31,
    0x34, 0x2e, 0x35, 0x74, 0x31, 0x34, 0x2e, 0x35, 0x20, 0x2d, 0x33, 0x35, 0x2e, 0x35, 0x76, 0x2d,
    0x32, 0x35, 0x30, 0x68, 0x2d, 0x31, 0x31, 0x30, 0x30, 0x76, 0x32, 0x35, 0x30, 0x71, 0x30, 0x20,
    0x32, 0x31, 0x20, 0x31, 0x34, 0x2e, 0x35, 0x20, 0x33, 0x35, 0x2e, 0x35, 0x74, 0x33, 0x35, 0x2e,
    0x35, 0x20, 0x31, 0x34, 0x2e, 0x35, 0x7a, 0x20, 0x4d, 0x39, 0x30, 0x30, 0x20, 0x32, 0x30, 0x30,
    0x76, 0x2d, 0x35, 0x30, 0x68, 0x31, 0x30, 0x30, 0x76, 0x35, 0x30, 0x68, 0x2d, 0x31, 0x30, 0x30,
    0x7a, 0x22, 0x20, 0x2f, 0x3e, 0x0a, 0x3c, 0x67, 0x6c, 0x79, 0x70, 0x68, 0x20, 0x75, 0x6e, 0x69,
    0x63, 0x6f, 0x64, 0x65, 0x3d, 0x22, 0x26, 0x23, 0x78, 0x65, 0x31, 0x36, 0x37, 0x3b, 0x22, 0x20,
    0x64, 0x3d, 0x22, 0x4d, 0x35, 0x38, 0x33, 0x20, 0x31, 0x31, 0x38, 0x32, 0x6c, 0x33, 0x37, 0x38,
    0x20, 0x2d, 0x34, 0x33, 0x35, 0x71, 0x31, 0x34, 0x20, 0x2d, 0x31, 0x35, 0x20, 0x39, 0x20, 0x2d,
    0x33, 0x31, 0x74, 0x2d, 0x32, 0x36, 0x20, 0x2d, 0x31, 0x36, 0x68, 0x2d, 0x32, 0x34, 0x34, 0x76,
    0x2d, 0x32, 0x35, 0x30, 0x71, 0x30, 0x20, 0x2d, 0x32, 0x30, 0x20, 0x2d, 0x31, 0x37, 0x20, 0x2d,
    0x33, 0x35, 0x74, 0x2d, 0x33, 0x39, 0x20, 0x2d, 0x31, 0x35, 0x68, 0x2d, 0x32, 0x30, 0x30, 0x71,
    0x2d, 0x32, 0x30, 0x20, 0x30, 0x20, 0x2d, 0x33, 0x32, 0x20, 0x31, 0x34, 0x2e, 0x35, 0x74, 0x2d,
    0x31, 0x32, 0x20, 0x33, 0x35, 0x2e, 0x35, 0x76, 0x32, 0x35, 0x30, 0x68, 0x2d, 0x32, 0x35, 0x30,
    0x71, 0x2d, 0x32, 0x30, 0x20, 0x30, 0x20, 0x2d, 0x32, 0x35, 0x2e, 0x35, 0x20, 0x31, 0x36, 0x2e,
    0x35, 0x74, 0x38, 0x2e, 0x35, 0x20, 0x33, 0x31, 0x2e, 0x35, 0x6c, 0x33, 0x38, 0x33, 0x20, 0x34,
    0x33, 0x31, 0x71, 0x31, 0x34, 0x20, 0x31, 0x36, 0x20, 0x33, 0x33, 0x2e, 0x35, 0x20, 0x31, 0x37,
    0x74, 0x33, 0x33, 0x2e, 0x35, 0x20, 0x2d, 0x31, 0x34, 0x7a, 0x4d, 0x35, 0x30, 0x20, 0x33, 0x30,
    0x30, 0x68, 0x31, 0x30, 0x30, 0x30, 0x71, 0x32, 0x31, 0x20, 0x30, 0x20, 0x33, 0x35, 0x2e, 0x35,
    0x20, 0x2d, 0x31, 0x34, 0x2e, 0x35, 0x74, 0x31, 0x34, 0x2e, 0x35, 0x20, 0x2d, 0x33, 0x35, 0x2e,
    0x35, 0x76, 0x2d, 0x32, 0x35, 0x30, 0x68, 0x2d, 0x31, 0x31, 0x30, 0x30, 0x76, 0x32, 0x35, 0x30,
    0x71, 0x30, 0x20, 0x32, 0x31, 0x20, 0x31, 0x34, 0x2e, 0x35, 0x20, 0x33, 0x35, 0x2e, 0x35, 0x74,
    0x33, 0x35, 0x2e, 0x35, 0x20, 0x31, 0x34, 0x2e, 0x35, 0x7a, 0x20, 0x4d, 0x39, 0x30, 0x30, 0x20,
    0x32, 0x30, 0x30, 0x76, 0x2d, 0x35, 0x30, 0x68, 0x31, 0x30, 0x30, 0x76, 0x35, 0x30, 0x68, 0x2d,
    0x31, 0x30, 0x30, 0x7a, 0x22, 0x20, 0x2f, 0x3e, 0x0a, 0x3c, 0x67, 0x6c, 0x79, 0x70, 0x68, 0x20,
    0x75, 0x6e, 0x69, 0x63, 0x6f, 0x64, 0x65, 0x3d, 0x22, 0x26, 0x23, 0x78, 0x65, 0x31, 0x36, 0x38,
    0x3b, 0x22, 0x20, 0x64, 0x3d, 0x22, 0x4d, 0x33, 0x39, 0x36, 0x20, 0x37, 0x32, 0x33, 0x6c, 0x33,
    0x36, 0x39, 0x20, 0x33, 0x36, 0x39, 0x71, 0x37, 0x20, 0x37, 0x20, 0x31, 0x37, 0x2e, 0x35, 0x20,
    0x37, 0x74, 0x31, 0x37, 0x2e, 0x35, 0x20, 0x2d, 0x37, 0x6c, 0x31, 0x33, 0x39, 0x20, 0x2d, 0x31,
    0x33, 0x39, 0x71, 0x37, 0x20, 0x2d, 0x38, 0x20, 0x37, 0x20, 0x2d, 0x31, 0x38, 0x2e, 0x35, 0x74,
    0x2d, 0x37, 0x20, 0x2d, 0x31, 0x37, 0x2e, 0x35, 0x6c, 0x2d, 0x35, 0x32, 0x35, 0x20, 0x2d, 0x35,
    0x32, 0x35, 0x71, 0x2d, 0x37, 0x20, 0x2d, 0x38, 0x20, 0x2d, 0x31, 0x37, 0x2e, 0x35, 0x20, 0x2d,
    0x38, 0x74, 0x2d, 0x31, 0x37, 0x2e, 0x35, 0x20, 0x38, 0x6c, 0x2d, 0x32, 0x39, 0x32, 0x20, 0x32,
    0x39, 0x31, 0x71, 0x2d, 0x37, 0x20, 0x38, 0x20, 0x2d, 0x37, 0x20, 0x31, 0x38, 0x74, 0x37, 0x20,
    0x31, 0x38, 0x6c, 0x31, 0x33, 0x39, 0x20, 0x31, 0x33, 0x39, 0x71, 0x38, 0x20, 0x37, 0x20, 0x31,
    0x38, 0x2e, 0x35, 0x20, 0x37, 0x74, 0x31, 0x37, 0x2e, 0x35, 0x20, 0x2d, 0x37, 0x7a, 0x4d, 0x35,
    0x30, 0x20, 0x33, 0x30, 0x30, 0x68, 0x31, 0x30, 0x30, 0x30, 0x71, 0x32, 0x31, 0x20, 0x30, 0x20,
    0x33, 0x35, 0x2e, 0x35, 0x20, 0x2d, 0x31, 0x34, 0x2e, 0x35, 0x74, 0x31, 0x34, 0x2e, 0x35, 0x20,
    0x2d, 0x33, 0x35, 0x2e, 0x35, 0x76, 0x2d, 0x32, 0x35, 0x30, 0x68, 0x2d, 0x31, 0x31, 0x30, 0x30,
    0x76, 0x32, 0x35, 0x30, 0x71, 0x30, 0x20, 0x32, 0x31, 0x20, 0x31, 0x34, 0x2e, 0x35, 0x20, 0x33,
    0x35, 0x2e, 0x35, 0x74, 0x33, 0x35, 0x2e, 0x35, 0x20, 0x31, 0x34, 0x2e, 0x35, 0x7a, 0x4d, 0x39,
    0x30, 0x30, 0x20, 0x32, 0x30, 0x30, 0x76, 0x2d, 0x35, 0x30, 0x68, 0x31, 0x30, 0x30, 0x76, 0x35,
    0x30, 0x20, 0x68, 0x2d, 0x31, 0x30, 0x30, 0x7a, 0x22, 0x20, 0x2f, 0x3e, 0x0a, 0x3c, 0x67, 0x6c,
    0x79, 0x70, 0x68, 0x20, 0x75, 0x6e, 0x69, 0x63, 0x6f, 0x64, 0x65, 0x3d, 0x22, 0x26, 0x23, 0x78,
    0x65, 0x31, 0x36, 0x39, 0x3b, 0x22, 0x20, 0x64, 0x3d, 0x22, 0x4d, 0x31, 0x33, 0x35, 0x20, 0x31,
    0x30, 0x32, 0x33, 0x6c, 0x31, 0x34, 0x32, 0x20, 0x31, 0x34, 0x32, 0x71, 0x31, 0x34, 0x20, 0x31,
    0x34, 0x20, 0x33, 0x35, 0x20, 0x31, 0x34, 0x74, 0x33, 0x35, 0x20, 0x2d, 0x31, 0x34, 0x6c, 0x37,
    0x37, 0x20, 0x2d, 0x37, 0x37, 0x6c, 0x2d, 0x32, 0x31, 0x32, 0x20, 0x2d, 0x32, 0x31, 0x32, 0x6c,
    0x2d, 0x37, 0x37, 0x20, 0x37, 0x36, 0x71, 0x2d, 0x31, 0x34, 0x20, 0x31, 0x35, 0x20, 0x2d, 0x31,
    0x34, 0x20, 0x33, 0x36, 0x74, 0x31, 0x34, 0x20, 0x33, 0x35, 0x7a, 0x4d, 0x36, 0x35, 0x35, 0x20,
    0x38, 0x35, 0x35, 0x6c, 0x32, 0x31, 0x30, 0x20, 0x32, 0x31, 0x30, 0x71, 0x31, 0x34, 0x20, 0x31,
    0x34, 0x20, 0x32, 0x34, 0x2e, 0x35, 0x20, 0x31, 0x30, 0x74, 0x31, 0x30, 0x2e, 0x35, 0x20, 0x2d,
    0x32, 0x35, 0x6c, 0x2d, 0x32, 0x20, 0x2d, 0x35, 0x39, 0x39, 0x71, 0x2d, 0x31, 0x20, 0x2d, 0x32,
    0x30, 0x20, 0x2d, 0x31, 0x35, 0x2e, 0x35, 0x20, 0x2d, 0x33, 0x35, 0x74, 0x2d, 0x33, 0x35, 0x2e,
    0x35, 0x20, 0x2d, 0x31, 0x35, 0x6c, 0x2d, 0x35, 0x39, 0x37, 0x20, 0x2d, 0x31, 0x71, 0x2d, 0x32,
    0x31, 0x20, 0x30, 0x20, 0x2d, 0x32, 0x35, 0x20, 0x31, 0x30, 0x2e, 0x35, 0x74, 0x31, 0x30, 0x20,
    0x32, 0x34, 0x2e, 0x35, 0x6c, 0x32, 0x30, 0x38, 0x20, 0x32, 0x30, 0x38, 0x6c, 0x2d, 0x31, 0x35,
    0x34, 0x20, 0x31, 0x35, 0x35, 0x6c, 0x32, 0x31, 0x32, 0x20, 0x32, 0x31, 0x32, 0x7a, 0x4d, 0x35,
    0x30, 0x20, 0x33, 0x30, 0x30, 0x68, 0x31, 0x30, 0x30, 0x30, 0x71, 0x32, 0x31, 0x20, 0x30, 0x20,
    0x33, 0x35, 0x2e, 0x35, 0x20, 0x2d, 0x31, 0x34, 0x2e, 0x35, 0x74, 0x31, 0x34, 0x2e, 0x35, 0x20,
    0x2d, 0x33, 0x35, 0x2e, 0x35, 0x20, 0x76, 0x2d, 0x32, 0x35, 0x30, 0x68, 0x2d, 0x31, 0x31, 0x30,
    0x30, 0x76, 0x32, 0x35, 0x30, 0x71, 0x30, 0x20, 0x32, 0x31, 0x20, 0x31, 0x34, 0x2e, 0x35, 0x20,
    0x33, 0x35, 0x2e, 0x35, 0x74, 0x33, 0x35, 0x2e, 0x35, 0x20, 0x31, 0x34, 0x2e, 0x35, 0x7a, 0x4d,
    0x39, 0x30, 0x30, 0x20, 0x32, 0x30, 0x30, 0x76, 0x2d, 0x35, 0x30, 0x68, 0x31, 0x30, 0x30, 0x76,
    0x35, 0x30, 0x68, 0x2d, 0x31, 0x30, 0x30, 0x7a, 0x22, 0x20, 0x2f, 0x3e, 0x0a, 0x3c, 0x67, 0x6c,
    0x79, 0x70, 0x68, 0x20, 0x75, 0x6e, 0x69, 0x63, 0x6f, 0x64, 0x65, 0x3d, 0x22, 0x26, 0x23, 0x78,
    0x65, 0x31, 0x37, 0x30, 0x3b, 0x22, 0x20, 0x64, 0x3d, 0x22, 0x4d, 0x33, 0x35, 0x30, 0x20, 0x31,
    0x32, 0x30, 0x30, 0x6c, 0x35, 0x39, 0x39, 0x20, 0x2d, 0x32, 0x71, 0x32, 0x30, 0x20, 0x2d, 0x31,
    0x20, 0x33, 0x35, 0x20, 0x2d, 0x31, 0x35, 0x2e, 0x35, 0x74, 0x31, 0x35, 0x20, 0x2d, 0x33, 0x35,
    0x2e, 0x35, 0x6c, 0x31, 0x20, 0x2d, 0x35, 0x39, 0x37, 0x71, 0x30, 0x20, 0x2d, 0x32, 0x31, 0x20,
    0x2d, 0x31, 0x30, 0x2e, 0x35, 0x20, 0x2d, 0x32, 0x35, 0x74, 0x2d, 0x32, 0x34, 0x2e, 0x35, 0x20,
    0x31, 0x30, 0x6c, 0x2d, 0x32, 0x30, 0x38, 0x20, 0x32, 0x30, 0x38, 0x6c, 0x2d, 0x31, 0x35, 0x35,
    0x20, 0x2d, 0x31, 0x35, 0x34, 0x6c, 0x2d, 0x32, 0x31, 0x32, 0x20, 0x32, 0x31, 0x32, 0x6c, 0x31,
    0x35, 0x35, 0x20, 0x31, 0x35, 0x34, 0x6c, 0x2d, 0x32, 0x31, 0x30, 0x20, 0x32, 0x31, 0x30, 0x71,
    0x2d, 0x31, 0x34, 0x20, 0x31, 0x34, 0x20, 0x2d, 0x31, 0x30, 0x20, 0x32, 0x34, 0x2e, 0x35, 0x74,
    0x32, 0x35, 0x20, 0x31, 0x30, 0x2e, 0x35, 0x7a, 0x4d, 0x35, 0x32, 0x34, 0x20, 0x35, 0x31, 0x32,
    0x6c, 0x2d, 0x37, 0x36, 0x20, 0x2d, 0x37, 0x37, 0x71, 0x2d, 0x31, 0x35, 0x20, 0x2d, 0x31, 0x34,
    0x20, 0x2d, 0x33, 0x36, 0x20, 0x2d, 0x31, 0x34, 0x74, 0x2d, 0x33, 0x35, 0x20, 0x31, 0x34, 0x6c,
    0x2d, 0x31, 0x34, 0x32, 0x20, 0x31, 0x34, 0x32, 0x71, 0x2d, 0x31, 0x34, 0x20, 0x31, 0x34, 0x20,
    0x2d, 0x31, 0x34, 0x20, 0x33, 0x35, 0x74, 0x31, 0x34, 0x20, 0x33, 0x35, 0x6c, 0x37, 0x37, 0x20,
    0x37, 0x37, 0x7a, 0x4d, 0x35, 0x30, 0x20, 0x33, 0x30, 0x30, 0x68, 0x31, 0x30, 0x30, 0x30, 0x71,
    0x32, 0x31, 0x20, 0x30, 0x20, 0x33, 0x35, 0x2e, 0x35, 0x20, 0x2d, 0x31, 0x34, 0x2e, 0x35, 0x20,
    0x74, 0x31, 0x34, 0x2e, 0x35, 0x20, 0x2d, 0x33, 0x35, 0x2e, 0x35, 0x76, 0x2d, 0x32, 0x35, 0x30,
    0x68, 0x2d, 0x31, 0x31, 0x30, 0x30, 0x76, 0x32, 0x35, 0x30, 0x71, 0x30, 0x20, 0x32, 0x31, 0x20,
    0x31, 0x34, 0x2e, 0x35, 0x20, 0x33, 0x35, 0x2e, 0x35, 0x74, 0x33, 0x35, 0x2e, 0x35, 0x20, 0x31,
    0x34, 0x2e, 0x35, 0x7a, 0x4d, 0x39, 0x30, 0x30, 0x20, 0x32, 0x30, 0x30, 0x76, 0x2d, 0x35, 0x30,
    0x68, 0x31, 0x30, 0x30, 0x76, 0x35, 0x30, 0x68, 0x2d, 0x31, 0x30, 0x30, 0x7a, 0x22, 0x20, 0x2f,
    0x3e, 0x0a, 0x3c, 0x67, 0x6c, 0x79, 0x70, 0x68, 0x20, 0x75, 0x6e, 0x69, 0x63, 0x6f, 0x64, 0x65,
    0x3d, 0x22, 0x26, 0x23, 0x78, 0x65, 0x31, 0x37, 0x31, 0x3b, 0x22, 0x20, 0x64, 0x3d, 0x22, 0x4d,
    0x31, 0x32, 0x30, 0x30, 0x20, 0x31, 0x30, 0x33, 0x6c, 0x2d, 0x34, 0x38, 0x33, 0x20, 0x32, 0x37,
    0x36, 0x6c, 0x2d, 0x33, 0x31, 0x34, 0x20, 0x2d, 0x33, 0x39, 0x39, 0x76, 0x34, 0x32, 0x33, 0x68,
    0x2d, 0x33, 0x39, 0x39, 0x6c, 0x31, 0x31, 0x39, 0x36, 0x20, 0x37, 0x39, 0x36, 0x76, 0x2d, 0x31,
    0x30, 0x39, 0x36, 0x7a, 0x4d, 0x34, 0x38, 0x33, 0x20, 0x34, 0x32, 0x34, 0x76, 0x2d, 0x32, 0x33,
    0x30, 0x6c, 0x36, 0x38, 0x33, 0x20, 0x39, 0x35, 0x33, 0x7a, 0x22, 0x20, 0x2f, 0x3e, 0x0a, 0x3c,
    0x67, 0x6c, 0x79, 0x70, 0x68, 0x20, 0x75, 0x6e, 0x69, 0x63, 0x6f, 0x64, 0x65, 0x3d, 0x22, 0x26,
    0x23, 0x78, 0x65, 0x31, 0x37, 0x32, 0x3b, 0x22, 0x20, 0x64, 0x3d, 0x22, 0x4d, 0x31, 0x31, 0x30,
    0x30, 0x20, 0x31, 0x30, 0x30, 0x30, 0x76, 0x2d, 0x38, 0x35, 0x30, 0x71, 0x30, 0x20, 0x2d, 0x32,
    0x31, 0x20, 0x2d, 0x31, 0x34, 0x2e, 0x35, 0x20, 0x2d, 0x33, 0x35, 0x2e, 0x35, 0x74, 0x2d, 0x33,
    0x35, 0x2e, 0x35, 0x20, 0x2d, 0x31, 0x34, 0x2e, 0x35, 0x68, 0x2d, 0x31, 0x35, 0x30, 0x76, 0x34,
    0x30, 0x30, 0x68, 0x2d, 0x37, 0x30, 0x30, 0x76, 0x2d, 0x34, 0x30, 0x30, 0x68, 0x2d, 0x31, 0x35,
    0x30, 0x71, 0x2d, 0x32, 0x31, 0x20, 0x30, 0x20, 0x2d, 0x33, 0x35, 0x2e, 0x35, 0x20, 0x31, 0x34,
    0x2e, 0x35, 0x74, 0x2d, 0x31, 0x34, 0x2e, 0x35, 0x20, 0x33, 0x35, 0x2e, 0x35, 0x76, 0x31, 0x30,
    0x30, 0x30, 0x71, 0x30, 0x20, 0x32, 0x30, 0x20, 0x31, 0x34, 0x2e, 0x35, 0x20, 0x33, 0x35, 0x74,
    0x33, 0x35, 0x2e, 0x35, 0x20, 0x31, 0x35, 0x68, 0x32, 0x35, 0x30, 0x76, 0x2d, 0x33, 0x30, 0x30,
    0x68, 0x35, 0x30, 0x30, 0x76, 0x33, 0x30, 0x30, 0x68, 0x31, 0x30, 0x30, 0x7a, 0x4d, 0x37, 0x30,
    0x30, 0x20, 0x31, 0x30, 0x30, 0x30, 0x68, 0x2d, 0x31, 0x30, 0x30, 0x76, 0x32, 0x30, 0x30, 0x68,
    0x31, 0x30, 0x30, 0x76, 0x2d, 0x32, 0x30, 0x30, 0x7a, 0x22, 0x20, 0x2f, 0x3e, 0x0a, 0x3c, 0x67,
    0x6c, 0x79, 0x70, 0x68, 0x20, 0x75, 0x6e, 0x69, 0x63, 0x6f, 0x64, 0x65, 0x3d, 0x22, 0x26, 0x23,
    0x78, 0x65, 0x31, 0x37, 0x33, 0x3b, 0x22, 0x20, 0x64, 0x3d, 0x22, 0x4d, 0x31, 0x31, 0x30, 0x30,
    0x20, 0x31, 0x30, 0x30, 0x30, 0x6c, 0x2d, 0x32, 0x20, 0x2d, 0x31, 0x34, 0x39, 0x6c, 0x2d, 0x32,
    0x39, 0x39, 0x20, 0x2d, 0x32, 0x39, 0x39, 0x6c, 0x2d, 0x39, 0x35, 0x20, 0x39, 0x35, 0x71, 0x2d,
    0x39, 0x20, 0x39, 0x20, 0x2d, 0x32, 0x31, 0x2e, 0x35, 0x20, 0x39, 0x74, 0x2d, 0x32, 0x31, 0x2e,
    0x35, 0x20, 0x2d, 0x39, 0x6c, 0x2d, 0x31, 0x34, 0x39, 0x20, 0x2d, 0x31, 0x34, 0x37, 0x68, 0x2d,
    0x33, 0x31, 0x32, 0x76, 0x2d, 0x34, 0x30, 0x30, 0x68, 0x2d, 0x31, 0x35, 0x30, 0x71, 0x2d, 0x32,
    0x31, 0x20, 0x30, 0x20, 0x2d, 0x33, 0x35, 0x2e, 0x35, 0x20, 0x31, 0x34, 0x2e, 0x35, 0x74, 0x2d,
    0x31, 0x34, 0x2e, 0x35, 0x20, 0x33, 0x35, 0x2e, 0x35, 0x76, 0x31, 0x30, 0x30, 0x30, 0x71, 0x30,
    0x20, 0x32, 0x30, 0x20, 0x31, 0x34, 0x2e, 0x35, 0x20, 0x33, 0x35, 0x74, 0x33, 0x35, 0x2e, 0x35,
    0x20, 0x31, 0x35, 0x68, 0x32, 0x35, 0x30, 0x76, 0x2d, 0x33, 0x30, 0x30, 0x68, 0x35, 0x30, 0x30,
    0x76, 0x33, 0x30, 0x30, 0x68, 0x31, 0x30, 0x30, 0x7a, 0x4d, 0x37, 0x30, 0x30, 0x20, 0x31, 0x30,
    0x30, 0x30, 0x68, 0x2d, 0x31, 0x30, 0x30, 0x76, 0x32, 0x30, 0x30, 0x68, 0x31, 0x30, 0x30, 0x76,
    0x2d, 0x32, 0x30, 0x30, 0x7a, 0x4d, 0x31, 0x31, 0x33, 0x32, 0x20, 0x36, 0x33, 0x38, 0x6c, 0x31,
    0x30, 0x36, 0x20, 0x2d, 0x31, 0x30, 0x36, 0x71, 0x37, 0x20, 0x2d, 0x37, 0x20, 0x37, 0x20, 0x2d,
    0x31, 0x37, 0x2e, 0x35, 0x74, 0x2d, 0x37, 0x20, 0x2d, 0x31, 0x37, 0x2e, 0x35, 0x6c, 0x2d, 0x34,
    0x32, 0x30, 0x20, 0x2d, 0x34, 0x32, 0x31, 0x71, 0x2d, 0x38, 0x20, 0x2d, 0x37, 0x20, 0x2d, 0x31,
    0x38, 0x20, 0x2d, 0x37, 0x20, 0x74, 0x2d, 0x31, 0x38, 0x20, 0x37, 0x6c, 0x2d, 0x32, 0x30, 0x32,
    0x20, 0x32, 0x30, 0x33, 0x71, 0x2d, 0x38, 0x20, 0x37, 0x20, 0x2d, 0x38, 0x20, 0x31, 0x37, 0x2e,
    0x35, 0x74, 0x38, 0x20, 0x31, 0x37, 0x2e, 0x35, 0x6c, 0x31, 0x30, 0x36, 0x20, 0x31, 0x30, 0x36,
    0x71, 0x37, 0x20, 0x38, 0x20, 0x31, 0x37, 0x2e, 0x35, 0x20, 0x38, 0x74, 0x31, 0x37, 0x2e, 0x35,
    0x20, 0x2d, 0x38, 0x6c, 0x37, 0x39, 0x20, 0x2d, 0x37, 0x39, 0x6c, 0x32, 0x39, 0x37, 0x20, 0x32,
    0x39, 0x37, 0x71, 0x37, 0x20, 0x37, 0x20, 0x31, 0x37, 0x2e, 0x35, 0x20, 0x37, 0x74, 0x31, 0x37,
    0x2e, 0x35, 0x20, 0x2d, 0x37, 0x7a, 0x22, 0x20, 0x2f, 0x3e, 0x0a, 0x3c, 0x67, 0x6c, 0x79, 0x70,
    0x68, 0x20, 0x75, 0x6e, 0x69, 0x63, 0x6f, 0x64, 0x65, 0x3d, 0x22, 0x26, 0x23, 0x78, 0x65, 0x31,
    0x37, 0x34, 0x3b, 0x22, 0x20, 0x64, 0x3d, 0x22, 0x4d, 0x31, 0x31, 0x30, 0x30, 0x20, 0x31, 0x30,
    0x30, 0x30, 0x76, 0x2d, 0x32, 0x36, 0x39, 0x6c, 0x2d, 0x31, 0x30, 0x33, 0x20, 0x2d, 0x31, 0x30,
    0x33, 0x6c, 0x2d, 0x31, 0x33, 0x34, 0x20, 0x31, 0x33, 0x34, 0x71, 0x2d, 0x31, 0x35, 0x20, 0x31,
    0x35, 0x20, 0x2d, 0x33, 0x33, 0x2e, 0x35, 0x20, 0x31, 0x36, 0x2e, 0x35, 0x74, 0x2d, 0x33, 0x34,
    0x2e, 0x35, 0x20, 0x2d, 0x31, 0x32, 0x2e, 0x35, 0x6c, 0x2d, 0x32, 0x36, 0x36, 0x20, 0x2d, 0x32,
    0x36, 0x36, 0x68, 0x2d, 0x33, 0x32, 0x39, 0x76, 0x2d, 0x34, 0x30, 0x30, 0x68, 0x2d, 0x31, 0x35,
    0x30, 0x71, 0x2d, 0x32, 0x31, 0x20, 0x30, 0x20, 0x2d, 0x33, 0x35, 0x2e, 0x35, 0x20, 0x31, 0x34,
    0x2e, 0x35, 0x74, 0x2d, 0x31, 0x34, 0x2e, 0x35, 0x20, 0x33, 0x35, 0x2e, 0x35, 0x76, 0x31, 0x30,
    0x30, 0x30, 0x71, 0x30, 0x20, 0x32, 0x30, 0x20, 0x31, 0x34, 0x2e, 0x35, 0x20, 0x33, 0x35, 0x74,
    0x33, 0x35, 0x2e, 0x35, 0x20, 0x31, 0x35, 0x68, 0x32, 0x35, 0x30, 0x76, 0x2d, 0x33, 0x30, 0x30,
    0x68, 0x35, 0x30, 0x30, 0x76, 0x33, 0x30, 0x30, 0x68, 0x31, 0x30, 0x30, 0x7a, 0x4d, 0x37, 0x30,
    0x30, 0x20, 0x31, 0x30, 0x30, 0x30, 0x68, 0x2d, 0x31, 0x30, 0x30, 0x76, 0x32, 0x30, 0x30, 0x68,
    0x31, 0x30, 0x30, 0x76, 0x2d, 0x32, 0x30, 0x30, 0x7a, 0x4d, 0x31, 0x32, 0x30, 0x32, 0x20, 0x35,
    0x37, 0x32, 0x6c, 0x37, 0x30, 0x20, 0x2d, 0x37, 0x30, 0x71, 0x31, 0x35, 0x20, 0x2d, 0x31, 0x35,
    0x20, 0x31, 0x35, 0x20, 0x2d, 0x33, 0x35, 0x2e, 0x35, 0x74, 0x2d, 0x31, 0x35, 0x20, 0x2d, 0x33,
    0x35, 0x2e, 0x35, 0x6c, 0x2d, 0x31, 0x33, 0x31, 0x20, 0x2d, 0x31, 0x33, 0x31, 0x20, 0x6c, 0x31,
    0x33, 0x31, 0x20, 0x2d, 0x31, 0x33, 0x31, 0x71, 0x31, 0x35, 0x20, 0x2d, 0x31, 0x35, 0x20, 0x31,
    0x35, 0x20, 0x2d, 0x33, 0x35, 0x2e, 0x35, 0x74, 0x2d, 0x31, 0x35, 0x20, 0x2d, 0x33, 0x35, 0x2e,
    0x35, 0x6c, 0x2d, 0x37, 0x30, 0x20, 0x2d, 0x37, 0x30, 0x71, 0x2d, 0x31, 0x35, 0x20, 0x2d, 0x31,
    0x35, 0x20, 0x2d, 0x33, 0x35, 0x2e, 0x35, 0x20, 0x2d, 0x31, 0x35, 0x74, 0x2d, 0x33, 0x35, 0x2e,
    0x35, 0x20, 0x31, 0x35, 0x6c, 0x2d, 0x31, 0x33, 0x31, 0x20, 0x31, 0x33, 0x31, 0x6c, 0x2d, 0x31,
    0x33, 0x31, 0x20, 0x2d, 0x31, 0x33, 0x31, 0x71, 0x2d, 0x31, 0x35, 0x20, 0x2d, 0x31, 0x35, 0x20,
    0x2d, 0x33, 0x35, 0x2e, 0x35, 0x20, 0x2d, 0x31, 0x35, 0x74, 0x2d, 0x33, 0x35, 0x2e, 0x35, 0x20,
    0x31, 0x35, 0x6c, 0x2d, 0x37, 0x30, 0x20, 0x37, 0x30, 0x71, 0x2d, 0x31, 0x35, 0x20, 0x31, 0x35,
    0x20, 0x2d, 0x31, 0x35, 0x20, 0x33, 0x35, 0x2e, 0x35, 0x74, 0x31, 0x35, 0x20, 0x33, 0x35, 0x2e,
    0x35, 0x6c, 0x31, 0x33, 0x31, 0x20, 0x31, 0x33, 0x31, 0x6c, 0x2d, 0x31, 0x33, 0x31, 0x20, 0x31,
    0x33, 0x31, 0x71, 0x2d, 0x31, 0x35, 0x20, 0x31, 0x35, 0x20, 0x2d, 0x31, 0x35, 0x20, 0x33, 0x35,
    0x2e, 0x35, 0x74, 0x31, 0x35, 0x20, 0x33, 0x35, 0x2e, 0x35, 0x6c, 0x37, 0x30, 0x20, 0x37, 0x30,
    0x71, 0x31, 0x35, 0x20, 0x31, 0x35, 0x20, 0x33, 0x35, 0x2e, 0x35, 0x20, 0x31, 0x35, 0x74, 0x33,
    0x35, 0x2e, 0x35, 0x20, 0x2d, 0x31, 0x35, 0x6c, 0x31, 0x33, 0x31, 0x20, 0x2d, 0x31, 0x33, 0x31,
    0x6c, 0x31, 0x33, 0x31, 0x20, 0x31, 0x33, 0x31, 0x71, 0x31, 0x35, 0x20, 0x31, 0x35, 0x20, 0x33,
    0x35, 0x2e, 0x35, 0x20, 0x31, 0x35, 0x20, 0x74, 0x33, 0x35, 0x2e, 0x35, 0x20, 0x2d, 0x31, 0x35,
    0x7a, 0x22, 0x20, 0x2f, 0x3e, 0x0a, 0x3c, 0x67, 0x6c, 0x79, 0x70, 0x68, 0x20, 0x75, 0x6e, 0x69,
    0x63, 0x6f, 0x64, 0x65, 0x3d, 0x22, 0x26, 0x23, 0x78, 0x65, 0x31, 0x37, 0x35, 0x3b, 0x22, 0x20,
    0x64, 0x3d, 0x22, 0x4d, 0x31, 0x31, 0x30, 0x30, 0x20, 0x31, 0x30, 0x30, 0x30, 0x76, 0x2d, 0x33,
    0x30, 0x30, 0x68, 0x2d, 0x33, 0x35, 0x30, 0x71, 0x2d, 0x32, 0x31, 0x20, 0x30, 0x20, 0x2d, 0x33,
    0x35, 0x2e, 0x35, 0x20, 0x2d, 0x31, 0x34, 0x2e, 0x35, 0x74, 0x2d, 0x31, 0x34, 0x2e, 0x35, 0x20,
    0x2d, 0x33, 0x35, 0x2e, 0x35, 0x76, 0x2d, 0x31, 0x35, 0x30, 0x68, 0x2d, 0x35, 0x30, 0x30, 0x76,
    0x2d, 0x34, 0x30, 0x30, 0x68, 0x2d, 0x31, 0x35, 0x30, 0x71, 0x2d, 0x32, 0x31, 0x20, 0x30, 0x20,
    0x2d, 0x33, 0x35, 0x2e, 0x35, 0x20, 0x31, 0x34, 0x2e, 0x35, 0x74, 0x2d, 0x31, 0x34, 0x2e, 0x35,
    0x20, 0x33, 0x35, 0x2e, 0x35, 0x76, 0x31, 0x30, 0x30, 0x30, 0x71, 0x30, 0x20, 0x32, 0x30, 0x20,
    0x31, 0x34, 0x2e, 0x35, 0x20, 0x33, 0x35, 0x74, 0x33, 0x35, 0x2e, 0x35, 0x20, 0x31, 0x35, 0x68,
    0x32, 0x35, 0x30, 0x76, 0x2d, 0x33, 0x30, 0x30, 0x68, 0x35, 0x30, 0x30, 0x76, 0x33, 0x30, 0x30,
    0x68, 0x31, 0x30, 0x30, 0x7a, 0x4d, 0x37, 0x30, 0x30, 0x20, 0x31, 0x30, 0x30, 0x30, 0x68, 0x2d,
    0x31, 0x30, 0x30, 0x76, 0x32, 0x30, 0x30, 0x68, 0x31, 0x30, 0x30, 0x76, 0x2d, 0x32, 0x30, 0x30,
    0x7a, 0x4d, 0x38, 0x35, 0x30, 0x20, 0x36, 0x30, 0x30, 0x68, 0x31, 0x30, 0x30, 0x71, 0x32, 0x31,
    0x20, 0x30, 0x20, 0x33, 0x35, 0x2e, 0x35, 0x20, 0x2d, 0x31, 0x34, 0x2e, 0x35, 0x74, 0x31, 0x34,
    0x2e, 0x35, 0x20, 0x2d, 0x33, 0x35, 0x2e, 0x35, 0x76, 0x2d, 0x32, 0x35, 0x30, 0x68, 0x31, 0x35,
    0x30, 0x71, 0x32, 0x31, 0x20, 0x30, 0x20, 0x32, 0x35, 0x20, 0x2d, 0x31, 0x30, 0x2e, 0x35, 0x74,
    0x2d, 0x31, 0x30, 0x20, 0x2d, 0x32, 0x34, 0x2e, 0x35, 0x20, 0x6c, 0x2d, 0x32, 0x33, 0x30, 0x20,
    0x2d, 0x32, 0x33, 0x30, 0x71, 0x2d, 0x31, 0x34, 0x20, 0x2d, 0x31, 0x34, 0x20, 0x2d, 0x33, 0x35,
    0x20, 0x2d, 0x31, 0x34, 0x74, 0x2d, 0x33, 0x35, 0x20, 0x31, 0x34, 0x6c, 0x2d, 0x32, 0x33, 0x30,
    0x20, 0x32, 0x33, 0x30, 0x71, 0x2d, 0x31, 0x34, 0x20, 0x31, 0x34, 0x20, 0x2d, 0x31, 0x30, 0x20,
    0x32, 0x34, 0x2e, 0x35, 0x74, 0x32, 0x35, 0x20, 0x31, 0x30, 0x2e, 0x35, 0x68, 0x31, 0x35, 0x30,
    0x76, 0x32, 0x35, 0x30, 0x71, 0x30, 0x20, 0x32, 0x31, 0x20, 0x31, 0x34, 0x2e, 0x35, 0x20, 0x33,
    0x35, 0x2e, 0x35, 0x74, 0x33, 0x35, 0x2e, 0x35, 0x20, 0x31, 0x34, 0x2e, 0x35, 0x7a, 0x22, 0x20,
    0x2f, 0x3e, 0x0a, 0x3c, 0x67, 0x6c, 0x79, 0x70, 0x68, 0x20, 0x75, 0x6e, 0x69, 0x63, 0x6f, 0x64,
    0x65, 0x3d, 0x22, 0x26, 0x23, 0x78, 0x65, 0x31, 0x37, 0x36, 0x3b, 0x22, 0x20, 0x64, 0x3d, 0x22,
    0x4d, 0x31, 0x31, 0x30, 0x30, 0x20, 0x31, 0x30, 0x30, 0x30, 0x76, 0x2d, 0x34, 0x30, 0x30, 0x6c,
    0x2d, 0x31, 0x36, 0x35, 0x20, 0x31, 0x36, 0x35, 0x71, 0x2d, 0x31, 0x34, 0x20, 0x31, 0x35, 0x20,
    0x2d, 0x33, 0x35, 0x20, 0x31, 0x35, 0x74, 0x2d, 0x33, 0x35, 0x20, 0x2d, 0x31, 0x35, 0x6c, 0x2d,
    0x32, 0x36, 0x33, 0x20, 0x2d, 0x32, 0x36, 0x35, 0x68, 0x2d, 0x34, 0x30, 0x32, 0x76, 0x2d, 0x34,
    0x30, 0x30, 0x68, 0x2d, 0x31, 0x35, 0x30, 0x71, 0x2d, 0x32, 0x31, 0x20, 0x30, 0x20, 0x2d, 0x33,
    0x35, 0x2e, 0x35, 0x20, 0x31, 0x34, 0x2e, 0x35, 0x74, 0x2d, 0x31, 0x34, 0x2e, 0x35, 0x20, 0x33,
    0x35, 0x2e, 0x35, 0x76, 0x31, 0x30, 0x30, 0x30, 0x71, 0x30, 0x20, 0x32, 0x30, 0x20, 0x31, 0x34,
    0x2e, 0x35, 0x20, 0x33, 0x35, 0x74, 0x33, 0x35, 0x2e, 0x35, 0x20, 0x31, 0x35, 0x68, 0x32, 0x35,
    0x30, 0x76, 0x2d, 0x33, 0x30, 0x30, 0x68, 0x35, 0x30, 0x30, 0x76, 0x33, 0x30, 0x30, 0x68, 0x31,
    0x30, 0x30, 0x7a, 0x4d, 0x37, 0x30, 0x30, 0x20, 0x31, 0x30, 0x30, 0x30, 0x68, 0x2d, 0x31, 0x30,
    0x30, 0x76, 0x32, 0x30, 0x30, 0x68, 0x31, 0x30, 0x30, 0x76, 0x2d, 0x32, 0x30, 0x30, 0x7a, 0x4d,
    0x39, 0x33, 0x35, 0x20, 0x35, 0x36, 0x35, 0x6c, 0x32, 0x33, 0x30, 0x20, 0x2d, 0x32, 0x32, 0x39,
    0x71, 0x31, 0x34, 0x20, 0x2d, 0x31, 0x35, 0x20, 0x31, 0x30, 0x20, 0x2d, 0x32, 0x35, 0x2e, 0x35,
    0x74, 0x2d, 0x32, 0x35, 0x20, 0x2d, 0x31, 0x30, 0x2e, 0x35, 0x68, 0x2d, 0x31, 0x35, 0x30, 0x76,
    0x2d, 0x32, 0x35, 0x30, 0x71, 0x30, 0x20, 0x2d, 0x32, 0x30, 0x20, 0x2d, 0x31, 0x34, 0x2e, 0x35,
    0x20, 0x2d, 0x33, 0x35, 0x20, 0x74, 0x2d, 0x33, 0x35, 0x2e, 0x35, 0x20, 0x2d, 0x31, 0x35, 0x68,
    0x2d, 0x31, 0x30, 0x30, 0x71, 0x2d, 0x32, 0x31, 0x20, 0x30, 0x20, 0x2d, 0x33, 0x35, 0x2e, 0x35,
    0x20, 0x31, 0x35, 0x74, 0x2d, 0x31, 0x34, 0x2e, 0x35, 0x20, 0x33, 0x35, 0x76, 0x32, 0x35, 0x30,
    0x68, 0x2d, 0x31, 0x35, 0x30, 0x71, 0x2d, 0x32, 0x31, 0x20, 0x30, 0x20, 0x2d, 0x32, 0x35, 0x20,
    0x31, 0x30, 0x2e, 0x35, 0x74, 0x31, 0x30, 0x20, 0x32, 0x35, 0x2e, 0x35, 0x6c, 0x32, 0x33, 0x30,
    0x20, 0x32, 0x32, 0x39, 0x71, 0x31, 0x34, 0x20, 0x31, 0x35, 0x20, 0x33, 0x35, 0x20, 0x31, 0x35,
    0x74, 0x33, 0x35, 0x20, 0x2d, 0x31, 0x35, 0x7a, 0x22, 0x20, 0x2f, 0x3e, 0x0a, 0x3c, 0x67, 0x6c,
    0x79, 0x70, 0x68, 0x20, 0x75, 0x6e, 0x69, 0x63, 0x6f, 0x64, 0x65, 0x3d, 0x22, 0x26, 0x23, 0x78,
    0x65, 0x31, 0x37, 0x37, 0x3b, 0x22, 0x20, 0x64, 0x3d, 0x22, 0x4d, 0x35, 0x30, 0x20, 0x31, 0x31,
    0x30, 0x30, 0x68, 0x31, 0x31, 0x30, 0x30, 0x71, 0x32, 0x31, 0x20, 0x30, 0x20, 0x33, 0x35, 0x2e,
    0x35, 0x20, 0x2d, 0x31, 0x34, 0x2e, 0x35, 0x74, 0x31, 0x34, 0x2e, 0x35, 0x20, 0x2d, 0x33, 0x35,
    0x2e, 0x35, 0x76, 0x2d, 0x31, 0x35, 0x30, 0x68, 0x2d, 0x31, 0x32, 0x30, 0x30, 0x76, 0x31, 0x35,
    0x30, 0x71, 0x30, 0x20, 0x32, 0x31, 0x20, 0x31, 0x34, 0x2e, 0x35, 0x20, 0x33, 0x35, 0x2e, 0x35,
    0x74, 0x33, 0x35, 0x2e, 0x35, 0x20, 0x31, 0x34, 0x2e, 0x35, 0x7a, 0x4d, 0x31, 0x32, 0x30, 0x30,
    0x20, 0x38, 0x30, 0x30, 0x76, 0x2d, 0x35, 0x35, 0x30, 0x71, 0x30, 0x20, 0x2d, 0x32, 0x31, 0x20,
    0x2d, 0x31, 0x34, 0x2e, 0x35, 0x20, 0x2d, 0x33, 0x35, 0x2e, 0x35, 0x74, 0x2d, 0x33, 0x35, 0x2e,
    0x35, 0x20, 0x2d, 0x31, 0x34, 0x2e, 0x35, 0x68, 0x2d, 0x31, 0x31, 0x30, 0x30, 0x71, 0x2d, 0x32,
    0x31, 0x20, 0x30, 0x20, 0x2d, 0x33, 0x35, 0x2e, 0x35, 0x20, 0x31, 0x34, 0x2e, 0x35, 0x74, 0x2d,
    0x31, 0x34, 0x2e, 0x35, 0x20, 0x33, 0x35, 0x2e, 0x35, 0x76, 0x35, 0x35, 0x30, 0x68, 0x31, 0x32,
    0x30, 0x30, 0x7a, 0x4d, 0x31, 0x30, 0x30, 0x20, 0x35, 0x30, 0x30, 0x76, 0x2d, 0x32, 0x30, 0x30,
    0x68, 0x34, 0x30, 0x30, 0x76, 0x32, 0x30, 0x30, 0x68, 0x2d, 0x34, 0x30, 0x30, 0x7a, 0x22, 0x20,
    0x2f, 0x3e, 0x0a, 0x3c, 0x67, 0x6c, 0x79, 0x70, 0x68, 0x20, 0x75, 0x6e, 0x69, 0x63, 0x6f, 0x64,
    0x65, 0x3d, 0x22, 0x26, 0x23, 0x78, 0x65, 0x31, 0x37, 0x38, 0x3b, 0x22, 0x20, 0x64, 0x3d, 0x22,
    0x4d, 0x39, 0x33, 0x35, 0x20, 0x31, 0x31, 0x36, 0x35, 0x6c, 0x32, 0x34, 0x38, 0x20, 0x2d, 0x32,
    0x33, 0x30, 0x71, 0x31, 0x34, 0x20, 0x2d, 0x31, 0x34, 0x20, 0x31, 0x34, 0x20, 0x2d, 0x33, 0x35,
    0x74, 0x2d, 0x31, 0x34, 0x20, 0x2d, 0x33, 0x35, 0x6c, 0x2d, 0x32, 0x34, 0x38, 0x20, 0x2d, 0x32,
    0x33, 0x30, 0x71, 0x2d, 0x31, 0x34, 0x20, 0x2d, 0x31, 0x34, 0x20, 0x2d, 0x32, 0x34, 0x2e, 0x35,
    0x20, 0x2d, 0x31, 0x30, 0x74, 0x2d, 0x31, 0x30, 0x2e, 0x35, 0x20, 0x32, 0x35, 0x76, 0x31, 0x35,
    0x30, 0x68, 0x2d, 0x34, 0x30, 0x30, 0x76, 0x32, 0x30, 0x30, 0x68, 0x34, 0x30, 0x30, 0x76, 0x31,
    0x35, 0x30, 0x71, 0x30, 0x20, 0x32, 0x31, 0x20, 0x31, 0x30, 0x2e, 0x35, 0x20, 0x32, 0x35, 0x74,
    0x32, 0x34, 0x2e, 0x35, 0x20, 0x2d, 0x31, 0x30, 0x7a, 0x4d, 0x32, 0x30, 0x30, 0x20, 0x38, 0x30,
    0x30, 0x68, 0x2d, 0x35, 0x30, 0x71, 0x2d, 0x32, 0x31, 0x20, 0x30, 0x20, 0x2d, 0x33, 0x35, 0x2e,
    0x35, 0x20, 0x31, 0x34, 0x2e, 0x35, 0x74, 0x2d, 0x31, 0x34, 0x2e, 0x35, 0x20, 0x33, 0x35, 0x2e,
    0x35, 0x76, 0x31, 0x30, 0x30, 0x71, 0x30, 0x20, 0x32, 0x31, 0x20, 0x31, 0x34, 0x2e, 0x35, 0x20,
    0x33, 0x35, 0x2e, 0x35, 0x74, 0x33, 0x35, 0x2e, 0x35, 0x20, 0x31, 0x34, 0x2e, 0x35, 0x68, 0x35,
    0x30, 0x76, 0x2d, 0x32, 0x30, 0x30, 0x7a, 0x4d, 0x34, 0x30, 0x30, 0x20, 0x38, 0x30, 0x30, 0x68,
    0x2d, 0x31, 0x30, 0x30, 0x76, 0x32, 0x30, 0x30, 0x68, 0x31, 0x30, 0x30, 0x76, 0x2d, 0x32, 0x30,
    0x30, 0x7a, 0x4d, 0x31, 0x38, 0x20, 0x34, 0x33, 0x35, 0x6c, 0x32, 0x34, 0x37, 0x20, 0x32, 0x33,
    0x30, 0x20, 0x71, 0x31, 0x34, 0x20, 0x31, 0x34, 0x20, 0x32, 0x34, 0x2e, 0x35, 0x20, 0x31, 0x30,
    0x74, 0x31, 0x30, 0x2e, 0x35, 0x20, 0x2d, 0x32, 0x35, 0x76, 0x2d, 0x31, 0x35, 0x30, 0x68, 0x34,
    0x30, 0x30, 0x76, 0x2d, 0x32, 0x30, 0x30, 0x68, 0x2d, 0x34, 0x30, 0x30, 0x76, 0x2d, 0x31, 0x35,
    0x30, 0x71, 0x30, 0x20, 0x2d, 0x32, 0x31, 0x20, 0x2d, 0x31, 0x30, 0x2e, 0x35, 0x20, 0x2d, 0x32,
    0x35, 0x74, 0x2d, 0x32, 0x34, 0x2e, 0x35, 0x20, 0x31, 0x30, 0x6c, 0x2d, 0x32, 0x34, 0x37, 0x20,
    0x32, 0x33, 0x30, 0x71, 0x2d, 0x31, 0x35, 0x20, 0x31, 0x34, 0x20, 0x2d, 0x31, 0x35, 0x20, 0x33,
    0x35, 0x74, 0x31, 0x35, 0x20, 0x33, 0x35, 0x7a, 0x4d, 0x39, 0x30, 0x30, 0x20, 0x33, 0x30, 0x30,
    0x68, 0x2d, 0x31, 0x30, 0x30, 0x76, 0x32, 0x30, 0x30, 0x68, 0x31, 0x30, 0x30, 0x76, 0x2d, 0x32,
    0x30, 0x30, 0x7a, 0x4d, 0x31, 0x30, 0x30, 0x30, 0x20, 0x35, 0x30, 0x30, 0x68, 0x35, 0x31, 0x71,
    0x32, 0x30, 0x20, 0x30, 0x20, 0x33, 0x34, 0x2e, 0x35, 0x20, 0x2d, 0x31, 0x34, 0x2e, 0x35, 0x74,
    0x31, 0x34, 0x2e, 0x35, 0x20, 0x2d, 0x33, 0x35, 0x2e, 0x35, 0x76, 0x2d, 0x31, 0x30, 0x30, 0x71,
    0x30, 0x20, 0x2d, 0x32, 0x31, 0x20, 0x2d, 0x31, 0x34, 0x2e, 0x35, 0x20, 0x2d, 0x33, 0x35, 0x2e,
    0x35, 0x74, 0x2d, 0x33, 0x34, 0x2e, 0x35, 0x20, 0x2d, 0x31, 0x34, 0x2e, 0x35, 0x68, 0x2d, 0x35,
    0x31, 0x76, 0x32, 0x30, 0x30, 0x7a, 0x22, 0x20, 0x2f, 0x3e, 0x0a, 0x3c, 0x67, 0x6c, 0x79, 0x70,
    0x68, 0x20, 0x75, 0x6e, 0x69, 0x63, 0x6f, 0x64, 0x65, 0x3d, 0x22, 0x26, 0x23, 0x78, 0x65, 0x31,
    0x37, 0x39, 0x3b, 0x22, 0x20, 0x64, 0x3d, 0x22, 0x4d, 0x38, 0x36, 0x32, 0x20, 0x31, 0x30, 0x37,
    0x33, 0x6c, 0x32, 0x37, 0x36, 0x20, 0x31, 0x31, 0x36, 0x71, 0x32, 0x35, 0x20, 0x31, 0x38, 0x20,
    0x34, 0x33, 0x2e, 0x35, 0x20, 0x38, 0x74, 0x31, 0x38, 0x2e, 0x35, 0x20, 0x2d, 0x34, 0x31, 0x76,
    0x2d, 0x31, 0x31, 0x30, 0x36, 0x71, 0x30, 0x20, 0x2d, 0x32, 0x31, 0x20, 0x2d, 0x31, 0x34, 0x2e,
    0x35, 0x20, 0x2d, 0x33, 0x35, 0x2e, 0x35, 0x74, 0x2d, 0x33, 0x35, 0x2e, 0x35, 0x20, 0x2d, 0x31,
    0x34, 0x2e, 0x35, 0x68, 0x2d, 0x32, 0x30, 0x30, 0x71, 0x2d, 0x32, 0x31, 0x20, 0x30, 0x20, 0x2d,
    0x33, 0x35, 0x2e, 0x35, 0x20, 0x31, 0x34, 0x2e, 0x35, 0x74, 0x2d, 0x31, 0x34, 0x2e, 0x35, 0x20,
    0x33, 0x35, 0x2e, 0x35, 0x76, 0x33, 0x39, 0x37, 0x71, 0x2d, 0x34, 0x20, 0x31, 0x20, 0x2d, 0x31,
    0x31, 0x20, 0x35, 0x74, 0x2d, 0x32, 0x34, 0x20, 0x31, 0x37, 0x2e, 0x35, 0x74, 0x2d, 0x33, 0x30,
    0x20, 0x32, 0x39, 0x74, 0x2d, 0x32, 0x34, 0x20, 0x34, 0x32, 0x74, 0x2d, 0x31, 0x31, 0x20, 0x35,
    0x36, 0x2e, 0x35, 0x76, 0x33, 0x35, 0x39, 0x71, 0x30, 0x20, 0x33, 0x31, 0x20, 0x31, 0x38, 0x2e,
    0x35, 0x20, 0x36, 0x35, 0x74, 0x34, 0x33, 0x2e, 0x35, 0x20, 0x35, 0x32, 0x7a, 0x4d, 0x35, 0x35,
    0x30, 0x20, 0x31, 0x32, 0x30, 0x30, 0x71, 0x32, 0x32, 0x20, 0x30, 0x20, 0x33, 0x34, 0x2e, 0x35,
    0x20, 0x2d, 0x31, 0x32, 0x2e, 0x35, 0x74, 0x31, 0x34, 0x2e, 0x35, 0x20, 0x2d, 0x32, 0x34, 0x2e,
    0x35, 0x6c, 0x31, 0x20, 0x2d, 0x31, 0x33, 0x76, 0x2d, 0x34, 0x35, 0x30, 0x71, 0x30, 0x20, 0x2d,
    0x32, 0x38, 0x20, 0x2d, 0x31, 0x30, 0x2e, 0x35, 0x20, 0x2d, 0x35, 0x39, 0x2e, 0x35, 0x20, 0x74,
    0x2d, 0x32, 0x35, 0x20, 0x2d, 0x35, 0x36, 0x74, 0x2d, 0x32, 0x39, 0x20, 0x2d, 0x34, 0x35, 0x74,
    0x2d, 0x32, 0x35, 0x2e, 0x35, 0x20, 0x2d, 0x33, 0x31, 0x2e, 0x35, 0x6c, 0x2d, 0x31, 0x30, 0x20,
    0x2d, 0x31, 0x31, 0x76, 0x2d, 0x34, 0x34, 0x37, 0x71, 0x30, 0x20, 0x2d, 0x32, 0x31, 0x20, 0x2d,
    0x31, 0x34, 0x2e, 0x35, 0x20, 0x2d, 0x33, 0x35, 0x2e, 0x35, 0x74, 0x2d, 0x33, 0x35, 0x2e, 0x35,
    0x20, 0x2d, 0x31, 0x34, 0x2e, 0x35, 0x68, 0x2d, 0x32, 0x30, 0x30, 0x71, 0x2d, 0x32, 0x31, 0x20,
    0x30, 0x20, 0x2d, 0x33, 0x35, 0x2e, 0x35, 0x20, 0x31, 0x34, 0x2e, 0x35, 0x74, 0x2d, 0x31, 0x34,
    0x2e, 0x35, 0x20, 0x33, 0x35, 0x2e, 0x35, 0x76, 0x34, 0x34, 0x37, 0x71, 0x2d, 0x34, 0x20, 0x34,
    0x20, 0x2d, 0x31, 0x31, 0x20, 0x31, 0x31, 0x2e, 0x35, 0x74, 0x2d, 0x32, 0x34, 0x20, 0x33, 0x30,
    0x2e, 0x35, 0x74, 0x2d, 0x33, 0x30, 0x20, 0x34, 0x36, 0x74, 0x2d, 0x32, 0x34, 0x20, 0x35, 0x35,
    0x74, 0x2d, 0x31, 0x31, 0x20, 0x36, 0x30, 0x76, 0x34, 0x35, 0x30, 0x71, 0x30, 0x20, 0x32, 0x20,
    0x30, 0x2e, 0x35, 0x20, 0x35, 0x2e, 0x35, 0x74, 0x34, 0x20, 0x31, 0x32, 0x74, 0x38, 0x2e, 0x35,
    0x20, 0x31, 0x35, 0x74, 0x31, 0x34, 0x2e, 0x35, 0x20, 0x31, 0x32, 0x74, 0x32, 0x32, 0x2e, 0x35,
    0x20, 0x35, 0x2e, 0x35, 0x71, 0x32, 0x30, 0x20, 0x30, 0x20, 0x33, 0x32, 0x2e, 0x35, 0x20, 0x2d,
    0x31, 0x32, 0x2e, 0x35, 0x74, 0x31, 0x34, 0x2e, 0x35, 0x20, 0x2d, 0x32, 0x34, 0x2e, 0x35, 0x6c,
    0x33, 0x20, 0x2d, 0x31, 0x33, 0x76, 0x2d, 0x33, 0x35, 0x30, 0x68, 0x31, 0x30, 0x30, 0x76, 0x33,
    0x35, 0x30, 0x76, 0x35, 0x2e, 0x35, 0x74, 0x32, 0x2e, 0x35, 0x20, 0x31, 0x32, 0x20, 0x74, 0x37,
    0x20, 0x31, 0x35, 0x74, 0x31, 0x35, 0x20, 0x31, 0x32, 0x74, 0x32, 0x35, 0x2e, 0x35, 0x20, 0x35,
    0x2e, 0x35, 0x71, 0x32, 0x33, 0x20, 0x30, 0x20, 0x33, 0x35, 0x2e, 0x35, 0x20, 0x2d, 0x31, 0x32,
    0x2e, 0x35, 0x74, 0x31, 0x33, 0x2e, 0x35, 0x20, 0x2d, 0x32, 0x34, 0x2e, 0x35, 0x6c, 0x31, 0x20,
    0x2d, 0x31, 0x33, 0x76, 0x2d, 0x33, 0x35, 0x30, 0x68, 0x31, 0x30, 0x30, 0x76, 0x33, 0x35, 0x30,
    0x71, 0x30, 0x20, 0x32, 0x20, 0x30, 0x2e, 0x35, 0x20, 0x35, 0x2e, 0x35, 0x74, 0x33, 0x20, 0x31,
    0x32, 0x74, 0x37, 0x20, 0x31, 0x35, 0x74, 0x31, 0x35, 0x20, 0x31, 0x32, 0x74, 0x32, 0x34, 0x2e,
    0x35, 0x20, 0x35, 0x2e, 0x35, 0x7a, 0x22, 0x20, 0x2f, 0x3e, 0x0a, 0x3c, 0x67, 0x6c, 0x79, 0x70,
    0x68, 0x20, 0x75, 0x6e, 0x69, 0x63, 0x6f, 0x64, 0x65, 0x3d, 0x22, 0x26, 0x23, 0x78, 0x65, 0x31,
    0x38, 0x30, 0x3b, 0x22, 0x20, 0x64, 0x3d, 0x22, 0x4d, 0x31, 0x32, 0x30, 0x30, 0x20, 0x31, 0x31,
    0x30, 0x30, 0x76, 0x2d, 0x35, 0x36, 0x71, 0x2d, 0x34, 0x20, 0x30, 0x20, 0x2d, 0x31, 0x31, 0x20,
    0x2d, 0x30, 0x2e, 0x35, 0x74, 0x2d, 0x32, 0x34, 0x20, 0x2d, 0x33, 0x74, 0x2d, 0x33, 0x30, 0x20,
    0x2d, 0x37, 0x2e, 0x35, 0x74, 0x2d, 0x32, 0x34, 0x20, 0x2d, 0x31, 0x35, 0x74, 0x2d, 0x31, 0x31,
    0x20, 0x2d, 0x32, 0x34, 0x76, 0x2d, 0x38, 0x38, 0x38, 0x71, 0x30, 0x20, 0x2d, 0x32, 0x32, 0x20,
    0x32, 0x35, 0x20, 0x2d, 0x33, 0x34, 0x2e, 0x35, 0x74, 0x35, 0x30, 0x20, 0x2d, 0x31, 0x33, 0x2e,
    0x35, 0x6c, 0x32, 0x35, 0x20, 0x2d, 0x32, 0x76, 0x2d, 0x35, 0x36, 0x68, 0x2d, 0x34, 0x30, 0x30,
    0x76, 0x35, 0x36, 0x71, 0x37, 0x35, 0x20, 0x30, 0x20, 0x38, 0x37, 0x2e, 0x35, 0x20, 0x36, 0x2e,
    0x35, 0x74, 0x31, 0x32, 0x2e, 0x35, 0x20, 0x34, 0x33, 0x2e, 0x35, 0x76, 0x33, 0x39, 0x34, 0x68,
    0x2d, 0x35, 0x30, 0x30, 0x76, 0x2d, 0x33, 0x39, 0x34, 0x71, 0x30, 0x20, 0x2d, 0x33, 0x37, 0x20,
    0x31, 0x32, 0x2e, 0x35, 0x20, 0x2d, 0x34, 0x33, 0x2e, 0x35, 0x74, 0x38, 0x37, 0x2e, 0x35, 0x20,
    0x2d, 0x36, 0x2e, 0x35, 0x76, 0x2d, 0x35, 0x36, 0x68, 0x2d, 0x34, 0x30, 0x30, 0x76, 0x35, 0x36,
    0x71, 0x34, 0x20, 0x30, 0x20, 0x31, 0x31, 0x20, 0x30, 0x2e, 0x35, 0x74, 0x32, 0x34, 0x20, 0x33,
    0x74, 0x33, 0x30, 0x20, 0x37, 0x2e, 0x35, 0x74, 0x32, 0x34, 0x20, 0x31, 0x35, 0x74, 0x31, 0x31,
    0x20, 0x32, 0x34, 0x76, 0x38, 0x38, 0x38, 0x71, 0x30, 0x20, 0x32, 0x32, 0x20, 0x2d, 0x32, 0x35,
    0x20, 0x33, 0x34, 0x2e, 0x35, 0x74, 0x2d, 0x35, 0x30, 0x20, 0x31, 0x33, 0x2e, 0x35, 0x20, 0x6c,
    0x2d, 0x32, 0x35, 0x20, 0x32, 0x76, 0x35, 0x36, 0x68, 0x34, 0x30, 0x30, 0x76, 0x2d, 0x35, 0x36,
    0x71, 0x2d, 0x37, 0x35, 0x20, 0x30, 0x20, 0x2d, 0x38, 0x37, 0x2e, 0x35, 0x20, 0x2d, 0x36, 0x2e,
    0x35, 0x74, 0x2d, 0x31, 0x32, 0x2e, 0x35, 0x20, 0x2d, 0x34, 0x33, 0x2e, 0x35, 0x76, 0x2d, 0x33,
    0x39, 0x34, 0x68, 0x35, 0x30, 0x30, 0x76, 0x33, 0x39, 0x34, 0x71, 0x30, 0x20, 0x33, 0x37, 0x20,
    0x2d, 0x31, 0x32, 0x2e, 0x35, 0x20, 0x34, 0x33, 0x2e, 0x35, 0x74, 0x2d, 0x38, 0x37, 0x2e, 0x35,
    0x20, 0x36, 0x2e, 0x35, 0x76, 0x35, 0x36, 0x68, 0x34, 0x30, 0x30, 0x7a, 0x22, 0x20, 0x2f, 0x3e,
    0x0a, 0x3c, 0x67, 0x6c, 0x79, 0x70, 0x68, 0x20, 0x75, 0x6e, 0x69, 0x63, 0x6f, 0x64, 0x65, 0x3d,
    0x22, 0x26, 0x23, 0x78, 0x65, 0x31, 0x38, 0x31, 0x3b, 0x22, 0x20, 0x64, 0x3d, 0x22, 0x4d, 0x36,
    0x37, 0x35, 0x20, 0x31, 0x30, 0x30, 0x30, 0x68, 0x33, 0x37, 0x35, 0x71, 0x32, 0x31, 0x20, 0x30,
    0x20, 0x33, 0x35, 0x2e, 0x35, 0x20, 0x2d, 0x31, 0x34, 0x2e, 0x35, 0x74, 0x31, 0x34, 0x2e, 0x35,
    0x20, 0x2d, 0x33, 0x35, 0x2e, 0x35, 0x76, 0x2d, 0x31, 0x35, 0x30, 0x68, 0x2d, 0x31, 0x30, 0x35,
    0x6c, 0x2d, 0x32, 0x39, 0x35, 0x20, 0x2d, 0x39, 0x38, 0x76, 0x39, 0x38, 0x6c, 0x2d, 0x32, 0x30,
    0x30, 0x20, 0x32, 0x30, 0x30, 0x68, 0x2d, 0x34, 0x30, 0x30, 0x6c, 0x31, 0x30, 0x30, 0x20, 0x31,
    0x30, 0x30, 0x68, 0x33, 0x37, 0x35, 0x7a, 0x4d, 0x31, 0x30, 0x30, 0x20, 0x39, 0x30, 0x30, 0x68,
    0x33, 0x30, 0x30, 0x71, 0x34, 0x31, 0x20, 0x30, 0x20, 0x37, 0x30, 0x2e, 0x35, 0x20, 0x2d, 0x32,
    0x39, 0x2e, 0x35, 0x74, 0x32, 0x39, 0x2e, 0x35, 0x20, 0x2d, 0x37, 0x30, 0x2e, 0x35, 0x76, 0x2d,
    0x35, 0x30, 0x30, 0x71, 0x30, 0x20, 0x2d, 0x34, 0x31, 0x20, 0x2d, 0x32, 0x39, 0x2e, 0x35, 0x20,
    0x2d, 0x37, 0x30, 0x2e, 0x35, 0x74, 0x2d, 0x37, 0x30, 0x2e, 0x35, 0x20, 0x2d, 0x32, 0x39, 0x2e,
    0x35, 0x68, 0x2d, 0x33, 0x30, 0x30, 0x71, 0x2d, 0x34, 0x31, 0x20, 0x30, 0x20, 0x2d, 0x37, 0x30,
    0x2e, 0x35, 0x20, 0x32, 0x39, 0x2e, 0x35, 0x74, 0x2d, 0x32, 0x39, 0x2e, 0x35, 0x20, 0x37, 0x30,
    0x2e, 0x35, 0x76, 0x35, 0x30, 0x30, 0x71, 0x30, 0x20, 0x34, 0x31, 0x20, 0x32, 0x39, 0x2e, 0x35,
    0x20, 0x37, 0x30, 0x2e, 0x35, 0x74, 0x37, 0x30, 0x2e, 0x35, 0x20, 0x32, 0x39, 0x2e, 0x35, 0x7a,
    0x4d, 0x31, 0x30, 0x30, 0x20, 0x38, 0x30, 0x30, 0x76, 0x2d, 0x32, 0x30, 0x30, 0x68, 0x33, 0x30,
    0x30, 0x76, 0x32, 0x30, 0x30, 0x20, 0x68, 0x2d, 0x33, 0x30, 0x30, 0x7a, 0x4d, 0x31, 0x31, 0x30,
    0x30, 0x20, 0x35, 0x33, 0x35, 0x6c, 0x2d, 0x34, 0x30, 0x30, 0x20, 0x2d, 0x31, 0x33, 0x33, 0x76,
    0x31, 0x36, 0x33, 0x6c, 0x34, 0x30, 0x30, 0x20, 0x31, 0x33, 0x33, 0x76, 0x2d, 0x31, 0x36, 0x33,
    0x7a, 0x4d, 0x31, 0x30, 0x30, 0x20, 0x35, 0x30, 0x30, 0x76, 0x2d, 0x32, 0x30, 0x30, 0x68, 0x33,
    0x30, 0x30, 0x76, 0x32, 0x30, 0x30, 0x68, 0x2d, 0x33, 0x30, 0x30, 0x7a, 0x4d, 0x31, 0x31, 0x30,
    0x30, 0x20, 0x33, 0x39, 0x38, 0x76, 0x2d, 0x32, 0x34, 0x38, 0x71, 0x30, 0x20, 0x2d, 0x32, 0x31,
    0x20, 0x2d, 0x31, 0x34, 0x2e, 0x35, 0x20, 0x2d, 0x33, 0x35, 0x2e, 0x35, 0x74, 0x2d, 0x33, 0x35,
    0x2e, 0x35, 0x20, 0x2d, 0x31, 0x34, 0x2e, 0x35, 0x68, 0x2d, 0x33, 0x37, 0x35, 0x6c, 0x2d, 0x31,
    0x30, 0x30, 0x20, 0x2d, 0x31, 0x30, 0x30, 0x68, 0x2d, 0x33, 0x37, 0x35, 0x6c, 0x2d, 0x31, 0x30,
    0x30, 0x20, 0x31, 0x30, 0x30, 0x68, 0x34, 0x30, 0x30, 0x6c, 0x32, 0x30, 0x30, 0x20, 0x32, 0x30,
    0x30, 0x68, 0x31, 0x30, 0x35, 0x7a, 0x22, 0x20, 0x2f, 0x3e, 0x0a, 0x3c, 0x67, 0x6c, 0x79, 0x70,
    0x68, 0x20, 0x75, 0x6e, 0x69, 0x63, 0x6f, 0x64, 0x65, 0x3d, 0x22, 0x26, 0x23, 0x78, 0x65, 0x31,
    0x38, 0x32, 0x3b, 0x22, 0x20, 0x64, 0x3d, 0x22, 0x4d, 0x31, 0x37, 0x20, 0x31, 0x30, 0x30, 0x37,
    0x6c, 0x31, 0x36, 0x32, 0x20, 0x31, 0x36, 0x32, 0x71, 0x31, 0x37, 0x20, 0x31, 0x37, 0x20, 0x34,
    0x30, 0x20, 0x31, 0x34, 0x74, 0x33, 0x37, 0x20, 0x2d, 0x32, 0x32, 0x6c, 0x31, 0x33, 0x39, 0x20,
    0x2d, 0x31, 0x39, 0x34, 0x71, 0x31, 0x34, 0x20, 0x2d, 0x32, 0x30, 0x20, 0x31, 0x31, 0x20, 0x2d,
    0x34, 0x34, 0x2e, 0x35, 0x74, 0x2d, 0x32, 0x30, 0x20, 0x2d, 0x34, 0x31, 0x2e, 0x35, 0x6c, 0x2d,
    0x31, 0x31, 0x39, 0x20, 0x2d, 0x31, 0x31, 0x38, 0x71, 0x31, 0x30, 0x32, 0x20, 0x2d, 0x31, 0x34,
    0x32, 0x20, 0x32, 0x32, 0x38, 0x20, 0x2d, 0x32, 0x36, 0x38, 0x74, 0x32, 0x36, 0x37, 0x20, 0x2d,
    0x32, 0x32, 0x37, 0x6c, 0x31, 0x31, 0x39, 0x20, 0x31, 0x31, 0x38, 0x71, 0x31, 0x37, 0x20, 0x31,
    0x37, 0x20, 0x34, 0x32, 0x2e, 0x35, 0x20, 0x31, 0x39, 0x74, 0x34, 0x34, 0x2e, 0x35, 0x20, 0x2d,
    0x31, 0x32, 0x6c, 0x31, 0x39, 0x32, 0x20, 0x2d, 0x31, 0x33, 0x36, 0x71, 0x31, 0x39, 0x20, 0x2d,
    0x31, 0x34, 0x20, 0x32, 0x32, 0x2e, 0x35, 0x20, 0x2d, 0x33, 0x37, 0x2e, 0x35, 0x74, 0x2d, 0x31,
    0x33, 0x2e, 0x35, 0x20, 0x2d, 0x34, 0x30, 0x2e, 0x35, 0x6c, 0x2d, 0x31, 0x36, 0x33, 0x20, 0x2d,
    0x31, 0x36, 0x32, 0x71, 0x2d, 0x33, 0x20, 0x2d, 0x31, 0x20, 0x2d, 0x39, 0x2e, 0x35, 0x20, 0x2d,
    0x31, 0x74, 0x2d, 0x32, 0x39, 0x2e, 0x35, 0x20, 0x32, 0x74, 0x2d, 0x34, 0x37, 0x2e, 0x35, 0x20,
    0x36, 0x74, 0x2d, 0x36, 0x32, 0x2e, 0x35, 0x20, 0x31, 0x34, 0x2e, 0x35, 0x74, 0x2d, 0x37, 0x37,
    0x2e, 0x35, 0x20, 0x32, 0x36, 0x2e, 0x35, 0x74, 0x2d, 0x39, 0x30, 0x20, 0x34, 0x32, 0x2e, 0x35,
    0x20, 0x74, 0x2d, 0x31, 0x30, 0x31, 0x2e, 0x35, 0x20, 0x36, 0x30, 0x74, 0x2d, 0x31, 0x31, 0x31,
    0x20, 0x38, 0x33, 0x74, 0x2d, 0x31, 0x31, 0x39, 0x20, 0x31, 0x30, 0x38, 0x2e, 0x35, 0x71, 0x2d,
    0x37, 0x34, 0x20, 0x37, 0x34, 0x20, 0x2d, 0x31, 0x33, 0x33, 0x2e, 0x35, 0x20, 0x31, 0x35, 0x30,
    0x2e, 0x35, 0x74, 0x2d, 0x39, 0x34, 0x2e, 0x35, 0x20, 0x31, 0x33, 0x38, 0x2e, 0x35, 0x74, 0x2d,
    0x36, 0x30, 0x20, 0x31, 0x31, 0x39, 0x2e, 0x35, 0x74, 0x2d, 0x33, 0x34, 0x2e, 0x35, 0x20, 0x31,
    0x30, 0x30, 0x74, 0x2d, 0x31, 0x35, 0x20, 0x37, 0x34, 0x2e, 0x35, 0x74, 0x2d, 0x34, 0x2e, 0x35,
    0x20, 0x34, 0x38, 0x7a, 0x22, 0x20, 0x2f, 0x3e, 0x0a, 0x3c, 0x67, 0x6c, 0x79, 0x70, 0x68, 0x20,
    0x75, 0x6e, 0x69, 0x63, 0x6f, 0x64, 0x65, 0x3d, 0x22, 0x26, 0x23, 0x78, 0x65, 0x31, 0x38, 0x33,
    0x3b, 0x22, 0x20, 0x64, 0x3d, 0x22, 0x4d, 0x36, 0x30, 0x30, 0x20, 0x31, 0x31, 0x30, 0x30, 0x71,
    0x39, 0x32, 0x20, 0x30, 0x20, 0x31, 0x37, 0x35, 0x20, 0x2d, 0x31, 0x30, 0x2e, 0x35, 0x74, 0x31,
    0x34, 0x31, 0x2e, 0x35, 0x20, 0x2d, 0x32, 0x37, 0x74, 0x31, 0x30, 0x38, 0x2e, 0x35, 0x20, 0x2d,
    0x33, 0x36, 0x2e, 0x35, 0x74, 0x38, 0x31, 0x2e, 0x35, 0x20, 0x2d, 0x34, 0x30, 0x74, 0x35, 0x33,
    0x2e, 0x35, 0x20, 0x2d, 0x33, 0x37, 0x74, 0x33, 0x31, 0x20, 0x2d, 0x32, 0x37, 0x6c, 0x39, 0x20,
    0x2d, 0x31, 0x30, 0x76, 0x2d, 0x32, 0x30, 0x30, 0x71, 0x30, 0x20, 0x2d, 0x32, 0x31, 0x20, 0x2d,
    0x31, 0x34, 0x2e, 0x35, 0x20, 0x2d, 0x33, 0x33, 0x74, 0x2d, 0x33, 0x34, 0x2e, 0x35, 0x20, 0x2d,
    0x39, 0x6c, 0x2d, 0x32, 0x30, 0x32, 0x20, 0x33, 0x34, 0x71, 0x2d, 0x32, 0x30, 0x20, 0x33, 0x20,
    0x2d, 0x33, 0x34, 0x2e, 0x35, 0x20, 0x32, 0x30, 0x74, 0x2d, 0x31, 0x34, 0x2e, 0x35, 0x20, 0x33,
    0x38, 0x76, 0x31, 0x34, 0x36, 0x71, 0x2d, 0x31, 0x34, 0x31, 0x20, 0x32, 0x34, 0x20, 0x2d, 0x33,
    0x30, 0x30, 0x20, 0x32, 0x34, 0x74, 0x2d, 0x33, 0x30, 0x30, 0x20, 0x2d, 0x32, 0x34, 0x76, 0x2d,
    0x31, 0x34, 0x36, 0x71, 0x30, 0x20, 0x2d, 0x32, 0x31, 0x20, 0x2d, 0x31, 0x34, 0x2e, 0x35, 0x20,
    0x2d, 0x33, 0x38, 0x74, 0x2d, 0x33, 0x34, 0x2e, 0x35, 0x20, 0x2d, 0x32, 0x30, 0x6c, 0x2d, 0x32,
    0x30, 0x32, 0x20, 0x2d, 0x33, 0x34, 0x71, 0x2d, 0x32, 0x30, 0x20, 0x2d, 0x33, 0x20, 0x2d, 0x33,
    0x34, 0x2e, 0x35, 0x20, 0x39, 0x74, 0x2d, 0x31, 0x34, 0x2e, 0x35, 0x20, 0x33, 0x33, 0x76, 0x32,
    0x30, 0x30, 0x71, 0x33, 0x20, 0x34, 0x20, 0x39, 0x2e, 0x35, 0x20, 0x31, 0x30, 0x2e, 0x35, 0x20,
    0x74, 0x33, 0x31, 0x20, 0x32, 0x36, 0x74, 0x35, 0x34, 0x20, 0x33, 0x37, 0x2e, 0x35, 0x74, 0x38,
    0x30, 0x2e, 0x35, 0x20, 0x33, 0x39, 0x2e, 0x35, 0x74, 0x31, 0x30, 0x39, 0x20, 0x33, 0x37, 0x2e,
    0x35, 0x74, 0x31, 0x34, 0x31, 0x20, 0x32, 0x36, 0x2e, 0x35, 0x74, 0x31, 0x37, 0x35, 0x20, 0x31,
    0x30, 0x2e, 0x35, 0x7a, 0x4d, 0x36, 0x30, 0x30, 0x20, 0x37, 0x39, 0x35, 0x71, 0x35, 0x36, 0x20,
    0x30, 0x20, 0x39, 0x37, 0x20, 0x2d, 0x39, 0x2e, 0x35, 0x74, 0x36, 0x30, 0x20, 0x2d, 0x32, 0x33,
    0x2e, 0x35, 0x74, 0x33, 0x30, 0x20, 0x2d, 0x32, 0x38, 0x74, 0x31, 0x32, 0x20, 0x2d, 0x32, 0x34,
    0x6c, 0x31, 0x20, 0x2d, 0x31, 0x30, 0x76, 0x2d, 0x35, 0x30, 0x6c, 0x33, 0x36, 0x35, 0x20, 0x2d,
    0x33, 0x30, 0x33, 0x71, 0x31, 0x34, 0x20, 0x2d, 0x31, 0x35, 0x20, 0x32, 0x34, 0x2e, 0x35, 0x20,
    0x2d, 0x34, 0x30, 0x74, 0x31, 0x30, 0x2e, 0x35, 0x20, 0x2d, 0x34, 0x35, 0x76, 0x2d, 0x32, 0x31,
    0x32, 0x71, 0x30, 0x20, 0x2d, 0x32, 0x31, 0x20, 0x2d, 0x31, 0x34, 0x2e, 0x35, 0x20, 0x2d, 0x33,
    0x35, 0x2e, 0x35, 0x74, 0x2d, 0x33, 0x35, 0x2e, 0x35, 0x20, 0x2d, 0x31, 0x34, 0x2e, 0x35, 0x68,
    0x2d, 0x31, 0x31, 0x30, 0x30, 0x71, 0x2d, 0x32, 0x31, 0x20, 0x30, 0x20, 0x2d, 0x33, 0x35, 0x2e,
    0x35, 0x20, 0x31, 0x34, 0x2e, 0x35, 0x74, 0x2d, 0x31, 0x34, 0x2e, 0x35, 0x20, 0x33, 0x35, 0x2e,
    0x35, 0x76, 0x32, 0x31, 0x32, 0x71, 0x30, 0x20, 0x32, 0x30, 0x20, 0x31, 0x30, 0x2e, 0x35, 0x20,
    0x34, 0x35, 0x74, 0x32, 0x34, 0x2e, 0x35, 0x20, 0x34, 0x30, 0x6c, 0x33, 0x36, 0x35, 0x20, 0x33,
    0x30, 0x33, 0x76, 0x35, 0x30, 0x20, 0x71, 0x30, 0x20, 0x34, 0x20, 0x31, 0x20, 0x31, 0x30, 0x2e,
    0x35, 0x74, 0x31, 0x32, 0x20, 0x32, 0x33, 0x74, 0x33, 0x30, 0x20, 0x32, 0x39, 0x74, 0x36, 0x30,
    0x20, 0x32, 0x32, 0x2e, 0x35, 0x74, 0x39, 0x37, 0x20, 0x31, 0x30, 0x7a, 0x22, 0x20, 0x2f, 0x3e,
    0x0a, 0x3c, 0x67, 0x6c, 0x79, 0x70, 0x68, 0x20, 0x75, 0x6e, 0x69, 0x63, 0x6f, 0x64, 0x65, 0x3d,
    0x22, 0x26, 0x23, 0x78, 0x65, 0x31, 0x38, 0x34, 0x3b, 0x22, 0x20, 0x64, 0x3d, 0x22, 0x4d, 0x31,
    0x31, 0x30, 0x30, 0x20, 0x37, 0x30, 0x30, 0x6c, 0x2d, 0x32, 0x30, 0x30, 0x20, 0x2d, 0x32, 0x30,
    0x30, 0x68, 0x2d, 0x36, 0x30, 0x30, 0x6c, 0x2d, 0x32, 0x30, 0x30, 0x20, 0x32, 0x30, 0x30, 0x76,
    0x35, 0x30, 0x30, 0x68, 0x32, 0x30, 0x30, 0x76, 0x2d, 0x32, 0x30, 0x30, 0x68, 0x32, 0x30, 0x30,
    0x76, 0x32, 0x30, 0x30, 0x68, 0x32, 0x30, 0x30, 0x76, 0x2d, 0x32, 0x30, 0x30, 0x68, 0x32, 0x30,
    0x30, 0x76, 0x32, 0x30, 0x30, 0x68, 0x32, 0x30, 0x30, 0x76, 0x2d, 0x35, 0x30, 0x30, 0x7a, 0x4d,
    0x32, 0x35, 0x30, 0x20, 0x34, 0x30, 0x30, 0x68, 0x37, 0x30, 0x30, 0x71, 0x32, 0x31, 0x20, 0x30,
    0x20, 0x33, 0x35, 0x2e, 0x35, 0x20, 0x2d, 0x31, 0x34, 0x2e, 0x35, 0x74, 0x31, 0x34, 0x2e, 0x35,
    0x20, 0x2d, 0x33, 0x35, 0x2e, 0x35, 0x74, 0x2d, 0x31, 0x34, 0x2e, 0x35, 0x20, 0x2d, 0x33, 0x35,
    0x2e, 0x35, 0x74, 0x2d, 0x33, 0x35, 0x2e, 0x35, 0x20, 0x2d, 0x31, 0x34, 0x2e, 0x35, 0x68, 0x2d,
    0x31, 0x32, 0x6c, 0x31, 0x33, 0x37, 0x20, 0x2d, 0x31, 0x30, 0x30, 0x68, 0x2d, 0x39, 0x35, 0x30,
    0x6c, 0x31, 0x33, 0x37, 0x20, 0x31, 0x30, 0x30, 0x68, 0x2d, 0x31, 0x32, 0x71, 0x2d, 0x32, 0x31,
    0x20, 0x30, 0x20, 0x2d, 0x33, 0x35, 0x2e, 0x35, 0x20, 0x31, 0x34, 0x2e, 0x35, 0x74, 0x2d, 0x31,
    0x34, 0x2e, 0x35, 0x20, 0x33, 0x35, 0x2e, 0x35, 0x74, 0x31, 0x34, 0x2e, 0x35, 0x20, 0x33, 0x35,
    0x2e, 0x35, 0x74, 0x33, 0x35, 0x2e, 0x35, 0x20, 0x31, 0x34, 0x2e, 0x35, 0x7a, 0x4d, 0x35, 0x30,
    0x20, 0x31, 0x30, 0x30, 0x68, 0x31, 0x31, 0x30, 0x30, 0x71, 0x32, 0x31, 0x20, 0x30, 0x20, 0x33,
    0x35, 0x2e, 0x35, 0x20, 0x2d, 0x31, 0x34, 0x2e, 0x35, 0x20, 0x74, 0x31, 0x34, 0x2e, 0x35, 0x20,
    0x2d, 0x33, 0x35, 0x2e, 0x35, 0x76, 0x2d, 0x35, 0x30, 0x68, 0x2d, 0x31, 0x32, 0x30, 0x30, 0x76,
    0x35, 0x30, 0x71, 0x30, 0x20, 0x32, 0x31, 0x20, 0x31, 0x34, 0x2e, 0x35, 0x20, 0x33, 0x35, 0x2e,
    0x35, 0x74, 0x33, 0x35, 0x2e, 0x35, 0x20, 0x31, 0x34, 0x2e, 0x35, 0x7a, 0x22, 0x20, 0x2f, 0x3e,
    0x0a, 0x3c, 0x67, 0x6c, 0x79, 0x70, 0x68, 0x20, 0x75, 0x6e, 0x69, 0x63, 0x6f, 0x64, 0x65, 0x3d,
    0x22, 0x26, 0x23, 0x78, 0x65, 0x31, 0x38, 0x35, 0x3b, 0x22, 0x20, 0x64, 0x3d, 0x22, 0x4d, 0x37,
    0x30, 0x30, 0x20, 0x31, 0x31, 0x30, 0x30, 0x68, 0x2d, 0x31, 0x30, 0x30, 0x71, 0x2d, 0x34, 0x31,
    0x20, 0x30, 0x20, 0x2d, 0x37, 0x30, 0x2e, 0x35, 0x20, 0x2d, 0x32, 0x39, 0x2e, 0x35, 0x74, 0x2d,
    0x32, 0x39, 0x2e, 0x35, 0x20, 0x2d, 0x37, 0x30, 0x2e, 0x35, 0x76, 0x2d, 0x31, 0x30, 0x30, 0x30,
    0x68, 0x33, 0x30, 0x30, 0x76, 0x31, 0x30, 0x30, 0x30, 0x71, 0x30, 0x20, 0x34, 0x31, 0x20, 0x2d,
    0x32, 0x39, 0x2e, 0x35, 0x20, 0x37, 0x30, 0x2e, 0x35, 0x74, 0x2d, 0x37, 0x30, 0x2e, 0x35, 0x20,
    0x32, 0x39, 0x2e, 0x35, 0x7a, 0x4d, 0x31, 0x31, 0x30, 0x30, 0x20, 0x38, 0x30, 0x30, 0x68, 0x2d,
    0x31, 0x30, 0x30, 0x71, 0x2d, 0x34, 0x31, 0x20, 0x30, 0x20, 0x2d, 0x37, 0x30, 0x2e, 0x35, 0x20,
    0x2d, 0x32, 0x39, 0x2e, 0x35, 0x74, 0x2d, 0x32, 0x39, 0x2e, 0x35, 0x20, 0x2d, 0x37, 0x30, 0x2e,
    0x35, 0x76, 0x2d, 0x37, 0x30, 0x30, 0x68, 0x33, 0x30, 0x30, 0x76, 0x37, 0x30, 0x30, 0x71, 0x30,
    0x20, 0x34, 0x31, 0x20, 0x2d, 0x32, 0x39, 0x2e, 0x35, 0x20, 0x37, 0x30, 0x2e, 0x35, 0x74, 0x2d,
    0x37, 0x30, 0x2e, 0x35, 0x20, 0x32, 0x39, 0x2e, 0x35, 0x7a, 0x4d, 0x34, 0x30, 0x30, 0x20, 0x30,
    0x68, 0x2d, 0x33, 0x30, 0x30, 0x76, 0x34, 0x30, 0x30, 0x71, 0x30, 0x20, 0x34, 0x31, 0x20, 0x32,
    0x39, 0x2e, 0x35, 0x20, 0x37, 0x30, 0x2e, 0x35, 0x74, 0x37, 0x30, 0x2e, 0x35, 0x20, 0x32, 0x39,
    0x2e, 0x35, 0x68, 0x31, 0x30, 0x30, 0x71, 0x34, 0x31, 0x20, 0x30, 0x20, 0x37, 0x30, 0x2e, 0x35,
    0x20, 0x2d, 0x32, 0x39, 0x2e, 0x35, 0x74, 0x32, 0x39, 0x2e, 0x35, 0x20, 0x2d, 0x37, 0x30, 0x2e,
    0x35, 0x76, 0x2d, 0x34, 0x30, 0x30, 0x7a, 0x20, 0x22, 0x20, 0x2f, 0x3e, 0x0a, 0x3c, 0x67, 0x6c,
    0x79, 0x70, 0x68, 0x20, 0x75, 0x6e, 0x69, 0x63, 0x6f, 0x64, 0x65, 0x3d, 0x22, 0x26, 0x23, 0x78,
    0x65, 0x31, 0x38, 0x36, 0x3b, 0x22, 0x20, 0x64, 0x3d, 0x22, 0x4d, 0x32, 0x30, 0x30, 0x20, 0x31,
    0x31, 0x30, 0x30, 0x68, 0x37, 0x30, 0x30, 0x71, 0x31, 0x32, 0x34, 0x20, 0x30, 0x20, 0x32, 0x31,
    0x32, 0x20, 0x2d, 0x38, 0x38, 0x74, 0x38, 0x38, 0x20, 0x2d, 0x32, 0x31, 0x32, 0x76, 0x2d, 0x35,
    0x30, 0x30, 0x71, 0x30, 0x20, 0x2d, 0x31, 0x32, 0x34, 0x20, 0x2d, 0x38, 0x38, 0x20, 0x2d, 0x32,
    0x31, 0x32, 0x74, 0x2d, 0x32, 0x31, 0x32, 0x20, 0x2d, 0x38, 0x38, 0x68, 0x2d, 0x37, 0x30, 0x30,
    0x71, 0x2d, 0x31, 0x32, 0x34, 0x20, 0x30, 0x20, 0x2d, 0x32, 0x31, 0x32, 0x20, 0x38, 0x38, 0x74,
    0x2d, 0x38, 0x38, 0x20, 0x32, 0x31, 0x32, 0x76, 0x35, 0x30, 0x30, 0x71, 0x30, 0x20, 0x31, 0x32,
    0x34, 0x20, 0x38, 0x38, 0x20, 0x32, 0x31, 0x32, 0x74, 0x32, 0x31, 0x32, 0x20, 0x38, 0x38, 0x7a,
    0x4d, 0x31, 0x30, 0x30, 0x20, 0x39, 0x30, 0x30, 0x76, 0x2d, 0x37, 0x30, 0x30, 0x68, 0x39, 0x30,
    0x30, 0x76, 0x37, 0x30, 0x30, 0x68, 0x2d, 0x39, 0x30, 0x30, 0x7a, 0x4d, 0x35, 0x30, 0x30, 0x20,
    0x37, 0x30, 0x30, 0x68, 0x2d, 0x32, 0x30, 0x30, 0x76, 0x2d, 0x31, 0x30, 0x30, 0x68, 0x32, 0x30,
    0x30, 0x76, 0x2d, 0x33, 0x30, 0x30, 0x68, 0x2d, 0x33, 0x30, 0x30, 0x76, 0x31, 0x30, 0x30, 0x68,
    0x32, 0x30, 0x30, 0x76, 0x31, 0x30, 0x30, 0x68, 0x2d, 0x32, 0x30, 0x30, 0x76, 0x33, 0x30, 0x30,
    0x68, 0x33, 0x30, 0x30, 0x76, 0x2d, 0x31, 0x30, 0x30, 0x7a, 0x4d, 0x39, 0x30, 0x30, 0x20, 0x37,
    0x30, 0x30, 0x76, 0x2d, 0x33, 0x30, 0x30, 0x6c, 0x2d, 0x31, 0x30, 0x30, 0x20, 0x2d, 0x31, 0x30,
    0x30, 0x68, 0x2d, 0x32, 0x30, 0x30, 0x76, 0x35, 0x30, 0x30, 0x68, 0x32, 0x30, 0x30, 0x7a, 0x20,
    0x4d, 0x37, 0x30, 0x30, 0x20, 0x37, 0x30, 0x30, 0x76, 0x2d, 0x33, 0x30, 0x30, 0x68, 0x31, 0x30,
    0x30, 0x76, 0x33, 0x30, 0x30, 0x68, 0x2d, 0x31, 0x30, 0x30, 0x7a, 0x22, 0x20, 0x2f, 0x3e, 0x0a,
    0x3c, 0x67, 0x6c, 0x79, 0x70, 0x68, 0x20, 0x75, 0x6e, 0x69, 0x63, 0x6f, 0x64, 0x65, 0x3d, 0x22,
    0x26, 0x23, 0x78, 0x65, 0x31, 0x38, 0x37, 0x3b, 0x22, 0x20, 0x64, 0x3d, 0x22, 0x4d, 0x32, 0x30,
    0x30, 0x20, 0x31, 0x31, 0x30, 0x30, 0x68, 0x37, 0x30, 0x30, 0x71, 0x31, 0x32, 0x34, 0x20, 0x30,
    0x20, 0x32, 0x31, 0x32, 0x20, 0x2d, 0x38, 0x38, 0x74, 0x38, 0x38, 0x20, 0x2d, 0x32, 0x31, 0x32,
    0x76, 0x2d, 0x35, 0x30, 0x30, 0x71, 0x30, 0x20, 0x2d, 0x31, 0x32, 0x34, 0x20, 0x2d, 0x38, 0x38,
    0x20, 0x2d, 0x32, 0x31, 0x32, 0x74, 0x2d, 0x32, 0x31, 0x32, 0x20, 0x2d, 0x38, 0x38, 0x68, 0x2d,
    0x37, 0x30, 0x30, 0x71, 0x2d, 0x31, 0x32, 0x34, 0x20, 0x30, 0x20, 0x2d, 0x32, 0x31, 0x32, 0x20,
    0x38, 0x38, 0x74, 0x2d, 0x38, 0x38, 0x20, 0x32, 0x31, 0x32, 0x76, 0x35, 0x30, 0x30, 0x71, 0x30,
    0x20, 0x31, 0x32, 0x34, 0x20, 0x38, 0x38, 0x20, 0x32, 0x31, 0x32, 0x74, 0x32, 0x31, 0x32, 0x20,
    0x38, 0x38, 0x7a, 0x4d, 0x31, 0x30, 0x30, 0x20, 0x39, 0x30, 0x30, 0x76, 0x2d, 0x37, 0x30, 0x30,
    0x68, 0x39, 0x30, 0x30, 0x76, 0x37, 0x30, 0x30, 0x68, 0x2d, 0x39, 0x30, 0x30, 0x7a, 0x4d, 0x35,
    0x30, 0x30, 0x20, 0x33, 0x30, 0x30, 0x68, 0x2d, 0x31, 0x30, 0x30, 0x76, 0x32, 0x30, 0x30, 0x68,
    0x2d, 0x31, 0x30, 0x30, 0x76, 0x2d, 0x32, 0x30, 0x30, 0x68, 0x2d, 0x31, 0x30, 0x30, 0x76, 0x35,
    0x30, 0x30, 0x68, 0x31, 0x30, 0x30, 0x76, 0x2d, 0x32, 0x30, 0x30, 0x68, 0x31, 0x30, 0x30, 0x76,
    0x32, 0x30, 0x30, 0x68, 0x31, 0x30, 0x30, 0x76, 0x2d, 0x35, 0x30, 0x30, 0x7a, 0x4d, 0x39, 0x30,
    0x30, 0x20, 0x37, 0x30, 0x30, 0x76, 0x2d, 0x33, 0x30, 0x30, 0x6c, 0x2d, 0x31, 0x30, 0x30, 0x20,
    0x2d, 0x31, 0x30, 0x30, 0x68, 0x2d, 0x32, 0x30, 0x30, 0x76, 0x35, 0x30, 0x30, 0x68, 0x32, 0x30,
    0x30, 0x7a, 0x20, 0x4d, 0x37, 0x30, 0x30, 0x20, 0x37, 0x30, 0x30, 0x76, 0x2d, 0x33, 0x30, 0x30,
    0x68, 0x31, 0x30, 0x30, 0x76, 0x33, 0x30, 0x30, 0x68, 0x2d, 0x31, 0x30, 0x30, 0x7a, 0x22, 0x20,
    0x2f, 0x3e, 0x0a, 0x3c, 0x67, 0x6c, 0x79, 0x70, 0x68, 0x20, 0x75, 0x6e, 0x69, 0x63, 0x6f, 0x64,
    0x65, 0x3d, 0x22, 0x26, 0x23, 0x78, 0x65, 0x31, 0x38, 0x38, 0x3b, 0x22, 0x20, 0x64, 0x3d, 0x22,
    0x4d, 0x32, 0x30, 0x30, 0x20, 0x31, 0x31, 0x30, 0x30, 0x68, 0x37, 0x30, 0x30, 0x71, 0x31, 0x32,
    0x34, 0x20, 0x30, 0x20, 0x32, 0x31, 0x32, 0x20, 0x2d, 0x38, 0x38, 0x74, 0x38, 0x38, 0x20, 0x2d,
    0x32, 0x31, 0x32, 0x76, 0x2d, 0x35, 0x30, 0x30, 0x71, 0x30, 0x20, 0x2d, 0x31, 0x32, 0x34, 0x20,
    0x2d, 0x38, 0x38, 0x20, 0x2d, 0x32, 0x31, 0x32, 0x74, 0x2d, 0x32, 0x31, 0x32, 0x20, 0x2d, 0x38,
    0x38, 0x68, 0x2d, 0x37, 0x30, 0x30, 0x71, 0x2d, 0x31, 0x32, 0x34, 0x20, 0x30, 0x20, 0x2d, 0x32,
    0x31, 0x32, 0x20, 0x38, 0x38, 0x74, 0x2d, 0x38, 0x38, 0x20, 0x32, 0x31, 0x32, 0x76, 0x35, 0x30,
    0x30, 0x71, 0x30, 0x20, 0x31, 0x32, 0x34, 0x20, 0x38, 0x38, 0x20, 0x32, 0x31, 0x32, 0x74, 0x32,
    0x31, 0x32, 0x20, 0x38, 0x38, 0x7a, 0x4d, 0x31, 0x30, 0x30, 0x20, 0x39, 0x30, 0x30, 0x76, 0x2d,
    0x37, 0x30, 0x30, 0x68, 0x39, 0x30, 0x30, 0x76, 0x37, 0x30, 0x30, 0x68, 0x2d, 0x39, 0x30, 0x30,
    0x7a, 0x4d, 0x35, 0x30, 0x30, 0x20, 0x37, 0x30, 0x30, 0x68, 0x2d, 0x32, 0x30, 0x30, 0x76, 0x2d,
    0x33, 0x30, 0x30, 0x68, 0x32, 0x30, 0x30, 0x76, 0x2d, 0x31, 0x30, 0x30, 0x68, 0x2d, 0x33, 0x30,
    0x30, 0x76, 0x35, 0x30, 0x30, 0x68, 0x33, 0x30, 0x30, 0x76, 0x2d, 0x31, 0x30, 0x30, 0x7a, 0x4d,
    0x39, 0x30, 0x30, 0x20, 0x37, 0x30, 0x30, 0x68, 0x2d, 0x32, 0x30, 0x30, 0x76, 0x2d, 0x33, 0x30,
    0x30, 0x68, 0x32, 0x30, 0x30, 0x76, 0x2d, 0x31, 0x30, 0x30, 0x68, 0x2d, 0x33, 0x30, 0x30, 0x76,
    0x35, 0x30, 0x30, 0x68, 0x33, 0x30, 0x30, 0x76, 0x2d, 0x31, 0x30, 0x30, 0x7a, 0x22, 0x20, 0x2f,
    0x3e, 0x0a, 0x3c, 0x67, 0x6c, 0x79, 0x70, 0x68, 0x20, 0x75, 0x6e, 0x69, 0x63, 0x6f, 0x64, 0x65,
    0x3d, 0x22, 0x26, 0x23, 0x78, 0x65, 0x31, 0x38, 0x39, 0x3b, 0x22, 0x20, 0x64, 0x3d, 0x22, 0x4d,
    0x32, 0x30, 0x30, 0x20, 0x31, 0x31, 0x30, 0x30, 0x68, 0x37, 0x30, 0x30, 0x71, 0x31, 0x32, 0x34,
    0x20, 0x30, 0x20, 0x32, 0x31, 0x32, 0x20, 0x2d, 0x38, 0x38, 0x74, 0x38, 0x38, 0x20, 0x2d, 0x32,
    0x31, 0x32, 0x76, 0x2d, 0x35, 0x30, 0x30, 0x71, 0x30, 0x20, 0x2d, 0x31, 0x32, 0x34, 0x20, 0x2d,
    0x38, 0x38, 0x20, 0x2d, 0x32, 0x31, 0x32, 0x74, 0x2d, 0x32, 0x31, 0x32, 0x20, 0x2d, 0x38, 0x38,
    0x68, 0x2d, 0x37, 0x30, 0x30, 0x71, 0x2d, 0x31, 0x32, 0x34, 0x20, 0x30, 0x20, 0x2d, 0x32, 0x31,
    0x32, 0x20, 0x38, 0x38, 0x74, 0x2d, 0x38, 0x38, 0x20, 0x32, 0x31, 0x32, 0x76, 0x35, 0x30, 0x30,
    0x71, 0x30, 0x20, 0x31, 0x32, 0x34, 0x20, 0x38, 0x38, 0x20, 0x32, 0x31, 0x32, 0x74, 0x32, 0x31,
    0x32, 0x20, 0x38, 0x38, 0x7a, 0x4d, 0x31, 0x30, 0x30, 0x20, 0x39, 0x30, 0x30, 0x76, 0x2d, 0x37,
    0x30, 0x30, 0x68, 0x39, 0x30, 0x30, 0x76, 0x37, 0x30, 0x30, 0x68, 0x2d, 0x39, 0x30, 0x30, 0x7a,
    0x4d, 0x35, 0x30, 0x30, 0x20, 0x34, 0x30, 0x30, 0x6c, 0x2d, 0x33, 0x30, 0x30, 0x20, 0x31, 0x35,
    0x30, 0x6c, 0x33, 0x30, 0x30, 0x20, 0x31, 0x35, 0x30, 0x76, 0x2d, 0x33, 0x30, 0x30, 0x7a, 0x4d,
    0x39, 0x30, 0x30, 0x20, 0x35, 0x35, 0x30, 0x6c, 0x2d, 0x33, 0x30, 0x30, 0x20, 0x2d, 0x31, 0x35,
    0x30, 0x76, 0x33, 0x30, 0x30, 0x7a, 0x22, 0x20, 0x2f, 0x3e, 0x0a, 0x3c, 0x67, 0x6c, 0x79, 0x70,
    0x68, 0x20, 0x75, 0x6e, 0x69, 0x63, 0x6f, 0x64, 0x65, 0x3d, 0x22, 0x26, 0x23, 0x78, 0x65, 0x31,
    0x39, 0x30, 0x3b, 0x22, 0x20, 0x64, 0x3d, 0x22, 0x4d, 0x32, 0x30, 0x30, 0x20, 0x31, 0x31, 0x30,
    0x30, 0x68, 0x37, 0x30, 0x30, 0x71, 0x31, 0x32, 0x34, 0x20, 0x30, 0x20, 0x32, 0x31, 0x32, 0x20,
    0x2d, 0x38, 0x38, 0x74, 0x38, 0x38, 0x20, 0x2d, 0x32, 0x31, 0x32, 0x76, 0x2d, 0x35, 0x30, 0x30,
    0x71, 0x30, 0x20, 0x2d, 0x31, 0x32, 0x34, 0x20, 0x2d, 0x38, 0x38, 0x20, 0x2d, 0x32, 0x31, 0x32,
    0x74, 0x2d, 0x32, 0x31, 0x32, 0x20, 0x2d, 0x38, 0x38, 0x68, 0x2d, 0x37, 0x30, 0x30, 0x71, 0x2d,
    0x31, 0x32, 0x34, 0x20, 0x30, 0x20, 0x2d, 0x32, 0x31, 0x32, 0x20, 0x38, 0x38, 0x74, 0x2d, 0x38,
    0x38, 0x20, 0x32, 0x31, 0x32, 0x76, 0x35, 0x30, 0x30, 0x71, 0x30, 0x20, 0x31, 0x32, 0x34, 0x20,
    0x38, 0x38, 0x20, 0x32, 0x31, 0x32, 0x74, 0x32, 0x31, 0x32, 0x20, 0x38, 0x38, 0x7a, 0x4d, 0x31,
    0x30, 0x30, 0x20, 0x39, 0x30, 0x30, 0x76, 0x2d, 0x37, 0x30, 0x30, 0x68, 0x39, 0x30, 0x30, 0x76,
    0x37, 0x30, 0x30, 0x68, 0x2d, 0x39, 0x30, 0x30, 0x7a, 0x4d, 0x39, 0x30, 0x30, 0x20, 0x33, 0x30,
    0x30, 0x68, 0x2d, 0x37, 0x30, 0x30, 0x76, 0x35, 0x30, 0x30, 0x68, 0x37, 0x30, 0x30, 0x76, 0x2d,
    0x35, 0x30, 0x30, 0x7a, 0x4d, 0x38, 0x30, 0x30, 0x20, 0x37, 0x30, 0x30, 0x68, 0x2d, 0x31, 0x33,
    0x30, 0x71, 0x2d, 0x33, 0x38, 0x20, 0x30, 0x20, 0x2d, 0x36, 0x36, 0x2e, 0x35, 0x20, 0x2d, 0x34,
    0x33, 0x74, 0x2d, 0x32, 0x38, 0x2e, 0x35, 0x20, 0x2d, 0x31, 0x30, 0x38, 0x74, 0x32, 0x37, 0x20,
    0x2d, 0x31, 0x30, 0x37, 0x74, 0x36, 0x38, 0x20, 0x2d, 0x34, 0x32, 0x68, 0x31, 0x33, 0x30, 0x76,
    0x33, 0x30, 0x30, 0x7a, 0x4d, 0x33, 0x30, 0x30, 0x20, 0x37, 0x30, 0x30, 0x76, 0x2d, 0x33, 0x30,
    0x30, 0x20, 0x68, 0x31, 0x33, 0x30, 0x71, 0x34, 0x31, 0x20, 0x30, 0x20, 0x36, 0x38, 0x20, 0x34,
    0x32, 0x74, 0x32, 0x37, 0x20, 0x31, 0x30, 0x37, 0x74, 0x2d, 0x32, 0x38, 0x2e, 0x35, 0x20, 0x31,
    0x30, 0x38, 0x74, 0x2d, 0x36, 0x36, 0x2e, 0x35, 0x20, 0x34, 0x33, 0x68, 0x2d, 0x31, 0x33, 0x30,
    0x7a, 0x22, 0x20, 0x2f, 0x3e, 0x0a, 0x3c, 0x67, 0x6c, 0x79, 0x70, 0x68, 0x20, 0x75, 0x6e, 0x69,
    0x63, 0x6f, 0x64, 0x65, 0x3d, 0x22, 0x26, 0x23, 0x78, 0x65, 0x31, 0x39, 0x31, 0x3b, 0x22, 0x20,
    0x64, 0x3d, 0x22, 0x4d, 0x32, 0x30, 0x30, 0x20, 0x31, 0x31, 0x30, 0x30, 0x68, 0x37, 0x30, 0x30,
    0x71, 0x31, 0x32, 0x34, 0x20, 0x30, 0x20, 0x32, 0x31, 0x32, 0x20, 0x2d, 0x38, 0x38, 0x74, 0x38,
    0x38, 0x20, 0x2d, 0x32, 0x31, 0x32, 0x76, 0x2d, 0x35, 0x30, 0x30, 0x71, 0x30, 0x20, 0x2d, 0x31,
    0x32, 0x34, 0x20, 0x2d, 0x38, 0x38, 0x20, 0x2d, 0x32, 0x31, 0x32, 0x74, 0x2d, 0x32, 0x31, 0x32,
    0x20, 0x2d, 0x38, 0x38, 0x68, 0x2d, 0x37, 0x30, 0x30, 0x71, 0x2d, 0x31, 0x32, 0x34, 0x20, 0x30,
    0x20, 0x2d, 0x32, 0x31, 0x32, 0x20, 0x38, 0x38, 0x74, 0x2d, 0x38, 0x38, 0x20, 0x32, 0x31, 0x32,
    0x76, 0x35, 0x30, 0x30, 0x71, 0x30, 0x20, 0x31, 0x32, 0x34, 0x20, 0x38, 0x38, 0x20, 0x32, 0x31,
    0x32, 0x74, 0x32, 0x31, 0x32, 0x20, 0x38, 0x38, 0x7a, 0x4d, 0x31, 0x30, 0x30, 0x20, 0x39, 0x30,
    0x30, 0x76, 0x2d, 0x37, 0x30, 0x30, 0x68, 0x39, 0x30, 0x30, 0x76, 0x37, 0x30, 0x30, 0x68, 0x2d,
    0x39, 0x30, 0x30, 0x7a, 0x4d, 0x35, 0x30, 0x30, 0x20, 0x37, 0x30, 0x30, 0x68, 0x2d, 0x32, 0x30,
    0x30, 0x76, 0x2d, 0x31, 0x30, 0x30, 0x68, 0x32, 0x30, 0x30, 0x76, 0x2d, 0x33, 0x30, 0x30, 0x68,
    0x2d, 0x33, 0x30, 0x30, 0x76, 0x31, 0x30, 0x30, 0x68, 0x32, 0x30, 0x30, 0x76, 0x31, 0x30, 0x30,
    0x68, 0x2d, 0x32, 0x30, 0x30, 0x76, 0x33, 0x30, 0x30, 0x68, 0x33, 0x30, 0x30, 0x76, 0x2d, 0x31,
    0x30, 0x30, 0x7a, 0x4d, 0x39, 0x30, 0x30, 0x20, 0x33, 0x30, 0x30, 0x68, 0x2d, 0x31, 0x30, 0x30,
    0x76, 0x34, 0x30, 0x30, 0x68, 0x2d, 0x31, 0x30, 0x30, 0x76, 0x31, 0x30, 0x30, 0x68, 0x32, 0x30,
    0x30, 0x76, 0x2d, 0x35, 0x30, 0x30, 0x7a, 0x20, 0x4d, 0x37, 0x30, 0x30, 0x20, 0x33, 0x30, 0x30,
    0x68, 0x2d, 0x31, 0x30, 0x30, 0x76, 0x31, 0x30, 0x30, 0x68, 0x31, 0x30, 0x30, 0x76, 0x2d, 0x31,
    0x30, 0x30, 0x7a, 0x22, 0x20, 0x2f, 0x3e, 0x0a, 0x3c, 0x67, 0x6c, 0x79, 0x70, 0x68, 0x20, 0x75,
    0x6e, 0x69, 0x63, 0x6f, 0x64, 0x65, 0x3d, 0x22, 0x26, 0x23, 0x78, 0x65, 0x31, 0x39, 0x32, 0x3b,
    0x22, 0x20, 0x64, 0x3d, 0x22, 0x4d, 0x32, 0x30, 0x30, 0x20, 0x31, 0x31, 0x30, 0x30, 0x68, 0x37,
    0x30, 0x30, 0x71, 0x31, 0x32, 0x34, 0x20, 0x30, 0x20, 0x32, 0x31, 0x32, 0x20, 0x2d, 0x38, 0x38,
    0x74, 0x38, 0x38, 0x20, 0x2d, 0x32, 0x31, 0x32, 0x76, 0x2d, 0x35, 0x30, 0x30, 0x71, 0x30, 0x20,
    0x2d, 0x31, 0x32, 0x34, 0x20, 0x2d, 0x38, 0x38, 0x20, 0x2d, 0x32, 0x31, 0x32, 0x74, 0x2d, 0x32,
    0x31, 0x32, 0x20, 0x2d, 0x38, 0x38, 0x68, 0x2d, 0x37, 0x30, 0x30, 0x71, 0x2d, 0x31, 0x32, 0x34,
    0x20, 0x30, 0x20, 0x2d, 0x32, 0x31, 0x32, 0x20, 0x38, 0x38, 0x74, 0x2d, 0x38, 0x38, 0x20, 0x32,
    0x31, 0x32, 0x76, 0x35, 0x30, 0x30, 0x71, 0x30, 0x20, 0x31, 0x32, 0x34, 0x20, 0x38, 0x38, 0x20,
    0x32, 0x31, 0x32, 0x74, 0x32, 0x31, 0x32, 0x20, 0x38, 0x38, 0x7a, 0x4d, 0x31, 0x30, 0x30, 0x20,
    0x39, 0x30, 0x30, 0x76, 0x2d, 0x37, 0x30, 0x30, 0x68, 0x39, 0x30, 0x30, 0x76, 0x37, 0x30, 0x30,
    0x68, 0x2d, 0x39, 0x30, 0x30, 0x7a, 0x4d, 0x33, 0x30, 0x30, 0x20, 0x37, 0x30, 0x30, 0x68, 0x32,
    0x30, 0x30, 0x76, 0x2d, 0x34, 0x30, 0x30, 0x68, 0x2d, 0x33, 0x30, 0x30, 0x76, 0x35, 0x30, 0x30,
    0x68, 0x31, 0x30, 0x30, 0x76, 0x2d, 0x31, 0x30, 0x30, 0x7a, 0x4d, 0x39, 0x30, 0x30, 0x20, 0x33,
    0x30, 0x30, 0x68, 0x2d, 0x31, 0x30, 0x30, 0x76, 0x34, 0x30, 0x30, 0x68, 0x2d, 0x31, 0x30, 0x30,
    0x76, 0x31, 0x30, 0x30, 0x68, 0x32, 0x30, 0x30, 0x76, 0x2d, 0x35, 0x30, 0x30, 0x7a, 0x4d, 0x33,
    0x30, 0x30, 0x20, 0x36, 0x30, 0x30, 0x76, 0x2d, 0x32, 0x30, 0x30, 0x68, 0x31, 0x30, 0x30, 0x76,
    0x32, 0x30, 0x30, 0x68, 0x2d, 0x31, 0x30, 0x30, 0x7a, 0x20, 0x4d, 0x37, 0x30, 0x30, 0x20, 0x33,
    0x30, 0x30, 0x68, 0x2d, 0x31, 0x30, 0x30, 0x76, 0x31, 0x30, 0x30, 0x68, 0x31, 0x30, 0x30, 0x76,
    0x2d, 0x31, 0x30, 0x30, 0x7a, 0x22, 0x20, 0x2f, 0x3e, 0x0a, 0x3c, 0x67, 0x6c, 0x79, 0x70, 0x68,
    0x20, 0x75, 0x6e, 0x69, 0x63, 0x6f, 0x64, 0x65, 0x3d, 0x22, 0x26, 0x23, 0x78, 0x65, 0x31, 0x39,
    0x33, 0x3b, 0x22, 0x20, 0x64, 0x3d, 0x22, 0x4d, 0x32, 0x30, 0x30, 0x20, 0x31, 0x31, 0x30, 0x30,
    0x68, 0x37, 0x30, 0x30, 0x71, 0x31, 0x32, 0x34, 0x20, 0x30, 0x20, 0x32, 0x31, 0x32, 0x20, 0x2d,
    0x38, 0x38, 0x74, 0x38, 0x38, 0x20, 0x2d, 0x32, 0x31, 0x32, 0x76, 0x2d, 0x35, 0x30, 0x30, 0x71,
    0x30, 0x20, 0x2d, 0x31, 0x32, 0x34, 0x20, 0x2d, 0x38, 0x38, 0x20, 0x2d, 0x32, 0x31, 0x32, 0x74,
    0x2d, 0x32, 0x31, 0x32, 0x20, 0x2d, 0x38, 0x38, 0x68, 0x2d, 0x37, 0x30, 0x30, 0x71, 0x2d, 0x31,
    0x32, 0x34, 0x20, 0x30, 0x20, 0x2d, 0x32, 0x31, 0x32, 0x20, 0x38, 0x38, 0x74, 0x2d, 0x38, 0x38,
    0x20, 0x32, 0x31, 0x32, 0x76, 0x35, 0x30, 0x30, 0x71, 0x30, 0x20, 0x31, 0x32, 0x34, 0x20, 0x38,
    0x38, 0x20, 0x32, 0x31, 0x32, 0x74, 0x32, 0x31, 0x32, 0x20, 0x38, 0x38, 0x7a, 0x4d, 0x31, 0x30,
    0x30, 0x20, 0x39, 0x30, 0x30, 0x76, 0x2d, 0x37, 0x30, 0x30, 0x68, 0x39, 0x30, 0x30, 0x76, 0x37,
    0x30, 0x30, 0x68, 0x2d, 0x39, 0x30, 0x30, 0x7a, 0x4d, 0x35, 0x30, 0x30, 0x20, 0x35, 0x30, 0x30,
    0x6c, 0x2d, 0x31, 0x39, 0x39, 0x20, 0x2d, 0x32, 0x30, 0x30, 0x68, 0x2d, 0x31, 0x30, 0x30, 0x76,
    0x35, 0x30, 0x6c, 0x31, 0x39, 0x39, 0x20, 0x32, 0x30, 0x30, 0x76, 0x31, 0x35, 0x30, 0x68, 0x2d,
    0x32, 0x30, 0x30, 0x76, 0x31, 0x30, 0x30, 0x68, 0x33, 0x30, 0x30, 0x76, 0x2d, 0x33, 0x30, 0x30,
    0x7a, 0x4d, 0x39, 0x30, 0x30, 0x20, 0x33, 0x30, 0x30, 0x68, 0x2d, 0x31, 0x30, 0x30, 0x76, 0x34,
    0x30, 0x30, 0x68, 0x2d, 0x31, 0x30, 0x30, 0x76, 0x31, 0x30, 0x30, 0x68, 0x32, 0x30, 0x30, 0x76,
    0x2d, 0x35, 0x30, 0x30, 0x7a, 0x4d, 0x37, 0x30, 0x31, 0x20, 0x33, 0x30, 0x30, 0x68, 0x2d, 0x31,
    0x30, 0x30, 0x20, 0x76, 0x31, 0x30, 0x30, 0x68, 0x31, 0x30, 0x30, 0x76, 0x2d, 0x31, 0x30, 0x30,
    0x7a, 0x22, 0x20, 0x2f, 0x3e, 0x0a, 0x3c, 0x67, 0x6c, 0x79, 0x70, 0x68, 0x20, 0x75, 0x6e, 0x69,
    0x63, 0x6f, 0x64, 0x65, 0x3d, 0x22, 0x26, 0x23, 0x78, 0x65, 0x31, 0x39, 0x34, 0x3b, 0x22, 0x20,
    0x64, 0x3d, 0x22, 0x4d, 0x36, 0x30, 0x30, 0x20, 0x31, 0x31, 0x39, 0x31, 0x71, 0x31, 0x32, 0x30,
    0x20, 0x30, 0x20, 0x32, 0x32, 0x39, 0x2e, 0x35, 0x20, 0x2d, 0x34, 0x37, 0x74, 0x31, 0x38, 0x38,
    0x2e, 0x35, 0x20, 0x2d, 0x31, 0x32, 0x36, 0x74, 0x31, 0x32, 0x36, 0x20, 0x2d, 0x31, 0x38, 0x38,
    0x2e, 0x35, 0x74, 0x34, 0x37, 0x20, 0x2d, 0x32, 0x32, 0x39, 0x2e, 0x35, 0x74, 0x2d, 0x34, 0x37,
    0x20, 0x2d, 0x32, 0x32, 0x39, 0x2e, 0x35, 0x74, 0x2d, 0x31, 0x32, 0x36, 0x20, 0x2d, 0x31, 0x38,
    0x38, 0x2e, 0x35, 0x74, 0x2d, 0x31, 0x38, 0x38, 0x2e, 0x35, 0x20, 0x2d, 0x31, 0x32, 0x36, 0x74,
    0x2d, 0x32, 0x32, 0x39, 0x2e, 0x35, 0x20, 0x2d, 0x34, 0x37, 0x74, 0x2d, 0x32, 0x32, 0x39, 0x2e,
    0x35, 0x20, 0x34, 0x37, 0x74, 0x2d, 0x31, 0x38, 0x38, 0x2e, 0x35, 0x20, 0x31, 0x32, 0x36, 0x74,
    0x2d, 0x31, 0x32, 0x36, 0x20, 0x31, 0x38, 0x38, 0x2e, 0x35, 0x74, 0x2d, 0x34, 0x37, 0x20, 0x32,
    0x32, 0x39, 0x2e, 0x35, 0x74, 0x34, 0x37, 0x20, 0x32, 0x32, 0x39, 0x2e, 0x35, 0x74, 0x31, 0x32,
    0x36, 0x20, 0x31, 0x38, 0x38, 0x2e, 0x35, 0x74, 0x31, 0x38, 0x38, 0x2e, 0x35, 0x20, 0x31, 0x32,
    0x36, 0x74, 0x32, 0x32, 0x39, 0x2e, 0x35, 0x20, 0x34, 0x37, 0x7a, 0x4d, 0x36, 0x30, 0x30, 0x20,
    0x31, 0x30, 0x32, 0x31, 0x71, 0x2d, 0x31, 0x31, 0x34, 0x20, 0x30, 0x20, 0x2d, 0x32, 0x31, 0x31,
    0x20, 0x2d, 0x35, 0x36, 0x2e, 0x35, 0x74, 0x2d, 0x31, 0x35, 0x33, 0x2e, 0x35, 0x20, 0x2d, 0x31,
    0x35, 0x33, 0x2e, 0x35, 0x74, 0x2d, 0x35, 0x36, 0x2e, 0x35, 0x20, 0x2d, 0x32, 0x31, 0x31, 0x74,
    0x35, 0x36, 0x2e, 0x35, 0x20, 0x2d, 0x32, 0x31, 0x31, 0x20, 0x74, 0x31, 0x35, 0x33, 0x2e, 0x35,
    0x20, 0x2d, 0x31, 0x35, 0x33, 0x2e, 0x35, 0x74, 0x32, 0x31, 0x31, 0x20, 0x2d, 0x35, 0x36, 0x2e,
    0x35, 0x74, 0x32, 0x31, 0x31, 0x20, 0x35, 0x36, 0x2e, 0x35, 0x74, 0x31, 0x35, 0x33, 0x2e, 0x35,
    0x20, 0x31, 0x35, 0x33, 0x2e, 0x35, 0x74, 0x35, 0x36, 0x2e, 0x35, 0x20, 0x32, 0x31, 0x31, 0x74,
    0x2d, 0x35, 0x36, 0x2e, 0x35, 0x20, 0x32, 0x31, 0x31, 0x74, 0x2d, 0x31, 0x35, 0x33, 0x2e, 0x35,
    0x20, 0x31, 0x35, 0x33, 0x2e, 0x35, 0x74, 0x2d, 0x32, 0x31, 0x31, 0x20, 0x35, 0x36, 0x2e, 0x35,
    0x7a, 0x4d, 0x38, 0x30, 0x30, 0x20, 0x37, 0x30, 0x30, 0x68, 0x2d, 0x33, 0x30, 0x30, 0x76, 0x2d,
    0x32, 0x30, 0x30, 0x68, 0x33, 0x30, 0x30, 0x76, 0x2d, 0x31, 0x30, 0x30, 0x68, 0x2d, 0x33, 0x30,
    0x30, 0x6c, 0x2d, 0x31, 0x30, 0x30, 0x20, 0x31, 0x30, 0x30, 0x76, 0x32, 0x30, 0x30, 0x6c, 0x31,
    0x30, 0x30, 0x20, 0x31, 0x30, 0x30, 0x68, 0x33, 0x30, 0x30, 0x76, 0x2d, 0x31, 0x30, 0x30, 0x7a,
    0x22, 0x20, 0x2f, 0x3e, 0x0a, 0x3c, 0x67, 0x6c, 0x79, 0x70, 0x68, 0x20, 0x75, 0x6e, 0x69, 0x63,
    0x6f, 0x64, 0x65, 0x3d, 0x22, 0x26, 0x23, 0x78, 0x65, 0x31, 0x39, 0x35, 0x3b, 0x22, 0x20, 0x64,
    0x3d, 0x22, 0x4d, 0x36, 0x30, 0x30, 0x20, 0x31, 0x31, 0x39, 0x31, 0x71, 0x31, 0x32, 0x30, 0x20,
    0x30, 0x20, 0x32, 0x32, 0x39, 0x2e, 0x35, 0x20, 0x2d, 0x34, 0x37, 0x74, 0x31, 0x38, 0x38, 0x2e,
    0x35, 0x20, 0x2d, 0x31, 0x32, 0x36, 0x74, 0x31, 0x32, 0x36, 0x20, 0x2d, 0x31, 0x38, 0x38, 0x2e,
    0x35, 0x74, 0x34, 0x37, 0x20, 0x2d, 0x32, 0x32, 0x39, 0x2e, 0x35, 0x74, 0x2d, 0x34, 0x37, 0x20,
    0x2d, 0x32, 0x32, 0x39, 0x2e, 0x35, 0x74, 0x2d, 0x31, 0x32, 0x36, 0x20, 0x2d, 0x31, 0x38, 0x38,
    0x2e, 0x35, 0x74, 0x2d, 0x31, 0x38, 0x38, 0x2e, 0x35, 0x20, 0x2d, 0x31, 0x32, 0x36, 0x74, 0x2d,
    0x32, 0x32, 0x39, 0x2e, 0x35, 0x20, 0x2d, 0x34, 0x37, 0x74, 0x2d, 0x32, 0x32, 0x39, 0x2e, 0x35,
    0x20, 0x34, 0x37, 0x74, 0x2d, 0x31, 0x38, 0x38, 0x2e, 0x35, 0x20, 0x31, 0x32, 0x36, 0x74, 0x2d,
    0x31, 0x32, 0x36, 0x20, 0x31, 0x38, 0x38, 0x2e, 0x35, 0x74, 0x2d, 0x34, 0x37, 0x20, 0x32, 0x32,
    0x39, 0x2e, 0x35, 0x74, 0x34, 0x37, 0x20, 0x32, 0x32, 0x39, 0x2e, 0x35, 0x74, 0x31, 0x32, 0x36,
    0x20, 0x31, 0x38, 0x38, 0x2e, 0x35, 0x74, 0x31, 0x38, 0x38, 0x2e, 0x35, 0x20, 0x31, 0x32, 0x36,
    0x74, 0x32, 0x32, 0x39, 0x2e, 0x35, 0x20, 0x34, 0x37, 0x7a, 0x4d, 0x36, 0x30, 0x30, 0x20, 0x31,
    0x30, 0x32, 0x31, 0x71, 0x2d, 0x31, 0x31, 0x34, 0x20, 0x30, 0x20, 0x2d, 0x32, 0x31, 0x31, 0x20,
    0x2d, 0x35, 0x36, 0x2e, 0x35, 0x74, 0x2d, 0x31, 0x35, 0x33, 0x2e, 0x35, 0x20, 0x2d, 0x31, 0x35,
    0x33, 0x2e, 0x35, 0x74, 0x2d, 0x35, 0x36, 0x2e, 0x35, 0x20, 0x2d, 0x32, 0x31, 0x31, 0x74, 0x35,
    0x36, 0x2e, 0x35, 0x20, 0x2d, 0x32, 0x31, 0x31, 0x20, 0x74, 0x31, 0x35, 0x33, 0x2e, 0x35, 0x20,
    0x2d, 0x31, 0x35, 0x33, 0x2e, 0x35, 0x74, 0x32, 0x31, 0x31, 0x20, 0x2d, 0x35, 0x36, 0x2e, 0x35,
    0x74, 0x32, 0x31, 0x31, 0x20, 0x35, 0x36, 0x2e, 0x35, 0x74, 0x31, 0x35, 0x33, 0x2e, 0x35, 0x20,
    0x31, 0x35, 0x33, 0x2e, 0x35, 0x74, 0x35, 0x36, 0x2e, 0x35, 0x20, 0x32, 0x31, 0x31, 0x74, 0x2d,
    0x35, 0x36, 0x2e, 0x35, 0x20, 0x32, 0x31, 0x31, 0x74, 0x2d, 0x31, 0x35, 0x33, 0x2e, 0x35, 0x20,
    0x31, 0x35, 0x33, 0x2e, 0x35, 0x74, 0x2d, 0x32, 0x31, 0x31, 0x20, 0x35, 0x36, 0x2e, 0x35, 0x7a,
    0x4d, 0x38, 0x30, 0x30, 0x20, 0x37, 0x30, 0x30, 0x76, 0x2d, 0x31, 0x30, 0x30, 0x6c, 0x2d, 0x35,
    0x30, 0x20, 0x2d, 0x35, 0x30, 0x6c, 0x31, 0x30, 0x30, 0x20, 0x2d, 0x31, 0x30, 0x30, 0x76, 0x2d,
    0x35, 0x30, 0x68, 0x2d, 0x31, 0x30, 0x30, 0x6c, 0x2d, 0x31, 0x30, 0x30, 0x20, 0x31, 0x30, 0x30,
    0x68, 0x2d, 0x31, 0x35, 0x30, 0x76, 0x2d, 0x31, 0x30, 0x30, 0x68, 0x2d, 0x31, 0x30, 0x30, 0x76,
    0x34, 0x30, 0x30, 0x68, 0x33, 0x30, 0x30, 0x7a, 0x4d, 0x35, 0x30, 0x30, 0x20, 0x37, 0x30, 0x30,
    0x76, 0x2d, 0x31, 0x30, 0x30, 0x68, 0x32, 0x30, 0x30, 0x76, 0x31, 0x30, 0x30, 0x68, 0x2d, 0x32,
    0x30, 0x30, 0x7a, 0x22, 0x20, 0x2f, 0x3e, 0x0a, 0x3c, 0x67, 0x6c, 0x79, 0x70, 0x68, 0x20, 0x75,
    0x6e, 0x69, 0x63, 0x6f, 0x64, 0x65, 0x3d, 0x22, 0x26, 0x23, 0x78, 0x65, 0x31, 0x39, 0x37, 0x3b,
    0x22, 0x20, 0x64, 0x3d, 0x22, 0x4d, 0x35, 0x30, 0x33, 0x20, 0x31, 0x30, 0x38, 0x39, 0x71, 0x31,
    0x31, 0x30, 0x20, 0x30, 0x20, 0x32, 0x30, 0x30, 0x2e, 0x35, 0x20, 0x2d, 0x35, 0x39, 0x2e, 0x35,
    0x74, 0x31, 0x33, 0x34, 0x2e, 0x35, 0x20, 0x2d, 0x31, 0x35, 0x36, 0x2e, 0x35, 0x71, 0x34, 0x34,
    0x20, 0x31, 0x34, 0x20, 0x39, 0x30, 0x20, 0x31, 0x34, 0x71, 0x31, 0x32, 0x30, 0x20, 0x30, 0x20,
    0x32, 0x30, 0x35, 0x20, 0x2d, 0x38, 0x36, 0x2e, 0x35, 0x74, 0x38, 0x35, 0x20, 0x2d, 0x32, 0x30,
    0x37, 0x74, 0x2d, 0x38, 0x35, 0x20, 0x2d, 0x32, 0x30, 0x37, 0x74, 0x2d, 0x32, 0x30, 0x35, 0x20,
    0x2d, 0x38, 0x36, 0x2e, 0x35, 0x68, 0x2d, 0x31, 0x32, 0x38, 0x76, 0x32, 0x35, 0x30, 0x71, 0x30,
    0x20, 0x32, 0x31, 0x20, 0x2d, 0x31, 0x34, 0x2e, 0x35, 0x20, 0x33, 0x35, 0x2e, 0x35, 0x74, 0x2d,
    0x33, 0x35, 0x2e, 0x35, 0x20, 0x31, 0x34, 0x2e, 0x35, 0x68, 0x2d, 0x33, 0x30, 0x30, 0x71, 0x2d,
    0x32, 0x31, 0x20, 0x30, 0x20, 0x2d, 0x33, 0x35, 0x2e, 0x35, 0x20, 0x2d, 0x31, 0x34, 0x2e, 0x35,
    0x74, 0x2d, 0x31, 0x34, 0x2e, 0x35, 0x20, 0x2d, 0x33, 0x35, 0x2e, 0x35, 0x76, 0x2d, 0x32, 0x35,
    0x30, 0x68, 0x2d, 0x32, 0x32, 0x32, 0x71, 0x2d, 0x38, 0x30, 0x20, 0x30, 0x20, 0x2d, 0x31, 0x33,
    0x36, 0x20, 0x35, 0x37, 0x2e, 0x35, 0x74, 0x2d, 0x35, 0x36, 0x20, 0x31, 0x33, 0x36, 0x2e, 0x35,
    0x71, 0x30, 0x20, 0x36, 0x39, 0x20, 0x34, 0x33, 0x20, 0x31, 0x32, 0x32, 0x2e, 0x35, 0x74, 0x31,
    0x30, 0x38, 0x20, 0x36, 0x37, 0x2e, 0x35, 0x71, 0x2d, 0x32, 0x20, 0x31, 0x39, 0x20, 0x2d, 0x32,
    0x20, 0x33, 0x37, 0x71, 0x30, 0x20, 0x31, 0x30, 0x30, 0x20, 0x34, 0x39, 0x20, 0x31, 0x38, 0x35,
    0x20, 0x74, 0x31, 0x33, 0x34, 0x20, 0x31, 0x33, 0x34, 0x74, 0x31, 0x38, 0x35, 0x20, 0x34, 0x39,
    0x7a, 0x4d, 0x35, 0x32, 0x35, 0x20, 0x35, 0x30, 0x30, 0x68, 0x31, 0x35, 0x30, 0x71, 0x31, 0x30,
    0x20, 0x30, 0x20, 0x31, 0x37, 0x2e, 0x35, 0x20, 0x2d, 0x37, 0x2e, 0x35, 0x74, 0x37, 0x2e, 0x35,
    0x20, 0x2d, 0x31, 0x37, 0x2e, 0x35, 0x76, 0x2d, 0x32, 0x37, 0x35, 0x68, 0x31, 0x33, 0x37, 0x71,
    0x32, 0x31, 0x20, 0x30, 0x20, 0x32, 0x36, 0x20, 0x2d, 0x31, 0x31, 0x2e, 0x35, 0x74, 0x2d, 0x38,
    0x20, 0x2d, 0x32, 0x37, 0x2e, 0x35, 0x6c, 0x2d, 0x32, 0x32, 0x33, 0x20, 0x2d, 0x32, 0x34, 0x34,
    0x71, 0x2d, 0x31, 0x33, 0x20, 0x2d, 0x31, 0x36, 0x20, 0x2d, 0x33, 0x32, 0x20, 0x2d, 0x31, 0x36,
    0x74, 0x2d, 0x33, 0x32, 0x20, 0x31, 0x36, 0x6c, 0x2d, 0x32, 0x32, 0x33, 0x20, 0x32, 0x34, 0x34,
    0x71, 0x2d, 0x31, 0x33, 0x20, 0x31, 0x36, 0x20, 0x2d, 0x38, 0x20, 0x32, 0x37, 0x2e, 0x35, 0x74,
    0x32, 0x36, 0x20, 0x31, 0x31, 0x2e, 0x35, 0x68, 0x31, 0x33, 0x37, 0x76, 0x32, 0x37, 0x35, 0x71,
    0x30, 0x20, 0x31, 0x30, 0x20, 0x37, 0x2e, 0x35, 0x20, 0x31, 0x37, 0x2e, 0x35, 0x74, 0x31, 0x37,
    0x2e, 0x35, 0x20, 0x37, 0x2e, 0x35, 0x7a, 0x22, 0x20, 0x2f, 0x3e, 0x0a, 0x3c, 0x67, 0x6c, 0x79,
    0x70, 0x68, 0x20, 0x75, 0x6e, 0x69, 0x63, 0x6f, 0x64, 0x65, 0x3d, 0x22, 0x26, 0x23, 0x78, 0x65,
    0x31, 0x39, 0x38, 0x3b, 0x22, 0x20, 0x64, 0x3d, 0x22, 0x4d, 0x35, 0x30, 0x32, 0x20, 0x31, 0x30,
    0x38, 0x39, 0x71, 0x31, 0x31, 0x30, 0x20, 0x30, 0x20, 0x32, 0x30, 0x31, 0x20, 0x2d, 0x35, 0x39,
    0x2e, 0x35, 0x74, 0x31, 0x33, 0x35, 0x20, 0x2d, 0x31, 0x35, 0x36, 0x2e, 0x35, 0x71, 0x34, 0x33,
    0x20, 0x31, 0x35, 0x20, 0x38, 0x39, 0x20, 0x31, 0x35, 0x71, 0x31, 0x32, 0x31, 0x20, 0x30, 0x20,
    0x32, 0x30, 0x36, 0x20, 0x2d, 0x38, 0x36, 0x2e, 0x35, 0x74, 0x38, 0x36, 0x20, 0x2d, 0x32, 0x30,
    0x36, 0x2e, 0x35, 0x71, 0x30, 0x20, 0x2d, 0x39, 0x39, 0x20, 0x2d, 0x36, 0x30, 0x20, 0x2d, 0x31,
    0x38, 0x31, 0x74, 0x2d, 0x31, 0x35, 0x30, 0x20, 0x2d, 0x31, 0x31, 0x30, 0x6c, 0x2d, 0x33, 0x37,
    0x38, 0x20, 0x33, 0x36, 0x30, 0x71, 0x2d, 0x31, 0x33, 0x20, 0x31, 0x36, 0x20, 0x2d, 0x33, 0x31,
    0x2e, 0x35, 0x20, 0x31, 0x36, 0x74, 0x2d, 0x33, 0x31, 0x2e, 0x35, 0x20, 0x2d, 0x31, 0x36, 0x6c,
    0x2d, 0x33, 0x38, 0x31, 0x20, 0x2d, 0x33, 0x36, 0x35, 0x68, 0x2d, 0x39, 0x71, 0x2d, 0x37, 0x39,
    0x20, 0x30, 0x20, 0x2d, 0x31, 0x33, 0x35, 0x2e, 0x35, 0x20, 0x35, 0x37, 0x2e, 0x35, 0x74, 0x2d,
    0x35, 0x36, 0x2e, 0x35, 0x20, 0x31, 0x33, 0x36, 0x2e, 0x35, 0x71, 0x30, 0x20, 0x36, 0x39, 0x20,
    0x34, 0x33, 0x20, 0x31, 0x32, 0x32, 0x2e, 0x35, 0x74, 0x31, 0x30, 0x38, 0x20, 0x36, 0x37, 0x2e,
    0x35, 0x71, 0x2d, 0x32, 0x20, 0x31, 0x39, 0x20, 0x2d, 0x32, 0x20, 0x33, 0x38, 0x71, 0x30, 0x20,
    0x31, 0x30, 0x30, 0x20, 0x34, 0x39, 0x20, 0x31, 0x38, 0x34, 0x2e, 0x35, 0x74, 0x31, 0x33, 0x33,
    0x2e, 0x35, 0x20, 0x31, 0x33, 0x34, 0x74, 0x31, 0x38, 0x34, 0x2e, 0x35, 0x20, 0x34, 0x39, 0x2e,
    0x35, 0x7a, 0x20, 0x4d, 0x36, 0x33, 0x32, 0x20, 0x34, 0x36, 0x37, 0x6c, 0x32, 0x32, 0x33, 0x20,
    0x2d, 0x32, 0x32, 0x38, 0x71, 0x31, 0x33, 0x20, 0x2d, 0x31, 0x36, 0x20, 0x38, 0x20, 0x2d, 0x32,
    0x37, 0x2e, 0x35, 0x74, 0x2d, 0x32, 0x36, 0x20, 0x2d, 0x31, 0x31, 0x2e, 0x35, 0x68, 0x2d, 0x31,
    0x33, 0x37, 0x76, 0x2d, 0x32, 0x37, 0x35, 0x71, 0x30, 0x20, 0x2d, 0x31, 0x30, 0x20, 0x2d, 0x37,
    0x2e, 0x35, 0x20, 0x2d, 0x31, 0x37, 0x2e, 0x35, 0x74, 0x2d, 0x31, 0x37, 0x2e, 0x35, 0x20, 0x2d,
    0x37, 0x2e, 0x35, 0x68, 0x2d, 0x31, 0x35, 0x30, 0x71, 0x2d, 0x31, 0x30, 0x20, 0x30, 0x20, 0x2d,
    0x31, 0x37, 0x2e, 0x35, 0x20, 0x37, 0x2e, 0x35, 0x74, 0x2d, 0x37, 0x2e, 0x35, 0x20, 0x31, 0x37,
    0x2e, 0x35, 0x76, 0x32, 0x37, 0x35, 0x68, 0x2d, 0x31, 0x33, 0x37, 0x71, 0x2d, 0x32, 0x31, 0x20,
    0x30, 0x20, 0x2d, 0x32, 0x36, 0x20, 0x31, 0x31, 0x2e, 0x35, 0x74, 0x38, 0x20, 0x32, 0x37, 0x2e,
    0x35, 0x71, 0x31, 0x39, 0x39, 0x20, 0x32, 0x30, 0x34, 0x20, 0x32, 0x32, 0x33, 0x20, 0x32, 0x32,
    0x38, 0x71, 0x31, 0x39, 0x20, 0x31, 0x39, 0x20, 0x33, 0x31, 0x2e, 0x35, 0x20, 0x31, 0x39, 0x74,
    0x33, 0x32, 0x2e, 0x35, 0x20, 0x2d, 0x31, 0x39, 0x7a, 0x22, 0x20, 0x2f, 0x3e, 0x0a, 0x3c, 0x67,
    0x6c, 0x79, 0x70, 0x68, 0x20, 0x75, 0x6e, 0x69, 0x63, 0x6f, 0x64, 0x65, 0x3d, 0x22, 0x26, 0x23,
    0x78, 0x65, 0x31, 0x39, 0x39, 0x3b, 0x22, 0x20, 0x64, 0x3d, 0x22, 0x4d, 0x37, 0x30, 0x30, 0x20,
    0x31, 0x30, 0x30, 0x76, 0x31, 0x30, 0x30, 0x68, 0x34, 0x30, 0x30, 0x6c, 0x2d, 0x32, 0x37, 0x30,
    0x20, 0x33, 0x30, 0x30, 0x68, 0x31, 0x37, 0x30, 0x6c, 0x2d, 0x32, 0x37, 0x30, 0x20, 0x33, 0x30,
    0x30, 0x68, 0x31, 0x37, 0x30, 0x6c, 0x2d, 0x33, 0x30, 0x30, 0x20, 0x33, 0x33, 0x33, 0x6c, 0x2d,
    0x33, 0x30, 0x30, 0x20, 0x2d, 0x33, 0x33, 0x33, 0x68, 0x31, 0x37, 0x30, 0x6c, 0x2d, 0x32, 0x37,
    0x30, 0x20, 0x2d, 0x33, 0x30, 0x30, 0x68, 0x31, 0x37, 0x30, 0x6c, 0x2d, 0x32, 0x37, 0x30, 0x20,
    0x2d, 0x33, 0x30, 0x30, 0x68, 0x34, 0x30, 0x30, 0x76, 0x2d, 0x31, 0x30, 0x30, 0x68, 0x2d, 0x35,
    0x30, 0x71, 0x2d, 0x32, 0x31, 0x20, 0x30, 0x20, 0x2d, 0x33, 0x35, 0x2e, 0x35, 0x20, 0x2d, 0x31,
    0x34, 0x2e, 0x35, 0x74, 0x2d, 0x31, 0x34, 0x2e, 0x35, 0x20, 0x2d, 0x33, 0x35, 0x2e, 0x35, 0x76,
    0x2d, 0x35, 0x30, 0x68, 0x34, 0x30, 0x30, 0x76, 0x35, 0x30, 0x71, 0x30, 0x20, 0x32, 0x31, 0x20,
    0x2d, 0x31, 0x34, 0x2e, 0x35, 0x20, 0x33, 0x35, 0x2e, 0x35, 0x74, 0x2d, 0x33, 0x35, 0x2e, 0x35,
    0x20, 0x31, 0x34, 0x2e, 0x35, 0x68, 0x2d, 0x35, 0x30, 0x7a, 0x22, 0x20, 0x2f, 0x3e, 0x0a, 0x3c,
    0x67, 0x6c, 0x79, 0x70, 0x68, 0x20, 0x75, 0x6e, 0x69, 0x63, 0x6f, 0x64, 0x65, 0x3d, 0x22, 0x26,
    0x23, 0x78, 0x65, 0x32, 0x30, 0x30, 0x3b, 0x22, 0x20, 0x64, 0x3d, 0x22, 0x4d, 0x36, 0x30, 0x30,
    0x20, 0x31, 0x31, 0x37, 0x39, 0x71, 0x39, 0x34, 0x20, 0x30, 0x20, 0x31, 0x36, 0x37, 0x2e, 0x35,
    0x20, 0x2d, 0x35, 0x36, 0x2e, 0x35, 0x74, 0x39, 0x39, 0x2e, 0x35, 0x20, 0x2d, 0x31, 0x34, 0x35,
    0x2e, 0x35, 0x71, 0x38, 0x39, 0x20, 0x2d, 0x36, 0x20, 0x31, 0x35, 0x30, 0x2e, 0x35, 0x20, 0x2d,
    0x37, 0x31, 0x2e, 0x35, 0x74, 0x36, 0x31, 0x2e, 0x35, 0x20, 0x2d, 0x31, 0x35, 0x35, 0x2e, 0x35,
    0x71, 0x30, 0x20, 0x2d, 0x36, 0x31, 0x20, 0x2d, 0x32, 0x39, 0x2e, 0x35, 0x20, 0x2d, 0x31, 0x31,
    0x32, 0x2e, 0x35, 0x74, 0x2d, 0x37, 0x39, 0x2e, 0x35, 0x20, 0x2d, 0x38, 0x32, 0x2e, 0x35, 0x71,
    0x39, 0x20, 0x2d, 0x32, 0x39, 0x20, 0x39, 0x20, 0x2d, 0x35, 0x35, 0x71, 0x30, 0x20, 0x2d, 0x37,
    0x34, 0x20, 0x2d, 0x35, 0x32, 0x2e, 0x35, 0x20, 0x2d, 0x31, 0x32, 0x36, 0x2e, 0x35, 0x74, 0x2d,
    0x31, 0x32, 0x36, 0x2e, 0x35, 0x20, 0x2d, 0x35, 0x32, 0x2e, 0x35, 0x71, 0x2d, 0x35, 0x35, 0x20,
    0x30, 0x20, 0x2d, 0x31, 0x30, 0x30, 0x20, 0x33, 0x30, 0x76, 0x2d, 0x32, 0x35, 0x31, 0x71, 0x32,
    0x31, 0x20, 0x30, 0x20, 0x33, 0x35, 0x2e, 0x35, 0x20, 0x2d, 0x31, 0x34, 0x2e, 0x35, 0x74, 0x31,
    0x34, 0x2e, 0x35, 0x20, 0x2d, 0x33, 0x35, 0x2e, 0x35, 0x76, 0x2d, 0x35, 0x30, 0x68, 0x2d, 0x33,
    0x30, 0x30, 0x76, 0x35, 0x30, 0x71, 0x30, 0x20, 0x32, 0x31, 0x20, 0x31, 0x34, 0x2e, 0x35, 0x20,
    0x33, 0x35, 0x2e, 0x35, 0x74, 0x33, 0x35, 0x2e, 0x35, 0x20, 0x31, 0x34, 0x2e, 0x35, 0x76, 0x32,
    0x35, 0x31, 0x71, 0x2d, 0x34, 0x35, 0x20, 0x2d, 0x33, 0x30, 0x20, 0x2d, 0x31, 0x30, 0x30, 0x20,
    0x2d, 0x33, 0x30, 0x20, 0x71, 0x2d, 0x37, 0x34, 0x20, 0x30, 0x20, 0x2d, 0x31, 0x32, 0x36, 0x2e,
    0x35, 0x20, 0x35, 0x32, 0x2e, 0x35, 0x74, 0x2d, 0x35, 0x32, 0x2e, 0x35, 0x20, 0x31, 0x32, 0x36,
    0x2e, 0x35, 0x71, 0x30, 0x20, 0x31, 0x38, 0x20, 0x34, 0x20, 0x33, 0x38, 0x71, 0x2d, 0x34, 0x37,
    0x20, 0x32, 0x31, 0x20, 0x2d, 0x37, 0x35, 0x2e, 0x35, 0x20, 0x36, 0x35, 0x74, 0x2d, 0x32, 0x38,
    0x2e, 0x35, 0x20, 0x39, 0x37, 0x71, 0x30, 0x20, 0x37, 0x34, 0x20, 0x35, 0x32, 0x2e, 0x35, 0x20,
    0x31, 0x32, 0x36, 0x2e, 0x35, 0x74, 0x31, 0x32, 0x36, 0x2e, 0x35, 0x20, 0x35, 0x32, 0x2e, 0x35,
    0x71, 0x35, 0x20, 0x30, 0x20, 0x32, 0x33, 0x20, 0x2d, 0x32, 0x71, 0x30, 0x20, 0x32, 0x20, 0x2d,
    0x31, 0x20, 0x31, 0x30, 0x74, 0x2d, 0x31, 0x20, 0x31, 0x33, 0x71, 0x30, 0x20, 0x31, 0x31, 0x36,
    0x20, 0x38, 0x31, 0x2e, 0x35, 0x20, 0x31, 0x39, 0x37, 0x2e, 0x35, 0x74, 0x31, 0x39, 0x37, 0x2e,
    0x35, 0x20, 0x38, 0x31, 0x2e, 0x35, 0x7a, 0x22, 0x20, 0x2f, 0x3e, 0x0a, 0x3c, 0x67, 0x6c, 0x79,
    0x70, 0x68, 0x20, 0x75, 0x6e, 0x69, 0x63, 0x6f, 0x64, 0x65, 0x3d, 0x22, 0x26, 0x23, 0x78, 0x65,
    0x32, 0x30, 0x31, 0x3b, 0x22, 0x20, 0x64, 0x3d, 0x22, 0x4d, 0x31, 0x30, 0x31, 0x30, 0x20, 0x31,
    0x30, 0x31, 0x30, 0x71, 0x31, 0x31, 0x31, 0x20, 0x2d, 0x31, 0x31, 0x31, 0x20, 0x31, 0x35, 0x30,
    0x2e, 0x35, 0x20, 0x2d, 0x32, 0x36, 0x30, 0x2e, 0x35, 0x74, 0x30, 0x20, 0x2d, 0x32, 0x39, 0x39,
    0x74, 0x2d, 0x31, 0x35, 0x30, 0x2e, 0x35, 0x20, 0x2d, 0x32, 0x36, 0x30, 0x2e, 0x35, 0x71, 0x2d,
    0x38, 0x33, 0x20, 0x2d, 0x38, 0x33, 0x20, 0x2d, 0x31, 0x39, 0x31, 0x2e, 0x35, 0x20, 0x2d, 0x31,
    0x32, 0x36, 0x2e, 0x35, 0x74, 0x2d, 0x32, 0x31, 0x38, 0x2e, 0x35, 0x20, 0x2d, 0x34, 0x33, 0x2e,
    0x35, 0x74, 0x2d, 0x32, 0x31, 0x38, 0x2e, 0x35, 0x20, 0x34, 0x33, 0x2e, 0x35, 0x74, 0x2d, 0x31,
    0x39, 0x31, 0x2e, 0x35, 0x20, 0x31, 0x32, 0x36, 0x2e, 0x35, 0x71, 0x2d, 0x31, 0x31, 0x31, 0x20,
    0x31, 0x31, 0x31, 0x20, 0x2d, 0x31, 0x35, 0x30, 0x2e, 0x35, 0x20, 0x32, 0x36, 0x30, 0x2e, 0x35,
    0x74, 0x30, 0x20, 0x32, 0x39, 0x39, 0x74, 0x31, 0x35, 0x30, 0x2e, 0x35, 0x20, 0x32, 0x36, 0x30,
    0x2e, 0x35, 0x71, 0x38, 0x33, 0x20, 0x38, 0x33, 0x20, 0x31, 0x39, 0x31, 0x2e, 0x35, 0x20, 0x31,
    0x32, 0x36, 0x2e, 0x35, 0x74, 0x32, 0x31, 0x38, 0x2e, 0x35, 0x20, 0x34, 0x33, 0x2e, 0x35, 0x74,
    0x32, 0x31, 0x38, 0x2e, 0x35, 0x20, 0x2d, 0x34, 0x33, 0x2e, 0x35, 0x74, 0x31, 0x39, 0x31, 0x2e,
    0x35, 0x20, 0x2d, 0x31, 0x32, 0x36, 0x2e, 0x35, 0x7a, 0x4d, 0x34, 0x37, 0x36, 0x20, 0x31, 0x30,
    0x36, 0x35, 0x71, 0x2d, 0x34, 0x20, 0x30, 0x20, 0x2d, 0x38, 0x20, 0x2d, 0x31, 0x71, 0x2d, 0x31,
    0x32, 0x31, 0x20, 0x2d, 0x33, 0x34, 0x20, 0x2d, 0x32, 0x30, 0x39, 0x2e, 0x35, 0x20, 0x2d, 0x31,
    0x32, 0x32, 0x2e, 0x35, 0x20, 0x74, 0x2d, 0x31, 0x32, 0x32, 0x2e, 0x35, 0x20, 0x2d, 0x32, 0x30,
    0x39, 0x2e, 0x35, 0x71, 0x2d, 0x34, 0x20, 0x2d, 0x31, 0x32, 0x20, 0x32, 0x2e, 0x35, 0x20, 0x2d,
    0x32, 0x33, 0x74, 0x31, 0x38, 0x2e, 0x35, 0x20, 0x2d, 0x31, 0x34, 0x6c, 0x33, 0x36, 0x20, 0x2d,
    0x39, 0x71, 0x33, 0x20, 0x2d, 0x31, 0x20, 0x37, 0x20, 0x2d, 0x31, 0x71, 0x32, 0x33, 0x20, 0x30,
    0x20, 0x32, 0x39, 0x20, 0x32, 0x32, 0x71, 0x32, 0x37, 0x20, 0x39, 0x36, 0x20, 0x39, 0x38, 0x20,
    0x31, 0x36, 0x36, 0x71, 0x37, 0x30, 0x20, 0x37, 0x31, 0x20, 0x31, 0x36, 0x36, 0x20, 0x39, 0x38,
    0x71, 0x31, 0x31, 0x20, 0x33, 0x20, 0x31, 0x37, 0x2e, 0x35, 0x20, 0x31, 0x33, 0x2e, 0x35, 0x74,
    0x33, 0x2e, 0x35, 0x20, 0x32, 0x32, 0x2e, 0x35, 0x6c, 0x2d, 0x39, 0x20, 0x33, 0x35, 0x71, 0x2d,
    0x33, 0x20, 0x31, 0x33, 0x20, 0x2d, 0x31, 0x34, 0x20, 0x31, 0x39, 0x71, 0x2d, 0x37, 0x20, 0x34,
    0x20, 0x2d, 0x31, 0x35, 0x20, 0x34, 0x7a, 0x4d, 0x35, 0x31, 0x32, 0x20, 0x39, 0x32, 0x30, 0x71,
    0x2d, 0x34, 0x20, 0x30, 0x20, 0x2d, 0x39, 0x20, 0x2d, 0x32, 0x71, 0x2d, 0x38, 0x30, 0x20, 0x2d,
    0x32, 0x34, 0x20, 0x2d, 0x31, 0x33, 0x38, 0x2e, 0x35, 0x20, 0x2d, 0x38, 0x32, 0x2e, 0x35, 0x74,
    0x2d, 0x38, 0x32, 0x2e, 0x35, 0x20, 0x2d, 0x31, 0x33, 0x38, 0x2e, 0x35, 0x71, 0x2d, 0x34, 0x20,
    0x2d, 0x31, 0x33, 0x20, 0x32, 0x20, 0x2d, 0x32, 0x34, 0x74, 0x31, 0x39, 0x20, 0x2d, 0x31, 0x34,
    0x6c, 0x33, 0x34, 0x20, 0x2d, 0x39, 0x71, 0x34, 0x20, 0x2d, 0x31, 0x20, 0x38, 0x20, 0x2d, 0x31,
    0x71, 0x32, 0x32, 0x20, 0x30, 0x20, 0x32, 0x38, 0x20, 0x32, 0x31, 0x20, 0x71, 0x31, 0x38, 0x20,
    0x35, 0x38, 0x20, 0x35, 0x38, 0x2e, 0x35, 0x20, 0x39, 0x38, 0x2e, 0x35, 0x74, 0x39, 0x37, 0x2e,
    0x35, 0x20, 0x35, 0x38, 0x2e, 0x35, 0x71, 0x31, 0x32, 0x20, 0x33, 0x20, 0x31, 0x38, 0x20, 0x31,
    0x33, 0x2e, 0x35, 0x74, 0x33, 0x20, 0x32, 0x31, 0x2e, 0x35, 0x6c, 0x2d, 0x39, 0x20, 0x33, 0x35,
    0x71, 0x2d, 0x33, 0x20, 0x31, 0x32, 0x20, 0x2d, 0x31, 0x34, 0x20, 0x31, 0x39, 0x71, 0x2d, 0x37,
    0x20, 0x34, 0x20, 0x2d, 0x31, 0x35, 0x20, 0x34, 0x7a, 0x4d, 0x37, 0x31, 0x39, 0x2e, 0x35, 0x20,
    0x37, 0x31, 0x39, 0x2e, 0x35, 0x71, 0x2d, 0x34, 0x39, 0x2e, 0x35, 0x20, 0x34, 0x39, 0x2e, 0x35,
    0x20, 0x2d, 0x31, 0x31, 0x39, 0x2e, 0x35, 0x20, 0x34, 0x39, 0x2e, 0x35, 0x74, 0x2d, 0x31, 0x31,
    0x39, 0x2e, 0x35, 0x20, 0x2d, 0x34, 0x39, 0x2e, 0x35, 0x74, 0x2d, 0x34, 0x39, 0x2e, 0x35, 0x20,
    0x2d, 0x31, 0x31, 0x39, 0x2e, 0x35, 0x74, 0x34, 0x39, 0x2e, 0x35, 0x20, 0x2d, 0x31, 0x31, 0x39,
    0x2e, 0x35, 0x74, 0x31, 0x31, 0x39, 0x2e, 0x35, 0x20, 0x2d, 0x34, 0x39, 0x2e, 0x35, 0x74, 0x31,
    0x31, 0x39, 0x2e, 0x35, 0x20, 0x34, 0x39, 0x2e, 0x35, 0x74, 0x34, 0x39, 0x2e, 0x35, 0x20, 0x31,
    0x31, 0x39, 0x2e, 0x35, 0x74, 0x2d, 0x34, 0x39, 0x2e, 0x35, 0x20, 0x31, 0x31, 0x39, 0x2e, 0x35,
    0x7a, 0x4d, 0x38, 0x35, 0x35, 0x20, 0x35, 0x35, 0x31, 0x71, 0x2d, 0x32, 0x32, 0x20, 0x30, 0x20,
    0x2d, 0x32, 0x38, 0x20, 0x2d, 0x32, 0x31, 0x71, 0x2d, 0x31, 0x38, 0x20, 0x2d, 0x35, 0x38, 0x20,
    0x2d, 0x35, 0x38, 0x2e, 0x35, 0x20, 0x2d, 0x39, 0x38, 0x2e, 0x35, 0x74, 0x2d, 0x39, 0x38, 0x2e,
    0x35, 0x20, 0x2d, 0x35, 0x37, 0x2e, 0x35, 0x20, 0x71, 0x2d, 0x31, 0x31, 0x20, 0x2d, 0x34, 0x20,
    0x2d, 0x31, 0x37, 0x20, 0x2d, 0x31, 0x34, 0x2e, 0x35, 0x74, 0x2d, 0x33, 0x20, 0x2d, 0x32, 0x31,
    0x2e, 0x35, 0x6c, 0x39, 0x20, 0x2d, 0x33, 0x35, 0x71, 0x33, 0x20, 0x2d, 0x31, 0x32, 0x20, 0x31,
    0x34, 0x20, 0x2d, 0x31, 0x39, 0x71, 0x37, 0x20, 0x2d, 0x34, 0x20, 0x31, 0x35, 0x20, 0x2d, 0x34,
    0x71, 0x34, 0x20, 0x30, 0x20, 0x39, 0x20, 0x32, 0x71, 0x38, 0x30, 0x20, 0x32, 0x34, 0x20, 0x31,
    0x33, 0x38, 0x2e, 0x35, 0x20, 0x38, 0x32, 0x2e, 0x35, 0x74, 0x38, 0x32, 0x2e, 0x35, 0x20, 0x31,
    0x33, 0x38, 0x2e, 0x35, 0x71, 0x34, 0x20, 0x31, 0x33, 0x20, 0x2d, 0x32, 0x2e, 0x35, 0x20, 0x32,
    0x34, 0x74, 0x2d, 0x31, 0x38, 0x2e, 0x35, 0x20, 0x31, 0x34, 0x6c, 0x2d, 0x33, 0x34, 0x20, 0x39,
    0x71, 0x2d, 0x34, 0x20, 0x31, 0x20, 0x2d, 0x38, 0x20, 0x31, 0x7a, 0x4d, 0x31, 0x30, 0x30, 0x30,
    0x20, 0x35, 0x31, 0x35, 0x71, 0x2d, 0x32, 0x33, 0x20, 0x30, 0x20, 0x2d, 0x32, 0x39, 0x20, 0x2d,
    0x32, 0x32, 0x71, 0x2d, 0x32, 0x37, 0x20, 0x2d, 0x39, 0x36, 0x20, 0x2d, 0x39, 0x38, 0x20, 0x2d,
    0x31, 0x36, 0x36, 0x71, 0x2d, 0x37, 0x30, 0x20, 0x2d, 0x37, 0x31, 0x20, 0x2d, 0x31, 0x36, 0x36,
    0x20, 0x2d, 0x39, 0x38, 0x71, 0x2d, 0x31, 0x31, 0x20, 0x2d, 0x33, 0x20, 0x2d, 0x31, 0x37, 0x2e,
    0x35, 0x20, 0x2d, 0x31, 0x33, 0x2e, 0x35, 0x74, 0x2d, 0x33, 0x2e, 0x35, 0x20, 0x2d, 0x32, 0x32,
    0x2e, 0x35, 0x6c, 0x39, 0x20, 0x2d, 0x33, 0x35, 0x71, 0x33, 0x20, 0x2d, 0x31, 0x33, 0x20, 0x31,
    0x34, 0x20, 0x2d, 0x31, 0x39, 0x71, 0x37, 0x20, 0x2d, 0x34, 0x20, 0x31, 0x35, 0x20, 0x2d, 0x34,
    0x20, 0x71, 0x34, 0x20, 0x30, 0x20, 0x38, 0x20, 0x31, 0x71, 0x31, 0x32, 0x31, 0x20, 0x33, 0x34,
    0x20, 0x32, 0x30, 0x39, 0x2e, 0x35, 0x20, 0x31, 0x32, 0x32, 0x2e, 0x35, 0x74, 0x31, 0x32, 0x32,
    0x2e, 0x35, 0x20, 0x32, 0x30, 0x39, 0x2e, 0x35, 0x71, 0x34, 0x20, 0x31, 0x32, 0x20, 0x2d, 0x32,
    0x2e, 0x35, 0x20, 0x32, 0x33, 0x74, 0x2d, 0x31, 0x38, 0x2e, 0x35, 0x20, 0x31, 0x34, 0x6c, 0x2d,
    0x33, 0x36, 0x20, 0x39, 0x71, 0x2d, 0x33, 0x20, 0x31, 0x20, 0x2d, 0x37, 0x20, 0x31, 0x7a, 0x22,
    0x20, 0x2f, 0x3e, 0x0a, 0x3c, 0x67, 0x6c, 0x79, 0x70, 0x68, 0x20, 0x75, 0x6e, 0x69, 0x63, 0x6f,
    0x64, 0x65, 0x3d, 0x22, 0x26, 0x23, 0x78, 0x65, 0x32, 0x30, 0x32, 0x3b, 0x22, 0x20, 0x64, 0x3d,
    0x22, 0x4d, 0x37, 0x30, 0x30, 0x20, 0x38, 0x30, 0x30, 0x68, 0x33, 0x30, 0x30, 0x76, 0x2d, 0x33,
    0x38, 0x30, 0x68, 0x2d, 0x31, 0x38, 0x30, 0x76, 0x32, 0x30, 0x30, 0x68, 0x2d, 0x33, 0x34, 0x30,
    0x76, 0x2d, 0x32, 0x30, 0x30, 0x68, 0x2d, 0x33, 0x38, 0x30, 0x76, 0x37, 0x35, 0x35, 0x71, 0x30,
    0x20, 0x31, 0x30, 0x20, 0x37, 0x2e, 0x35, 0x20, 0x31, 0x37, 0x2e, 0x35, 0x74, 0x31, 0x37, 0x2e,
    0x35, 0x20, 0x37, 0x2e, 0x35, 0x68, 0x35, 0x37, 0x35, 0x76, 0x2d, 0x34, 0x30, 0x30, 0x7a, 0x4d,
    0x31, 0x30, 0x30, 0x30, 0x20, 0x39, 0x30, 0x30, 0x68, 0x2d, 0x32, 0x30, 0x30, 0x76, 0x32, 0x30,
    0x30, 0x7a, 0x4d, 0x37, 0x30, 0x30, 0x20, 0x33, 0x30, 0x30, 0x68, 0x31, 0x36, 0x32, 0x6c, 0x2d,
    0x32, 0x31, 0x32, 0x20, 0x2d, 0x32, 0x31, 0x32, 0x6c, 0x2d, 0x32, 0x31, 0x32, 0x20, 0x32, 0x31,
    0x32, 0x68, 0x31, 0x36, 0x32, 0x76, 0x32, 0x30, 0x30, 0x68, 0x31, 0x30, 0x30, 0x76, 0x2d, 0x32,
    0x30, 0x30, 0x7a, 0x4d, 0x35, 0x32, 0x30, 0x20, 0x30, 0x68, 0x2d, 0x33, 0x39, 0x35, 0x71, 0x2d,
    0x31, 0x30, 0x20, 0x30, 0x20, 0x2d, 0x31, 0x37, 0x2e, 0x35, 0x20, 0x37, 0x2e, 0x35, 0x74, 0x2d,
    0x37, 0x2e, 0x35, 0x20, 0x31, 0x37, 0x2e, 0x35, 0x76, 0x33, 0x39, 0x35, 0x7a, 0x4d, 0x31, 0x30,
    0x30, 0x30, 0x20, 0x32, 0x32, 0x30, 0x76, 0x2d, 0x31, 0x39, 0x35, 0x71, 0x30, 0x20, 0x2d, 0x31,
    0x30, 0x20, 0x2d, 0x37, 0x2e, 0x35, 0x20, 0x2d, 0x31, 0x37, 0x2e, 0x35, 0x74, 0x2d, 0x31, 0x37,
    0x2e, 0x35, 0x20, 0x2d, 0x37, 0x2e, 0x35, 0x68, 0x2d, 0x31, 0x39, 0x35, 0x7a, 0x22, 0x20, 0x2f,
    0x3e, 0x0a, 0x3c, 0x67, 0x6c, 0x79, 0x70, 0x68, 0x20, 0x75, 0x6e, 0x69, 0x63, 0x6f, 0x64, 0x65,
    0x3d, 0x22, 0x26, 0x23, 0x78, 0x65, 0x32, 0x30, 0x33, 0x3b, 0x22, 0x20, 0x64, 0x3d, 0x22, 0x4d,
    0x37, 0x30, 0x30, 0x20, 0x38, 0x30, 0x30, 0x68, 0x33, 0x30, 0x30, 0x76, 0x2d, 0x35, 0x32, 0x30,
    0x6c, 0x2d, 0x33, 0x35, 0x30, 0x20, 0x33, 0x35, 0x30, 0x6c, 0x2d, 0x35, 0x35, 0x30, 0x20, 0x2d,
    0x35, 0x35, 0x30, 0x76, 0x31, 0x30, 0x39, 0x35, 0x71, 0x30, 0x20, 0x31, 0x30, 0x20, 0x37, 0x2e,
    0x35, 0x20, 0x31, 0x37, 0x2e, 0x35, 0x74, 0x31, 0x37, 0x2e, 0x35, 0x20, 0x37, 0x2e, 0x35, 0x68,
    0x35, 0x37, 0x35, 0x76, 0x2d, 0x34, 0x30, 0x30, 0x7a, 0x4d, 0x31, 0x30, 0x30, 0x30, 0x20, 0x39,
    0x30, 0x30, 0x68, 0x2d, 0x32, 0x30, 0x30, 0x76, 0x32, 0x30, 0x30, 0x7a, 0x4d, 0x38, 0x36, 0x32,
    0x20, 0x32, 0x30, 0x30, 0x68, 0x2d, 0x31, 0x36, 0x32, 0x76, 0x2d, 0x32, 0x30, 0x30, 0x68, 0x2d,
    0x31, 0x30, 0x30, 0x76, 0x32, 0x30, 0x30, 0x68, 0x2d, 0x31, 0x36, 0x32, 0x6c, 0x32, 0x31, 0x32,
    0x20, 0x32, 0x31, 0x32, 0x7a, 0x4d, 0x34, 0x38, 0x30, 0x20, 0x30, 0x68, 0x2d, 0x33, 0x35, 0x35,
    0x71, 0x2d, 0x31, 0x30, 0x20, 0x30, 0x20, 0x2d, 0x31, 0x37, 0x2e, 0x35, 0x20, 0x37, 0x2e, 0x35,
    0x74, 0x2d, 0x37, 0x2e, 0x35, 0x20, 0x31, 0x37, 0x2e, 0x35, 0x76, 0x35, 0x35, 0x68, 0x33, 0x38,
    0x30, 0x76, 0x2d, 0x38, 0x30, 0x7a, 0x4d, 0x31, 0x30, 0x30, 0x30, 0x20, 0x38, 0x30, 0x76, 0x2d,
    0x35, 0x35, 0x71, 0x30, 0x20, 0x2d, 0x31, 0x30, 0x20, 0x2d, 0x37, 0x2e, 0x35, 0x20, 0x2d, 0x31,
    0x37, 0x2e, 0x35, 0x74, 0x2d, 0x31, 0x37, 0x2e, 0x35, 0x20, 0x2d, 0x37, 0x2e, 0x35, 0x68, 0x2d,
    0x31, 0x35, 0x35, 0x76, 0x38, 0x30, 0x68, 0x31, 0x38, 0x30, 0x7a, 0x22, 0x20, 0x2f, 0x3e, 0x0a,
    0x3c, 0x67, 0x6c, 0x79, 0x70, 0x68, 0x20, 0x75, 0x6e, 0x69, 0x63, 0x6f, 0x64, 0x65, 0x3d, 0x22,
    0x26, 0x23, 0x78, 0x65, 0x32, 0x30, 0x34, 0x3b, 0x22, 0x20, 0x64, 0x3d, 0x22, 0x4d, 0x31, 0x31,
    0x36, 0x32, 0x20, 0x38, 0x30, 0x30, 0x68, 0x2d, 0x31, 0x36, 0x32, 0x76, 0x2d, 0x32, 0x30, 0x30,
    0x68, 0x31, 0x30, 0x30, 0x6c, 0x31, 0x30, 0x30, 0x20, 0x2d, 0x31, 0x30, 0x30, 0x68, 0x2d, 0x33,
    0x30, 0x30, 0x76, 0x33, 0x30, 0x30, 0x68, 0x2d, 0x31, 0x36, 0x32, 0x6c, 0x32, 0x31, 0x32, 0x20,
    0x32, 0x31, 0x32, 0x7a, 0x4d, 0x32, 0x30, 0x30, 0x20, 0x38, 0x30, 0x30, 0x68, 0x32, 0x30, 0x30,
    0x71, 0x32, 0x37, 0x20, 0x30, 0x20, 0x34, 0x30, 0x20, 0x2d, 0x32, 0x74, 0x32, 0x39, 0x2e, 0x35,
    0x20, 0x2d, 0x31, 0x30, 0x2e, 0x35, 0x74, 0x32, 0x33, 0x2e, 0x35, 0x20, 0x2d, 0x33, 0x30, 0x74,
    0x37, 0x20, 0x2d, 0x35, 0x37, 0x2e, 0x35, 0x68, 0x33, 0x30, 0x30, 0x76, 0x2d, 0x31, 0x30, 0x30,
    0x68, 0x2d, 0x36, 0x30, 0x30, 0x6c, 0x2d, 0x32, 0x30, 0x30, 0x20, 0x2d, 0x33, 0x35, 0x30, 0x76,
    0x34, 0x35, 0x30, 0x68, 0x31, 0x30, 0x30, 0x71, 0x30, 0x20, 0x33, 0x36, 0x20, 0x37, 0x20, 0x35,
    0x37, 0x2e, 0x35, 0x74, 0x32, 0x33, 0x2e, 0x35, 0x20, 0x33, 0x30, 0x74, 0x32, 0x39, 0x2e, 0x35,
    0x20, 0x31, 0x30, 0x2e, 0x35, 0x74, 0x34, 0x30, 0x20, 0x32, 0x7a, 0x4d, 0x38, 0x30, 0x30, 0x20,
    0x34, 0x30, 0x30, 0x68, 0x32, 0x34, 0x30, 0x6c, 0x2d, 0x32, 0x34, 0x30, 0x20, 0x2d, 0x34, 0x30,
    0x30, 0x68, 0x2d, 0x38, 0x30, 0x30, 0x6c, 0x33, 0x30, 0x30, 0x20, 0x35, 0x30, 0x30, 0x68, 0x35,
    0x30, 0x30, 0x76, 0x2d, 0x31, 0x30, 0x30, 0x7a, 0x22, 0x20, 0x2f, 0x3e, 0x0a, 0x3c, 0x67, 0x6c,
    0x79, 0x70, 0x68, 0x20, 0x75, 0x6e, 0x69, 0x63, 0x6f, 0x64, 0x65, 0x3d, 0x22, 0x26, 0x23, 0x78,
    0x65, 0x32, 0x30, 0x35, 0x3b, 0x22, 0x20, 0x64, 0x3d, 0x22, 0x4d, 0x36, 0x35, 0x30, 0x20, 0x31,
    0x31, 0x30, 0x30, 0x68, 0x31, 0x30, 0x30, 0x71, 0x32, 0x31, 0x20, 0x30, 0x20, 0x33, 0x35, 0x2e,
    0x35, 0x20, 0x2d, 0x31, 0x34, 0x2e, 0x35, 0x74, 0x31, 0x34, 0x2e, 0x35, 0x20, 0x2d, 0x33, 0x35,
    0x2e, 0x35, 0x76, 0x2d, 0x35, 0x30, 0x68, 0x35, 0x30, 0x71, 0x32, 0x31, 0x20, 0x30, 0x20, 0x33,
    0x35, 0x2e, 0x35, 0x20, 0x2d, 0x31, 0x34, 0x2e, 0x35, 0x74, 0x31, 0x34, 0x2e, 0x35, 0x20, 0x2d,
    0x33, 0x35, 0x2e, 0x35, 0x76, 0x2d, 0x31, 0x30, 0x30, 0x71, 0x30, 0x20, 0x2d, 0x32, 0x31, 0x20,
    0x2d, 0x31, 0x34, 0x2e, 0x35, 0x20, 0x2d, 0x33, 0x35, 0x2e, 0x35, 0x74, 0x2d, 0x33, 0x35, 0x2e,
    0x35, 0x20, 0x2d, 0x31, 0x34, 0x2e, 0x35, 0x68, 0x2d, 0x33, 0x30, 0x30, 0x71, 0x2d, 0x32, 0x31,
    0x20, 0x30, 0x20, 0x2d, 0x33, 0x35, 0x2e, 0x35, 0x20, 0x31, 0x34, 0x2e, 0x35, 0x74, 0x2d, 0x31,
    0x34, 0x2e, 0x35, 0x20, 0x33, 0x35, 0x2e, 0x35, 0x76, 0x31, 0x30, 0x30, 0x71, 0x30, 0x20, 0x32,
    0x31, 0x20, 0x31, 0x34, 0x2e, 0x35, 0x20, 0x33, 0x35, 0x2e, 0x35, 0x74, 0x33, 0x35, 0x2e, 0x35,
    0x20, 0x31, 0x34, 0x2e, 0x35, 0x68, 0x35, 0x30, 0x76, 0x35, 0x30, 0x71, 0x30, 0x20, 0x32, 0x31,
    0x20, 0x31, 0x34, 0x2e, 0x35, 0x20, 0x33, 0x35, 0x2e, 0x35, 0x74, 0x33, 0x35, 0x2e, 0x35, 0x20,
    0x31, 0x34, 0x2e, 0x35, 0x7a, 0x4d, 0x31, 0x30, 0x30, 0x30, 0x20, 0x38, 0x35, 0x30, 0x76, 0x31,
    0x35, 0x30, 0x71, 0x34, 0x31, 0x20, 0x30, 0x20, 0x37, 0x30, 0x2e, 0x35, 0x20, 0x2d, 0x32, 0x39,
    0x2e, 0x35, 0x74, 0x32, 0x39, 0x2e, 0x35, 0x20, 0x2d, 0x37, 0x30, 0x2e, 0x35, 0x76, 0x2d, 0x38,
    0x30, 0x30, 0x20, 0x71, 0x30, 0x20, 0x2d, 0x34, 0x31, 0x20, 0x2d, 0x32, 0x39, 0x2e, 0x35, 0x20,
    0x2d, 0x37, 0x30, 0x2e, 0x35, 0x74, 0x2d, 0x37, 0x30, 0x2e, 0x35, 0x20, 0x2d, 0x32, 0x39, 0x2e,
    0x35, 0x68, 0x2d, 0x36, 0x30, 0x30, 0x71, 0x2d, 0x31, 0x20, 0x30, 0x20, 0x2d, 0x32, 0x30, 0x20,
    0x34, 0x6c, 0x32, 0x34, 0x36, 0x20, 0x32, 0x34, 0x36, 0x6c, 0x2d, 0x33, 0x32, 0x36, 0x20, 0x33,
    0x32, 0x36, 0x76, 0x33, 0x32, 0x34, 0x71, 0x30, 0x20, 0x34, 0x31, 0x20, 0x32, 0x39, 0x2e, 0x35,
    0x20, 0x37, 0x30, 0x2e, 0x35, 0x74, 0x37, 0x30, 0x2e, 0x35, 0x20, 0x32, 0x39, 0x2e, 0x35, 0x76,
    0x2d, 0x31, 0x35, 0x30, 0x71, 0x30, 0x20, 0x2d, 0x36, 0x32, 0x20, 0x34, 0x34, 0x20, 0x2d, 0x31,
    0x30, 0x36, 0x74, 0x31, 0x30, 0x36, 0x20, 0x2d, 0x34, 0x34, 0x68, 0x33, 0x30, 0x30, 0x71, 0x36,
    0x32, 0x20, 0x30, 0x20, 0x31, 0x30, 0x36, 0x20, 0x34, 0x34, 0x74, 0x34, 0x34, 0x20, 0x31, 0x30,
    0x36, 0x7a, 0x4d, 0x34, 0x31, 0x32, 0x20, 0x32, 0x35, 0x30, 0x6c, 0x2d, 0x32, 0x31, 0x32, 0x20,
    0x2d, 0x32, 0x31, 0x32, 0x76, 0x31, 0x36, 0x32, 0x68, 0x2d, 0x32, 0x30, 0x30, 0x76, 0x31, 0x30,
    0x30, 0x68, 0x32, 0x30, 0x30, 0x76, 0x31, 0x36, 0x32, 0x7a, 0x22, 0x20, 0x2f, 0x3e, 0x0a, 0x3c,
    0x67, 0x6c, 0x79, 0x70, 0x68, 0x20, 0x75, 0x6e, 0x69, 0x63, 0x6f, 0x64, 0x65, 0x3d, 0x22, 0x26,
    0x23, 0x78, 0x65, 0x32, 0x30, 0x36, 0x3b, 0x22, 0x20, 0x64, 0x3d, 0x22, 0x4d, 0x34, 0x35, 0x30,
    0x20, 0x31, 0x31, 0x30, 0x30, 0x68, 0x31, 0x30, 0x30, 0x71, 0x32, 0x31, 0x20, 0x30, 0x20, 0x33,
    0x35, 0x2e, 0x35, 0x20, 0x2d, 0x31, 0x34, 0x2e, 0x35, 0x74, 0x31, 0x34, 0x2e, 0x35, 0x20, 0x2d,
    0x33, 0x35, 0x2e, 0x35, 0x76, 0x2d, 0x35, 0x30, 0x68, 0x35, 0x30, 0x71, 0x32, 0x31, 0x20, 0x30,
    0x20, 0x33, 0x35, 0x2e, 0x35, 0x20, 0x2d, 0x31, 0x34, 0x2e, 0x35, 0x74, 0x31, 0x34, 0x2e, 0x35,
    0x20, 0x2d, 0x33, 0x35, 0x2e, 0x35, 0x76, 0x2d, 0x31, 0x30, 0x30, 0x71, 0x30, 0x20, 0x2d, 0x32,
    0x31, 0x20, 0x2d, 0x31, 0x34, 0x2e, 0x35, 0x20, 0x2d, 0x33, 0x35, 0x2e, 0x35, 0x74, 0x2d, 0x33,
    0x35, 0x2e, 0x35, 0x20, 0x2d, 0x31, 0x34, 0x2e, 0x35, 0x68, 0x2d, 0x33, 0x30, 0x30, 0x71, 0x2d,
    0x32, 0x31, 0x20, 0x30, 0x20, 0x2d, 0x33, 0x35, 0x2e, 0x35, 0x20, 0x31, 0x34, 0x2e, 0x35, 0x74,
    0x2d, 0x31, 0x34, 0x2e, 0x35, 0x20, 0x33, 0x35, 0x2e, 0x35, 0x76, 0x31, 0x30, 0x30, 0x71, 0x30,
    0x20, 0x32, 0x31, 0x20, 0x31, 0x34, 0x2e, 0x35, 0x20, 0x33, 0x35, 0x2e, 0x35, 0x74, 0x33, 0x35,
    0x2e, 0x35, 0x20, 0x31, 0x34, 0x2e, 0x35, 0x68, 0x35, 0x30, 0x76, 0x35, 0x30, 0x71, 0x30, 0x20,
    0x32, 0x31, 0x20, 0x31, 0x34, 0x2e, 0x35, 0x20, 0x33, 0x35, 0x2e, 0x35, 0x74, 0x33, 0x35, 0x2e,
    0x35, 0x20, 0x31, 0x34, 0x2e, 0x35, 0x7a, 0x4d, 0x38, 0x30, 0x30, 0x20, 0x38, 0x35, 0x30, 0x76,
    0x31, 0x35, 0x30, 0x71, 0x34, 0x31, 0x20, 0x30, 0x20, 0x37, 0x30, 0x2e, 0x35, 0x20, 0x2d, 0x32,
    0x39, 0x2e, 0x35, 0x74, 0x32, 0x39, 0x2e, 0x35, 0x20, 0x2d, 0x37, 0x30, 0x2e, 0x35, 0x76, 0x2d,
    0x35, 0x30, 0x30, 0x20, 0x68, 0x2d, 0x32, 0x30, 0x30, 0x76, 0x2d, 0x33, 0x30, 0x30, 0x68, 0x32,
    0x30, 0x30, 0x71, 0x30, 0x20, 0x2d, 0x33, 0x36, 0x20, 0x2d, 0x37, 0x20, 0x2d, 0x35, 0x37, 0x2e,
    0x35, 0x74, 0x2d, 0x32, 0x33, 0x2e, 0x35, 0x20, 0x2d, 0x33, 0x30, 0x74, 0x2d, 0x32, 0x39, 0x2e,
    0x35, 0x20, 0x2d, 0x31, 0x30, 0x2e, 0x35, 0x74, 0x2d, 0x34, 0x30, 0x20, 0x2d, 0x32, 0x68, 0x2d,
    0x36, 0x30, 0x30, 0x71, 0x2d, 0x34, 0x31, 0x20, 0x30, 0x20, 0x2d, 0x37, 0x30, 0x2e, 0x35, 0x20,
    0x32, 0x39, 0x2e, 0x35, 0x74, 0x2d, 0x32, 0x39, 0x2e, 0x35, 0x20, 0x37, 0x30, 0x2e, 0x35, 0x76,
    0x38, 0x30, 0x30, 0x71, 0x30, 0x20, 0x34, 0x31, 0x20, 0x32, 0x39, 0x2e, 0x35, 0x20, 0x37, 0x30,
    0x2e, 0x35, 0x74, 0x37, 0x30, 0x2e, 0x35, 0x20, 0x32, 0x39, 0x2e, 0x35, 0x76, 0x2d, 0x31, 0x35,
    0x30, 0x71, 0x30, 0x20, 0x2d, 0x36, 0x32, 0x20, 0x34, 0x34, 0x20, 0x2d, 0x31, 0x30, 0x36, 0x74,
    0x31, 0x30, 0x36, 0x20, 0x2d, 0x34, 0x34, 0x68, 0x33, 0x30, 0x30, 0x71, 0x36, 0x32, 0x20, 0x30,
    0x20, 0x31, 0x30, 0x36, 0x20, 0x34, 0x34, 0x74, 0x34, 0x34, 0x20, 0x31, 0x30, 0x36, 0x7a, 0x4d,
    0x31, 0x32, 0x31, 0x32, 0x20, 0x32, 0x35, 0x30, 0x6c, 0x2d, 0x32, 0x31, 0x32, 0x20, 0x2d, 0x32,
    0x31, 0x32, 0x76, 0x31, 0x36, 0x32, 0x68, 0x2d, 0x32, 0x30, 0x30, 0x76, 0x31, 0x30, 0x30, 0x68,
    0x32, 0x30, 0x30, 0x76, 0x31, 0x36, 0x32, 0x7a, 0x22, 0x20, 0x2f, 0x3e, 0x0a, 0x3c, 0x67, 0x6c,
    0x79, 0x70, 0x68, 0x20, 0x75, 0x6e, 0x69, 0x63, 0x6f, 0x64, 0x65, 0x3d, 0x22, 0x26, 0x23, 0x78,
    0x65, 0x32, 0x30, 0x39, 0x3b, 0x22, 0x20, 0x64, 0x3d, 0x22, 0x4d, 0x36, 0x35, 0x38, 0x20, 0x31,
    0x31, 0x39, 0x37, 0x6c, 0x36, 0x33, 0x37, 0x20, 0x2d, 0x31, 0x31, 0x30, 0x34, 0x71, 0x32, 0x33,
    0x20, 0x2d, 0x33, 0x38, 0x20, 0x37, 0x20, 0x2d, 0x36, 0x35, 0x2e, 0x35, 0x74, 0x2d, 0x36, 0x30,
    0x20, 0x2d, 0x32, 0x37, 0x2e, 0x35, 0x68, 0x2d, 0x31, 0x32, 0x37, 0x36, 0x71, 0x2d, 0x34, 0x34,
    0x20, 0x30, 0x20, 0x2d, 0x36, 0x30, 0x20, 0x32, 0x37, 0x2e, 0x35, 0x74, 0x37, 0x20, 0x36, 0x35,
    0x2e, 0x35, 0x6c, 0x36, 0x33, 0x37, 0x20, 0x31, 0x31, 0x30, 0x34, 0x71, 0x32, 0x32, 0x20, 0x33,
    0x39, 0x20, 0x35, 0x34, 0x20, 0x33, 0x39, 0x74, 0x35, 0x34, 0x20, 0x2d, 0x33, 0x39, 0x7a, 0x4d,
    0x37, 0x30, 0x34, 0x20, 0x38, 0x30, 0x30, 0x68, 0x2d, 0x32, 0x30, 0x38, 0x71, 0x2d, 0x32, 0x30,
    0x20, 0x30, 0x20, 0x2d, 0x33, 0x32, 0x20, 0x2d, 0x31, 0x34, 0x2e, 0x35, 0x74, 0x2d, 0x38, 0x20,
    0x2d, 0x33, 0x34, 0x2e, 0x35, 0x6c, 0x35, 0x38, 0x20, 0x2d, 0x33, 0x30, 0x32, 0x71, 0x34, 0x20,
    0x2d, 0x32, 0x30, 0x20, 0x32, 0x31, 0x2e, 0x35, 0x20, 0x2d, 0x33, 0x34, 0x2e, 0x35, 0x74, 0x33,
    0x37, 0x2e, 0x35, 0x20, 0x2d, 0x31, 0x34, 0x2e, 0x35, 0x68, 0x35, 0x34, 0x71, 0x32, 0x30, 0x20,
    0x30, 0x20, 0x33, 0x37, 0x2e, 0x35, 0x20, 0x31, 0x34, 0x2e, 0x35, 0x74, 0x32, 0x31, 0x2e, 0x35,
    0x20, 0x33, 0x34, 0x2e, 0x35, 0x6c, 0x35, 0x38, 0x20, 0x33, 0x30, 0x32, 0x71, 0x34, 0x20, 0x32,
    0x30, 0x20, 0x2d, 0x38, 0x20, 0x33, 0x34, 0x2e, 0x35, 0x74, 0x2d, 0x33, 0x32, 0x20, 0x31, 0x34,
    0x2e, 0x35, 0x7a, 0x4d, 0x35, 0x30, 0x30, 0x20, 0x33, 0x30, 0x30, 0x76, 0x2d, 0x31, 0x30, 0x30,
    0x68, 0x32, 0x30, 0x30, 0x20, 0x76, 0x31, 0x30, 0x30, 0x68, 0x2d, 0x32, 0x30, 0x30, 0x7a, 0x22,
    0x20, 0x2f, 0x3e, 0x0a, 0x3c, 0x67, 0x6c, 0x79, 0x70, 0x68, 0x20, 0x75, 0x6e, 0x69, 0x63, 0x6f,
    0x64, 0x65, 0x3d, 0x22, 0x26, 0x23, 0x78, 0x65, 0x32, 0x31, 0x30, 0x3b, 0x22, 0x20, 0x64, 0x3d,
    0x22, 0x4d, 0x34, 0x32, 0x35, 0x20, 0x31, 0x31, 0x30, 0x30, 0x68, 0x32, 0x35, 0x30, 0x71, 0x31,
    0x30, 0x20, 0x30, 0x20, 0x31, 0x37, 0x2e, 0x35, 0x20, 0x2d, 0x37, 0x2e, 0x35, 0x74, 0x37, 0x2e,
    0x35, 0x20, 0x2d, 0x31, 0x37, 0x2e, 0x35, 0x76, 0x2d, 0x31, 0x35, 0x30, 0x71, 0x30, 0x20, 0x2d,
    0x31, 0x30, 0x20, 0x2d, 0x37, 0x2e, 0x35, 0x20, 0x2d, 0x31, 0x37, 0x2e, 0x35, 0x74, 0x2d, 0x31,
    0x37, 0x2e, 0x35, 0x20, 0x2d, 0x37, 0x2e, 0x35, 0x68, 0x2d, 0x32, 0x35, 0x30, 0x71, 0x2d, 0x31,
    0x30, 0x20, 0x30, 0x20, 0x2d, 0x31, 0x37, 0x2e, 0x35, 0x20, 0x37, 0x2e, 0x35, 0x74, 0x2d, 0x37,
    0x2e, 0x35, 0x20, 0x31, 0x37, 0x2e, 0x35, 0x76, 0x31, 0x35, 0x30, 0x71, 0x30, 0x20, 0x31, 0x30,
    0x20, 0x37, 0x2e, 0x35, 0x20, 0x31, 0x37, 0x2e, 0x35, 0x74, 0x31, 0x37, 0x2e, 0x35, 0x20, 0x37,
    0x2e, 0x35, 0x7a, 0x4d, 0x34, 0x32, 0x35, 0x20, 0x38, 0x30, 0x30, 0x68, 0x32, 0x35, 0x30, 0x71,
    0x31, 0x30, 0x20, 0x30, 0x20, 0x31, 0x37, 0x2e, 0x35, 0x20, 0x2d, 0x37, 0x2e, 0x35, 0x74, 0x37,
    0x2e, 0x35, 0x20, 0x2d, 0x31, 0x37, 0x2e, 0x35, 0x76, 0x2d, 0x31, 0x35, 0x30, 0x71, 0x30, 0x20,
    0x2d, 0x31, 0x30, 0x20, 0x2d, 0x37, 0x2e, 0x35, 0x20, 0x2d, 0x31, 0x37, 0x2e, 0x35, 0x74, 0x2d,
    0x31, 0x37, 0x2e, 0x35, 0x20, 0x2d, 0x37, 0x2e, 0x35, 0x68, 0x2d, 0x32, 0x35, 0x30, 0x71, 0x2d,
    0x31, 0x30, 0x20, 0x30, 0x20, 0x2d, 0x31, 0x37, 0x2e, 0x35, 0x20, 0x37, 0x2e, 0x35, 0x74, 0x2d,
    0x37, 0x2e, 0x35, 0x20, 0x31, 0x37, 0x2e, 0x35, 0x76, 0x31, 0x35, 0x30, 0x71, 0x30, 0x20, 0x31,
    0x30, 0x20, 0x37, 0x2e, 0x35, 0x20, 0x31, 0x37, 0x2e, 0x35, 0x20, 0x74, 0x31, 0x37, 0x2e, 0x35,
    0x20, 0x37, 0x2e, 0x35, 0x7a, 0x4d, 0x38, 0x32, 0x35, 0x20, 0x38, 0x30, 0x30, 0x68, 0x32, 0x35,
    0x30, 0x71, 0x31, 0x30, 0x20, 0x30, 0x20, 0x31, 0x37, 0x2e, 0x35, 0x20, 0x2d, 0x37, 0x2e, 0x35,
    0x74, 0x37, 0x2e, 0x35, 0x20, 0x2d, 0x31, 0x37, 0x2e, 0x35, 0x76, 0x2d, 0x31, 0x35, 0x30, 0x71,
    0x30, 0x20, 0x2d, 0x31, 0x30, 0x20, 0x2d, 0x37, 0x2e, 0x35, 0x20, 0x2d, 0x31, 0x37, 0x2e, 0x35,
    0x74, 0x2d, 0x31, 0x37, 0x2e, 0x35, 0x20, 0x2d, 0x37, 0x2e, 0x35, 0x68, 0x2d, 0x32, 0x35, 0x30,
    0x71, 0x2d, 0x31, 0x30, 0x20, 0x30, 0x20, 0x2d, 0x31, 0x37, 0x2e, 0x35, 0x20, 0x37, 0x2e, 0x35,
    0x74, 0x2d, 0x37, 0x2e, 0x35, 0x20, 0x31, 0x37, 0x2e, 0x35, 0x76, 0x31, 0x35, 0x30, 0x71, 0x30,
    0x20, 0x31, 0x30, 0x20, 0x37, 0x2e, 0x35, 0x20, 0x31, 0x37, 0x2e, 0x35, 0x74, 0x31, 0x37, 0x2e,
    0x35, 0x20, 0x37, 0x2e, 0x35, 0x7a, 0x4d, 0x32, 0x35, 0x20, 0x35, 0x30, 0x30, 0x68, 0x32, 0x35,
    0x30, 0x71, 0x31, 0x30, 0x20, 0x30, 0x20, 0x31, 0x37, 0x2e, 0x35, 0x20, 0x2d, 0x37, 0x2e, 0x35,
    0x74, 0x37, 0x2e, 0x35, 0x20, 0x2d, 0x31, 0x37, 0x2e, 0x35, 0x76, 0x2d, 0x31, 0x35, 0x30, 0x71,
    0x30, 0x20, 0x2d, 0x31, 0x30, 0x20, 0x2d, 0x37, 0x2e, 0x35, 0x20, 0x2d, 0x31, 0x37, 0x2e, 0x35,
    0x74, 0x2d, 0x31, 0x37, 0x2e, 0x35, 0x20, 0x2d, 0x37, 0x2e, 0x35, 0x68, 0x2d, 0x32, 0x35, 0x30,
    0x71, 0x2d, 0x31, 0x30, 0x20, 0x30, 0x20, 0x2d, 0x31, 0x37, 0x2e, 0x35, 0x20, 0x37, 0x2e, 0x35,
    0x74, 0x2d, 0x37, 0x2e, 0x35, 0x20, 0x31, 0x37, 0x2e, 0x35, 0x76, 0x31, 0x35, 0x30, 0x20, 0x71,
    0x30, 0x20, 0x31, 0x30, 0x20, 0x37, 0x2e, 0x35, 0x20, 0x31, 0x37, 0x2e, 0x35, 0x74, 0x31, 0x37,
    0x2e, 0x35, 0x20, 0x37, 0x2e, 0x35, 0x7a, 0x4d, 0x34, 0x32, 0x35, 0x20, 0x35, 0x30, 0x30, 0x68,
    0x32, 0x35, 0x30, 0x71, 0x31, 0x30, 0x20, 0x30, 0x20, 0x31, 0x37, 0x2e, 0x35, 0x20, 0x2d, 0x37,
    0x2e, 0x35, 0x74, 0x37, 0x2e, 0x35, 0x20, 0x2d, 0x31, 0x37, 0x2e, 0x35, 0x76, 0x2d, 0x31, 0x35,
    0x30, 0x71, 0x30, 0x20, 0x2d, 0x31, 0x30, 0x20, 0x2d, 0x37, 0x2e, 0x35, 0x20, 0x2d, 0x31, 0x37,
    0x2e, 0x35, 0x74, 0x2d, 0x31, 0x37, 0x2e, 0x35, 0x20, 0x2d, 0x37, 0x2e, 0x35, 0x68, 0x2d, 0x32,
    0x35, 0x30, 0x71, 0x2d, 0x31, 0x30, 0x20, 0x30, 0x20, 0x2d, 0x31, 0x37, 0x2e, 0x35, 0x20, 0x37,
    0x2e, 0x35, 0x74, 0x2d, 0x37, 0x2e, 0x35, 0x20, 0x31, 0x37, 0x2e, 0x35, 0x76, 0x31, 0x35, 0x30,
    0x71, 0x30, 0x20, 0x31, 0x30, 0x20, 0x37, 0x2e, 0x35, 0x20, 0x31, 0x37, 0x2e, 0x35, 0x74, 0x31,
    0x37, 0x2e, 0x35, 0x20, 0x37, 0x2e, 0x35, 0x7a, 0x4d, 0x38, 0x32, 0x35, 0x20, 0x35, 0x30, 0x30,
    0x68, 0x32, 0x35, 0x30, 0x71, 0x31, 0x30, 0x20, 0x30, 0x20, 0x31, 0x37, 0x2e, 0x35, 0x20, 0x2d,
    0x37, 0x2e, 0x35, 0x74, 0x37, 0x2e, 0x35, 0x20, 0x2d, 0x31, 0x37, 0x2e, 0x35, 0x76, 0x2d, 0x31,
    0x35, 0x30, 0x71, 0x30, 0x20, 0x2d, 0x31, 0x30, 0x20, 0x2d, 0x37, 0x2e, 0x35, 0x20, 0x2d, 0x31,
    0x37, 0x2e, 0x35, 0x74, 0x2d, 0x31, 0x37, 0x2e, 0x35, 0x20, 0x2d, 0x37, 0x2e, 0x35, 0x68, 0x2d,
    0x32, 0x35, 0x30, 0x71, 0x2d, 0x31, 0x30, 0x20, 0x30, 0x20, 0x2d, 0x31, 0x37, 0x2e, 0x35, 0x20,
    0x37, 0x2e, 0x35, 0x74, 0x2d, 0x37, 0x2e, 0x35, 0x20, 0x31, 0x37, 0x2e, 0x35, 0x20, 0x76, 0x31,
    0x35, 0x30, 0x71, 0x30, 0x20, 0x31, 0x30, 0x20, 0x37, 0x2e, 0x35, 0x20, 0x31, 0x37, 0x2e, 0x35,
    0x74, 0x31, 0x37, 0x2e, 0x35, 0x20, 0x37, 0x2e, 0x35, 0x7a, 0x4d, 0x32, 0x35, 0x20, 0x32, 0x30,
    0x30, 0x68, 0x32, 0x35, 0x30, 0x71, 0x31, 0x30, 0x20, 0x30, 0x20, 0x31, 0x37, 0x2e, 0x35, 0x20,
    0x2d, 0x37, 0x2e, 0x35, 0x74, 0x37, 0x2e, 0x35, 0x20, 0x2d, 0x31, 0x37, 0x2e, 0x35, 0x76, 0x2d,
    0x31, 0x35, 0x30, 0x71, 0x30, 0x20, 0x2d, 0x31, 0x30, 0x20, 0x2d, 0x37, 0x2e, 0x35, 0x20, 0x2d,
    0x31, 0x37, 0x2e, 0x35, 0x74, 0x2d, 0x31, 0x37, 0x2e, 0x35, 0x20, 0x2d, 0x37, 0x2e, 0x35, 0x68,
    0x2d, 0x32, 0x35, 0x30, 0x71, 0x2d, 0x31, 0x30, 0x20, 0x30, 0x20, 0x2d, 0x31, 0x37, 0x2e, 0x35,
    0x20, 0x37, 0x2e, 0x35, 0x74, 0x2d, 0x37, 0x2e, 0x35, 0x20, 0x31, 0x37, 0x2e, 0x35, 0x76, 0x31,
    0x35, 0x30, 0x71, 0x30, 0x20, 0x31, 0x30, 0x20, 0x37, 0x2e, 0x35, 0x20, 0x31, 0x37, 0x2e, 0x35,
    0x74, 0x31, 0x37, 0x2e, 0x35, 0x20, 0x37, 0x2e, 0x35, 0x7a, 0x4d, 0x34, 0x32, 0x35, 0x20, 0x32,
    0x30, 0x30, 0x68, 0x32, 0x35, 0x30, 0x71, 0x31, 0x30, 0x20, 0x30, 0x20, 0x31, 0x37, 0x2e, 0x35,
    0x20, 0x2d, 0x37, 0x2e, 0x35, 0x74, 0x37, 0x2e, 0x35, 0x20, 0x2d, 0x31, 0x37, 0x2e, 0x35, 0x76,
    0x2d, 0x31, 0x35, 0x30, 0x71, 0x30, 0x20, 0x2d, 0x31, 0x30, 0x20, 0x2d, 0x37, 0x2e, 0x35, 0x20,
    0x2d, 0x31, 0x37, 0x2e, 0x35, 0x74, 0x2d, 0x31, 0x37, 0x2e, 0x35, 0x20, 0x2d, 0x37, 0x2e, 0x35,
    0x68, 0x2d, 0x32, 0x35, 0x30, 0x71, 0x2d, 0x31, 0x30, 0x20, 0x30, 0x20, 0x2d, 0x31, 0x37, 0x2e,
    0x35, 0x20, 0x37, 0x2e, 0x35, 0x20, 0x74, 0x2d, 0x37, 0x2e, 0x35, 0x20, 0x31, 0x37, 0x2e, 0x35,
    0x76, 0x31, 0x35, 0x30, 0x71, 0x30, 0x20, 0x31, 0x30, 0x20, 0x37, 0x2e, 0x35, 0x20, 0x31, 0x37,
    0x2e, 0x35, 0x74, 0x31, 0x37, 0x2e, 0x35, 0x20, 0x37, 0x2e, 0x35, 0x7a, 0x4d, 0x38, 0x32, 0x35,
    0x20, 0x32, 0x30, 0x30, 0x68, 0x32, 0x35, 0x30, 0x71, 0x31, 0x30, 0x20, 0x30, 0x20, 0x31, 0x37,
    0x2e, 0x35, 0x20, 0x2d, 0x37, 0x2e, 0x35, 0x74, 0x37, 0x2e, 0x35, 0x20, 0x2d, 0x31, 0x37, 0x2e,
    0x35, 0x76, 0x2d, 0x31, 0x35, 0x30, 0x71, 0x30, 0x20, 0x2d, 0x31, 0x30, 0x20, 0x2d, 0x37, 0x2e,
    0x35, 0x20, 0x2d, 0x31, 0x37, 0x2e, 0x35, 0x74, 0x2d, 0x31, 0x37, 0x2e, 0x35, 0x20, 0x2d, 0x37,
    0x2e, 0x35, 0x68, 0x2d, 0x32, 0x35, 0x30, 0x71, 0x2d, 0x31, 0x30, 0x20, 0x30, 0x20, 0x2d, 0x31,
    0x37, 0x2e, 0x35, 0x20, 0x37, 0x2e, 0x35, 0x74, 0x2d, 0x37, 0x2e, 0x35, 0x20, 0x31, 0x37, 0x2e,
    0x35, 0x76, 0x31, 0x35, 0x30, 0x71, 0x30, 0x20, 0x31, 0x30, 0x20, 0x37, 0x2e, 0x35, 0x20, 0x31,
    0x37, 0x2e, 0x35, 0x74, 0x31, 0x37, 0x2e, 0x35, 0x20, 0x37, 0x2e, 0x35, 0x7a, 0x22, 0x20, 0x2f,
    0x3e, 0x0a, 0x3c, 0x67, 0x6c, 0x79, 0x70, 0x68, 0x20, 0x75, 0x6e, 0x69, 0x63, 0x6f, 0x64, 0x65,
    0x3d, 0x22, 0x26, 0x23, 0x78, 0x65, 0x32, 0x31, 0x31, 0x3b, 0x22, 0x20, 0x64, 0x3d, 0x22, 0x4d,
    0x37, 0x30, 0x30, 0x20, 0x31, 0x32, 0x30, 0x30, 0x68, 0x31, 0x30, 0x30, 0x76, 0x2d, 0x32, 0x30,
    0x30, 0x68, 0x2d, 0x31, 0x30, 0x30, 0x76, 0x2d, 0x31, 0x30, 0x30, 0x68, 0x33, 0x35, 0x30, 0x71,
    0x36, 0x32, 0x20, 0x30, 0x20, 0x38, 0x36, 0x2e, 0x35, 0x20, 0x2d, 0x33, 0x39, 0x2e, 0x35, 0x74,
    0x2d, 0x33, 0x2e, 0x35, 0x20, 0x2d, 0x39, 0x34, 0x2e, 0x35, 0x6c, 0x2d, 0x36, 0x36, 0x20, 0x2d,
    0x31, 0x33, 0x32, 0x71, 0x2d, 0x34, 0x31, 0x20, 0x2d, 0x38, 0x33, 0x20, 0x2d, 0x38, 0x31, 0x20,
    0x2d, 0x31, 0x33, 0x34, 0x68, 0x2d, 0x37, 0x37, 0x32, 0x71, 0x2d, 0x34, 0x30, 0x20, 0x35, 0x31,
    0x20, 0x2d, 0x38, 0x31, 0x20, 0x31, 0x33, 0x34, 0x6c, 0x2d, 0x36, 0x36, 0x20, 0x31, 0x33, 0x32,
    0x71, 0x2d, 0x32, 0x38, 0x20, 0x35, 0x35, 0x20, 0x2d, 0x33, 0x2e, 0x35, 0x20, 0x39, 0x34, 0x2e,
    0x35, 0x74, 0x38, 0x36, 0x2e, 0x35, 0x20, 0x33, 0x39, 0x2e, 0x35, 0x68, 0x33, 0x35, 0x30, 0x76,
    0x31, 0x30, 0x30, 0x68, 0x2d, 0x31, 0x30, 0x30, 0x76, 0x32, 0x30, 0x30, 0x68, 0x31, 0x30, 0x30,
    0x76, 0x31, 0x30, 0x30, 0x68, 0x32, 0x30, 0x30, 0x76, 0x2d, 0x31, 0x30, 0x30, 0x7a, 0x4d, 0x32,
    0x35, 0x30, 0x20, 0x34, 0x30, 0x30, 0x68, 0x37, 0x30, 0x30, 0x71, 0x32, 0x31, 0x20, 0x30, 0x20,
    0x33, 0x35, 0x2e, 0x35, 0x20, 0x2d, 0x31, 0x34, 0x2e, 0x35, 0x74, 0x31, 0x34, 0x2e, 0x35, 0x20,
    0x2d, 0x33, 0x35, 0x2e, 0x35, 0x74, 0x2d, 0x31, 0x34, 0x2e, 0x35, 0x20, 0x2d, 0x33, 0x35, 0x2e,
    0x35, 0x74, 0x2d, 0x33, 0x35, 0x2e, 0x35, 0x20, 0x2d, 0x31, 0x34, 0x2e, 0x35, 0x68, 0x2d, 0x31,
    0x32, 0x6c, 0x31, 0x33, 0x37, 0x20, 0x2d, 0x31, 0x30, 0x30, 0x20, 0x68, 0x2d, 0x39, 0x35, 0x30,
    0x6c, 0x31, 0x33, 0x38, 0x20, 0x31, 0x30, 0x30, 0x68, 0x2d, 0x31, 0x33, 0x71, 0x2d, 0x32, 0x31,
    0x20, 0x30, 0x20, 0x2d, 0x33, 0x35, 0x2e, 0x35, 0x20, 0x31, 0x34, 0x2e, 0x35, 0x74, 0x2d, 0x31,
    0x34, 0x2e, 0x35, 0x20, 0x33, 0x35, 0x2e, 0x35, 0x74, 0x31, 0x34, 0x2e, 0x35, 0x20, 0x33, 0x35,
    0x2e, 0x35, 0x74, 0x33, 0x35, 0x2e, 0x35, 0x20, 0x31, 0x34, 0x2e, 0x35, 0x7a, 0x4d, 0x35, 0x30,
    0x20, 0x31, 0x30, 0x30, 0x68, 0x31, 0x31, 0x30, 0x30, 0x71, 0x32, 0x31, 0x20, 0x30, 0x20, 0x33,
    0x35, 0x2e, 0x35, 0x20, 0x2d, 0x31, 0x34, 0x2e, 0x35, 0x74, 0x31, 0x34, 0x2e, 0x35, 0x20, 0x2d,
    0x33, 0x35, 0x2e, 0x35, 0x76, 0x2d, 0x35, 0x30, 0x68, 0x2d, 0x31, 0x32, 0x30, 0x30, 0x76, 0x35,
    0x30, 0x71, 0x30, 0x20, 0x32, 0x31, 0x20, 0x31, 0x34, 0x2e, 0x35, 0x20, 0x33, 0x35, 0x2e, 0x35,
    0x74, 0x33, 0x35, 0x2e, 0x35, 0x20, 0x31, 0x34, 0x2e, 0x35, 0x7a, 0x22, 0x20, 0x2f, 0x3e, 0x0a,
    0x3c, 0x67, 0x6c, 0x79, 0x70, 0x68, 0x20, 0x75, 0x6e, 0x69, 0x63, 0x6f, 0x64, 0x65, 0x3d, 0x22,
    0x26, 0x23, 0x78, 0x65, 0x32, 0x31, 0x32, 0x3b, 0x22, 0x20, 0x64, 0x3d, 0x22, 0x4d, 0x36, 0x30,
    0x30, 0x20, 0x31, 0x33, 0x30, 0x30, 0x71, 0x34, 0x30, 0x20, 0x30, 0x20, 0x36, 0x38, 0x2e, 0x35,
    0x20, 0x2d, 0x32, 0x39, 0x2e, 0x35, 0x74, 0x32, 0x38, 0x2e, 0x35, 0x20, 0x2d, 0x37, 0x30, 0x2e,
    0x35, 0x68, 0x2d, 0x31, 0x39, 0x34, 0x71, 0x30, 0x20, 0x34, 0x31, 0x20, 0x32, 0x38, 0x2e, 0x35,
    0x20, 0x37, 0x30, 0x2e, 0x35, 0x74, 0x36, 0x38, 0x2e, 0x35, 0x20, 0x32, 0x39, 0x2e, 0x35, 0x7a,
    0x4d, 0x34, 0x34, 0x33, 0x20, 0x31, 0x31, 0x30, 0x30, 0x68, 0x33, 0x31, 0x34, 0x71, 0x31, 0x38,
    0x20, 0x2d, 0x33, 0x37, 0x20, 0x31, 0x38, 0x20, 0x2d, 0x37, 0x35, 0x71, 0x30, 0x20, 0x2d, 0x38,
    0x20, 0x2d, 0x33, 0x20, 0x2d, 0x32, 0x35, 0x68, 0x33, 0x32, 0x38, 0x71, 0x34, 0x31, 0x20, 0x30,
    0x20, 0x34, 0x34, 0x2e, 0x35, 0x20, 0x2d, 0x31, 0x36, 0x2e, 0x35, 0x74, 0x2d, 0x33, 0x30, 0x2e,
    0x35, 0x20, 0x2d, 0x33, 0x38, 0x2e, 0x35, 0x6c, 0x2d, 0x31, 0x37, 0x35, 0x20, 0x2d, 0x31, 0x34,
    0x35, 0x68, 0x2d, 0x36, 0x37, 0x38, 0x6c, 0x2d, 0x31, 0x37, 0x38, 0x20, 0x31, 0x34, 0x35, 0x71,
    0x2d, 0x33, 0x34, 0x20, 0x32, 0x32, 0x20, 0x2d, 0x32, 0x39, 0x20, 0x33, 0x38, 0x2e, 0x35, 0x74,
    0x34, 0x36, 0x20, 0x31, 0x36, 0x2e, 0x35, 0x68, 0x33, 0x32, 0x38, 0x71, 0x2d, 0x33, 0x20, 0x31,
    0x37, 0x20, 0x2d, 0x33, 0x20, 0x32, 0x35, 0x71, 0x30, 0x20, 0x33, 0x38, 0x20, 0x31, 0x38, 0x20,
    0x37, 0x35, 0x7a, 0x4d, 0x32, 0x35, 0x30, 0x20, 0x37, 0x30, 0x30, 0x68, 0x37, 0x30, 0x30, 0x71,
    0x32, 0x31, 0x20, 0x30, 0x20, 0x33, 0x35, 0x2e, 0x35, 0x20, 0x2d, 0x31, 0x34, 0x2e, 0x35, 0x20,
    0x74, 0x31, 0x34, 0x2e, 0x35, 0x20, 0x2d, 0x33, 0x35, 0x2e, 0x35, 0x74, 0x2d, 0x31, 0x34, 0x2e,
    0x35, 0x20, 0x2d, 0x33, 0x35, 0x2e, 0x35, 0x74, 0x2d, 0x33, 0x35, 0x2e, 0x35, 0x20, 0x2d, 0x31,
    0x34, 0x2e, 0x35, 0x68, 0x2d, 0x31, 0x35, 0x30, 0x76, 0x2d, 0x32, 0x30, 0x30, 0x6c, 0x32, 0x37,
    0x35, 0x20, 0x2d, 0x32, 0x30, 0x30, 0x68, 0x2d, 0x39, 0x35, 0x30, 0x6c, 0x32, 0x37, 0x35, 0x20,
    0x32, 0x30, 0x30, 0x76, 0x32, 0x30, 0x30, 0x68, 0x2d, 0x31, 0x35, 0x30, 0x71, 0x2d, 0x32, 0x31,
    0x20, 0x30, 0x20, 0x2d, 0x33, 0x35, 0x2e, 0x35, 0x20, 0x31, 0x34, 0x2e, 0x35, 0x74, 0x2d, 0x31,
    0x34, 0x2e, 0x35, 0x20, 0x33, 0x35, 0x2e, 0x35, 0x74, 0x31, 0x34, 0x2e, 0x35, 0x20, 0x33, 0x35,
    0x2e, 0x35, 0x74, 0x33, 0x35, 0x2e, 0x35, 0x20, 0x31, 0x34, 0x2e, 0x35, 0x7a, 0x4d, 0x35, 0x30,
    0x20, 0x31, 0x30, 0x30, 0x68, 0x31, 0x31, 0x30, 0x30, 0x71, 0x32, 0x31, 0x20, 0x30, 0x20, 0x33,
    0x35, 0x2e, 0x35, 0x20, 0x2d, 0x31, 0x34, 0x2e, 0x35, 0x74, 0x31, 0x34, 0x2e, 0x35, 0x20, 0x2d,
    0x33, 0x35, 0x2e, 0x35, 0x76, 0x2d, 0x35, 0x30, 0x68, 0x2d, 0x31, 0x32, 0x30, 0x30, 0x76, 0x35,
    0x30, 0x71, 0x30, 0x20, 0x32, 0x31, 0x20, 0x31, 0x34, 0x2e, 0x35, 0x20, 0x33, 0x35, 0x2e, 0x35,
    0x74, 0x33, 0x35, 0x2e, 0x35, 0x20, 0x31, 0x34, 0x2e, 0x35, 0x7a, 0x22, 0x20, 0x2f, 0x3e, 0x0a,
    0x3c, 0x67, 0x6c, 0x79, 0x70, 0x68, 0x20, 0x75, 0x6e, 0x69, 0x63, 0x6f, 0x64, 0x65, 0x3d, 0x22,
    0x26, 0x23, 0x78, 0x65, 0x32, 0x31, 0x33, 0x3b, 0x22, 0x20, 0x64, 0x3d, 0x22, 0x4d, 0x36, 0x30,
    0x30, 0x20, 0x31, 0x31, 0x38, 0x31, 0x71, 0x37, 0x35, 0x20, 0x30, 0x20, 0x31, 0x32, 0x38, 0x20,
    0x2d, 0x35, 0x33, 0x74, 0x35, 0x33, 0x20, 0x2d, 0x31, 0x32, 0x38, 0x74, 0x2d, 0x35, 0x33, 0x20,
    0x2d, 0x31, 0x32, 0x38, 0x74, 0x2d, 0x31, 0x32, 0x38, 0x20, 0x2d, 0x35, 0x33, 0x74, 0x2d, 0x31,
    0x32, 0x38, 0x20, 0x35, 0x33, 0x74, 0x2d, 0x35, 0x33, 0x20, 0x31, 0x32, 0x38, 0x74, 0x35, 0x33,
    0x20, 0x31, 0x32, 0x38, 0x74, 0x31, 0x32, 0x38, 0x20, 0x35, 0x33, 0x7a, 0x4d, 0x36, 0x30, 0x32,
    0x20, 0x37, 0x39, 0x38, 0x68, 0x34, 0x36, 0x71, 0x33, 0x34, 0x20, 0x30, 0x20, 0x35, 0x35, 0x2e,
    0x35, 0x20, 0x2d, 0x32, 0x38, 0x2e, 0x35, 0x74, 0x32, 0x31, 0x2e, 0x35, 0x20, 0x2d, 0x38, 0x36,
    0x2e, 0x35, 0x71, 0x30, 0x20, 0x2d, 0x37, 0x36, 0x20, 0x33, 0x39, 0x20, 0x2d, 0x31, 0x38, 0x33,
    0x68, 0x2d, 0x33, 0x32, 0x34, 0x71, 0x33, 0x39, 0x20, 0x31, 0x30, 0x37, 0x20, 0x33, 0x39, 0x20,
    0x31, 0x38, 0x33, 0x71, 0x30, 0x20, 0x35, 0x38, 0x20, 0x32, 0x31, 0x2e, 0x35, 0x20, 0x38, 0x36,
    0x2e, 0x35, 0x74, 0x35, 0x36, 0x2e, 0x35, 0x20, 0x32, 0x38, 0x2e, 0x35, 0x68, 0x34, 0x35, 0x7a,
    0x4d, 0x32, 0x35, 0x30, 0x20, 0x34, 0x30, 0x30, 0x68, 0x37, 0x30, 0x30, 0x71, 0x32, 0x31, 0x20,
    0x30, 0x20, 0x33, 0x35, 0x2e, 0x35, 0x20, 0x2d, 0x31, 0x34, 0x2e, 0x35, 0x74, 0x31, 0x34, 0x2e,
    0x35, 0x20, 0x2d, 0x33, 0x35, 0x2e, 0x35, 0x74, 0x2d, 0x31, 0x34, 0x2e, 0x35, 0x20, 0x2d, 0x33,
    0x35, 0x2e, 0x35, 0x74, 0x2d, 0x33, 0x35, 0x2e, 0x35, 0x20, 0x2d, 0x31, 0x34, 0x2e, 0x35, 0x68,
    0x2d, 0x31, 0x33, 0x20, 0x6c, 0x31, 0x33, 0x38, 0x20, 0x2d, 0x31, 0x30, 0x30, 0x68, 0x2d, 0x39,
    0x35, 0x30, 0x6c, 0x31, 0x33, 0x37, 0x20, 0x31, 0x30, 0x30, 0x68, 0x2d, 0x31, 0x32, 0x71, 0x2d,
    0x32, 0x31, 0x20, 0x30, 0x20, 0x2d, 0x33, 0x35, 0x2e, 0x35, 0x20, 0x31, 0x34, 0x2e, 0x35, 0x74,
    0x2d, 0x31, 0x34, 0x2e, 0x35, 0x20, 0x33, 0x35, 0x2e, 0x35, 0x74, 0x31, 0x34, 0x2e, 0x35, 0x20,
    0x33, 0x35, 0x2e, 0x35, 0x74, 0x33, 0x35, 0x2e, 0x35, 0x20, 0x31, 0x34, 0x2e, 0x35, 0x7a, 0x4d,
    0x35, 0x30, 0x20, 0x31, 0x30, 0x30, 0x68, 0x31, 0x31, 0x30, 0x30, 0x71, 0x32, 0x31, 0x20, 0x30,
    0x20, 0x33, 0x35, 0x2e, 0x35, 0x20, 0x2d, 0x31, 0x34, 0x2e, 0x35, 0x74, 0x31, 0x34, 0x2e, 0x35,
    0x20, 0x2d, 0x33, 0x35, 0x2e, 0x35, 0x76, 0x2d, 0x35, 0x30, 0x68, 0x2d, 0x31, 0x32, 0x30, 0x30,
    0x76, 0x35, 0x30, 0x71, 0x30, 0x20, 0x32, 0x31, 0x20, 0x31, 0x34, 0x2e, 0x35, 0x20, 0x33, 0x35,
    0x2e, 0x35, 0x74, 0x33, 0x35, 0x2e, 0x35, 0x20, 0x31, 0x34, 0x2e, 0x35, 0x7a, 0x22, 0x20, 0x2f,
    0x3e, 0x0a, 0x3c, 0x67, 0x6c, 0x79, 0x70, 0x68, 0x20, 0x75, 0x6e, 0x69, 0x63, 0x6f, 0x64, 0x65,
    0x3d, 0x22, 0x26, 0x23, 0x78, 0x65, 0x32, 0x31, 0x34, 0x3b, 0x22, 0x20, 0x64, 0x3d, 0x22, 0x4d,
    0x36, 0x30, 0x30, 0x20, 0x31, 0x33, 0x30, 0x30, 0x71, 0x34, 0x37, 0x20, 0x30, 0x20, 0x39, 0x32,
    0x2e, 0x35, 0x20, 0x2d, 0x35, 0x33, 0x2e, 0x35, 0x74, 0x37, 0x31, 0x20, 0x2d, 0x31, 0x32, 0x33,
    0x74, 0x32, 0x35, 0x2e, 0x35, 0x20, 0x2d, 0x31, 0x32, 0x33, 0x2e, 0x35, 0x71, 0x30, 0x20, 0x2d,
    0x37, 0x38, 0x20, 0x2d, 0x35, 0x35, 0x2e, 0x35, 0x20, 0x2d, 0x31, 0x33, 0x33, 0x2e, 0x35, 0x74,
    0x2d, 0x31, 0x33, 0x33, 0x2e, 0x35, 0x20, 0x2d, 0x35, 0x35, 0x2e, 0x35, 0x74, 0x2d, 0x31, 0x33,
    0x33, 0x2e, 0x35, 0x20, 0x35, 0x35, 0x2e, 0x35, 0x74, 0x2d, 0x35, 0x35, 0x2e, 0x35, 0x20, 0x31,
    0x33, 0x33, 0x2e, 0x35, 0x71, 0x30, 0x20, 0x36, 0x32, 0x20, 0x33, 0x34, 0x20, 0x31, 0x34, 0x33,
    0x6c, 0x31, 0x34, 0x34, 0x20, 0x2d, 0x31, 0x34, 0x33, 0x6c, 0x31, 0x31, 0x31, 0x20, 0x31, 0x31,
    0x31, 0x6c, 0x2d, 0x31, 0x36, 0x33, 0x20, 0x31, 0x36, 0x33, 0x71, 0x33, 0x34, 0x20, 0x32, 0x36,
    0x20, 0x36, 0x33, 0x20, 0x32, 0x36, 0x7a, 0x4d, 0x36, 0x30, 0x32, 0x20, 0x37, 0x39, 0x38, 0x68,
    0x34, 0x36, 0x71, 0x33, 0x34, 0x20, 0x30, 0x20, 0x35, 0x35, 0x2e, 0x35, 0x20, 0x2d, 0x32, 0x38,
    0x2e, 0x35, 0x74, 0x32, 0x31, 0x2e, 0x35, 0x20, 0x2d, 0x38, 0x36, 0x2e, 0x35, 0x71, 0x30, 0x20,
    0x2d, 0x37, 0x36, 0x20, 0x33, 0x39, 0x20, 0x2d, 0x31, 0x38, 0x33, 0x68, 0x2d, 0x33, 0x32, 0x34,
    0x71, 0x33, 0x39, 0x20, 0x31, 0x30, 0x37, 0x20, 0x33, 0x39, 0x20, 0x31, 0x38, 0x33, 0x71, 0x30,
    0x20, 0x35, 0x38, 0x20, 0x32, 0x31, 0x2e, 0x35, 0x20, 0x38, 0x36, 0x2e, 0x35, 0x74, 0x35, 0x36,
    0x2e, 0x35, 0x20, 0x32, 0x38, 0x2e, 0x35, 0x68, 0x34, 0x35, 0x20, 0x7a, 0x4d, 0x32, 0x35, 0x30,
    0x20, 0x34, 0x30, 0x30, 0x68, 0x37, 0x30, 0x30, 0x71, 0x32, 0x31, 0x20, 0x30, 0x20, 0x33, 0x35,
    0x2e, 0x35, 0x20, 0x2d, 0x31, 0x34, 0x2e, 0x35, 0x74, 0x31, 0x34, 0x2e, 0x35, 0x20, 0x2d, 0x33,
    0x35, 0x2e, 0x35, 0x74, 0x2d, 0x31, 0x34, 0x2e, 0x35, 0x20, 0x2d, 0x33, 0x35, 0x2e, 0x35, 0x74,
    0x2d, 0x33, 0x35, 0x2e, 0x35, 0x20, 0x2d, 0x31, 0x34, 0x2e, 0x35, 0x68, 0x2d, 0x31, 0x33, 0x6c,
    0x31, 0x33, 0x38, 0x20, 0x2d, 0x31, 0x30, 0x30, 0x68, 0x2d, 0x39, 0x35, 0x30, 0x6c, 0x31, 0x33,
    0x37, 0x20, 0x31, 0x30, 0x30, 0x68, 0x2d, 0x31, 0x32, 0x71, 0x2d, 0x32, 0x31, 0x20, 0x30, 0x20,
    0x2d, 0x33, 0x35, 0x2e, 0x35, 0x20, 0x31, 0x34, 0x2e, 0x35, 0x74, 0x2d, 0x31, 0x34, 0x2e, 0x35,
    0x20, 0x33, 0x35, 0x2e, 0x35, 0x74, 0x31, 0x34, 0x2e, 0x35, 0x20, 0x33, 0x35, 0x2e, 0x35, 0x74,
    0x33, 0x35, 0x2e, 0x35, 0x20, 0x31, 0x34, 0x2e, 0x35, 0x7a, 0x4d, 0x35, 0x30, 0x20, 0x31, 0x30,
    0x30, 0x68, 0x31, 0x31, 0x30, 0x30, 0x71, 0x32, 0x31, 0x20, 0x30, 0x20, 0x33, 0x35, 0x2e, 0x35,
    0x20, 0x2d, 0x31, 0x34, 0x2e, 0x35, 0x74, 0x31, 0x34, 0x2e, 0x35, 0x20, 0x2d, 0x33, 0x35, 0x2e,
    0x35, 0x76, 0x2d, 0x35, 0x30, 0x68, 0x2d, 0x31, 0x32, 0x30, 0x30, 0x76, 0x35, 0x30, 0x71, 0x30,
    0x20, 0x32, 0x31, 0x20, 0x31, 0x34, 0x2e, 0x35, 0x20, 0x33, 0x35, 0x2e, 0x35, 0x74, 0x33, 0x35,
    0x2e, 0x35, 0x20, 0x31, 0x34, 0x2e, 0x35, 0x7a, 0x22, 0x20, 0x2f, 0x3e, 0x0a, 0x3c, 0x67, 0x6c,
    0x79, 0x70, 0x68, 0x20, 0x75, 0x6e, 0x69, 0x63, 0x6f, 0x64, 0x65, 0x3d, 0x22, 0x26, 0x23, 0x78,
    0x65, 0x32, 0x31, 0x35, 0x3b, 0x22, 0x20, 0x64, 0x3d, 0x22, 0x4d, 0x36, 0x30, 0x30, 0x20, 0x31,
    0x32, 0x30, 0x30, 0x6c, 0x33, 0x30, 0x30, 0x20, 0x2d, 0x31, 0x36, 0x31, 0x76, 0x2d, 0x31, 0x33,
    0x39, 0x68, 0x2d, 0x33, 0x30, 0x30, 0x71, 0x30, 0x20, 0x2d, 0x35, 0x37, 0x20, 0x31, 0x38, 0x2e,
    0x35, 0x20, 0x2d, 0x31, 0x30, 0x38, 0x74, 0x35, 0x30, 0x20, 0x2d, 0x39, 0x31, 0x2e, 0x35, 0x74,
    0x36, 0x33, 0x20, 0x2d, 0x37, 0x32, 0x74, 0x37, 0x30, 0x20, 0x2d, 0x36, 0x37, 0x2e, 0x35, 0x74,
    0x35, 0x37, 0x2e, 0x35, 0x20, 0x2d, 0x36, 0x31, 0x68, 0x2d, 0x35, 0x33, 0x30, 0x71, 0x2d, 0x36,
    0x30, 0x20, 0x38, 0x33, 0x20, 0x2d, 0x39, 0x30, 0x2e, 0x35, 0x20, 0x31, 0x37, 0x37, 0x2e, 0x35,
    0x74, 0x2d, 0x33, 0x30, 0x2e, 0x35, 0x20, 0x31, 0x37, 0x38, 0x2e, 0x35, 0x74, 0x33, 0x33, 0x20,
    0x31, 0x36, 0x34, 0x2e, 0x35, 0x74, 0x38, 0x37, 0x2e, 0x35, 0x20, 0x31, 0x33, 0x39, 0x2e, 0x35,
    0x74, 0x31, 0x32, 0x36, 0x20, 0x39, 0x36, 0x2e, 0x35, 0x74, 0x31, 0x34, 0x35, 0x2e, 0x35, 0x20,
    0x34, 0x31, 0x2e, 0x35, 0x76, 0x2d, 0x39, 0x38, 0x7a, 0x4d, 0x32, 0x35, 0x30, 0x20, 0x34, 0x30,
    0x30, 0x68, 0x37, 0x30, 0x30, 0x71, 0x32, 0x31, 0x20, 0x30, 0x20, 0x33, 0x35, 0x2e, 0x35, 0x20,
    0x2d, 0x31, 0x34, 0x2e, 0x35, 0x74, 0x31, 0x34, 0x2e, 0x35, 0x20, 0x2d, 0x33, 0x35, 0x2e, 0x35,
    0x74, 0x2d, 0x31, 0x34, 0x2e, 0x35, 0x20, 0x2d, 0x33, 0x35, 0x2e, 0x35, 0x74, 0x2d, 0x33, 0x35,
    0x2e, 0x35, 0x20, 0x2d, 0x31, 0x34, 0x2e, 0x35, 0x68, 0x2d, 0x31, 0x33, 0x6c, 0x31, 0x33, 0x38,
    0x20, 0x2d, 0x31, 0x30, 0x30, 0x68, 0x2d, 0x39, 0x35, 0x30, 0x6c, 0x31, 0x33, 0x37, 0x20, 0x31,
    0x30, 0x30, 0x20, 0x68, 0x2d, 0x31, 0x32, 0x71, 0x2d, 0x32, 0x31, 0x20, 0x30, 0x20, 0x2d, 0x33,
    0x35, 0x2e, 0x35, 0x20, 0x31, 0x34, 0x2e, 0x35, 0x74, 0x2d, 0x31, 0x34, 0x2e, 0x35, 0x20, 0x33,
    0x35, 0x2e, 0x35, 0x74, 0x31, 0x34, 0x2e, 0x35, 0x20, 0x33, 0x35, 0x2e, 0x35, 0x74, 0x33, 0x35,
    0x2e, 0x35, 0x20, 0x31, 0x34, 0x2e, 0x35, 0x7a, 0x4d, 0x35, 0x30, 0x20, 0x31, 0x30, 0x30, 0x68,
    0x31, 0x31, 0x30, 0x30, 0x71, 0x32, 0x31, 0x20, 0x30, 0x20, 0x33, 0x35, 0x2e, 0x35, 0x20, 0x2d,
    0x31, 0x34, 0x2e, 0x35, 0x74, 0x31, 0x34, 0x2e, 0x35, 0x20, 0x2d, 0x33, 0x35, 0x2e, 0x35, 0x76,
    0x2d, 0x35, 0x30, 0x68, 0x2d, 0x31, 0x32, 0x30, 0x30, 0x76, 0x35, 0x30, 0x71, 0x30, 0x20, 0x32,
    0x31, 0x20, 0x31, 0x34, 0x2e, 0x35, 0x20, 0x33, 0x35, 0x2e, 0x35, 0x74, 0x33, 0x35, 0x2e, 0x35,
    0x20, 0x31, 0x34, 0x2e, 0x35, 0x7a, 0x22, 0x20, 0x2f, 0x3e, 0x0a, 0x3c, 0x67, 0x6c, 0x79, 0x70,
    0x68, 0x20, 0x75, 0x6e, 0x69, 0x63, 0x6f, 0x64, 0x65, 0x3d, 0x22, 0x26, 0x23, 0x78, 0x65, 0x32,
    0x31, 0x36, 0x3b, 0x22, 0x20, 0x64, 0x3d, 0x22, 0x4d, 0x36, 0x30, 0x30, 0x20, 0x31, 0x33, 0x30,
    0x30, 0x71, 0x34, 0x31, 0x20, 0x30, 0x20, 0x37, 0x30, 0x2e, 0x35, 0x20, 0x2d, 0x32, 0x39, 0x2e,
    0x35, 0x74, 0x32, 0x39, 0x2e, 0x35, 0x20, 0x2d, 0x37, 0x30, 0x2e, 0x35, 0x76, 0x2d, 0x37, 0x38,
    0x71, 0x34, 0x36, 0x20, 0x2d, 0x32, 0x36, 0x20, 0x37, 0x33, 0x20, 0x2d, 0x37, 0x32, 0x74, 0x32,
    0x37, 0x20, 0x2d, 0x31, 0x30, 0x30, 0x76, 0x2d, 0x35, 0x30, 0x68, 0x2d, 0x34, 0x30, 0x30, 0x76,
    0x35, 0x30, 0x71, 0x30, 0x20, 0x35, 0x34, 0x20, 0x32, 0x37, 0x20, 0x31, 0x30, 0x30, 0x74, 0x37,
    0x33, 0x20, 0x37, 0x32, 0x76, 0x37, 0x38, 0x71, 0x30, 0x20, 0x34, 0x31, 0x20, 0x32, 0x39, 0x2e,
    0x35, 0x20, 0x37, 0x30, 0x2e, 0x35, 0x74, 0x37, 0x30, 0x2e, 0x35, 0x20, 0x32, 0x39, 0x2e, 0x35,
    0x7a, 0x4d, 0x34, 0x30, 0x30, 0x20, 0x38, 0x30, 0x30, 0x68, 0x34, 0x30, 0x30, 0x71, 0x35, 0x34,
    0x20, 0x30, 0x20, 0x31, 0x30, 0x30, 0x20, 0x2d, 0x32, 0x37, 0x74, 0x37, 0x32, 0x20, 0x2d, 0x37,
    0x33, 0x68, 0x2d, 0x31, 0x37, 0x32, 0x76, 0x2d, 0x31, 0x30, 0x30, 0x68, 0x32, 0x30, 0x30, 0x76,
    0x2d, 0x31, 0x30, 0x30, 0x68, 0x2d, 0x32, 0x30, 0x30, 0x76, 0x2d, 0x31, 0x30, 0x30, 0x68, 0x32,
    0x30, 0x30, 0x76, 0x2d, 0x31, 0x30, 0x30, 0x68, 0x2d, 0x32, 0x30, 0x30, 0x76, 0x2d, 0x31, 0x30,
    0x30, 0x68, 0x32, 0x30, 0x30, 0x71, 0x30, 0x20, 0x2d, 0x38, 0x33, 0x20, 0x2d, 0x35, 0x38, 0x2e,
    0x35, 0x20, 0x2d, 0x31, 0x34, 0x31, 0x2e, 0x35, 0x74, 0x2d, 0x31, 0x34, 0x31, 0x2e, 0x35, 0x20,
    0x2d, 0x35, 0x38, 0x2e, 0x35, 0x68, 0x2d, 0x34, 0x30, 0x30, 0x20, 0x71, 0x2d, 0x38, 0x33, 0x20,
    0x30, 0x20, 0x2d, 0x31, 0x34, 0x31, 0x2e, 0x35, 0x20, 0x35, 0x38, 0x2e, 0x35, 0x74, 0x2d, 0x35,
    0x38, 0x2e, 0x35, 0x20, 0x31, 0x34, 0x31, 0x2e, 0x35, 0x76, 0x34, 0x30, 0x30, 0x71, 0x30, 0x20,
    0x38, 0x33, 0x20, 0x35, 0x38, 0x2e, 0x35, 0x20, 0x31, 0x34, 0x31, 0x2e, 0x35, 0x74, 0x31, 0x34,
    0x31, 0x2e, 0x35, 0x20, 0x35, 0x38, 0x2e, 0x35, 0x7a, 0x22, 0x20, 0x2f, 0x3e, 0x0a, 0x3c, 0x67,
    0x6c, 0x79, 0x70, 0x68, 0x20, 0x75, 0x6e, 0x69, 0x63, 0x6f, 0x64, 0x65, 0x3d, 0x22, 0x26, 0x23,
    0x78, 0x65, 0x32, 0x31, 0x38, 0x3b, 0x22, 0x20, 0x64, 0x3d, 0x22, 0x4d, 0x31, 0x35, 0x30, 0x20,
    0x31, 0x31, 0x30, 0x30, 0x68, 0x39, 0x30, 0x30, 0x71, 0x32, 0x31, 0x20, 0x30, 0x20, 0x33, 0x35,
    0x2e, 0x35, 0x20, 0x2d, 0x31, 0x34, 0x2e, 0x35, 0x74, 0x31, 0x34, 0x2e, 0x35, 0x20, 0x2d, 0x33,
    0x35, 0x2e, 0x35, 0x76, 0x2d, 0x35, 0x30, 0x30, 0x71, 0x30, 0x20, 0x2d, 0x32, 0x31, 0x20, 0x2d,
    0x31, 0x34, 0x2e, 0x35, 0x20, 0x2d, 0x33, 0x35, 0x2e, 0x35, 0x74, 0x2d, 0x33, 0x35, 0x2e, 0x35,
    0x20, 0x2d, 0x31, 0x34, 0x2e, 0x35, 0x68, 0x2d, 0x39, 0x30, 0x30, 0x71, 0x2d, 0x32, 0x31, 0x20,
    0x30, 0x20, 0x2d, 0x33, 0x35, 0x2e, 0x35, 0x20, 0x31, 0x34, 0x2e, 0x35, 0x74, 0x2d, 0x31, 0x34,
    0x2e, 0x35, 0x20, 0x33, 0x35, 0x2e, 0x35, 0x76, 0x35, 0x30, 0x30, 0x71, 0x30, 0x20, 0x32, 0x31,
    0x20, 0x31, 0x34, 0x2e, 0x35, 0x20, 0x33, 0x35, 0x2e, 0x35, 0x74, 0x33, 0x35, 0x2e, 0x35, 0x20,
    0x31, 0x34, 0x2e, 0x35, 0x7a, 0x4d, 0x31, 0x32, 0x35, 0x20, 0x34, 0x30, 0x30, 0x68, 0x39, 0x35,
    0x30, 0x71, 0x31, 0x30, 0x20, 0x30, 0x20, 0x31, 0x37, 0x2e, 0x35, 0x20, 0x2d, 0x37, 0x2e, 0x35,
    0x74, 0x37, 0x2e, 0x35, 0x20, 0x2d, 0x31, 0x37, 0x2e, 0x35, 0x76, 0x2d, 0x35, 0x30, 0x71, 0x30,
    0x20, 0x2d, 0x31, 0x30, 0x20, 0x2d, 0x37, 0x2e, 0x35, 0x20, 0x2d, 0x31, 0x37, 0x2e, 0x35, 0x74,
    0x2d, 0x31, 0x37, 0x2e, 0x35, 0x20, 0x2d, 0x37, 0x2e, 0x35, 0x68, 0x2d, 0x32, 0x38, 0x33, 0x6c,
    0x32, 0x32, 0x34, 0x20, 0x2d, 0x32, 0x32, 0x34, 0x71, 0x31, 0x33, 0x20, 0x2d, 0x31, 0x33, 0x20,
    0x31, 0x33, 0x20, 0x2d, 0x33, 0x31, 0x2e, 0x35, 0x74, 0x2d, 0x31, 0x33, 0x20, 0x2d, 0x33, 0x32,
    0x20, 0x74, 0x2d, 0x33, 0x31, 0x2e, 0x35, 0x20, 0x2d, 0x31, 0x33, 0x2e, 0x35, 0x74, 0x2d, 0x33,
    0x31, 0x2e, 0x35, 0x20, 0x31, 0x33, 0x6c, 0x2d, 0x38, 0x38, 0x20, 0x38, 0x38, 0x68, 0x2d, 0x35,
    0x32, 0x34, 0x6c, 0x2d, 0x38, 0x37, 0x20, 0x2d, 0x38, 0x38, 0x71, 0x2d, 0x31, 0x33, 0x20, 0x2d,
    0x31, 0x33, 0x20, 0x2d, 0x33, 0x32, 0x20, 0x2d, 0x31, 0x33, 0x74, 0x2d, 0x33, 0x32, 0x20, 0x31,
    0x33, 0x2e, 0x35, 0x74, 0x2d, 0x31, 0x33, 0x20, 0x33, 0x32, 0x74, 0x31, 0x33, 0x20, 0x33, 0x31,
    0x2e, 0x35, 0x6c, 0x32, 0x32, 0x34, 0x20, 0x32, 0x32, 0x34, 0x68, 0x2d, 0x32, 0x38, 0x39, 0x71,
    0x2d, 0x31, 0x30, 0x20, 0x30, 0x20, 0x2d, 0x31, 0x37, 0x2e, 0x35, 0x20, 0x37, 0x2e, 0x35, 0x74,
    0x2d, 0x37, 0x2e, 0x35, 0x20, 0x31, 0x37, 0x2e, 0x35, 0x76, 0x35, 0x30, 0x71, 0x30, 0x20, 0x31,
    0x30, 0x20, 0x37, 0x2e, 0x35, 0x20, 0x31, 0x37, 0x2e, 0x35, 0x74, 0x31, 0x37, 0x2e, 0x35, 0x20,
    0x37, 0x2e, 0x35, 0x7a, 0x4d, 0x35, 0x34, 0x31, 0x20, 0x33, 0x30, 0x30, 0x6c, 0x2d, 0x31, 0x30,
    0x30, 0x20, 0x2d, 0x31, 0x30, 0x30, 0x68, 0x33, 0x32, 0x34, 0x6c, 0x2d, 0x31, 0x30, 0x30, 0x20,
    0x31, 0x30, 0x30, 0x68, 0x2d, 0x31, 0x32, 0x34, 0x7a, 0x22, 0x20, 0x2f, 0x3e, 0x0a, 0x3c, 0x67,
    0x6c, 0x79, 0x70, 0x68, 0x20, 0x75, 0x6e, 0x69, 0x63, 0x6f, 0x64, 0x65, 0x3d, 0x22, 0x26, 0x23,
    0x78, 0x65, 0x32, 0x31, 0x39, 0x3b, 0x22, 0x20, 0x64, 0x3d, 0x22, 0x4d, 0x32, 0x30, 0x30, 0x20,
    0x31, 0x31, 0x30, 0x30, 0x68, 0x38, 0x30, 0x30, 0x71, 0x38, 0x33, 0x20, 0x30, 0x20, 0x31, 0x34,
    0x31, 0x2e, 0x35, 0x20, 0x2d, 0x35, 0x38, 0x2e, 0x35, 0x74, 0x35, 0x38, 0x2e, 0x35, 0x20, 0x2d,
    0x31, 0x34, 0x31, 0x2e, 0x35, 0x76, 0x2d, 0x32, 0x30, 0x30, 0x68, 0x2d, 0x31, 0x30, 0x30, 0x71,
    0x30, 0x20, 0x34, 0x31, 0x20, 0x2d, 0x32, 0x39, 0x2e, 0x35, 0x20, 0x37, 0x30, 0x2e, 0x35, 0x74,
    0x2d, 0x37, 0x30, 0x2e, 0x35, 0x20, 0x32, 0x39, 0x2e, 0x35, 0x68, 0x2d, 0x32, 0x35, 0x30, 0x71,
    0x2d, 0x34, 0x31, 0x20, 0x30, 0x20, 0x2d, 0x37, 0x30, 0x2e, 0x35, 0x20, 0x2d, 0x32, 0x39, 0x2e,
    0x35, 0x74, 0x2d, 0x32, 0x39, 0x2e, 0x35, 0x20, 0x2d, 0x37, 0x30, 0x2e, 0x35, 0x68, 0x2d, 0x31,
    0x30, 0x30, 0x71, 0x30, 0x20, 0x34, 0x31, 0x20, 0x2d, 0x32, 0x39, 0x2e, 0x35, 0x20, 0x37, 0x30,
    0x2e, 0x35, 0x74, 0x2d, 0x37, 0x30, 0x2e, 0x35, 0x20, 0x32, 0x39, 0x2e, 0x35, 0x68, 0x2d, 0x32,
    0x35, 0x30, 0x71, 0x2d, 0x34, 0x31, 0x20, 0x30, 0x20, 0x2d, 0x37, 0x30, 0x2e, 0x35, 0x20, 0x2d,
    0x32, 0x39, 0x2e, 0x35, 0x74, 0x2d, 0x32, 0x39, 0x2e, 0x35, 0x20, 0x2d, 0x37, 0x30, 0x2e, 0x35,
    0x68, 0x2d, 0x31, 0x30, 0x30, 0x76, 0x32, 0x30, 0x30, 0x71, 0x30, 0x20, 0x38, 0x33, 0x20, 0x35,
    0x38, 0x2e, 0x35, 0x20, 0x31, 0x34, 0x31, 0x2e, 0x35, 0x74, 0x31, 0x34, 0x31, 0x2e, 0x35, 0x20,
    0x35, 0x38, 0x2e, 0x35, 0x7a, 0x4d, 0x31, 0x30, 0x30, 0x20, 0x36, 0x30, 0x30, 0x68, 0x31, 0x30,
    0x30, 0x30, 0x71, 0x34, 0x31, 0x20, 0x30, 0x20, 0x37, 0x30, 0x2e, 0x35, 0x20, 0x2d, 0x32, 0x39,
    0x2e, 0x35, 0x20, 0x74, 0x32, 0x39, 0x2e, 0x35, 0x20, 0x2d, 0x37, 0x30, 0x2e, 0x35, 0x76, 0x2d,
    0x33, 0x30, 0x30, 0x68, 0x2d, 0x31, 0x32, 0x30, 0x30, 0x76, 0x33, 0x30, 0x30, 0x71, 0x30, 0x20,
    0x34, 0x31, 0x20, 0x32, 0x39, 0x2e, 0x35, 0x20, 0x37, 0x30, 0x2e, 0x35, 0x74, 0x37, 0x30, 0x2e,
    0x35, 0x20, 0x32, 0x39, 0x2e, 0x35, 0x7a, 0x4d, 0x33, 0x30, 0x30, 0x20, 0x31, 0x30, 0x30, 0x76,
    0x2d, 0x35, 0x30, 0x71, 0x30, 0x20, 0x2d, 0x32, 0x31, 0x20, 0x2d, 0x31, 0x34, 0x2e, 0x35, 0x20,
    0x2d, 0x33, 0x35, 0x2e, 0x35, 0x74, 0x2d, 0x33, 0x35, 0x2e, 0x35, 0x20, 0x2d, 0x31, 0x34, 0x2e,
    0x35, 0x68, 0x2d, 0x31, 0x30, 0x30, 0x71, 0x2d, 0x32, 0x31, 0x20, 0x30, 0x20, 0x2d, 0x33, 0x35,
    0x2e, 0x35, 0x20, 0x31, 0x34, 0x2e, 0x35, 0x74, 0x2d, 0x31, 0x34, 0x2e, 0x35, 0x20, 0x33, 0x35,
    0x2e, 0x35, 0x76, 0x35, 0x30, 0x68, 0x32, 0x30, 0x30, 0x7a, 0x4d, 0x31, 0x31, 0x30, 0x30, 0x20,
    0x31, 0x30, 0x30, 0x76, 0x2d, 0x35, 0x30, 0x71, 0x30, 0x20, 0x2d, 0x32, 0x31, 0x20, 0x2d, 0x31,
    0x34, 0x2e, 0x35, 0x20, 0x2d, 0x33, 0x35, 0x2e, 0x35, 0x74, 0x2d, 0x33, 0x35, 0x2e, 0x35, 0x20,
    0x2d, 0x31, 0x34, 0x2e, 0x35, 0x68, 0x2d, 0x31, 0x30, 0x30, 0x71, 0x2d, 0x32, 0x31, 0x20, 0x30,
    0x20, 0x2d, 0x33, 0x35, 0x2e, 0x35, 0x20, 0x31, 0x34, 0x2e, 0x35, 0x74, 0x2d, 0x31, 0x34, 0x2e,
    0x35, 0x20, 0x33, 0x35, 0x2e, 0x35, 0x76, 0x35, 0x30, 0x68, 0x32, 0x30, 0x30, 0x7a, 0x22, 0x20,
    0x2f, 0x3e, 0x0a, 0x3c, 0x67, 0x6c, 0x79, 0x70, 0x68, 0x20, 0x75, 0x6e, 0x69, 0x63, 0x6f, 0x64,
    0x65, 0x3d, 0x22, 0x26, 0x23, 0x78, 0x65, 0x32, 0x32, 0x31, 0x3b, 0x22, 0x20, 0x64, 0x3d, 0x22,
    0x4d, 0x34, 0x38, 0x30, 0x20, 0x31, 0x31, 0x36, 0x35, 0x6c, 0x36, 0x38, 0x32, 0x20, 0x2d, 0x36,
    0x38, 0x33, 0x71, 0x33, 0x31, 0x20, 0x2d, 0x33, 0x31, 0x20, 0x33, 0x31, 0x20, 0x2d, 0x37, 0x35,
    0x2e, 0x35, 0x74, 0x2d, 0x33, 0x31, 0x20, 0x2d, 0x37, 0x35, 0x2e, 0x35, 0x6c, 0x2d, 0x31, 0x33,
    0x31, 0x20, 0x2d, 0x31, 0x33, 0x31, 0x68, 0x2d, 0x34, 0x38, 0x31, 0x6c, 0x2d, 0x35, 0x31, 0x37,
    0x20, 0x35, 0x31, 0x38, 0x71, 0x2d, 0x33, 0x32, 0x20, 0x33, 0x31, 0x20, 0x2d, 0x33, 0x32, 0x20,
    0x37, 0x35, 0x2e, 0x35, 0x74, 0x33, 0x32, 0x20, 0x37, 0x35, 0x2e, 0x35, 0x6c, 0x32, 0x39, 0x35,
    0x20, 0x32, 0x39, 0x36, 0x71, 0x33, 0x31, 0x20, 0x33, 0x31, 0x20, 0x37, 0x35, 0x2e, 0x35, 0x20,
    0x33, 0x31, 0x74, 0x37, 0x36, 0x2e, 0x35, 0x20, 0x2d, 0x33, 0x31, 0x7a, 0x4d, 0x31, 0x30, 0x38,
    0x20, 0x37, 0x39, 0x34, 0x6c, 0x33, 0x34, 0x32, 0x20, 0x2d, 0x33, 0x34, 0x32, 0x6c, 0x33, 0x30,
    0x33, 0x20, 0x33, 0x30, 0x34, 0x6c, 0x2d, 0x33, 0x34, 0x31, 0x20, 0x33, 0x34, 0x31, 0x7a, 0x4d,
    0x32, 0x35, 0x30, 0x20, 0x31, 0x30, 0x30, 0x68, 0x38, 0x30, 0x30, 0x71, 0x32, 0x31, 0x20, 0x30,
    0x20, 0x33, 0x35, 0x2e, 0x35, 0x20, 0x2d, 0x31, 0x34, 0x2e, 0x35, 0x74, 0x31, 0x34, 0x2e, 0x35,
    0x20, 0x2d, 0x33, 0x35, 0x2e, 0x35, 0x76, 0x2d, 0x35, 0x30, 0x68, 0x2d, 0x39, 0x30, 0x30, 0x76,
    0x35, 0x30, 0x71, 0x30, 0x20, 0x32, 0x31, 0x20, 0x31, 0x34, 0x2e, 0x35, 0x20, 0x33, 0x35, 0x2e,
    0x35, 0x74, 0x33, 0x35, 0x2e, 0x35, 0x20, 0x31, 0x34, 0x2e, 0x35, 0x7a, 0x22, 0x20, 0x2f, 0x3e,
    0x0a, 0x3c, 0x67, 0x6c, 0x79, 0x70, 0x68, 0x20, 0x75, 0x6e, 0x69, 0x63, 0x6f, 0x64, 0x65, 0x3d,
    0x22, 0x26, 0x23, 0x78, 0x65, 0x32, 0x32, 0x33, 0x3b, 0x22, 0x20, 0x64, 0x3d, 0x22, 0x4d, 0x31,
    0x30, 0x35, 0x37, 0x20, 0x36, 0x34, 0x37, 0x6c, 0x2d, 0x31, 0x38, 0x39, 0x20, 0x35, 0x30, 0x36,
    0x71, 0x2d, 0x38, 0x20, 0x31, 0x39, 0x20, 0x2d, 0x32, 0x37, 0x2e, 0x35, 0x20, 0x33, 0x33, 0x74,
    0x2d, 0x34, 0x30, 0x2e, 0x35, 0x20, 0x31, 0x34, 0x68, 0x2d, 0x34, 0x30, 0x30, 0x71, 0x2d, 0x32,
    0x31, 0x20, 0x30, 0x20, 0x2d, 0x34, 0x30, 0x2e, 0x35, 0x20, 0x2d, 0x31, 0x34, 0x74, 0x2d, 0x32,
    0x37, 0x2e, 0x35, 0x20, 0x2d, 0x33, 0x33, 0x6c, 0x2d, 0x31, 0x38, 0x39, 0x20, 0x2d, 0x35, 0x30,
    0x36, 0x71, 0x2d, 0x38, 0x20, 0x2d, 0x31, 0x39, 0x20, 0x31, 0x2e, 0x35, 0x20, 0x2d, 0x33, 0x33,
    0x74, 0x33, 0x30, 0x2e, 0x35, 0x20, 0x2d, 0x31, 0x34, 0x68, 0x36, 0x32, 0x35, 0x76, 0x2d, 0x31,
    0x35, 0x30, 0x71, 0x30, 0x20, 0x2d, 0x32, 0x31, 0x20, 0x31, 0x34, 0x2e, 0x35, 0x20, 0x2d, 0x33,
    0x35, 0x2e, 0x35, 0x74, 0x33, 0x35, 0x2e, 0x35, 0x20, 0x2d, 0x31, 0x34, 0x2e, 0x35, 0x74, 0x33,
    0x35, 0x2e, 0x35, 0x20, 0x31, 0x34, 0x2e, 0x35, 0x74, 0x31, 0x34, 0x2e, 0x35, 0x20, 0x33, 0x35,
    0x2e, 0x35, 0x76, 0x31, 0x35, 0x30, 0x68, 0x31, 0x32, 0x35, 0x71, 0x32, 0x31, 0x20, 0x30, 0x20,
    0x33, 0x30, 0x2e, 0x35, 0x20, 0x31, 0x34, 0x74, 0x31, 0x2e, 0x35, 0x20, 0x33, 0x33, 0x7a, 0x4d,
    0x38, 0x39, 0x37, 0x20, 0x30, 0x68, 0x2d, 0x35, 0x39, 0x35, 0x76, 0x35, 0x30, 0x71, 0x30, 0x20,
    0x32, 0x31, 0x20, 0x31, 0x34, 0x2e, 0x35, 0x20, 0x33, 0x35, 0x2e, 0x35, 0x74, 0x33, 0x35, 0x2e,
    0x35, 0x20, 0x31, 0x34, 0x2e, 0x35, 0x68, 0x35, 0x30, 0x76, 0x35, 0x30, 0x20, 0x71, 0x30, 0x20,
    0x32, 0x31, 0x20, 0x31, 0x34, 0x2e, 0x35, 0x20, 0x33, 0x35, 0x2e, 0x35, 0x74, 0x33, 0x35, 0x2e,
    0x35, 0x20, 0x31, 0x34, 0x2e, 0x35, 0x68, 0x34, 0x38, 0x76, 0x33, 0x30, 0x30, 0x68, 0x32, 0x30,
    0x30, 0x76, 0x2d, 0x33, 0x30, 0x30, 0x68, 0x34, 0x37, 0x71, 0x32, 0x31, 0x20, 0x30, 0x20, 0x33,
    0x35, 0x2e, 0x35, 0x20, 0x2d, 0x31, 0x34, 0x2e, 0x35, 0x74, 0x31, 0x34, 0x2e, 0x35, 0x20, 0x2d,
    0x33, 0x35, 0x2e, 0x35, 0x76, 0x2d, 0x35, 0x30, 0x68, 0x35, 0x30, 0x71, 0x32, 0x31, 0x20, 0x30,
    0x20, 0x33, 0x35, 0x2e, 0x35, 0x20, 0x2d, 0x31, 0x34, 0x2e, 0x35, 0x74, 0x31, 0x34, 0x2e, 0x35,
    0x20, 0x2d, 0x33, 0x35, 0x2e, 0x35, 0x76, 0x2d, 0x35, 0x30, 0x7a, 0x22, 0x20, 0x2f, 0x3e, 0x0a,
    0x3c, 0x67, 0x6c, 0x79, 0x70, 0x68, 0x20, 0x75, 0x6e, 0x69, 0x63, 0x6f, 0x64, 0x65, 0x3d, 0x22,
    0x26, 0x23, 0x78, 0x65, 0x32, 0x32, 0x34, 0x3b, 0x22, 0x20, 0x64, 0x3d, 0x22, 0x4d, 0x39, 0x30,
    0x30, 0x20, 0x38, 0x30, 0x30, 0x68, 0x33, 0x30, 0x30, 0x76, 0x2d, 0x35, 0x37, 0x35, 0x71, 0x30,
    0x20, 0x2d, 0x31, 0x30, 0x20, 0x2d, 0x37, 0x2e, 0x35, 0x20, 0x2d, 0x31, 0x37, 0x2e, 0x35, 0x74,
    0x2d, 0x31, 0x37, 0x2e, 0x35, 0x20, 0x2d, 0x37, 0x2e, 0x35, 0x68, 0x2d, 0x33, 0x37, 0x35, 0x76,
    0x35, 0x39, 0x31, 0x6c, 0x2d, 0x33, 0x30, 0x30, 0x20, 0x33, 0x30, 0x30, 0x76, 0x38, 0x34, 0x71,
    0x30, 0x20, 0x31, 0x30, 0x20, 0x37, 0x2e, 0x35, 0x20, 0x31, 0x37, 0x2e, 0x35, 0x74, 0x31, 0x37,
    0x2e, 0x35, 0x20, 0x37, 0x2e, 0x35, 0x68, 0x33, 0x37, 0x35, 0x76, 0x2d, 0x34, 0x30, 0x30, 0x7a,
    0x4d, 0x31, 0x32, 0x30, 0x30, 0x20, 0x39, 0x30, 0x30, 0x68, 0x2d, 0x32, 0x30, 0x30, 0x76, 0x32,
    0x30, 0x30, 0x7a, 0x4d, 0x34, 0x30, 0x30, 0x20, 0x36, 0x30, 0x30, 0x68, 0x33, 0x30, 0x30, 0x76,
    0x2d, 0x35, 0x37, 0x35, 0x71, 0x30, 0x20, 0x2d, 0x31, 0x30, 0x20, 0x2d, 0x37, 0x2e, 0x35, 0x20,
    0x2d, 0x31, 0x37, 0x2e, 0x35, 0x74, 0x2d, 0x31, 0x37, 0x2e, 0x35, 0x20, 0x2d, 0x37, 0x2e, 0x35,
    0x68, 0x2d, 0x36, 0x35, 0x30, 0x71, 0x2d, 0x31, 0x30, 0x20, 0x30, 0x20, 0x2d, 0x31, 0x37, 0x2e,
    0x35, 0x20, 0x37, 0x2e, 0x35, 0x74, 0x2d, 0x37, 0x2e, 0x35, 0x20, 0x31, 0x37, 0x2e, 0x35, 0x76,
    0x39, 0x35, 0x30, 0x71, 0x30, 0x20, 0x31, 0x30, 0x20, 0x37, 0x2e, 0x35, 0x20, 0x31, 0x37, 0x2e,
    0x35, 0x74, 0x31, 0x37, 0x2e, 0x35, 0x20, 0x37, 0x2e, 0x35, 0x68, 0x33, 0x37, 0x35, 0x76, 0x2d,
    0x34, 0x30, 0x30, 0x7a, 0x4d, 0x37, 0x30, 0x30, 0x20, 0x37, 0x30, 0x30, 0x68, 0x2d, 0x32, 0x30,
    0x30, 0x76, 0x32, 0x30, 0x30, 0x7a, 0x20, 0x22, 0x20, 0x2f, 0x3e, 0x0a, 0x3c, 0x67, 0x6c, 0x79,
    0x70, 0x68, 0x20, 0x75, 0x6e, 0x69, 0x63, 0x6f, 0x64, 0x65, 0x3d, 0x22, 0x26, 0x23, 0x78, 0x65,
    0x32, 0x32, 0x35, 0x3b, 0x22, 0x20, 0x64, 0x3d, 0x22, 0x4d, 0x34, 0x38, 0x34, 0x20, 0x31, 0x30,
    0x39, 0x35, 0x68, 0x31, 0x39, 0x35, 0x71, 0x37, 0x35, 0x20, 0x30, 0x20, 0x31, 0x34, 0x36, 0x20,
    0x2d, 0x33, 0x32, 0x2e, 0x35, 0x74, 0x31, 0x32, 0x34, 0x20, 0x2d, 0x38, 0x36, 0x74, 0x38, 0x39,
    0x2e, 0x35, 0x20, 0x2d, 0x31, 0x32, 0x32, 0x2e, 0x35, 0x74, 0x34, 0x38, 0x2e, 0x35, 0x20, 0x2d,
    0x31, 0x34, 0x32, 0x71, 0x31, 0x38, 0x20, 0x2d, 0x31, 0x34, 0x20, 0x33, 0x35, 0x20, 0x2d, 0x32,
    0x30, 0x71, 0x33, 0x31, 0x20, 0x2d, 0x31, 0x30, 0x20, 0x36, 0x34, 0x2e, 0x35, 0x20, 0x36, 0x2e,
    0x35, 0x74, 0x34, 0x33, 0x2e, 0x35, 0x20, 0x34, 0x38, 0x2e, 0x35, 0x71, 0x31, 0x30, 0x20, 0x33,
    0x34, 0x20, 0x2d, 0x31, 0x35, 0x20, 0x37, 0x31, 0x71, 0x2d, 0x31, 0x39, 0x20, 0x32, 0x37, 0x20,
    0x2d, 0x39, 0x20, 0x34, 0x33, 0x71, 0x35, 0x20, 0x38, 0x20, 0x31, 0x32, 0x2e, 0x35, 0x20, 0x31,
    0x31, 0x74, 0x31, 0x39, 0x20, 0x2d, 0x31, 0x74, 0x32, 0x33, 0x2e, 0x35, 0x20, 0x2d, 0x31, 0x36,
    0x71, 0x34, 0x31, 0x20, 0x2d, 0x34, 0x34, 0x20, 0x33, 0x39, 0x20, 0x2d, 0x31, 0x30, 0x35, 0x71,
    0x2d, 0x33, 0x20, 0x2d, 0x36, 0x33, 0x20, 0x2d, 0x34, 0x36, 0x20, 0x2d, 0x31, 0x30, 0x36, 0x2e,
    0x35, 0x74, 0x2d, 0x31, 0x30, 0x34, 0x20, 0x2d, 0x34, 0x33, 0x2e, 0x35, 0x68, 0x2d, 0x36, 0x32,
    0x71, 0x2d, 0x37, 0x20, 0x2d, 0x35, 0x35, 0x20, 0x2d, 0x33, 0x35, 0x20, 0x2d, 0x31, 0x31, 0x37,
    0x74, 0x2d, 0x35, 0x36, 0x20, 0x2d, 0x31, 0x30, 0x30, 0x6c, 0x2d, 0x33, 0x39, 0x20, 0x2d, 0x32,
    0x33, 0x34, 0x71, 0x2d, 0x33, 0x20, 0x2d, 0x32, 0x30, 0x20, 0x2d, 0x32, 0x30, 0x20, 0x2d, 0x33,
    0x34, 0x2e, 0x35, 0x20, 0x74, 0x2d, 0x33, 0x38, 0x20, 0x2d, 0x31, 0x34, 0x2e, 0x35, 0x68, 0x2d,
    0x31, 0x30, 0x30, 0x71, 0x2d, 0x32, 0x31, 0x20, 0x30, 0x20, 0x2d, 0x33, 0x33, 0x20, 0x31, 0x34,
    0x2e, 0x35, 0x74, 0x2d, 0x39, 0x20, 0x33, 0x34, 0x2e, 0x35, 0x6c, 0x31, 0x32, 0x20, 0x37, 0x30,
    0x71, 0x2d, 0x34, 0x39, 0x20, 0x2d, 0x31, 0x34, 0x20, 0x2d, 0x39, 0x31, 0x20, 0x2d, 0x31, 0x34,
    0x68, 0x2d, 0x31, 0x39, 0x35, 0x71, 0x2d, 0x32, 0x34, 0x20, 0x30, 0x20, 0x2d, 0x36, 0x35, 0x20,
    0x38, 0x6c, 0x2d, 0x31, 0x31, 0x20, 0x2d, 0x36, 0x34, 0x71, 0x2d, 0x33, 0x20, 0x2d, 0x32, 0x30,
    0x20, 0x2d, 0x32, 0x30, 0x20, 0x2d, 0x33, 0x34, 0x2e, 0x35, 0x74, 0x2d, 0x33, 0x38, 0x20, 0x2d,
    0x31, 0x34, 0x2e, 0x35, 0x68, 0x2d, 0x31, 0x30, 0x30, 0x71, 0x2d, 0x32, 0x31, 0x20, 0x30, 0x20,
    0x2d, 0x33, 0x33, 0x20, 0x31, 0x34, 0x2e, 0x35, 0x74, 0x2d, 0x39, 0x20, 0x33, 0x34, 0x2e, 0x35,
    0x6c, 0x32, 0x36, 0x20, 0x31, 0x35, 0x37, 0x71, 0x2d, 0x38, 0x34, 0x20, 0x37, 0x34, 0x20, 0x2d,
    0x31, 0x32, 0x38, 0x20, 0x31, 0x37, 0x35, 0x6c, 0x2d, 0x31, 0x35, 0x39, 0x20, 0x35, 0x33, 0x71,
    0x2d, 0x31, 0x39, 0x20, 0x37, 0x20, 0x2d, 0x33, 0x33, 0x20, 0x32, 0x36, 0x74, 0x2d, 0x31, 0x34,
    0x20, 0x34, 0x30, 0x76, 0x35, 0x30, 0x71, 0x30, 0x20, 0x32, 0x31, 0x20, 0x31, 0x34, 0x2e, 0x35,
    0x20, 0x33, 0x35, 0x2e, 0x35, 0x74, 0x33, 0x35, 0x2e, 0x35, 0x20, 0x31, 0x34, 0x2e, 0x35, 0x68,
    0x31, 0x32, 0x34, 0x71, 0x31, 0x31, 0x20, 0x38, 0x37, 0x20, 0x35, 0x36, 0x20, 0x31, 0x36, 0x36,
    0x6c, 0x2d, 0x31, 0x31, 0x31, 0x20, 0x39, 0x35, 0x20, 0x71, 0x2d, 0x31, 0x36, 0x20, 0x31, 0x34,
    0x20, 0x2d, 0x31, 0x32, 0x2e, 0x35, 0x20, 0x32, 0x33, 0x2e, 0x35, 0x74, 0x32, 0x34, 0x2e, 0x35,
    0x20, 0x39, 0x2e, 0x35, 0x68, 0x32, 0x30, 0x33, 0x71, 0x31, 0x31, 0x36, 0x20, 0x31, 0x30, 0x31,
    0x20, 0x32, 0x35, 0x30, 0x20, 0x31, 0x30, 0x31, 0x7a, 0x4d, 0x36, 0x37, 0x35, 0x20, 0x31, 0x30,
    0x30, 0x30, 0x68, 0x2d, 0x32, 0x35, 0x30, 0x71, 0x2d, 0x31, 0x30, 0x20, 0x30, 0x20, 0x2d, 0x31,
    0x37, 0x2e, 0x35, 0x20, 0x2d, 0x37, 0x2e, 0x35, 0x74, 0x2d, 0x37, 0x2e, 0x35, 0x20, 0x2d, 0x31,
    0x37, 0x2e, 0x35, 0x76, 0x2d, 0x35, 0x30, 0x71, 0x30, 0x20, 0x2d, 0x31, 0x30, 0x20, 0x37, 0x2e,
    0x35, 0x20, 0x2d, 0x31, 0x37, 0x2e, 0x35, 0x74, 0x31, 0x37, 0x2e, 0x35, 0x20, 0x2d, 0x37, 0x2e,
    0x35, 0x68, 0x32, 0x35, 0x30, 0x71, 0x31, 0x30, 0x20, 0x30, 0x20, 0x31, 0x37, 0x2e, 0x35, 0x20,
    0x37, 0x2e, 0x35, 0x74, 0x37, 0x2e, 0x35, 0x20, 0x31, 0x37, 0x2e, 0x35, 0x76, 0x35, 0x30, 0x71,
    0x30, 0x20, 0x31, 0x30, 0x20, 0x2d, 0x37, 0x2e, 0x35, 0x20, 0x31, 0x37, 0x2e, 0x35, 0x74, 0x2d,
    0x31, 0x37, 0x2e, 0x35, 0x20, 0x37, 0x2e, 0x35, 0x7a, 0x22, 0x20, 0x2f, 0x3e, 0x0a, 0x3c, 0x67,
    0x6c, 0x79, 0x70, 0x68, 0x20, 0x75, 0x6e, 0x69, 0x63, 0x6f, 0x64, 0x65, 0x3d, 0x22, 0x26, 0x23,
    0x78, 0x65, 0x32, 0x32, 0x36, 0x3b, 0x22, 0x20, 0x64, 0x3d, 0x22, 0x4d, 0x36, 0x34, 0x31, 0x20,
    0x39, 0x30, 0x30, 0x6c, 0x34, 0x32, 0x33, 0x20, 0x32, 0x34, 0x37, 0x71, 0x31, 0x39, 0x20, 0x38,
    0x20, 0x34, 0x32, 0x20, 0x32, 0x2e, 0x35, 0x74, 0x33, 0x37, 0x20, 0x2d, 0x32, 0x31, 0x2e, 0x35,
    0x6c, 0x33, 0x32, 0x20, 0x2d, 0x33, 0x38, 0x71, 0x31, 0x34, 0x20, 0x2d, 0x31, 0x35, 0x20, 0x31,
    0x32, 0x2e, 0x35, 0x20, 0x2d, 0x33, 0x36, 0x74, 0x2d, 0x31, 0x37, 0x2e, 0x35, 0x20, 0x2d, 0x33,
    0x34, 0x6c, 0x2d, 0x31, 0x33, 0x39, 0x20, 0x2d, 0x31, 0x32, 0x30, 0x68, 0x2d, 0x33, 0x39, 0x30,
    0x7a, 0x4d, 0x35, 0x30, 0x20, 0x31, 0x31, 0x30, 0x30, 0x68, 0x31, 0x30, 0x36, 0x71, 0x36, 0x37,
    0x20, 0x30, 0x20, 0x31, 0x30, 0x33, 0x20, 0x2d, 0x31, 0x37, 0x74, 0x36, 0x36, 0x20, 0x2d, 0x37,
    0x31, 0x6c, 0x31, 0x30, 0x32, 0x20, 0x2d, 0x32, 0x31, 0x32, 0x68, 0x38, 0x32, 0x33, 0x71, 0x32,
    0x31, 0x20, 0x30, 0x20, 0x33, 0x35, 0x2e, 0x35, 0x20, 0x2d, 0x31, 0x34, 0x2e, 0x35, 0x74, 0x31,
    0x34, 0x2e, 0x35, 0x20, 0x2d, 0x33, 0x35, 0x2e, 0x35, 0x76, 0x2d, 0x35, 0x30, 0x71, 0x30, 0x20,
    0x2d, 0x32, 0x31, 0x20, 0x2d, 0x31, 0x34, 0x20, 0x2d, 0x34, 0x30, 0x74, 0x2d, 0x33, 0x33, 0x20,
    0x2d, 0x32, 0x36, 0x6c, 0x2d, 0x37, 0x33, 0x37, 0x20, 0x2d, 0x31, 0x33, 0x32, 0x71, 0x2d, 0x32,
    0x33, 0x20, 0x2d, 0x34, 0x20, 0x2d, 0x34, 0x30, 0x20, 0x36, 0x74, 0x2d, 0x32, 0x36, 0x20, 0x32,
    0x35, 0x71, 0x2d, 0x34, 0x32, 0x20, 0x36, 0x37, 0x20, 0x2d, 0x31, 0x30, 0x30, 0x20, 0x36, 0x37,
    0x68, 0x2d, 0x33, 0x30, 0x30, 0x71, 0x2d, 0x36, 0x32, 0x20, 0x30, 0x20, 0x2d, 0x31, 0x30, 0x36,
    0x20, 0x34, 0x34, 0x20, 0x74, 0x2d, 0x34, 0x34, 0x20, 0x31, 0x30, 0x36, 0x76, 0x32, 0x30, 0x30,
    0x71, 0x30, 0x20, 0x36, 0x32, 0x20, 0x34, 0x34, 0x20, 0x31, 0x30, 0x36, 0x74, 0x31, 0x30, 0x36,
    0x20, 0x34, 0x34, 0x7a, 0x4d, 0x31, 0x37, 0x33, 0x20, 0x39, 0x32, 0x38, 0x68, 0x2d, 0x38, 0x30,
    0x71, 0x2d, 0x31, 0x39, 0x20, 0x30, 0x20, 0x2d, 0x32, 0x38, 0x20, 0x2d, 0x31, 0x34, 0x74, 0x2d,
    0x39, 0x20, 0x2d, 0x33, 0x35, 0x76, 0x2d, 0x35, 0x36, 0x71, 0x30, 0x20, 0x2d, 0x35, 0x31, 0x20,
    0x34, 0x32, 0x20, 0x2d, 0x35, 0x31, 0x68, 0x31, 0x33, 0x34, 0x71, 0x31, 0x36, 0x20, 0x30, 0x20,
    0x32, 0x31, 0x2e, 0x35, 0x20, 0x38, 0x74, 0x35, 0x2e, 0x35, 0x20, 0x32, 0x34, 0x71, 0x30, 0x20,
    0x31, 0x31, 0x20, 0x2d, 0x31, 0x36, 0x20, 0x34, 0x35, 0x74, 0x2d, 0x32, 0x37, 0x20, 0x35, 0x31,
    0x71, 0x2d, 0x31, 0x38, 0x20, 0x32, 0x38, 0x20, 0x2d, 0x34, 0x33, 0x20, 0x32, 0x38, 0x7a, 0x4d,
    0x35, 0x35, 0x30, 0x20, 0x37, 0x32, 0x37, 0x71, 0x2d, 0x33, 0x32, 0x20, 0x30, 0x20, 0x2d, 0x35,
    0x34, 0x2e, 0x35, 0x20, 0x2d, 0x32, 0x32, 0x2e, 0x35, 0x74, 0x2d, 0x32, 0x32, 0x2e, 0x35, 0x20,
    0x2d, 0x35, 0x34, 0x2e, 0x35, 0x74, 0x32, 0x32, 0x2e, 0x35, 0x20, 0x2d, 0x35, 0x34, 0x2e, 0x35,
    0x74, 0x35, 0x34, 0x2e, 0x35, 0x20, 0x2d, 0x32, 0x32, 0x2e, 0x35, 0x74, 0x35, 0x34, 0x2e, 0x35,
    0x20, 0x32, 0x32, 0x2e, 0x35, 0x74, 0x32, 0x32, 0x2e, 0x35, 0x20, 0x35, 0x34, 0x2e, 0x35, 0x74,
    0x2d, 0x32, 0x32, 0x2e, 0x35, 0x20, 0x35, 0x34, 0x2e, 0x35, 0x74, 0x2d, 0x35, 0x34, 0x2e, 0x35,
    0x20, 0x32, 0x32, 0x2e, 0x35, 0x7a, 0x4d, 0x31, 0x33, 0x30, 0x20, 0x33, 0x38, 0x39, 0x20, 0x6c,
    0x31, 0x35, 0x32, 0x20, 0x31, 0x33, 0x30, 0x71, 0x31, 0x38, 0x20, 0x31, 0x39, 0x20, 0x33, 0x34,
    0x20, 0x32, 0x34, 0x74, 0x33, 0x31, 0x20, 0x2d, 0x33, 0x2e, 0x35, 0x74, 0x32, 0x34, 0x2e, 0x35,
    0x20, 0x2d, 0x31, 0x37, 0x2e, 0x35, 0x74, 0x32, 0x35, 0x2e, 0x35, 0x20, 0x2d, 0x32, 0x38, 0x71,
    0x32, 0x38, 0x20, 0x2d, 0x33, 0x35, 0x20, 0x35, 0x30, 0x2e, 0x35, 0x20, 0x2d, 0x35, 0x31, 0x74,
    0x34, 0x38, 0x2e, 0x35, 0x20, 0x2d, 0x31, 0x33, 0x6c, 0x36, 0x33, 0x20, 0x35, 0x6c, 0x34, 0x38,
    0x20, 0x2d, 0x31, 0x37, 0x39, 0x71, 0x31, 0x33, 0x20, 0x2d, 0x36, 0x31, 0x20, 0x2d, 0x33, 0x2e,
    0x35, 0x20, 0x2d, 0x39, 0x37, 0x2e, 0x35, 0x74, 0x2d, 0x36, 0x37, 0x2e, 0x35, 0x20, 0x2d, 0x37,
    0x39, 0x2e, 0x35, 0x6c, 0x2d, 0x38, 0x30, 0x20, 0x2d, 0x36, 0x39, 0x71, 0x2d, 0x34, 0x37, 0x20,
    0x2d, 0x34, 0x30, 0x20, 0x2d, 0x31, 0x30, 0x39, 0x20, 0x2d, 0x33, 0x35, 0x2e, 0x35, 0x74, 0x2d,
    0x31, 0x30, 0x33, 0x20, 0x35, 0x31, 0x2e, 0x35, 0x6c, 0x2d, 0x31, 0x33, 0x30, 0x20, 0x31, 0x35,
    0x31, 0x71, 0x2d, 0x34, 0x30, 0x20, 0x34, 0x37, 0x20, 0x2d, 0x33, 0x35, 0x2e, 0x35, 0x20, 0x31,
    0x30, 0x39, 0x2e, 0x35, 0x74, 0x35, 0x31, 0x2e, 0x35, 0x20, 0x31, 0x30, 0x32, 0x2e, 0x35, 0x7a,
    0x4d, 0x33, 0x38, 0x30, 0x20, 0x33, 0x37, 0x37, 0x6c, 0x2d, 0x31, 0x30, 0x32, 0x20, 0x2d, 0x38,
    0x38, 0x71, 0x2d, 0x33, 0x31, 0x20, 0x2d, 0x32, 0x37, 0x20, 0x32, 0x20, 0x2d, 0x36, 0x35, 0x6c,
    0x33, 0x37, 0x20, 0x2d, 0x34, 0x33, 0x71, 0x31, 0x33, 0x20, 0x2d, 0x31, 0x35, 0x20, 0x32, 0x37,
    0x2e, 0x35, 0x20, 0x2d, 0x31, 0x39, 0x2e, 0x35, 0x20, 0x74, 0x33, 0x31, 0x2e, 0x35, 0x20, 0x36,
    0x2e, 0x35, 0x6c, 0x36, 0x31, 0x20, 0x35, 0x33, 0x71, 0x31, 0x39, 0x20, 0x31, 0x36, 0x20, 0x31,
    0x34, 0x20, 0x34, 0x39, 0x71, 0x2d, 0x32, 0x20, 0x32, 0x30, 0x20, 0x2d, 0x31, 0x32, 0x20, 0x35,
    0x36, 0x74, 0x2d, 0x31, 0x37, 0x20, 0x34, 0x35, 0x71, 0x2d, 0x31, 0x31, 0x20, 0x31, 0x32, 0x20,
    0x2d, 0x31, 0x39, 0x20, 0x31, 0x34, 0x74, 0x2d, 0x32, 0x33, 0x20, 0x2d, 0x38, 0x7a, 0x22, 0x20,
    0x2f, 0x3e, 0x0a, 0x3c, 0x67, 0x6c, 0x79, 0x70, 0x68, 0x20, 0x75, 0x6e, 0x69, 0x63, 0x6f, 0x64,
    0x65, 0x3d, 0x22, 0x26, 0x23, 0x78, 0x65, 0x32, 0x32, 0x37, 0x3b, 0x22, 0x20, 0x64, 0x3d, 0x22,
    0x4d, 0x36, 0x32, 0x35, 0x20, 0x31, 0x32, 0x30, 0x30, 0x68, 0x31, 0x35, 0x30, 0x71, 0x31, 0x30,
    0x20, 0x30, 0x20, 0x31, 0x37, 0x2e, 0x35, 0x20, 0x2d, 0x37, 0x2e, 0x35, 0x74, 0x37, 0x2e, 0x35,
    0x20, 0x2d, 0x31, 0x37, 0x2e, 0x35, 0x76, 0x2d, 0x31, 0x30, 0x39, 0x71, 0x37, 0x39, 0x20, 0x2d,
    0x33, 0x33, 0x20, 0x31, 0x33, 0x31, 0x20, 0x2d, 0x38, 0x37, 0x2e, 0x35, 0x74, 0x35, 0x33, 0x20,
    0x2d, 0x31, 0x32, 0x38, 0x2e, 0x35, 0x71, 0x31, 0x20, 0x2d, 0x34, 0x36, 0x20, 0x2d, 0x31, 0x35,
    0x20, 0x2d, 0x38, 0x34, 0x2e, 0x35, 0x74, 0x2d, 0x33, 0x39, 0x20, 0x2d, 0x36, 0x31, 0x74, 0x2d,
    0x34, 0x36, 0x20, 0x2d, 0x33, 0x38, 0x74, 0x2d, 0x33, 0x39, 0x20, 0x2d, 0x32, 0x31, 0x2e, 0x35,
    0x6c, 0x2d, 0x31, 0x37, 0x20, 0x2d, 0x36, 0x71, 0x36, 0x20, 0x30, 0x20, 0x31, 0x35, 0x20, 0x2d,
    0x31, 0x2e, 0x35, 0x74, 0x33, 0x35, 0x20, 0x2d, 0x39, 0x74, 0x35, 0x30, 0x20, 0x2d, 0x31, 0x37,
    0x2e, 0x35, 0x74, 0x35, 0x33, 0x20, 0x2d, 0x33, 0x30, 0x74, 0x35, 0x30, 0x20, 0x2d, 0x34, 0x35,
    0x74, 0x33, 0x35, 0x2e, 0x35, 0x20, 0x2d, 0x36, 0x34, 0x74, 0x31, 0x34, 0x2e, 0x35, 0x20, 0x2d,
    0x38, 0x34, 0x71, 0x30, 0x20, 0x2d, 0x35, 0x39, 0x20, 0x2d, 0x31, 0x31, 0x2e, 0x35, 0x20, 0x2d,
    0x31, 0x30, 0x35, 0x2e, 0x35, 0x74, 0x2d, 0x32, 0x38, 0x2e, 0x35, 0x20, 0x2d, 0x37, 0x36, 0x2e,
    0x35, 0x74, 0x2d, 0x34, 0x34, 0x20, 0x2d, 0x35, 0x31, 0x74, 0x2d, 0x34, 0x39, 0x2e, 0x35, 0x20,
    0x2d, 0x33, 0x31, 0x2e, 0x35, 0x74, 0x2d, 0x35, 0x34, 0x2e, 0x35, 0x20, 0x2d, 0x31, 0x36, 0x74,
    0x2d, 0x34, 0x39, 0x2e, 0x35, 0x20, 0x2d, 0x36, 0x2e, 0x35, 0x20, 0x74, 0x2d, 0x34, 0x33, 0x2e,
    0x35, 0x20, 0x2d, 0x31, 0x76, 0x2d, 0x37, 0x35, 0x71, 0x30, 0x20, 0x2d, 0x31, 0x30, 0x20, 0x2d,
    0x37, 0x2e, 0x35, 0x20, 0x2d, 0x31, 0x37, 0x2e, 0x35, 0x74, 0x2d, 0x31, 0x37, 0x2e, 0x35, 0x20,
    0x2d, 0x37, 0x2e, 0x35, 0x68, 0x2d, 0x31, 0x35, 0x30, 0x71, 0x2d, 0x31, 0x30, 0x20, 0x30, 0x20,
    0x2d, 0x31, 0x37, 0x2e, 0x35, 0x20, 0x37, 0x2e, 0x35, 0x74, 0x2d, 0x37, 0x2e, 0x35, 0x20, 0x31,
    0x37, 0x2e, 0x35, 0x76, 0x37, 0x35, 0x68, 0x2d, 0x31, 0x30, 0x30, 0x76, 0x2d, 0x37, 0x35, 0x71,
    0x30, 0x20, 0x2d, 0x31, 0x30, 0x20, 0x2d, 0x37, 0x2e, 0x35, 0x20, 0x2d, 0x31, 0x37, 0x2e, 0x35,
    0x74, 0x2d, 0x31, 0x37, 0x2e, 0x35, 0x20, 0x2d, 0x37, 0x2e, 0x35, 0x68, 0x2d, 0x31, 0x35, 0x30,
    0x71, 0x2d, 0x31, 0x30, 0x20, 0x30, 0x20, 0x2d, 0x31, 0x37, 0x2e, 0x35, 0x20, 0x37, 0x2e, 0x35,
    0x74, 0x2d, 0x37, 0x2e, 0x35, 0x20, 0x31, 0x37, 0x2e, 0x35, 0x76, 0x37, 0x35, 0x68, 0x2d, 0x31,
    0x37, 0x35, 0x71, 0x2d, 0x31, 0x30, 0x20, 0x30, 0x20, 0x2d, 0x31, 0x37, 0x2e, 0x35, 0x20, 0x37,
    0x2e, 0x35, 0x74, 0x2d, 0x37, 0x2e, 0x35, 0x20, 0x31, 0x37, 0x2e, 0x35, 0x76, 0x31, 0x35, 0x30,
    0x71, 0x30, 0x20, 0x31, 0x30, 0x20, 0x37, 0x2e, 0x35, 0x20, 0x31, 0x37, 0x2e, 0x35, 0x74, 0x31,
    0x37, 0x2e, 0x35, 0x20, 0x37, 0x2e, 0x35, 0x68, 0x37, 0x35, 0x76, 0x36, 0x30, 0x30, 0x68, 0x2d,
    0x37, 0x35, 0x71, 0x2d, 0x31, 0x30, 0x20, 0x30, 0x20, 0x2d, 0x31, 0x37, 0x2e, 0x35, 0x20, 0x37,
    0x2e, 0x35, 0x74, 0x2d, 0x37, 0x2e, 0x35, 0x20, 0x31, 0x37, 0x2e, 0x35, 0x76, 0x31, 0x35, 0x30,
    0x20, 0x71, 0x30, 0x20, 0x31, 0x30, 0x20, 0x37, 0x2e, 0x35, 0x20, 0x31, 0x37, 0x2e, 0x35, 0x74,
    0x31, 0x37, 0x2e, 0x35, 0x20, 0x37, 0x2e, 0x35, 0x68, 0x31, 0x37, 0x35, 0x76, 0x37, 0x35, 0x71,
    0x30, 0x20, 0x31, 0x30, 0x20, 0x37, 0x2e, 0x35, 0x20, 0x31, 0x37, 0x2e, 0x35, 0x74, 0x31, 0x37,
    0x2e, 0x35, 0x20, 0x37, 0x2e, 0x35, 0x68, 0x31, 0x35, 0x30, 0x71, 0x31, 0x30, 0x20, 0x30, 0x20,
    0x31, 0x37, 0x2e, 0x35, 0x20, 0x2d, 0x37, 0x2e, 0x35, 0x74, 0x37, 0x2e, 0x35, 0x20, 0x2d, 0x31,
    0x37, 0x2e, 0x35, 0x76, 0x2d, 0x37, 0x35, 0x68, 0x31, 0x30, 0x30, 0x76, 0x37, 0x35, 0x71, 0x30,
    0x20, 0x31, 0x30, 0x20, 0x37, 0x2e, 0x35, 0x20, 0x31, 0x37, 0x2e, 0x35, 0x74, 0x31, 0x37, 0x2e,
    0x35, 0x20, 0x37, 0x2e, 0x35, 0x7a, 0x4d, 0x34, 0x30, 0x30, 0x20, 0x39, 0x30, 0x30, 0x76, 0x2d,
    0x32, 0x30, 0x30, 0x68, 0x32, 0x36, 0x33, 0x71, 0x32, 0x38, 0x20, 0x30, 0x20, 0x34, 0x38, 0x2e,
    0x35, 0x20, 0x31, 0x30, 0x2e, 0x35, 0x74, 0x33, 0x30, 0x20, 0x32, 0x35, 0x74, 0x31, 0x35, 0x20,
    0x32, 0x39, 0x74, 0x35, 0x2e, 0x35, 0x20, 0x32, 0x35, 0x2e, 0x35, 0x6c, 0x31, 0x20, 0x31, 0x30,
    0x71, 0x30, 0x20, 0x34, 0x20, 0x2d, 0x30, 0x2e, 0x35, 0x20, 0x31, 0x31, 0x74, 0x2d, 0x36, 0x20,
    0x32, 0x34, 0x74, 0x2d, 0x31, 0x35, 0x20, 0x33, 0x30, 0x74, 0x2d, 0x33, 0x30, 0x20, 0x32, 0x34,
    0x74, 0x2d, 0x34, 0x38, 0x2e, 0x35, 0x20, 0x31, 0x31, 0x68, 0x2d, 0x32, 0x36, 0x33, 0x7a, 0x4d,
    0x34, 0x30, 0x30, 0x20, 0x35, 0x30, 0x30, 0x76, 0x2d, 0x32, 0x30, 0x30, 0x68, 0x33, 0x36, 0x33,
    0x71, 0x32, 0x38, 0x20, 0x30, 0x20, 0x34, 0x38, 0x2e, 0x35, 0x20, 0x31, 0x30, 0x2e, 0x35, 0x20,
    0x74, 0x33, 0x30, 0x20, 0x32, 0x35, 0x74, 0x31, 0x35, 0x20, 0x32, 0x39, 0x74, 0x35, 0x2e, 0x35,
    0x20, 0x32, 0x35, 0x2e, 0x35, 0x6c, 0x31, 0x20, 0x31, 0x30, 0x71, 0x30, 0x20, 0x34, 0x20, 0x2d,
    0x30, 0x2e, 0x35, 0x20, 0x31, 0x31, 0x74, 0x2d, 0x36, 0x20, 0x32, 0x34, 0x74, 0x2d, 0x31, 0x35,
    0x20, 0x33, 0x30, 0x74, 0x2d, 0x33, 0x30, 0x20, 0x32, 0x34, 0x74, 0x2d, 0x34, 0x38, 0x2e, 0x35,
    0x20, 0x31, 0x31, 0x68, 0x2d, 0x33, 0x36, 0x33, 0x7a, 0x22, 0x20, 0x2f, 0x3e, 0x0a, 0x3c, 0x67,
    0x6c, 0x79, 0x70, 0x68, 0x20, 0x75, 0x6e, 0x69, 0x63, 0x6f, 0x64, 0x65, 0x3d, 0x22, 0x26, 0x23,
    0x78, 0x65, 0x32, 0x33, 0x30, 0x3b, 0x22, 0x20, 0x64, 0x3d, 0x22, 0x4d, 0x32, 0x31, 0x32, 0x20,
    0x31, 0x31, 0x39, 0x38, 0x68, 0x37, 0x38, 0x30, 0x71, 0x38, 0x36, 0x20, 0x30, 0x20, 0x31, 0x34,
    0x37, 0x20, 0x2d, 0x36, 0x31, 0x74, 0x36, 0x31, 0x20, 0x2d, 0x31, 0x34, 0x37, 0x76, 0x2d, 0x34,
    0x31, 0x36, 0x71, 0x30, 0x20, 0x2d, 0x35, 0x31, 0x20, 0x2d, 0x31, 0x38, 0x20, 0x2d, 0x31, 0x34,
    0x32, 0x2e, 0x35, 0x74, 0x2d, 0x33, 0x36, 0x20, 0x2d, 0x31, 0x35, 0x37, 0x2e, 0x35, 0x6c, 0x2d,
    0x31, 0x38, 0x20, 0x2d, 0x36, 0x36, 0x71, 0x2d, 0x32, 0x39, 0x20, 0x2d, 0x38, 0x37, 0x20, 0x2d,
    0x39, 0x33, 0x2e, 0x35, 0x20, 0x2d, 0x31, 0x34, 0x36, 0x2e, 0x35, 0x74, 0x2d, 0x31, 0x34, 0x36,
    0x2e, 0x35, 0x20, 0x2d, 0x35, 0x39, 0x2e, 0x35, 0x68, 0x2d, 0x35, 0x37, 0x32, 0x71, 0x2d, 0x38,
    0x32, 0x20, 0x30, 0x20, 0x2d, 0x31, 0x34, 0x37, 0x20, 0x35, 0x39, 0x74, 0x2d, 0x39, 0x33, 0x20,
    0x31, 0x34, 0x37, 0x71, 0x2d, 0x38, 0x20, 0x32, 0x38, 0x20, 0x2d, 0x32, 0x30, 0x20, 0x37, 0x33,
    0x74, 0x2d, 0x33, 0x32, 0x20, 0x31, 0x34, 0x33, 0x2e, 0x35, 0x74, 0x2d, 0x32, 0x30, 0x20, 0x31,
    0x34, 0x39, 0x2e, 0x35, 0x76, 0x34, 0x31, 0x36, 0x71, 0x30, 0x20, 0x38, 0x36, 0x20, 0x36, 0x31,
    0x20, 0x31, 0x34, 0x37, 0x74, 0x31, 0x34, 0x37, 0x20, 0x36, 0x31, 0x7a, 0x4d, 0x36, 0x30, 0x30,
    0x20, 0x31, 0x30, 0x34, 0x35, 0x71, 0x2d, 0x37, 0x30, 0x20, 0x30, 0x20, 0x2d, 0x31, 0x33, 0x32,
    0x2e, 0x35, 0x20, 0x2d, 0x31, 0x31, 0x2e, 0x35, 0x74, 0x2d, 0x31, 0x30, 0x35, 0x2e, 0x35, 0x20,
    0x2d, 0x33, 0x30, 0x2e, 0x35, 0x74, 0x2d, 0x37, 0x38, 0x2e, 0x35, 0x20, 0x2d, 0x34, 0x31, 0x2e,
    0x35, 0x20, 0x74, 0x2d, 0x35, 0x37, 0x20, 0x2d, 0x34, 0x35, 0x74, 0x2d, 0x33, 0x36, 0x20, 0x2d,
    0x34, 0x31, 0x74, 0x2d, 0x32, 0x30, 0x2e, 0x35, 0x20, 0x2d, 0x33, 0x30, 0x2e, 0x35, 0x6c, 0x2d,
    0x36, 0x20, 0x2d, 0x31, 0x32, 0x6c, 0x31, 0x35, 0x36, 0x20, 0x2d, 0x32, 0x34, 0x33, 0x68, 0x35,
    0x36, 0x30, 0x6c, 0x31, 0x35, 0x36, 0x20, 0x32, 0x34, 0x33, 0x71, 0x2d, 0x32, 0x20, 0x35, 0x20,
    0x2d, 0x36, 0x20, 0x31, 0x32, 0x2e, 0x35, 0x74, 0x2d, 0x32, 0x30, 0x20, 0x32, 0x39, 0x2e, 0x35,
    0x74, 0x2d, 0x33, 0x36, 0x2e, 0x35, 0x20, 0x34, 0x32, 0x74, 0x2d, 0x35, 0x37, 0x20, 0x34, 0x34,
    0x2e, 0x35, 0x74, 0x2d, 0x37, 0x39, 0x20, 0x34, 0x32, 0x74, 0x2d, 0x31, 0x30, 0x35, 0x20, 0x32,
    0x39, 0x2e, 0x35, 0x74, 0x2d, 0x31, 0x33, 0x32, 0x2e, 0x35, 0x20, 0x31, 0x32, 0x7a, 0x4d, 0x37,
    0x36, 0x32, 0x20, 0x37, 0x30, 0x33, 0x68, 0x2d, 0x31, 0x35, 0x37, 0x6c, 0x31, 0x39, 0x35, 0x20,
    0x32, 0x36, 0x31, 0x7a, 0x22, 0x20, 0x2f, 0x3e, 0x0a, 0x3c, 0x67, 0x6c, 0x79, 0x70, 0x68, 0x20,
    0x75, 0x6e, 0x69, 0x63, 0x6f, 0x64, 0x65, 0x3d, 0x22, 0x26, 0x23, 0x78, 0x65, 0x32, 0x33, 0x31,
    0x3b, 0x22, 0x20, 0x64, 0x3d, 0x22, 0x4d, 0x34, 0x37, 0x35, 0x20, 0x31, 0x33, 0x30, 0x30, 0x68,
    0x31, 0x35, 0x30, 0x71, 0x31, 0x30, 0x33, 0x20, 0x30, 0x20, 0x31, 0x38, 0x39, 0x20, 0x2d, 0x38,
    0x36, 0x74, 0x38, 0x36, 0x20, 0x2d, 0x31, 0x38, 0x39, 0x76, 0x2d, 0x35, 0x30, 0x30, 0x71, 0x30,
    0x20, 0x2d, 0x34, 0x31, 0x20, 0x2d, 0x34, 0x32, 0x20, 0x2d, 0x38, 0x33, 0x74, 0x2d, 0x38, 0x33,
    0x20, 0x2d, 0x34, 0x32, 0x68, 0x2d, 0x34, 0x35, 0x30, 0x71, 0x2d, 0x34, 0x31, 0x20, 0x30, 0x20,
    0x2d, 0x38, 0x33, 0x20, 0x34, 0x32, 0x74, 0x2d, 0x34, 0x32, 0x20, 0x38, 0x33, 0x76, 0x35, 0x30,
    0x30, 0x71, 0x30, 0x20, 0x31, 0x30, 0x33, 0x20, 0x38, 0x36, 0x20, 0x31, 0x38, 0x39, 0x74, 0x31,
    0x38, 0x39, 0x20, 0x38, 0x36, 0x7a, 0x4d, 0x37, 0x30, 0x30, 0x20, 0x33, 0x30, 0x30, 0x76, 0x2d,
    0x32, 0x32, 0x35, 0x71, 0x30, 0x20, 0x2d, 0x32, 0x31, 0x20, 0x2d, 0x32, 0x37, 0x20, 0x2d, 0x34,
    0x38, 0x74, 0x2d, 0x34, 0x38, 0x20, 0x2d, 0x32, 0x37, 0x68, 0x2d, 0x31, 0x35, 0x30, 0x71, 0x2d,
    0x32, 0x31, 0x20, 0x30, 0x20, 0x2d, 0x34, 0x38, 0x20, 0x32, 0x37, 0x74, 0x2d, 0x32, 0x37, 0x20,
    0x34, 0x38, 0x76, 0x32, 0x32, 0x35, 0x68, 0x33, 0x30, 0x30, 0x7a, 0x22, 0x20, 0x2f, 0x3e, 0x0a,
    0x3c, 0x67, 0x6c, 0x79, 0x70, 0x68, 0x20, 0x75, 0x6e, 0x69, 0x63, 0x6f, 0x64, 0x65, 0x3d, 0x22,
    0x26, 0x23, 0x78, 0x65, 0x32, 0x33, 0x32, 0x3b, 0x22, 0x20, 0x64, 0x3d, 0x22, 0x4d, 0x34, 0x37,
    0x35, 0x20, 0x31, 0x33, 0x30, 0x30, 0x68, 0x39, 0x36, 0x71, 0x30, 0x20, 0x2d, 0x31, 0x35, 0x30,
    0x20, 0x38, 0x39, 0x2e, 0x35, 0x20, 0x2d, 0x32, 0x33, 0x39, 0x2e, 0x35, 0x74, 0x32, 0x33, 0x39,
    0x2e, 0x35, 0x20, 0x2d, 0x38, 0x39, 0x2e, 0x35, 0x76, 0x2d, 0x34, 0x34, 0x36, 0x71, 0x30, 0x20,
    0x2d, 0x34, 0x31, 0x20, 0x2d, 0x34, 0x32, 0x20, 0x2d, 0x38, 0x33, 0x74, 0x2d, 0x38, 0x33, 0x20,
    0x2d, 0x34, 0x32, 0x68, 0x2d, 0x34, 0x35, 0x30, 0x71, 0x2d, 0x34, 0x31, 0x20, 0x30, 0x20, 0x2d,
    0x38, 0x33, 0x20, 0x34, 0x32, 0x74, 0x2d, 0x34, 0x32, 0x20, 0x38, 0x33, 0x76, 0x35, 0x30, 0x30,
    0x71, 0x30, 0x20, 0x31, 0x30, 0x33, 0x20, 0x38, 0x36, 0x20, 0x31, 0x38, 0x39, 0x74, 0x31, 0x38,
    0x39, 0x20, 0x38, 0x36, 0x7a, 0x4d, 0x37, 0x30, 0x30, 0x20, 0x33, 0x30, 0x30, 0x76, 0x2d, 0x32,
    0x32, 0x35, 0x71, 0x30, 0x20, 0x2d, 0x32, 0x31, 0x20, 0x2d, 0x32, 0x37, 0x20, 0x2d, 0x34, 0x38,
    0x74, 0x2d, 0x34, 0x38, 0x20, 0x2d, 0x32, 0x37, 0x68, 0x2d, 0x31, 0x35, 0x30, 0x71, 0x2d, 0x32,
    0x31, 0x20, 0x30, 0x20, 0x2d, 0x34, 0x38, 0x20, 0x32, 0x37, 0x74, 0x2d, 0x32, 0x37, 0x20, 0x34,
    0x38, 0x76, 0x32, 0x32, 0x35, 0x68, 0x33, 0x30, 0x30, 0x7a, 0x22, 0x20, 0x2f, 0x3e, 0x0a, 0x3c,
    0x67, 0x6c, 0x79, 0x70, 0x68, 0x20, 0x75, 0x6e, 0x69, 0x63, 0x6f, 0x64, 0x65, 0x3d, 0x22, 0x26,
    0x23, 0x78, 0x65, 0x32, 0x33, 0x33, 0x3b, 0x22, 0x20, 0x64, 0x3d, 0x22, 0x4d, 0x31, 0x32, 0x39,
    0x34, 0x20, 0x37, 0x36, 0x37, 0x6c, 0x2d, 0x36, 0x33, 0x38, 0x20, 0x2d, 0x32, 0x38, 0x33, 0x6c,
    0x2d, 0x33, 0x37, 0x38, 0x20, 0x31, 0x37, 0x30, 0x6c, 0x2d, 0x37, 0x38, 0x20, 0x2d, 0x36, 0x30,
    0x76, 0x2d, 0x32, 0x32, 0x34, 0x6c, 0x31, 0x30, 0x30, 0x20, 0x2d, 0x31, 0x35, 0x30, 0x76, 0x2d,
    0x31, 0x39, 0x39, 0x6c, 0x2d, 0x31, 0x35, 0x30, 0x20, 0x31, 0x34, 0x38, 0x6c, 0x2d, 0x31, 0x35,
    0x30, 0x20, 0x2d, 0x31, 0x34, 0x39, 0x76, 0x32, 0x30, 0x30, 0x6c, 0x31, 0x30, 0x30, 0x20, 0x31,
    0x35, 0x30, 0x76, 0x32, 0x35, 0x30, 0x71, 0x30, 0x20, 0x34, 0x20, 0x2d, 0x30, 0x2e, 0x35, 0x20,
    0x31, 0x30, 0x2e, 0x35, 0x74, 0x30, 0x20, 0x39, 0x2e, 0x35, 0x74, 0x31, 0x20, 0x38, 0x74, 0x33,
    0x20, 0x38, 0x74, 0x36, 0x2e, 0x35, 0x20, 0x36, 0x6c, 0x34, 0x37, 0x20, 0x34, 0x30, 0x6c, 0x2d,
    0x31, 0x34, 0x37, 0x20, 0x36, 0x35, 0x6c, 0x36, 0x34, 0x32, 0x20, 0x32, 0x38, 0x33, 0x7a, 0x4d,
    0x31, 0x30, 0x30, 0x30, 0x20, 0x33, 0x38, 0x30, 0x6c, 0x2d, 0x33, 0x35, 0x30, 0x20, 0x2d, 0x31,
    0x36, 0x36, 0x6c, 0x2d, 0x33, 0x35, 0x30, 0x20, 0x31, 0x36, 0x36, 0x76, 0x31, 0x34, 0x37, 0x6c,
    0x33, 0x35, 0x30, 0x20, 0x2d, 0x31, 0x36, 0x35, 0x6c, 0x33, 0x35, 0x30, 0x20, 0x31, 0x36, 0x35,
    0x76, 0x2d, 0x31, 0x34, 0x37, 0x7a, 0x22, 0x20, 0x2f, 0x3e, 0x0a, 0x3c, 0x67, 0x6c, 0x79, 0x70,
    0x68, 0x20, 0x75, 0x6e, 0x69, 0x63, 0x6f, 0x64, 0x65, 0x3d, 0x22, 0x26, 0x23, 0x78, 0x65, 0x32,
    0x33, 0x34, 0x3b, 0x22, 0x20, 0x64, 0x3d, 0x22, 0x4d, 0x32, 0x35, 0x30, 0x20, 0x38, 0x30, 0x30,
    0x71, 0x36, 0x32, 0x20, 0x30, 0x20, 0x31, 0x30, 0x36, 0x20, 0x2d, 0x34, 0x34, 0x74, 0x34, 0x34,
    0x20, 0x2d, 0x31, 0x30, 0x36, 0x74, 0x2d, 0x34, 0x34, 0x20, 0x2d, 0x31, 0x30, 0x36, 0x74, 0x2d,
    0x31, 0x30, 0x36, 0x20, 0x2d, 0x34, 0x34, 0x74, 0x2d, 0x31, 0x30, 0x36, 0x20, 0x34, 0x34, 0x74,
    0x2d, 0x34, 0x34, 0x20, 0x31, 0x30, 0x36, 0x74, 0x34, 0x34, 0x20, 0x31, 0x30, 0x36, 0x74, 0x31,
    0x30, 0x36, 0x20, 0x34, 0x34, 0x7a, 0x4d, 0x36, 0x35, 0x30, 0x20, 0x38, 0x30, 0x30, 0x71, 0x36,
    0x32, 0x20, 0x30, 0x20, 0x31, 0x30, 0x36, 0x20, 0x2d, 0x34, 0x34, 0x74, 0x34, 0x34, 0x20, 0x2d,
    0x31, 0x30, 0x36, 0x74, 0x2d, 0x34, 0x34, 0x20, 0x2d, 0x31, 0x30, 0x36, 0x74, 0x2d, 0x31, 0x30,
    0x36, 0x20, 0x2d, 0x34, 0x34, 0x74, 0x2d, 0x31, 0x30, 0x36, 0x20, 0x34, 0x34, 0x74, 0x2d, 0x34,
    0x34, 0x20, 0x31, 0x30, 0x36, 0x74, 0x34, 0x34, 0x20, 0x31, 0x30, 0x36, 0x74, 0x31, 0x30, 0x36,
    0x20, 0x34, 0x34, 0x7a, 0x4d, 0x31, 0x30, 0x35, 0x30, 0x20, 0x38, 0x30, 0x30, 0x71, 0x36, 0x32,
    0x20, 0x30, 0x20, 0x31, 0x30, 0x36, 0x20, 0x2d, 0x34, 0x34, 0x74, 0x34, 0x34, 0x20, 0x2d, 0x31,
    0x30, 0x36, 0x74, 0x2d, 0x34, 0x34, 0x20, 0x2d, 0x31, 0x30, 0x36, 0x74, 0x2d, 0x31, 0x30, 0x36,
    0x20, 0x2d, 0x34, 0x34, 0x74, 0x2d, 0x31, 0x30, 0x36, 0x20, 0x34, 0x34, 0x74, 0x2d, 0x34, 0x34,
    0x20, 0x31, 0x30, 0x36, 0x74, 0x34, 0x34, 0x20, 0x31, 0x30, 0x36, 0x74, 0x31, 0x30, 0x36, 0x20,
    0x34, 0x34, 0x7a, 0x22, 0x20, 0x2f, 0x3e, 0x0a, 0x3c, 0x67, 0x6c, 0x79, 0x70, 0x68, 0x20, 0x75,
    0x6e, 0x69, 0x63, 0x6f, 0x64, 0x65, 0x3d, 0x22, 0x26, 0x23, 0x78, 0x65, 0x32, 0x33, 0x35, 0x3b,
    0x22, 0x20, 0x64, 0x3d, 0x22, 0x4d, 0x35, 0x35, 0x30, 0x20, 0x31, 0x31, 0x30, 0x30, 0x71, 0x36,
    0x32, 0x20, 0x30, 0x20, 0x31, 0x30, 0x36, 0x20, 0x2d, 0x34, 0x34, 0x74, 0x34, 0x34, 0x20, 0x2d,
    0x31, 0x30, 0x36, 0x74, 0x2d, 0x34, 0x34, 0x20, 0x2d, 0x31, 0x30, 0x36, 0x74, 0x2d, 0x31, 0x30,
    0x36, 0x20, 0x2d, 0x34, 0x34, 0x74, 0x2d, 0x31, 0x30, 0x36, 0x20, 0x34, 0x34, 0x74, 0x2d, 0x34,
    0x34, 0x20, 0x31, 0x30, 0x36, 0x74, 0x34, 0x34, 0x20, 0x31, 0x30, 0x36, 0x74, 0x31, 0x30, 0x36,
    0x20, 0x34, 0x34, 0x7a, 0x4d, 0x35, 0x35, 0x30, 0x20, 0x37, 0x30, 0x30, 0x71, 0x36, 0x32, 0x20,
    0x30, 0x20, 0x31, 0x30, 0x36, 0x20, 0x2d, 0x34, 0x34, 0x74, 0x34, 0x34, 0x20, 0x2d, 0x31, 0x30,
    0x36, 0x74, 0x2d, 0x34, 0x34, 0x20, 0x2d, 0x31, 0x30, 0x36, 0x74, 0x2d, 0x31, 0x30, 0x36, 0x20,
    0x2d, 0x34, 0x34, 0x74, 0x2d, 0x31, 0x30, 0x36, 0x20, 0x34, 0x34, 0x74, 0x2d, 0x34, 0x34, 0x20,
    0x31, 0x30, 0x36, 0x74, 0x34, 0x34, 0x20, 0x31, 0x30, 0x36, 0x74, 0x31, 0x30, 0x36, 0x20, 0x34,
    0x34, 0x7a, 0x4d, 0x35, 0x35, 0x30, 0x20, 0x33, 0x30, 0x30, 0x71, 0x36, 0x32, 0x20, 0x30, 0x20,
    0x31, 0x30, 0x36, 0x20, 0x2d, 0x34, 0x34, 0x74, 0x34, 0x34, 0x20, 0x2d, 0x31, 0x30, 0x36, 0x74,
    0x2d, 0x34, 0x34, 0x20, 0x2d, 0x31, 0x30, 0x36, 0x74, 0x2d, 0x31, 0x30, 0x36, 0x20, 0x2d, 0x34,
    0x34, 0x74, 0x2d, 0x31, 0x30, 0x36, 0x20, 0x34, 0x34, 0x74, 0x2d, 0x34, 0x34, 0x20, 0x31, 0x30,
    0x36, 0x74, 0x34, 0x34, 0x20, 0x31, 0x30, 0x36, 0x74, 0x31, 0x30, 0x36, 0x20, 0x34, 0x34, 0x7a,
    0x22, 0x20, 0x2f, 0x3e, 0x0a, 0x3c, 0x67, 0x6c, 0x79, 0x70, 0x68, 0x20, 0x75, 0x6e, 0x69, 0x63,
    0x6f, 0x64, 0x65, 0x3d, 0x22, 0x26, 0x23, 0x78, 0x65, 0x32, 0x33, 0x36, 0x3b, 0x22, 0x20, 0x64,
    0x3d, 0x22, 0x4d, 0x31, 0x32, 0x35, 0x20, 0x31, 0x31, 0x30, 0x30, 0x68, 0x39, 0x35, 0x30, 0x71,
    0x31, 0x30, 0x20, 0x30, 0x20, 0x31, 0x37, 0x2e, 0x35, 0x20, 0x2d, 0x37, 0x2e, 0x35, 0x74, 0x37,
    0x2e, 0x35, 0x20, 0x2d, 0x31, 0x37, 0x2e, 0x35, 0x76, 0x2d, 0x31, 0x35, 0x30, 0x71, 0x30, 0x20,
    0x2d, 0x31, 0x30, 0x20, 0x2d, 0x37, 0x2e, 0x35, 0x20, 0x2d, 0x31, 0x37, 0x2e, 0x35, 0x74, 0x2d,
    0x31, 0x37, 0x2e, 0x35, 0x20, 0x2d, 0x37, 0x2e, 0x35, 0x68, 0x2d, 0x39, 0x35, 0x30, 0x71, 0x2d,
    0x31, 0x30, 0x20, 0x30, 0x20, 0x2d, 0x31, 0x37, 0x2e, 0x35, 0x20, 0x37, 0x2e, 0x35, 0x74, 0x2d,
    0x37, 0x2e, 0x35, 0x20, 0x31, 0x37, 0x2e, 0x35, 0x76, 0x31, 0x35, 0x30, 0x71, 0x30, 0x20, 0x31,
    0x30, 0x20, 0x37, 0x2e, 0x35, 0x20, 0x31, 0x37, 0x2e, 0x35, 0x74, 0x31, 0x37, 0x2e, 0x35, 0x20,
    0x37, 0x2e, 0x35, 0x7a, 0x4d, 0x31, 0x32, 0x35, 0x20, 0x37, 0x30, 0x30, 0x68, 0x39, 0x35, 0x30,
    0x71, 0x31, 0x30, 0x20, 0x30, 0x20, 0x31, 0x37, 0x2e, 0x35, 0x20, 0x2d, 0x37, 0x2e, 0x35, 0x74,
    0x37, 0x2e, 0x35, 0x20, 0x2d, 0x31, 0x37, 0x2e, 0x35, 0x76, 0x2d, 0x31, 0x35, 0x30, 0x71, 0x30,
    0x20, 0x2d, 0x31, 0x30, 0x20, 0x2d, 0x37, 0x2e, 0x35, 0x20, 0x2d, 0x31, 0x37, 0x2e, 0x35, 0x74,
    0x2d, 0x31, 0x37, 0x2e, 0x35, 0x20, 0x2d, 0x37, 0x2e, 0x35, 0x68, 0x2d, 0x39, 0x35, 0x30, 0x71,
    0x2d, 0x31, 0x30, 0x20, 0x30, 0x20, 0x2d, 0x31, 0x37, 0x2e, 0x35, 0x20, 0x37, 0x2e, 0x35, 0x74,
    0x2d, 0x37, 0x2e, 0x35, 0x20, 0x31, 0x37, 0x2e, 0x35, 0x76, 0x31, 0x35, 0x30, 0x71, 0x30, 0x20,
    0x31, 0x30, 0x20, 0x37, 0x2e, 0x35, 0x20, 0x31, 0x37, 0x2e, 0x35, 0x20, 0x74, 0x31, 0x37, 0x2e,
    0x35, 0x20, 0x37, 0x2e, 0x35, 0x7a, 0x4d, 0x31, 0x32, 0x35, 0x20, 0x33, 0x30, 0x30, 0x68, 0x39,
    0x35, 0x30, 0x71, 0x31, 0x30, 0x20, 0x30, 0x20, 0x31, 0x37, 0x2e, 0x35, 0x20, 0x2d, 0x37, 0x2e,
    0x35, 0x74, 0x37, 0x2e, 0x35, 0x20, 0x2d, 0x31, 0x37, 0x2e, 0x35, 0x76, 0x2d, 0x31, 0x35, 0x30,
    0x71, 0x30, 0x20, 0x2d, 0x31, 0x30, 0x20, 0x2d, 0x37, 0x2e, 0x35, 0x20, 0x2d, 0x31, 0x37, 0x2e,
    0x35, 0x74, 0x2d, 0x31, 0x37, 0x2e, 0x35, 0x20, 0x2d, 0x37, 0x2e, 0x35, 0x68, 0x2d, 0x39, 0x35,
    0x30, 0x71, 0x2d, 0x31, 0x30, 0x20, 0x30, 0x20, 0x2d, 0x31, 0x37, 0x2e, 0x35, 0x20, 0x37, 0x2e,
    0x35, 0x74, 0x2d, 0x37, 0x2e, 0x35, 0x20, 0x31, 0x37, 0x2e, 0x35, 0x76, 0x31, 0x35, 0x30, 0x71,
    0x30, 0x20, 0x31, 0x30, 0x20, 0x37, 0x2e, 0x35, 0x20, 0x31, 0x37, 0x2e, 0x35, 0x74, 0x31, 0x37,
    0x2e, 0x35, 0x20, 0x37, 0x2e, 0x35, 0x7a, 0x22, 0x20, 0x2f, 0x3e, 0x0a, 0x3c, 0x67, 0x6c, 0x79,
    0x70, 0x68, 0x20, 0x75, 0x6e, 0x69, 0x63, 0x6f, 0x64, 0x65, 0x3d, 0x22, 0x26, 0x23, 0x78, 0x65,
    0x32, 0x33, 0x37, 0x3b, 0x22, 0x20, 0x64, 0x3d, 0x22, 0x4d, 0x33, 0x35, 0x30, 0x20, 0x31, 0x32,
    0x30, 0x30, 0x68, 0x35, 0x30, 0x30, 0x71, 0x31, 0x36, 0x32, 0x20, 0x30, 0x20, 0x32, 0x35, 0x36,
    0x20, 0x2d, 0x39, 0x33, 0x2e, 0x35, 0x74, 0x39, 0x34, 0x20, 0x2d, 0x32, 0x35, 0x36, 0x2e, 0x35,
    0x76, 0x2d, 0x35, 0x30, 0x30, 0x71, 0x30, 0x20, 0x2d, 0x31, 0x36, 0x35, 0x20, 0x2d, 0x39, 0x33,
    0x2e, 0x35, 0x20, 0x2d, 0x32, 0x35, 0x37, 0x2e, 0x35, 0x74, 0x2d, 0x32, 0x35, 0x36, 0x2e, 0x35,
    0x20, 0x2d, 0x39, 0x32, 0x2e, 0x35, 0x68, 0x2d, 0x35, 0x30, 0x30, 0x71, 0x2d, 0x31, 0x36, 0x35,
    0x20, 0x30, 0x20, 0x2d, 0x32, 0x35, 0x37, 0x2e, 0x35, 0x20, 0x39, 0x32, 0x2e, 0x35, 0x74, 0x2d,
    0x39, 0x32, 0x2e, 0x35, 0x20, 0x32, 0x35, 0x37, 0x2e, 0x35, 0x76, 0x35, 0x30, 0x30, 0x71, 0x30,
    0x20, 0x31, 0x36, 0x35, 0x20, 0x39, 0x32, 0x2e, 0x35, 0x20, 0x32, 0x35, 0x37, 0x2e, 0x35, 0x74,
    0x32, 0x35, 0x37, 0x2e, 0x35, 0x20, 0x39, 0x32, 0x2e, 0x35, 0x7a, 0x4d, 0x39, 0x30, 0x30, 0x20,
    0x31, 0x30, 0x30, 0x30, 0x68, 0x2d, 0x36, 0x30, 0x30, 0x71, 0x2d, 0x34, 0x31, 0x20, 0x30, 0x20,
    0x2d, 0x37, 0x30, 0x2e, 0x35, 0x20, 0x2d, 0x32, 0x39, 0x2e, 0x35, 0x74, 0x2d, 0x32, 0x39, 0x2e,
    0x35, 0x20, 0x2d, 0x37, 0x30, 0x2e, 0x35, 0x76, 0x2d, 0x36, 0x30, 0x30, 0x71, 0x30, 0x20, 0x2d,
    0x34, 0x31, 0x20, 0x32, 0x39, 0x2e, 0x35, 0x20, 0x2d, 0x37, 0x30, 0x2e, 0x35, 0x74, 0x37, 0x30,
    0x2e, 0x35, 0x20, 0x2d, 0x32, 0x39, 0x2e, 0x35, 0x68, 0x36, 0x30, 0x30, 0x71, 0x34, 0x31, 0x20,
    0x30, 0x20, 0x37, 0x30, 0x2e, 0x35, 0x20, 0x32, 0x39, 0x2e, 0x35, 0x20, 0x74, 0x32, 0x39, 0x2e,
    0x35, 0x20, 0x37, 0x30, 0x2e, 0x35, 0x76, 0x36, 0x30, 0x30, 0x71, 0x30, 0x20, 0x34, 0x31, 0x20,
    0x2d, 0x32, 0x39, 0x2e, 0x35, 0x20, 0x37, 0x30, 0x2e, 0x35, 0x74, 0x2d, 0x37, 0x30, 0x2e, 0x35,
    0x20, 0x32, 0x39, 0x2e, 0x35, 0x7a, 0x4d, 0x33, 0x35, 0x30, 0x20, 0x39, 0x30, 0x30, 0x68, 0x35,
    0x30, 0x30, 0x71, 0x32, 0x31, 0x20, 0x30, 0x20, 0x33, 0x35, 0x2e, 0x35, 0x20, 0x2d, 0x31, 0x34,
    0x2e, 0x35, 0x74, 0x31, 0x34, 0x2e, 0x35, 0x20, 0x2d, 0x33, 0x35, 0x2e, 0x35, 0x76, 0x2d, 0x33,
    0x30, 0x30, 0x71, 0x30, 0x20, 0x2d, 0x32, 0x31, 0x20, 0x2d, 0x31, 0x34, 0x2e, 0x35, 0x20, 0x2d,
    0x33, 0x35, 0x2e, 0x35, 0x74, 0x2d, 0x33, 0x35, 0x2e, 0x35, 0x20, 0x2d, 0x31, 0x34, 0x2e, 0x35,
    0x68, 0x2d, 0x35, 0x30, 0x30, 0x71, 0x2d, 0x32, 0x31, 0x20, 0x30, 0x20, 0x2d, 0x33, 0x35, 0x2e,
    0x35, 0x20, 0x31, 0x34, 0x2e, 0x35, 0x74, 0x2d, 0x31, 0x34, 0x2e, 0x35, 0x20, 0x33, 0x35, 0x2e,
    0x35, 0x76, 0x33, 0x30, 0x30, 0x71, 0x30, 0x20, 0x32, 0x31, 0x20, 0x31, 0x34, 0x2e, 0x35, 0x20,
    0x33, 0x35, 0x2e, 0x35, 0x74, 0x33, 0x35, 0x2e, 0x35, 0x20, 0x31, 0x34, 0x2e, 0x35, 0x7a, 0x4d,
    0x34, 0x30, 0x30, 0x20, 0x38, 0x30, 0x30, 0x76, 0x2d, 0x32, 0x30, 0x30, 0x68, 0x34, 0x30, 0x30,
    0x76, 0x32, 0x30, 0x30, 0x68, 0x2d, 0x34, 0x30, 0x30, 0x7a, 0x22, 0x20, 0x2f, 0x3e, 0x0a, 0x3c,
    0x67, 0x6c, 0x79, 0x70, 0x68, 0x20, 0x75, 0x6e, 0x69, 0x63, 0x6f, 0x64, 0x65, 0x3d, 0x22, 0x26,
    0x23, 0x78, 0x65, 0x32, 0x33, 0x38, 0x3b, 0x22, 0x20, 0x64, 0x3d, 0x22, 0x4d, 0x31, 0x35, 0x30,
    0x20, 0x31, 0x31, 0x30, 0x30, 0x68, 0x31, 0x30, 0x30, 0x30, 0x71, 0x32, 0x31, 0x20, 0x30, 0x20,
    0x33, 0x35, 0x2e, 0x35, 0x20, 0x2d, 0x31, 0x34, 0x2e, 0x35, 0x74, 0x31, 0x34, 0x2e, 0x35, 0x20,
    0x2d, 0x33, 0x35, 0x2e, 0x35, 0x74, 0x2d, 0x31, 0x34, 0x2e, 0x35, 0x20, 0x2d, 0x33, 0x35, 0x2e,
    0x35, 0x74, 0x2d, 0x33, 0x35, 0x2e, 0x35, 0x20, 0x2d, 0x31, 0x34, 0x2e, 0x35, 0x68, 0x2d, 0x35,
    0x30, 0x76, 0x2d, 0x32, 0x30, 0x30, 0x68, 0x35, 0x30, 0x71, 0x32, 0x31, 0x20, 0x30, 0x20, 0x33,
    0x35, 0x2e, 0x35, 0x20, 0x2d, 0x31, 0x34, 0x2e, 0x35, 0x74, 0x31, 0x34, 0x2e, 0x35, 0x20, 0x2d,
    0x33, 0x35, 0x2e, 0x35, 0x74, 0x2d, 0x31, 0x34, 0x2e, 0x35, 0x20, 0x2d, 0x33, 0x35, 0x2e, 0x35,
    0x74, 0x2d, 0x33, 0x35, 0x2e, 0x35, 0x20, 0x2d, 0x31, 0x34, 0x2e, 0x35, 0x68, 0x2d, 0x35, 0x30,
    0x76, 0x2d, 0x32, 0x30, 0x30, 0x68, 0x35, 0x30, 0x71, 0x32, 0x31, 0x20, 0x30, 0x20, 0x33, 0x35,
    0x2e, 0x35, 0x20, 0x2d, 0x31, 0x34, 0x2e, 0x35, 0x74, 0x31, 0x34, 0x2e, 0x35, 0x20, 0x2d, 0x33,
    0x35, 0x2e, 0x35, 0x74, 0x2d, 0x31, 0x34, 0x2e, 0x35, 0x20, 0x2d, 0x33, 0x35, 0x2e, 0x35, 0x74,
    0x2d, 0x33, 0x35, 0x2e, 0x35, 0x20, 0x2d, 0x31, 0x34, 0x2e, 0x35, 0x68, 0x2d, 0x35, 0x30, 0x76,
    0x2d, 0x32, 0x30, 0x30, 0x68, 0x35, 0x30, 0x71, 0x32, 0x31, 0x20, 0x30, 0x20, 0x33, 0x35, 0x2e,
    0x35, 0x20, 0x2d, 0x31, 0x34, 0x2e, 0x35, 0x74, 0x31, 0x34, 0x2e, 0x35, 0x20, 0x2d, 0x33, 0x35,
    0x2e, 0x35, 0x74, 0x2d, 0x31, 0x34, 0x2e, 0x35, 0x20, 0x2d, 0x33, 0x35, 0x2e, 0x35, 0x20, 0x74,
    0x2d, 0x33, 0x35, 0x2e, 0x35, 0x20, 0x2d, 0x31, 0x34, 0x2e, 0x35, 0x68, 0x2d, 0x31, 0x30, 0x30,
    0x30, 0x71, 0x2d, 0x32, 0x31, 0x20, 0x30, 0x20, 0x2d, 0x33, 0x35, 0x2e, 0x35, 0x20, 0x31, 0x34,
    0x2e, 0x35, 0x74, 0x2d, 0x31, 0x34, 0x2e, 0x35, 0x20, 0x33, 0x35, 0x2e, 0x35, 0x74, 0x31, 0x34,
    0x2e, 0x35, 0x20, 0x33, 0x35, 0x2e, 0x35, 0x74, 0x33, 0x35, 0x2e, 0x35, 0x20, 0x31, 0x34, 0x2e,
    0x35, 0x68, 0x35, 0x30, 0x76, 0x32, 0x30, 0x30, 0x68, 0x2d, 0x35, 0x30, 0x71, 0x2d, 0x32, 0x31,
    0x20, 0x30, 0x20, 0x2d, 0x33, 0x35, 0x2e, 0x35, 0x20, 0x31, 0x34, 0x2e, 0x35, 0x74, 0x2d, 0x31,
    0x34, 0x2e, 0x35, 0x20, 0x33, 0x35, 0x2e, 0x35, 0x74, 0x31, 0x34, 0x2e, 0x35, 0x20, 0x33, 0x35,
    0x2e, 0x35, 0x74, 0x33, 0x35, 0x2e, 0x35, 0x20, 0x31, 0x34, 0x2e, 0x35, 0x68, 0x35, 0x30, 0x76,
    0x32, 0x30, 0x30, 0x68, 0x2d, 0x35, 0x30, 0x71, 0x2d, 0x32, 0x31, 0x20, 0x30, 0x20, 0x2d, 0x33,
    0x35, 0x2e, 0x35, 0x20, 0x31, 0x34, 0x2e, 0x35, 0x74, 0x2d, 0x31, 0x34, 0x2e, 0x35, 0x20, 0x33,
    0x35, 0x2e, 0x35, 0x74, 0x31, 0x34, 0x2e, 0x35, 0x20, 0x33, 0x35, 0x2e, 0x35, 0x74, 0x33, 0x35,
    0x2e, 0x35, 0x20, 0x31, 0x34, 0x2e, 0x35, 0x68, 0x35, 0x30, 0x76, 0x32, 0x30, 0x30, 0x68, 0x2d,
    0x35, 0x30, 0x71, 0x2d, 0x32, 0x31, 0x20, 0x30, 0x20, 0x2d, 0x33, 0x35, 0x2e, 0x35, 0x20, 0x31,
    0x34, 0x2e, 0x35, 0x74, 0x2d, 0x31, 0x34, 0x2e, 0x35, 0x20, 0x33, 0x35, 0x2e, 0x35, 0x74, 0x31,
    0x34, 0x2e, 0x35, 0x20, 0x33, 0x35, 0x2e, 0x35, 0x74, 0x33, 0x35, 0x2e, 0x35, 0x20, 0x31, 0x34,
    0x2e, 0x35, 0x7a, 0x22, 0x20, 0x2f, 0x3e, 0x0a, 0x3c, 0x67, 0x6c, 0x79, 0x70, 0x68, 0x20, 0x75,
    0x6e, 0x69, 0x63, 0x6f, 0x64, 0x65, 0x3d, 0x22, 0x26, 0x23, 0x78, 0x65, 0x32, 0x33, 0x39, 0x3b,
    0x22, 0x20, 0x64, 0x3d, 0x22, 0x4d, 0x36, 0x35, 0x30, 0x20, 0x31, 0x31, 0x38, 0x37, 0x71, 0x38,
    0x37, 0x20, 0x2d, 0x36, 0x37, 0x20, 0x31, 0x31, 0x38, 0x2e, 0x35, 0x20, 0x2d, 0x31, 0x35, 0x36,
    0x74, 0x30, 0x20, 0x2d, 0x31, 0x37, 0x38, 0x74, 0x2d, 0x31, 0x31, 0x38, 0x2e, 0x35, 0x20, 0x2d,
    0x31, 0x35, 0x35, 0x71, 0x2d, 0x38, 0x37, 0x20, 0x36, 0x36, 0x20, 0x2d, 0x31, 0x31, 0x38, 0x2e,
    0x35, 0x20, 0x31, 0x35, 0x35, 0x74, 0x30, 0x20, 0x31, 0x37, 0x38, 0x74, 0x31, 0x31, 0x38, 0x2e,
    0x35, 0x20, 0x31, 0x35, 0x36, 0x7a, 0x4d, 0x33, 0x30, 0x30, 0x20, 0x38, 0x30, 0x30, 0x71, 0x31,
    0x32, 0x34, 0x20, 0x30, 0x20, 0x32, 0x31, 0x32, 0x20, 0x2d, 0x38, 0x38, 0x74, 0x38, 0x38, 0x20,
    0x2d, 0x32, 0x31, 0x32, 0x71, 0x2d, 0x31, 0x32, 0x34, 0x20, 0x30, 0x20, 0x2d, 0x32, 0x31, 0x32,
    0x20, 0x38, 0x38, 0x74, 0x2d, 0x38, 0x38, 0x20, 0x32, 0x31, 0x32, 0x7a, 0x4d, 0x31, 0x30, 0x30,
    0x30, 0x20, 0x38, 0x30, 0x30, 0x71, 0x30, 0x20, 0x2d, 0x31, 0x32, 0x34, 0x20, 0x2d, 0x38, 0x38,
    0x20, 0x2d, 0x32, 0x31, 0x32, 0x74, 0x2d, 0x32, 0x31, 0x32, 0x20, 0x2d, 0x38, 0x38, 0x71, 0x30,
    0x20, 0x31, 0x32, 0x34, 0x20, 0x38, 0x38, 0x20, 0x32, 0x31, 0x32, 0x74, 0x32, 0x31, 0x32, 0x20,
    0x38, 0x38, 0x7a, 0x4d, 0x33, 0x30, 0x30, 0x20, 0x35, 0x30, 0x30, 0x71, 0x31, 0x32, 0x34, 0x20,
    0x30, 0x20, 0x32, 0x31, 0x32, 0x20, 0x2d, 0x38, 0x38, 0x74, 0x38, 0x38, 0x20, 0x2d, 0x32, 0x31,
    0x32, 0x71, 0x2d, 0x31, 0x32, 0x34, 0x20, 0x30, 0x20, 0x2d, 0x32, 0x31, 0x32, 0x20, 0x38, 0x38,
    0x74, 0x2d, 0x38, 0x38, 0x20, 0x32, 0x31, 0x32, 0x7a, 0x20, 0x4d, 0x31, 0x30, 0x30, 0x30, 0x20,
    0x35, 0x30, 0x30, 0x71, 0x30, 0x20, 0x2d, 0x31, 0x32, 0x34, 0x20, 0x2d, 0x38, 0x38, 0x20, 0x2d,
    0x32, 0x31, 0x32, 0x74, 0x2d, 0x32, 0x31, 0x32, 0x20, 0x2d, 0x38, 0x38, 0x71, 0x30, 0x20, 0x31,
    0x32, 0x34, 0x20, 0x38, 0x38, 0x20, 0x32, 0x31, 0x32, 0x74, 0x32, 0x31, 0x32, 0x20, 0x38, 0x38,
    0x7a, 0x4d, 0x37, 0x30, 0x30, 0x20, 0x31, 0x39, 0x39, 0x76, 0x2d, 0x31, 0x34, 0x34, 0x71, 0x30,
    0x20, 0x2d, 0x32, 0x31, 0x20, 0x2d, 0x31, 0x34, 0x2e, 0x35, 0x20, 0x2d, 0x33, 0x35, 0x2e, 0x35,
    0x74, 0x2d, 0x33, 0x35, 0x2e, 0x35, 0x20, 0x2d, 0x31, 0x34, 0x2e, 0x35, 0x74, 0x2d, 0x33, 0x35,
    0x2e, 0x35, 0x20, 0x31, 0x34, 0x2e, 0x35, 0x74, 0x2d, 0x31, 0x34, 0x2e, 0x35, 0x20, 0x33, 0x35,
    0x2e, 0x35, 0x76, 0x31, 0x34, 0x32, 0x71, 0x34, 0x30, 0x20, 0x2d, 0x34, 0x20, 0x34, 0x33, 0x20,
    0x2d, 0x34, 0x71, 0x31, 0x37, 0x20, 0x30, 0x20, 0x35, 0x37, 0x20, 0x36, 0x7a, 0x22, 0x20, 0x2f,
    0x3e, 0x0a, 0x3c, 0x67, 0x6c, 0x79, 0x70, 0x68, 0x20, 0x75, 0x6e, 0x69, 0x63, 0x6f, 0x64, 0x65,
    0x3d, 0x22, 0x26, 0x23, 0x78, 0x65, 0x32, 0x34, 0x30, 0x3b, 0x22, 0x20, 0x64, 0x3d, 0x22, 0x4d,
    0x37, 0x34, 0x35, 0x20, 0x38, 0x37, 0x38, 0x6c, 0x36, 0x39, 0x20, 0x31, 0x39, 0x71, 0x32, 0x35,
    0x20, 0x36, 0x20, 0x34, 0x35, 0x20, 0x2d, 0x31, 0x32, 0x6c, 0x32, 0x39, 0x38, 0x20, 0x2d, 0x32,
    0x39, 0x35, 0x71, 0x31, 0x31, 0x20, 0x2d, 0x31, 0x31, 0x20, 0x31, 0x35, 0x20, 0x2d, 0x32, 0x36,
    0x2e, 0x35, 0x74, 0x2d, 0x32, 0x20, 0x2d, 0x33, 0x30, 0x2e, 0x35, 0x71, 0x2d, 0x35, 0x20, 0x2d,
    0x31, 0x34, 0x20, 0x2d, 0x31, 0x38, 0x20, 0x2d, 0x32, 0x33, 0x2e, 0x35, 0x74, 0x2d, 0x32, 0x38,
    0x20, 0x2d, 0x39, 0x2e, 0x35, 0x68, 0x2d, 0x38, 0x71, 0x31, 0x20, 0x30, 0x20, 0x31, 0x20, 0x2d,
    0x31, 0x33, 0x71, 0x30, 0x20, 0x2d, 0x32, 0x39, 0x20, 0x2d, 0x32, 0x20, 0x2d, 0x35, 0x36, 0x74,
    0x2d, 0x38, 0x2e, 0x35, 0x20, 0x2d, 0x36, 0x32, 0x74, 0x2d, 0x32, 0x30, 0x20, 0x2d, 0x36, 0x33,
    0x74, 0x2d, 0x33, 0x33, 0x20, 0x2d, 0x35, 0x33, 0x74, 0x2d, 0x35, 0x31, 0x20, 0x2d, 0x33, 0x39,
    0x74, 0x2d, 0x37, 0x32, 0x2e, 0x35, 0x20, 0x2d, 0x31, 0x34, 0x68, 0x2d, 0x31, 0x34, 0x36, 0x71,
    0x2d, 0x31, 0x38, 0x34, 0x20, 0x30, 0x20, 0x2d, 0x31, 0x38, 0x34, 0x20, 0x32, 0x38, 0x38, 0x71,
    0x30, 0x20, 0x32, 0x34, 0x20, 0x31, 0x30, 0x20, 0x34, 0x37, 0x71, 0x2d, 0x32, 0x30, 0x20, 0x34,
    0x20, 0x2d, 0x36, 0x32, 0x20, 0x34, 0x74, 0x2d, 0x36, 0x33, 0x20, 0x2d, 0x34, 0x71, 0x31, 0x31,
    0x20, 0x2d, 0x32, 0x34, 0x20, 0x31, 0x31, 0x20, 0x2d, 0x34, 0x37, 0x71, 0x30, 0x20, 0x2d, 0x32,
    0x38, 0x38, 0x20, 0x2d, 0x31, 0x38, 0x34, 0x20, 0x2d, 0x32, 0x38, 0x38, 0x68, 0x2d, 0x31, 0x34,
    0x32, 0x20, 0x71, 0x2d, 0x34, 0x38, 0x20, 0x30, 0x20, 0x2d, 0x38, 0x34, 0x2e, 0x35, 0x20, 0x32,
    0x31, 0x74, 0x2d, 0x35, 0x36, 0x20, 0x35, 0x31, 0x74, 0x2d, 0x33, 0x32, 0x20, 0x37, 0x31, 0x2e,
    0x35, 0x74, 0x2d, 0x31, 0x36, 0x20, 0x37, 0x35, 0x74, 0x2d, 0x33, 0x2e, 0x35, 0x20, 0x36, 0x38,
    0x2e, 0x35, 0x71, 0x30, 0x20, 0x31, 0x33, 0x20, 0x32, 0x20, 0x31, 0x33, 0x68, 0x2d, 0x37, 0x71,
    0x2d, 0x31, 0x35, 0x20, 0x30, 0x20, 0x2d, 0x32, 0x37, 0x2e, 0x35, 0x20, 0x39, 0x2e, 0x35, 0x74,
    0x2d, 0x31, 0x38, 0x2e, 0x35, 0x20, 0x32, 0x33, 0x2e, 0x35, 0x71, 0x2d, 0x36, 0x20, 0x31, 0x35,
    0x20, 0x2d, 0x32, 0x20, 0x33, 0x30, 0x2e, 0x35, 0x74, 0x31, 0x35, 0x20, 0x32, 0x35, 0x2e, 0x35,
    0x6c, 0x32, 0x39, 0x38, 0x20, 0x32, 0x39, 0x36, 0x71, 0x32, 0x30, 0x20, 0x31, 0x38, 0x20, 0x34,
    0x36, 0x20, 0x31, 0x31, 0x6c, 0x37, 0x36, 0x20, 0x2d, 0x31, 0x39, 0x71, 0x32, 0x30, 0x20, 0x2d,
    0x35, 0x20, 0x33, 0x30, 0x2e, 0x35, 0x20, 0x2d, 0x32, 0x32, 0x2e, 0x35, 0x74, 0x35, 0x2e, 0x35,
    0x20, 0x2d, 0x33, 0x37, 0x2e, 0x35, 0x74, 0x2d, 0x32, 0x32, 0x2e, 0x35, 0x20, 0x2d, 0x33, 0x31,
    0x74, 0x2d, 0x33, 0x37, 0x2e, 0x35, 0x20, 0x2d, 0x35, 0x6c, 0x2d, 0x35, 0x31, 0x20, 0x31, 0x32,
    0x6c, 0x2d, 0x31, 0x38, 0x32, 0x20, 0x2d, 0x31, 0x39, 0x33, 0x68, 0x38, 0x39, 0x31, 0x6c, 0x2d,
    0x31, 0x38, 0x32, 0x20, 0x31, 0x39, 0x33, 0x6c, 0x2d, 0x34, 0x34, 0x20, 0x2d, 0x31, 0x32, 0x71,
    0x2d, 0x32, 0x30, 0x20, 0x2d, 0x35, 0x20, 0x2d, 0x33, 0x37, 0x2e, 0x35, 0x20, 0x36, 0x74, 0x2d,
    0x32, 0x32, 0x2e, 0x35, 0x20, 0x33, 0x31, 0x74, 0x36, 0x20, 0x33, 0x37, 0x2e, 0x35, 0x20, 0x74,
    0x33, 0x31, 0x20, 0x32, 0x32, 0x2e, 0x35, 0x7a, 0x22, 0x20, 0x2f, 0x3e, 0x0a, 0x3c, 0x67, 0x6c,
    0x79, 0x70, 0x68, 0x20, 0x75, 0x6e, 0x69, 0x63, 0x6f, 0x64, 0x65, 0x3d, 0x22, 0x26, 0x23, 0x78,
    0x65, 0x32, 0x34, 0x31, 0x3b, 0x22, 0x20, 0x64, 0x3d, 0x22, 0x4d, 0x31, 0x32, 0x30, 0x30, 0x20,
    0x39, 0x30, 0x30, 0x68, 0x2d, 0x35, 0x30, 0x71, 0x30, 0x20, 0x32, 0x31, 0x20, 0x2d, 0x34, 0x20,
    0x33, 0x37, 0x74, 0x2d, 0x39, 0x2e, 0x35, 0x20, 0x32, 0x36, 0x2e, 0x35, 0x74, 0x2d, 0x31, 0x38,
    0x20, 0x31, 0x37, 0x2e, 0x35, 0x74, 0x2d, 0x32, 0x32, 0x20, 0x31, 0x31, 0x74, 0x2d, 0x32, 0x38,
    0x2e, 0x35, 0x20, 0x35, 0x2e, 0x35, 0x74, 0x2d, 0x33, 0x31, 0x20, 0x32, 0x74, 0x2d, 0x33, 0x37,
    0x20, 0x30, 0x2e, 0x35, 0x68, 0x2d, 0x32, 0x30, 0x30, 0x76, 0x2d, 0x38, 0x35, 0x30, 0x71, 0x30,
    0x20, 0x2d, 0x32, 0x32, 0x20, 0x32, 0x35, 0x20, 0x2d, 0x33, 0x34, 0x2e, 0x35, 0x74, 0x35, 0x30,
    0x20, 0x2d, 0x31, 0x33, 0x2e, 0x35, 0x6c, 0x32, 0x35, 0x20, 0x2d, 0x32, 0x76, 0x2d, 0x31, 0x30,
    0x30, 0x68, 0x2d, 0x34, 0x30, 0x30, 0x76, 0x31, 0x30, 0x30, 0x71, 0x34, 0x20, 0x30, 0x20, 0x31,
    0x31, 0x20, 0x30, 0x2e, 0x35, 0x74, 0x32, 0x34, 0x20, 0x33, 0x74, 0x33, 0x30, 0x20, 0x37, 0x74,
    0x32, 0x34, 0x20, 0x31, 0x35, 0x74, 0x31, 0x31, 0x20, 0x32, 0x34, 0x2e, 0x35, 0x76, 0x38, 0x35,
    0x30, 0x68, 0x2d, 0x32, 0x30, 0x30, 0x71, 0x2d, 0x32, 0x35, 0x20, 0x30, 0x20, 0x2d, 0x33, 0x37,
    0x20, 0x2d, 0x30, 0x2e, 0x35, 0x74, 0x2d, 0x33, 0x31, 0x20, 0x2d, 0x32, 0x74, 0x2d, 0x32, 0x38,
    0x2e, 0x35, 0x20, 0x2d, 0x35, 0x2e, 0x35, 0x74, 0x2d, 0x32, 0x32, 0x20, 0x2d, 0x31, 0x31, 0x74,
    0x2d, 0x31, 0x38, 0x20, 0x2d, 0x31, 0x37, 0x2e, 0x35, 0x74, 0x2d, 0x39, 0x2e, 0x35, 0x20, 0x2d,
    0x32, 0x36, 0x2e, 0x35, 0x74, 0x2d, 0x34, 0x20, 0x2d, 0x33, 0x37, 0x68, 0x2d, 0x35, 0x30, 0x76,
    0x33, 0x30, 0x30, 0x20, 0x68, 0x31, 0x30, 0x30, 0x30, 0x76, 0x2d, 0x33, 0x30, 0x30, 0x7a, 0x4d,
    0x35, 0x30, 0x30, 0x20, 0x34, 0x35, 0x30, 0x68, 0x2d, 0x32, 0x35, 0x71, 0x30, 0x20, 0x31, 0x35,
    0x20, 0x2d, 0x34, 0x20, 0x32, 0x34, 0x2e, 0x35, 0x74, 0x2d, 0x39, 0x20, 0x31, 0x34, 0x2e, 0x35,
    0x74, 0x2d, 0x31, 0x37, 0x20, 0x37, 0x2e, 0x35, 0x74, 0x2d, 0x32, 0x30, 0x20, 0x33, 0x74, 0x2d,
    0x32, 0x35, 0x20, 0x30, 0x2e, 0x35, 0x68, 0x2d, 0x31, 0x30, 0x30, 0x76, 0x2d, 0x34, 0x32, 0x35,
    0x71, 0x30, 0x20, 0x2d, 0x31, 0x31, 0x20, 0x31, 0x32, 0x2e, 0x35, 0x20, 0x2d, 0x31, 0x37, 0x2e,
    0x35, 0x74, 0x32, 0x35, 0x2e, 0x35, 0x20, 0x2d, 0x37, 0x2e, 0x35, 0x68, 0x31, 0x32, 0x76, 0x2d,
    0x35, 0x30, 0x68, 0x2d, 0x32, 0x30, 0x30, 0x76, 0x35, 0x30, 0x71, 0x35, 0x30, 0x20, 0x30, 0x20,
    0x35, 0x30, 0x20, 0x32, 0x35, 0x76, 0x34, 0x32, 0x35, 0x68, 0x2d, 0x31, 0x30, 0x30, 0x71, 0x2d,
    0x31, 0x37, 0x20, 0x30, 0x20, 0x2d, 0x32, 0x35, 0x20, 0x2d, 0x30, 0x2e, 0x35, 0x74, 0x2d, 0x32,
    0x30, 0x20, 0x2d, 0x33, 0x74, 0x2d, 0x31, 0x37, 0x20, 0x2d, 0x37, 0x2e, 0x35, 0x74, 0x2d, 0x39,
    0x20, 0x2d, 0x31, 0x34, 0x2e, 0x35, 0x74, 0x2d, 0x34, 0x20, 0x2d, 0x32, 0x34, 0x2e, 0x35, 0x68,
    0x2d, 0x32, 0x35, 0x76, 0x31, 0x35, 0x30, 0x68, 0x35, 0x30, 0x30, 0x76, 0x2d, 0x31, 0x35, 0x30,
    0x7a, 0x22, 0x20, 0x2f, 0x3e, 0x0a, 0x3c, 0x67, 0x6c, 0x79, 0x70, 0x68, 0x20, 0x75, 0x6e, 0x69,
    0x63, 0x6f, 0x64, 0x65, 0x3d, 0x22, 0x26, 0x23, 0x78, 0x65, 0x32, 0x34, 0x32, 0x3b, 0x22, 0x20,
    0x64, 0x3d, 0x22, 0x4d, 0x31, 0x30, 0x30, 0x30, 0x20, 0x33, 0x30, 0x30, 0x76, 0x35, 0x30, 0x71,
    0x2d, 0x32, 0x35, 0x20, 0x30, 0x20, 0x2d, 0x35, 0x35, 0x20, 0x33, 0x32, 0x71, 0x2d, 0x31, 0x34,
    0x20, 0x31, 0x34, 0x20, 0x2d, 0x32, 0x35, 0x20, 0x33, 0x31, 0x74, 0x2d, 0x31, 0x36, 0x20, 0x32,
    0x37, 0x6c, 0x2d, 0x34, 0x20, 0x31, 0x31, 0x6c, 0x2d, 0x32, 0x38, 0x39, 0x20, 0x37, 0x34, 0x37,
    0x68, 0x2d, 0x36, 0x39, 0x6c, 0x2d, 0x33, 0x30, 0x30, 0x20, 0x2d, 0x37, 0x35, 0x34, 0x71, 0x2d,
    0x31, 0x38, 0x20, 0x2d, 0x33, 0x35, 0x20, 0x2d, 0x33, 0x39, 0x20, 0x2d, 0x35, 0x36, 0x71, 0x2d,
    0x39, 0x20, 0x2d, 0x39, 0x20, 0x2d, 0x32, 0x34, 0x2e, 0x35, 0x20, 0x2d, 0x31, 0x38, 0x2e, 0x35,
    0x74, 0x2d, 0x32, 0x36, 0x2e, 0x35, 0x20, 0x2d, 0x31, 0x34, 0x2e, 0x35, 0x6c, 0x2d, 0x31, 0x31,
    0x20, 0x2d, 0x35, 0x76, 0x2d, 0x35, 0x30, 0x68, 0x32, 0x37, 0x33, 0x76, 0x35, 0x30, 0x71, 0x2d,
    0x34, 0x39, 0x20, 0x30, 0x20, 0x2d, 0x37, 0x38, 0x2e, 0x35, 0x20, 0x32, 0x31, 0x2e, 0x35, 0x74,
    0x2d, 0x31, 0x31, 0x2e, 0x35, 0x20, 0x36, 0x37, 0x2e, 0x35, 0x6c, 0x36, 0x39, 0x20, 0x31, 0x37,
    0x36, 0x68, 0x32, 0x39, 0x33, 0x6c, 0x36, 0x31, 0x20, 0x2d, 0x31, 0x36, 0x36, 0x71, 0x31, 0x33,
    0x20, 0x2d, 0x33, 0x34, 0x20, 0x2d, 0x33, 0x2e, 0x35, 0x20, 0x2d, 0x36, 0x36, 0x2e, 0x35, 0x74,
    0x2d, 0x35, 0x35, 0x2e, 0x35, 0x20, 0x2d, 0x33, 0x32, 0x2e, 0x35, 0x76, 0x2d, 0x35, 0x30, 0x68,
    0x33, 0x31, 0x32, 0x7a, 0x4d, 0x34, 0x31, 0x32, 0x20, 0x36, 0x39, 0x31, 0x6c, 0x31, 0x33, 0x34,
    0x20, 0x33, 0x34, 0x32, 0x6c, 0x31, 0x32, 0x31, 0x20, 0x2d, 0x33, 0x34, 0x32, 0x20, 0x68, 0x2d,
    0x32, 0x35, 0x35, 0x7a, 0x4d, 0x31, 0x31, 0x30, 0x30, 0x20, 0x31, 0x35, 0x30, 0x76, 0x2d, 0x31,
    0x30, 0x30, 0x71, 0x30, 0x20, 0x2d, 0x32, 0x31, 0x20, 0x2d, 0x31, 0x34, 0x2e, 0x35, 0x20, 0x2d,
    0x33, 0x35, 0x2e, 0x35, 0x74, 0x2d, 0x33, 0x35, 0x2e, 0x35, 0x20, 0x2d, 0x31, 0x34, 0x2e, 0x35,
    0x68, 0x2d, 0x31, 0x30, 0x30, 0x30, 0x71, 0x2d, 0x32, 0x31, 0x20, 0x30, 0x20, 0x2d, 0x33, 0x35,
    0x2e, 0x35, 0x20, 0x31, 0x34, 0x2e, 0x35, 0x74, 0x2d, 0x31, 0x34, 0x2e, 0x35, 0x20, 0x33, 0x35,
    0x2e, 0x35, 0x76, 0x31, 0x30, 0x30, 0x71, 0x30, 0x20, 0x32, 0x31, 0x20, 0x31, 0x34, 0x2e, 0x35,
    0x20, 0x33, 0x35, 0x2e, 0x35, 0x74, 0x33, 0x35, 0x2e, 0x35, 0x20, 0x31, 0x34, 0x2e, 0x35, 0x68,
    0x31, 0x30, 0x30, 0x30, 0x71, 0x32, 0x31, 0x20, 0x30, 0x20, 0x33, 0x35, 0x2e, 0x35, 0x20, 0x2d,
    0x31, 0x34, 0x2e, 0x35, 0x74, 0x31, 0x34, 0x2e, 0x35, 0x20, 0x2d, 0x33, 0x35, 0x2e, 0x35, 0x7a,
    0x22, 0x20, 0x2f, 0x3e, 0x0a, 0x3c, 0x67, 0x6c, 0x79, 0x70, 0x68, 0x20, 0x75, 0x6e, 0x69, 0x63,
    0x6f, 0x64, 0x65, 0x3d, 0x22, 0x26, 0x23, 0x78, 0x65, 0x32, 0x34, 0x33, 0x3b, 0x22, 0x20, 0x64,
    0x3d, 0x22, 0x4d, 0x35, 0x30, 0x20, 0x31, 0x32, 0x30, 0x30, 0x68, 0x31, 0x31, 0x30, 0x30, 0x71,
    0x32, 0x31, 0x20, 0x30, 0x20, 0x33, 0x35, 0x2e, 0x35, 0x20, 0x2d, 0x31, 0x34, 0x2e, 0x35, 0x74,
    0x31, 0x34, 0x2e, 0x35, 0x20, 0x2d, 0x33, 0x35, 0x2e, 0x35, 0x76, 0x2d, 0x31, 0x31, 0x30, 0x30,
    0x71, 0x30, 0x20, 0x2d, 0x32, 0x31, 0x20, 0x2d, 0x31, 0x34, 0x2e, 0x35, 0x20, 0x2d, 0x33, 0x35,
    0x2e, 0x35, 0x74, 0x2d, 0x33, 0x35, 0x2e, 0x35, 0x20, 0x2d, 0x31, 0x34, 0x2e, 0x35, 0x68, 0x2d,
    0x31, 0x31, 0x30, 0x30, 0x71, 0x2d, 0x32, 0x31, 0x20, 0x30, 0x20, 0x2d, 0x33, 0x35, 0x2e, 0x35,
    0x20, 0x31, 0x34, 0x2e, 0x35, 0x74, 0x2d, 0x31, 0x34, 0x2e, 0x35, 0x20, 0x33, 0x35, 0x2e, 0x35,
    0x76, 0x31, 0x31, 0x30, 0x30, 0x71, 0x30, 0x20, 0x32, 0x31, 0x20, 0x31, 0x34, 0x2e, 0x35, 0x20,
    0x33, 0x35, 0x2e, 0x35, 0x74, 0x33, 0x35, 0x2e, 0x35, 0x20, 0x31, 0x34, 0x2e, 0x35, 0x7a, 0x4d,
    0x36, 0x31, 0x31, 0x20, 0x31, 0x31, 0x31, 0x38, 0x68, 0x2d, 0x37, 0x30, 0x71, 0x2d, 0x31, 0x33,
    0x20, 0x30, 0x20, 0x2d, 0x31, 0x38, 0x20, 0x2d, 0x31, 0x32, 0x6c, 0x2d, 0x32, 0x39, 0x39, 0x20,
    0x2d, 0x37, 0x35, 0x33, 0x71, 0x2d, 0x31, 0x37, 0x20, 0x2d, 0x33, 0x32, 0x20, 0x2d, 0x33, 0x35,
    0x20, 0x2d, 0x35, 0x31, 0x71, 0x2d, 0x31, 0x38, 0x20, 0x2d, 0x31, 0x38, 0x20, 0x2d, 0x35, 0x36,
    0x20, 0x2d, 0x33, 0x34, 0x71, 0x2d, 0x31, 0x32, 0x20, 0x2d, 0x35, 0x20, 0x2d, 0x31, 0x32, 0x20,
    0x2d, 0x31, 0x38, 0x76, 0x2d, 0x35, 0x30, 0x71, 0x30, 0x20, 0x2d, 0x38, 0x20, 0x35, 0x2e, 0x35,
    0x20, 0x2d, 0x31, 0x34, 0x74, 0x31, 0x34, 0x2e, 0x35, 0x20, 0x2d, 0x36, 0x20, 0x68, 0x32, 0x37,
    0x33, 0x71, 0x38, 0x20, 0x30, 0x20, 0x31, 0x34, 0x20, 0x36, 0x74, 0x36, 0x20, 0x31, 0x34, 0x76,
    0x35, 0x30, 0x71, 0x30, 0x20, 0x38, 0x20, 0x2d, 0x36, 0x20, 0x31, 0x34, 0x74, 0x2d, 0x31, 0x34,
    0x20, 0x36, 0x71, 0x2d, 0x35, 0x35, 0x20, 0x30, 0x20, 0x2d, 0x37, 0x31, 0x20, 0x32, 0x33, 0x71,
    0x2d, 0x31, 0x30, 0x20, 0x31, 0x34, 0x20, 0x30, 0x20, 0x33, 0x39, 0x6c, 0x36, 0x33, 0x20, 0x31,
    0x36, 0x33, 0x68, 0x32, 0x36, 0x36, 0x6c, 0x35, 0x37, 0x20, 0x2d, 0x31, 0x35, 0x33, 0x71, 0x31,
    0x31, 0x20, 0x2d, 0x33, 0x31, 0x20, 0x2d, 0x36, 0x20, 0x2d, 0x35, 0x35, 0x71, 0x2d, 0x31, 0x32,
    0x20, 0x2d, 0x31, 0x37, 0x20, 0x2d, 0x33, 0x36, 0x20, 0x2d, 0x31, 0x37, 0x71, 0x2d, 0x38, 0x20,
    0x30, 0x20, 0x2d, 0x31, 0x34, 0x20, 0x2d, 0x36, 0x74, 0x2d, 0x36, 0x20, 0x2d, 0x31, 0x34, 0x76,
    0x2d, 0x35, 0x30, 0x71, 0x30, 0x20, 0x2d, 0x38, 0x20, 0x36, 0x20, 0x2d, 0x31, 0x34, 0x74, 0x31,
    0x34, 0x20, 0x2d, 0x36, 0x68, 0x33, 0x31, 0x33, 0x71, 0x38, 0x20, 0x30, 0x20, 0x31, 0x34, 0x20,
    0x36, 0x74, 0x36, 0x20, 0x31, 0x34, 0x76, 0x35, 0x30, 0x71, 0x30, 0x20, 0x37, 0x20, 0x2d, 0x35,
    0x2e, 0x35, 0x20, 0x31, 0x33, 0x74, 0x2d, 0x31, 0x33, 0x2e, 0x35, 0x20, 0x37, 0x71, 0x2d, 0x31,
    0x37, 0x20, 0x30, 0x20, 0x2d, 0x34, 0x32, 0x20, 0x32, 0x35, 0x71, 0x2d, 0x32, 0x35, 0x20, 0x32,
    0x37, 0x20, 0x2d, 0x34, 0x30, 0x20, 0x36, 0x33, 0x68, 0x2d, 0x31, 0x6c, 0x2d, 0x32, 0x38, 0x38,
    0x20, 0x37, 0x34, 0x38, 0x71, 0x2d, 0x35, 0x20, 0x31, 0x32, 0x20, 0x2d, 0x31, 0x39, 0x20, 0x31,
    0x32, 0x7a, 0x4d, 0x36, 0x33, 0x39, 0x20, 0x36, 0x31, 0x31, 0x20, 0x68, 0x2d, 0x31, 0x39, 0x37,
    0x6c, 0x31, 0x30, 0x33, 0x20, 0x32, 0x36, 0x34, 0x7a, 0x22, 0x20, 0x2f, 0x3e, 0x0a, 0x3c, 0x67,
    0x6c, 0x79, 0x70, 0x68, 0x20, 0x75, 0x6e, 0x69, 0x63, 0x6f, 0x64, 0x65, 0x3d, 0x22, 0x26, 0x23,
    0x78, 0x65, 0x32, 0x34, 0x34, 0x3b, 0x22, 0x20, 0x64, 0x3d, 0x22, 0x4d, 0x31, 0x32, 0x30, 0x30,
    0x20, 0x31, 0x31, 0x30, 0x30, 0x68, 0x2d, 0x31, 0x32, 0x30, 0x30, 0x76, 0x31, 0x30, 0x30, 0x68,
    0x31, 0x32, 0x30, 0x30, 0x76, 0x2d, 0x31, 0x30, 0x30, 0x7a, 0x4d, 0x35, 0x30, 0x20, 0x31, 0x30,
    0x30, 0x30, 0x68, 0x34, 0x30, 0x30, 0x71, 0x32, 0x31, 0x20, 0x30, 0x20, 0x33, 0x35, 0x2e, 0x35,
    0x20, 0x2d, 0x31, 0x34, 0x2e, 0x35, 0x74, 0x31, 0x34, 0x2e, 0x35, 0x20, 0x2d, 0x33, 0x35, 0x2e,
    0x35, 0x76, 0x2d, 0x39, 0x30, 0x30, 0x71, 0x30, 0x20, 0x2d, 0x32, 0x31, 0x20, 0x2d, 0x31, 0x34,
    0x2e, 0x35, 0x20, 0x2d, 0x33, 0x35, 0x2e, 0x35, 0x74, 0x2d, 0x33, 0x35, 0x2e, 0x35, 0x20, 0x2d,
    0x31, 0x34, 0x2e, 0x35, 0x68, 0x2d, 0x34, 0x30, 0x30, 0x71, 0x2d, 0x32, 0x31, 0x20, 0x30, 0x20,
    0x2d, 0x33, 0x35, 0x2e, 0x35, 0x20, 0x31, 0x34, 0x2e, 0x35, 0x74, 0x2d, 0x31, 0x34, 0x2e, 0x35,
    0x20, 0x33, 0x35, 0x2e, 0x35, 0x76, 0x39, 0x30, 0x30, 0x71, 0x30, 0x20, 0x32, 0x31, 0x20, 0x31,
    0x34, 0x2e, 0x35, 0x20, 0x33, 0x35, 0x2e, 0x35, 0x74, 0x33, 0x35, 0x2e, 0x35, 0x20, 0x31, 0x34,
    0x2e, 0x35, 0x7a, 0x4d, 0x36, 0x35, 0x30, 0x20, 0x31, 0x30, 0x30, 0x30, 0x68, 0x34, 0x30, 0x30,
    0x71, 0x32, 0x31, 0x20, 0x30, 0x20, 0x33, 0x35, 0x2e, 0x35, 0x20, 0x2d, 0x31, 0x34, 0x2e, 0x35,
    0x74, 0x31, 0x34, 0x2e, 0x35, 0x20, 0x2d, 0x33, 0x35, 0x2e, 0x35, 0x76, 0x2d, 0x34, 0x30, 0x30,
    0x71, 0x30, 0x20, 0x2d, 0x32, 0x31, 0x20, 0x2d, 0x31, 0x34, 0x2e, 0x35, 0x20, 0x2d, 0x33, 0x35,
    0x2e, 0x35, 0x74, 0x2d, 0x33, 0x35, 0x2e, 0x35, 0x20, 0x2d, 0x31, 0x34, 0x2e, 0x35, 0x68, 0x2d,
    0x34, 0x30, 0x30, 0x20, 0x71, 0x2d, 0x32, 0x31, 0x20, 0x30, 0x20, 0x2d, 0x33, 0x35, 0x2e, 0x35,
    0x20, 0x31, 0x34, 0x2e, 0x35, 0x74, 0x2d, 0x31, 0x34, 0x2e, 0x35, 0x20, 0x33, 0x35, 0x2e, 0x35,
    0x76, 0x34, 0x30, 0x30, 0x71, 0x30, 0x20, 0x32, 0x31, 0x20, 0x31, 0x34, 0x2e, 0x35, 0x20, 0x33,
    0x35, 0x2e, 0x35, 0x74, 0x33, 0x35, 0x2e, 0x35, 0x20, 0x31, 0x34, 0x2e, 0x35, 0x7a, 0x4d, 0x37,
    0x30, 0x30, 0x20, 0x39, 0x30, 0x30, 0x76, 0x2d, 0x33, 0x30, 0x30, 0x68, 0x33, 0x30, 0x30, 0x76,
    0x33, 0x30, 0x30, 0x68, 0x2d, 0x33, 0x30, 0x30, 0x7a, 0x22, 0x20, 0x2f, 0x3e, 0x0a, 0x3c, 0x67,
    0x6c, 0x79, 0x70, 0x68, 0x20, 0x75, 0x6e, 0x69, 0x63, 0x6f, 0x64, 0x65, 0x3d, 0x22, 0x26, 0x23,
    0x78, 0x65, 0x32, 0x34, 0x35, 0x3b, 0x22, 0x20, 0x64, 0x3d, 0x22, 0x4d, 0x35, 0x30, 0x20, 0x31,
    0x32, 0x30, 0x30, 0x68, 0x34, 0x30, 0x30, 0x71, 0x32, 0x31, 0x20, 0x30, 0x20, 0x33, 0x35, 0x2e,
    0x35, 0x20, 0x2d, 0x31, 0x34, 0x2e, 0x35, 0x74, 0x31, 0x34, 0x2e, 0x35, 0x20, 0x2d, 0x33, 0x35,
    0x2e, 0x35, 0x76, 0x2d, 0x39, 0x30, 0x30, 0x71, 0x30, 0x20, 0x2d, 0x32, 0x31, 0x20, 0x2d, 0x31,
    0x34, 0x2e, 0x35, 0x20, 0x2d, 0x33, 0x35, 0x2e, 0x35, 0x74, 0x2d, 0x33, 0x35, 0x2e, 0x35, 0x20,
    0x2d, 0x31, 0x34, 0x2e, 0x35, 0x68, 0x2d, 0x34, 0x30, 0x30, 0x71, 0x2d, 0x32, 0x31, 0x20, 0x30,
    0x20, 0x2d, 0x33, 0x35, 0x2e, 0x35, 0x20, 0x31, 0x34, 0x2e, 0x35, 0x74, 0x2d, 0x31, 0x34, 0x2e,
    0x35, 0x20, 0x33, 0x35, 0x2e, 0x35, 0x76, 0x39, 0x30, 0x30, 0x71, 0x30, 0x20, 0x32, 0x31, 0x20,
    0x31, 0x34, 0x2e, 0x35, 0x20, 0x33, 0x35, 0x2e, 0x35, 0x74, 0x33, 0x35, 0x2e, 0x35, 0x20, 0x31,
    0x34, 0x2e, 0x35, 0x7a, 0x4d, 0x36, 0x35, 0x30, 0x20, 0x37, 0x30, 0x30, 0x68, 0x34, 0x30, 0x30,
    0x71, 0x32, 0x31, 0x20, 0x30, 0x20, 0x33, 0x35, 0x2e, 0x35, 0x20, 0x2d, 0x31, 0x34, 0x2e, 0x35,
    0x74, 0x31, 0x34, 0x2e, 0x35, 0x20, 0x2d, 0x33, 0x35, 0x2e, 0x35, 0x76, 0x2d, 0x34, 0x30, 0x30,
    0x71, 0x30, 0x20, 0x2d, 0x32, 0x31, 0x20, 0x2d, 0x31, 0x34, 0x2e, 0x35, 0x20, 0x2d, 0x33, 0x35,
    0x2e, 0x35, 0x74, 0x2d, 0x33, 0x35, 0x2e, 0x35, 0x20, 0x2d, 0x31, 0x34, 0x2e, 0x35, 0x68, 0x2d,
    0x34, 0x30, 0x30, 0x71, 0x2d, 0x32, 0x31, 0x20, 0x30, 0x20, 0x2d, 0x33, 0x35, 0x2e, 0x35, 0x20,
    0x31, 0x34, 0x2e, 0x35, 0x74, 0x2d, 0x31, 0x34, 0x2e, 0x35, 0x20, 0x33, 0x35, 0x2e, 0x35, 0x76,
    0x34, 0x30, 0x30, 0x20, 0x71, 0x30, 0x20, 0x32, 0x31, 0x20, 0x31, 0x34, 0x2e, 0x35, 0x20, 0x33,
    0x35, 0x2e, 0x35, 0x74, 0x33, 0x35, 0x2e, 0x35, 0x20, 0x31, 0x34, 0x2e, 0x35, 0x7a, 0x4d, 0x37,
    0x30, 0x30, 0x20, 0x36, 0x30, 0x30, 0x76, 0x2d, 0x33, 0x30, 0x30, 0x68, 0x33, 0x30, 0x30, 0x76,
    0x33, 0x30, 0x30, 0x68, 0x2d, 0x33, 0x30, 0x30, 0x7a, 0x4d, 0x31, 0x32, 0x30, 0x30, 0x20, 0x30,
    0x68, 0x2d, 0x31, 0x32, 0x30, 0x30, 0x76, 0x31, 0x30, 0x30, 0x68, 0x31, 0x32, 0x30, 0x30, 0x76,
    0x2d, 0x31, 0x30, 0x30, 0x7a, 0x22, 0x20, 0x2f, 0x3e, 0x0a, 0x3c, 0x67, 0x6c, 0x79, 0x70, 0x68,
    0x20, 0x75, 0x6e, 0x69, 0x63, 0x6f, 0x64, 0x65, 0x3d, 0x22, 0x26, 0x23, 0x78, 0x65, 0x32, 0x34,
    0x36, 0x3b, 0x22, 0x20, 0x64, 0x3d, 0x22, 0x4d, 0x35, 0x30, 0x20, 0x31, 0x30, 0x30, 0x30, 0x68,
    0x34, 0x30, 0x30, 0x71, 0x32, 0x31, 0x20, 0x30, 0x20, 0x33, 0x35, 0x2e, 0x35, 0x20, 0x2d, 0x31,
    0x34, 0x2e, 0x35, 0x74, 0x31, 0x34, 0x2e, 0x35, 0x20, 0x2d, 0x33, 0x35, 0x2e, 0x35, 0x76, 0x2d,
    0x33, 0x35, 0x30, 0x68, 0x31, 0x30, 0x30, 0x76, 0x31, 0x35, 0x30, 0x71, 0x30, 0x20, 0x32, 0x31,
    0x20, 0x31, 0x34, 0x2e, 0x35, 0x20, 0x33, 0x35, 0x2e, 0x35, 0x74, 0x33, 0x35, 0x2e, 0x35, 0x20,
    0x31, 0x34, 0x2e, 0x35, 0x68, 0x34, 0x30, 0x30, 0x71, 0x32, 0x31, 0x20, 0x30, 0x20, 0x33, 0x35,
    0x2e, 0x35, 0x20, 0x2d, 0x31, 0x34, 0x2e, 0x35, 0x74, 0x31, 0x34, 0x2e, 0x35, 0x20, 0x2d, 0x33,
    0x35, 0x2e, 0x35, 0x76, 0x2d, 0x31, 0x35, 0x30, 0x68, 0x31, 0x30, 0x30, 0x76, 0x2d, 0x31, 0x30,
    0x30, 0x68, 0x2d, 0x31, 0x30, 0x30, 0x76, 0x2d, 0x31, 0x35, 0x30, 0x71, 0x30, 0x20, 0x2d, 0x32,
    0x31, 0x20, 0x2d, 0x31, 0x34, 0x2e, 0x35, 0x20, 0x2d, 0x33, 0x35, 0x2e, 0x35, 0x74, 0x2d, 0x33,
    0x35, 0x2e, 0x35, 0x20, 0x2d, 0x31, 0x34, 0x2e, 0x35, 0x68, 0x2d, 0x34, 0x30, 0x30, 0x71, 0x2d,
    0x32, 0x31, 0x20, 0x30, 0x20, 0x2d, 0x33, 0x35, 0x2e, 0x35, 0x20, 0x31, 0x34, 0x2e, 0x35, 0x74,
    0x2d, 0x31, 0x34, 0x2e, 0x35, 0x20, 0x33, 0x35, 0x2e, 0x35, 0x76, 0x31, 0x35, 0x30, 0x68, 0x2d,
    0x31, 0x30, 0x30, 0x76, 0x2d, 0x33, 0x35, 0x30, 0x71, 0x30, 0x20, 0x2d, 0x32, 0x31, 0x20, 0x2d,
    0x31, 0x34, 0x2e, 0x35, 0x20, 0x2d, 0x33, 0x35, 0x2e, 0x35, 0x74, 0x2d, 0x33, 0x35, 0x2e, 0x35,
    0x20, 0x2d, 0x31, 0x34, 0x2e, 0x35, 0x68, 0x2d, 0x34, 0x30, 0x30, 0x20, 0x71, 0x2d, 0x32, 0x31,
    0x20, 0x30, 0x20, 0x2d, 0x33, 0x35, 0x2e, 0x35, 0x20, 0x31, 0x34, 0x2e, 0x35, 0x74, 0x2d, 0x31,
    0x34, 0x2e, 0x35, 0x20, 0x33, 0x35, 0x2e, 0x35, 0x76, 0x38, 0x30, 0x30, 0x71, 0x30, 0x20, 0x32,
    0x31, 0x20, 0x31, 0x34, 0x2e, 0x35, 0x20, 0x33, 0x35, 0x2e, 0x35, 0x74, 0x33, 0x35, 0x2e, 0x35,
    0x20, 0x31, 0x34, 0x2e, 0x35, 0x7a, 0x4d, 0x37, 0x30, 0x30, 0x20, 0x37, 0x30, 0x30, 0x76, 0x2d,
    0x33, 0x30, 0x30, 0x68, 0x33, 0x30, 0x30, 0x76, 0x33, 0x30, 0x30, 0x68, 0x2d, 0x33, 0x30, 0x30,
    0x7a, 0x22, 0x20, 0x2f, 0x3e, 0x0a, 0x3c, 0x67, 0x6c, 0x79, 0x70, 0x68, 0x20, 0x75, 0x6e, 0x69,
    0x63, 0x6f, 0x64, 0x65, 0x3d, 0x22, 0x26, 0x23, 0x78, 0x65, 0x32, 0x34, 0x37, 0x3b, 0x22, 0x20,
    0x64, 0x3d, 0x22, 0x4d, 0x31, 0x30, 0x30, 0x20, 0x30, 0x68, 0x2d, 0x31, 0x30, 0x30, 0x76, 0x31,
    0x32, 0x30, 0x30, 0x68, 0x31, 0x30, 0x30, 0x76, 0x2d, 0x31, 0x32, 0x30, 0x30, 0x7a, 0x4d, 0x32,
    0x35, 0x30, 0x20, 0x31, 0x31, 0x30, 0x30, 0x68, 0x34, 0x30, 0x30, 0x71, 0x32, 0x31, 0x20, 0x30,
    0x20, 0x33, 0x35, 0x2e, 0x35, 0x20, 0x2d, 0x31, 0x34, 0x2e, 0x35, 0x74, 0x31, 0x34, 0x2e, 0x35,
    0x20, 0x2d, 0x33, 0x35, 0x2e, 0x35, 0x76, 0x2d, 0x34, 0x30, 0x30, 0x71, 0x30, 0x20, 0x2d, 0x32,
    0x31, 0x20, 0x2d, 0x31, 0x34, 0x2e, 0x35, 0x20, 0x2d, 0x33, 0x35, 0x2e, 0x35, 0x74, 0x2d, 0x33,
    0x35, 0x2e, 0x35, 0x20, 0x2d, 0x31, 0x34, 0x2e, 0x35, 0x68, 0x2d, 0x34, 0x30, 0x30, 0x71, 0x2d,
    0x32, 0x31, 0x20, 0x30, 0x20, 0x2d, 0x33, 0x35, 0x2e, 0x35, 0x20, 0x31, 0x34, 0x2e, 0x35, 0x74,
    0x2d, 0x31, 0x34, 0x2e, 0x35, 0x20, 0x33, 0x35, 0x2e, 0x35, 0x76, 0x34, 0x30, 0x30, 0x71, 0x30,
    0x20, 0x32, 0x31, 0x20, 0x31, 0x34, 0x2e, 0x35, 0x20, 0x33, 0x35, 0x2e, 0x35, 0x74, 0x33, 0x35,
    0x2e, 0x35, 0x20, 0x31, 0x34, 0x2e, 0x35, 0x7a, 0x4d, 0x33, 0x30, 0x30, 0x20, 0x31, 0x30, 0x30,
    0x30, 0x76, 0x2d, 0x33, 0x30, 0x30, 0x68, 0x33, 0x30, 0x30, 0x76, 0x33, 0x30, 0x30, 0x68, 0x2d,
    0x33, 0x30, 0x30, 0x7a, 0x4d, 0x32, 0x35, 0x30, 0x20, 0x35, 0x30, 0x30, 0x68, 0x39, 0x30, 0x30,
    0x71, 0x32, 0x31, 0x20, 0x30, 0x20, 0x33, 0x35, 0x2e, 0x35, 0x20, 0x2d, 0x31, 0x34, 0x2e, 0x35,
    0x74, 0x31, 0x34, 0x2e, 0x35, 0x20, 0x2d, 0x33, 0x35, 0x2e, 0x35, 0x76, 0x2d, 0x34, 0x30, 0x30,
    0x20, 0x71, 0x30, 0x20, 0x2d, 0x32, 0x31, 0x20, 0x2d, 0x31, 0x34, 0x2e, 0x35, 0x20, 0x2d, 0x33,
    0x35, 0x2e, 0x35, 0x74, 0x2d, 0x33, 0x35, 0x2e, 0x35, 0x20, 0x2d, 0x31, 0x34, 0x2e, 0x35, 0x68,
    0x2d, 0x39, 0x30, 0x30, 0x71, 0x2d, 0x32, 0x31, 0x20, 0x30, 0x20, 0x2d, 0x33, 0x35, 0x2e, 0x35,
    0x20, 0x31, 0x34, 0x2e, 0x35, 0x74, 0x2d, 0x31, 0x34, 0x2e, 0x35, 0x20, 0x33, 0x35, 0x2e, 0x35,
    0x76, 0x34, 0x30, 0x30, 0x71, 0x30, 0x20, 0x32, 0x31, 0x20, 0x31, 0x34, 0x2e, 0x35, 0x20, 0x33,
    0x35, 0x2e, 0x35, 0x74, 0x33, 0x35, 0x2e, 0x35, 0x20, 0x31, 0x34, 0x2e, 0x35, 0x7a, 0x22, 0x20,
    0x2f, 0x3e, 0x0a, 0x3c, 0x67, 0x6c, 0x79, 0x70, 0x68, 0x20, 0x75, 0x6e, 0x69, 0x63, 0x6f, 0x64,
    0x65, 0x3d, 0x22, 0x26, 0x23, 0x78, 0x65, 0x32, 0x34, 0x38, 0x3b, 0x22, 0x20, 0x64, 0x3d, 0x22,
    0x4d, 0x36, 0x30, 0x30, 0x20, 0x31, 0x31, 0x30, 0x30, 0x68, 0x31, 0x35, 0x30, 0x71, 0x32, 0x31,
    0x20, 0x30, 0x20, 0x33, 0x35, 0x2e, 0x35, 0x20, 0x2d, 0x31, 0x34, 0x2e, 0x35, 0x74, 0x31, 0x34,
    0x2e, 0x35, 0x20, 0x2d, 0x33, 0x35, 0x2e, 0x35, 0x76, 0x2d, 0x34, 0x30, 0x30, 0x71, 0x30, 0x20,
    0x2d, 0x32, 0x31, 0x20, 0x2d, 0x31, 0x34, 0x2e, 0x35, 0x20, 0x2d, 0x33, 0x35, 0x2e, 0x35, 0x74,
    0x2d, 0x33, 0x35, 0x2e, 0x35, 0x20, 0x2d, 0x31, 0x34, 0x2e, 0x35, 0x68, 0x2d, 0x31, 0x35, 0x30,
    0x76, 0x2d, 0x31, 0x30, 0x30, 0x68, 0x34, 0x35, 0x30, 0x71, 0x32, 0x31, 0x20, 0x30, 0x20, 0x33,
    0x35, 0x2e, 0x35, 0x20, 0x2d, 0x31, 0x34, 0x2e, 0x35, 0x74, 0x31, 0x34, 0x2e, 0x35, 0x20, 0x2d,
    0x33, 0x35, 0x2e, 0x35, 0x76, 0x2d, 0x34, 0x30, 0x30, 0x71, 0x30, 0x20, 0x2d, 0x32, 0x31, 0x20,
    0x2d, 0x31, 0x34, 0x2e, 0x35, 0x20, 0x2d, 0x33, 0x35, 0x2e, 0x35, 0x74, 0x2d, 0x33, 0x35, 0x2e,
    0x35, 0x20, 0x2d, 0x31, 0x34, 0x2e, 0x35, 0x68, 0x2d, 0x39, 0x30, 0x30, 0x71, 0x2d, 0x32, 0x31,
    0x20, 0x30, 0x20, 0x2d, 0x33, 0x35, 0x2e, 0x35, 0x20, 0x31, 0x34, 0x2e, 0x35, 0x74, 0x2d, 0x31,
    0x34, 0x2e, 0x35, 0x20, 0x33, 0x35, 0x2e, 0x35, 0x76, 0x34, 0x30, 0x30, 0x71, 0x30, 0x20, 0x32,
    0x31, 0x20, 0x31, 0x34, 0x2e, 0x35, 0x20, 0x33, 0x35, 0x2e, 0x35, 0x74, 0x33, 0x35, 0x2e, 0x35,
    0x20, 0x31, 0x34, 0x2e, 0x35, 0x68, 0x33, 0x35, 0x30, 0x76, 0x31, 0x30, 0x30, 0x68, 0x2d, 0x31,
    0x35, 0x30, 0x71, 0x2d, 0x32, 0x31, 0x20, 0x30, 0x20, 0x2d, 0x33, 0x35, 0x2e, 0x35, 0x20, 0x31,
    0x34, 0x2e, 0x35, 0x20, 0x74, 0x2d, 0x31, 0x34, 0x2e, 0x35, 0x20, 0x33, 0x35, 0x2e, 0x35, 0x76,
    0x34, 0x30, 0x30, 0x71, 0x30, 0x20, 0x32, 0x31, 0x20, 0x31, 0x34, 0x2e, 0x35, 0x20, 0x33, 0x35,
    0x2e, 0x35, 0x74, 0x33, 0x35, 0x2e, 0x35, 0x20, 0x31, 0x34, 0x2e, 0x35, 0x68, 0x31, 0x35, 0x30,
    0x76, 0x31, 0x30, 0x30, 0x68, 0x31, 0x30, 0x30, 0x76, 0x2d, 0x31, 0x30, 0x30, 0x7a, 0x4d, 0x34,
    0x30, 0x30, 0x20, 0x31, 0x30, 0x30, 0x30, 0x76, 0x2d, 0x33, 0x30, 0x30, 0x68, 0x33, 0x30, 0x30,
    0x76, 0x33, 0x30, 0x30, 0x68, 0x2d, 0x33, 0x30, 0x30, 0x7a, 0x22, 0x20, 0x2f, 0x3e, 0x0a, 0x3c,
    0x67, 0x6c, 0x79, 0x70, 0x68, 0x20, 0x75, 0x6e, 0x69, 0x63, 0x6f, 0x64, 0x65, 0x3d, 0x22, 0x26,
    0x23, 0x78, 0x65, 0x32, 0x34, 0x39, 0x3b, 0x22, 0x20, 0x64, 0x3d, 0x22, 0x4d, 0x31, 0x32, 0x30,
    0x30, 0x20, 0x30, 0x68, 0x2d, 0x31, 0x30, 0x30, 0x76, 0x31, 0x32, 0x30, 0x30, 0x68, 0x31, 0x30,
    0x30, 0x76, 0x2d, 0x31, 0x32, 0x30, 0x30, 0x7a, 0x4d, 0x35, 0x35, 0x30, 0x20, 0x31, 0x31, 0x30,
    0x30, 0x68, 0x34, 0x30, 0x30, 0x71, 0x32, 0x31, 0x20, 0x30, 0x20, 0x33, 0x35, 0x2e, 0x35, 0x20,
    0x2d, 0x31, 0x34, 0x2e, 0x35, 0x74, 0x31, 0x34, 0x2e, 0x35, 0x20, 0x2d, 0x33, 0x35, 0x2e, 0x35,
    0x76, 0x2d, 0x34, 0x30, 0x30, 0x71, 0x30, 0x20, 0x2d, 0x32, 0x31, 0x20, 0x2d, 0x31, 0x34, 0x2e,
    0x35, 0x20, 0x2d, 0x33, 0x35, 0x2e, 0x35, 0x74, 0x2d, 0x33, 0x35, 0x2e, 0x35, 0x20, 0x2d, 0x31,
    0x34, 0x2e, 0x35, 0x68, 0x2d, 0x34, 0x30, 0x30, 0x71, 0x2d, 0x32, 0x31, 0x20, 0x30, 0x20, 0x2d,
    0x33, 0x35, 0x2e, 0x35, 0x20, 0x31, 0x34, 0x2e, 0x35, 0x74, 0x2d, 0x31, 0x34, 0x2e, 0x35, 0x20,
    0x33, 0x35, 0x2e, 0x35, 0x76, 0x34, 0x30, 0x30, 0x71, 0x30, 0x20, 0x32, 0x31, 0x20, 0x31, 0x34,
    0x2e, 0x35, 0x20, 0x33, 0x35, 0x2e, 0x35, 0x74, 0x33, 0x35, 0x2e, 0x35, 0x20, 0x31, 0x34, 0x2e,
    0x35, 0x7a, 0x4d, 0x36, 0x30, 0x30, 0x20, 0x31, 0x30, 0x30, 0x30, 0x76, 0x2d, 0x33, 0x30, 0x30,
    0x68, 0x33, 0x30, 0x30, 0x76, 0x33, 0x30, 0x30, 0x68, 0x2d, 0x33, 0x30, 0x30, 0x7a, 0x4d, 0x35,
    0x30, 0x20, 0x35, 0x30, 0x30, 0x68, 0x39, 0x30, 0x30, 0x71, 0x32, 0x31, 0x20, 0x30, 0x20, 0x33,
    0x35, 0x2e, 0x35, 0x20, 0x2d, 0x31, 0x34, 0x2e, 0x35, 0x74, 0x31, 0x34, 0x2e, 0x35, 0x20, 0x2d,
    0x33, 0x35, 0x2e, 0x35, 0x76, 0x2d, 0x34, 0x30, 0x30, 0x20, 0x71, 0x30, 0x20, 0x2d, 0x32, 0x31,
    0x20, 0x2d, 0x31, 0x34, 0x2e, 0x35, 0x20, 0x2d, 0x33, 0x35, 0x2e, 0x35, 0x74, 0x2d, 0x33, 0x35,
    0x2e, 0x35, 0x20, 0x2d, 0x31, 0x34, 0x2e, 0x35, 0x68, 0x2d, 0x39, 0x30, 0x30, 0x71, 0x2d, 0x32,
    0x31, 0x20, 0x30, 0x20, 0x2d, 0x33, 0x35, 0x2e, 0x35, 0x20, 0x31, 0x34, 0x2e, 0x35, 0x74, 0x2d,
    0x31, 0x34, 0x2e, 0x35, 0x20, 0x33, 0x35, 0x2e, 0x35, 0x76, 0x34, 0x30, 0x30, 0x71, 0x30, 0x20,
    0x32, 0x31, 0x20, 0x31, 0x34, 0x2e, 0x35, 0x20, 0x33, 0x35, 0x2e, 0x35, 0x74, 0x33, 0x35, 0x2e,
    0x35, 0x20, 0x31, 0x34, 0x2e, 0x35, 0x7a, 0x22, 0x20, 0x2f, 0x3e, 0x0a, 0x3c, 0x67, 0x6c, 0x79,
    0x70, 0x68, 0x20, 0x75, 0x6e, 0x69, 0x63, 0x6f, 0x64, 0x65, 0x3d, 0x22, 0x26, 0x23, 0x78, 0x65,
    0x32, 0x35, 0x30, 0x3b, 0x22, 0x20, 0x64, 0x3d, 0x22, 0x4d, 0x38, 0x36, 0x35, 0x20, 0x35, 0x36,
    0x35, 0x6c, 0x2d, 0x34, 0x39, 0x34, 0x20, 0x2d, 0x34, 0x39, 0x34, 0x71, 0x2d, 0x32, 0x33, 0x20,
    0x2d, 0x32, 0x33, 0x20, 0x2d, 0x34, 0x31, 0x20, 0x2d, 0x32, 0x33, 0x71, 0x2d, 0x31, 0x34, 0x20,
    0x30, 0x20, 0x2d, 0x32, 0x32, 0x20, 0x31, 0x33, 0x2e, 0x35, 0x74, 0x2d, 0x38, 0x20, 0x33, 0x38,
    0x2e, 0x35, 0x76, 0x31, 0x30, 0x30, 0x30, 0x71, 0x30, 0x20, 0x32, 0x35, 0x20, 0x38, 0x20, 0x33,
    0x38, 0x2e, 0x35, 0x74, 0x32, 0x32, 0x20, 0x31, 0x33, 0x2e, 0x35, 0x71, 0x31, 0x38, 0x20, 0x30,
    0x20, 0x34, 0x31, 0x20, 0x2d, 0x32, 0x33, 0x6c, 0x34, 0x39, 0x34, 0x20, 0x2d, 0x34, 0x39, 0x34,
    0x71, 0x31, 0x34, 0x20, 0x2d, 0x31, 0x34, 0x20, 0x31, 0x34, 0x20, 0x2d, 0x33, 0x35, 0x74, 0x2d,
    0x31, 0x34, 0x20, 0x2d, 0x33, 0x35, 0x7a, 0x22, 0x20, 0x2f, 0x3e, 0x0a, 0x3c, 0x67, 0x6c, 0x79,
    0x70, 0x68, 0x20, 0x75, 0x6e, 0x69, 0x63, 0x6f, 0x64, 0x65, 0x3d, 0x22, 0x26, 0x23, 0x78, 0x65,
    0x32, 0x35, 0x31, 0x3b, 0x22, 0x20, 0x64, 0x3d, 0x22, 0x4d, 0x33, 0x33, 0x35, 0x20, 0x36, 0x33,
    0x35, 0x6c, 0x34, 0x39, 0x34, 0x20, 0x34, 0x39, 0x34, 0x71, 0x32, 0x39, 0x20, 0x32, 0x39, 0x20,
    0x35, 0x30, 0x20, 0x32, 0x30, 0x2e, 0x35, 0x74, 0x32, 0x31, 0x20, 0x2d, 0x34, 0x39, 0x2e, 0x35,
    0x76, 0x2d, 0x31, 0x30, 0x30, 0x30, 0x71, 0x30, 0x20, 0x2d, 0x34, 0x31, 0x20, 0x2d, 0x32, 0x31,
    0x20, 0x2d, 0x34, 0x39, 0x2e, 0x35, 0x74, 0x2d, 0x35, 0x30, 0x20, 0x32, 0x30, 0x2e, 0x35, 0x6c,
    0x2d, 0x34, 0x39, 0x34, 0x20, 0x34, 0x39, 0x34, 0x71, 0x2d, 0x31, 0x34, 0x20, 0x31, 0x34, 0x20,
    0x2d, 0x31, 0x34, 0x20, 0x33, 0x35, 0x74, 0x31, 0x34, 0x20, 0x33, 0x35, 0x7a, 0x22, 0x20, 0x2f,
    0x3e, 0x0a, 0x3c, 0x67, 0x6c, 0x79, 0x70, 0x68, 0x20, 0x75, 0x6e, 0x69, 0x63, 0x6f, 0x64, 0x65,
    0x3d, 0x22, 0x26, 0x23, 0x78, 0x65, 0x32, 0x35, 0x32, 0x3b, 0x22, 0x20, 0x64, 0x3d, 0x22, 0x4d,
    0x31, 0x30, 0x30, 0x20, 0x39, 0x30, 0x30, 0x68, 0x31, 0x30, 0x30, 0x30, 0x71, 0x34, 0x31, 0x20,
    0x30, 0x20, 0x34, 0x39, 0x2e, 0x35, 0x20, 0x2d, 0x32, 0x31, 0x74, 0x2d, 0x32, 0x30, 0x2e, 0x35,
    0x20, 0x2d, 0x35, 0x30, 0x6c, 0x2d, 0x34, 0x39, 0x34, 0x20, 0x2d, 0x34, 0x39, 0x34, 0x71, 0x2d,
    0x31, 0x34, 0x20, 0x2d, 0x31, 0x34, 0x20, 0x2d, 0x33, 0x35, 0x20, 0x2d, 0x31, 0x34, 0x74, 0x2d,
    0x33, 0x35, 0x20, 0x31, 0x34, 0x6c, 0x2d, 0x34, 0x39, 0x34, 0x20, 0x34, 0x39, 0x34, 0x71, 0x2d,
    0x32, 0x39, 0x20, 0x32, 0x39, 0x20, 0x2d, 0x32, 0x30, 0x2e, 0x35, 0x20, 0x35, 0x30, 0x74, 0x34,
    0x39, 0x2e, 0x35, 0x20, 0x32, 0x31, 0x7a, 0x22, 0x20, 0x2f, 0x3e, 0x0a, 0x3c, 0x67, 0x6c, 0x79,
    0x70, 0x68, 0x20, 0x75, 0x6e, 0x69, 0x63, 0x6f, 0x64, 0x65, 0x3d, 0x22, 0x26, 0x23, 0x78, 0x65,
    0x32, 0x35, 0x33, 0x3b, 0x22, 0x20, 0x64, 0x3d, 0x22, 0x4d, 0x36, 0x33, 0x35, 0x20, 0x38, 0x36,
    0x35, 0x6c, 0x34, 0x39, 0x34, 0x20, 0x2d, 0x34, 0x39, 0x34, 0x71, 0x32, 0x39, 0x20, 0x2d, 0x32,
    0x39, 0x20, 0x32, 0x30, 0x2e, 0x35, 0x20, 0x2d, 0x35, 0x30, 0x74, 0x2d, 0x34, 0x39, 0x2e, 0x35,
    0x20, 0x2d, 0x32, 0x31, 0x68, 0x2d, 0x31, 0x30, 0x30, 0x30, 0x71, 0x2d, 0x34, 0x31, 0x20, 0x30,
    0x20, 0x2d, 0x34, 0x39, 0x2e, 0x35, 0x20, 0x32, 0x31, 0x74, 0x32, 0x30, 0x2e, 0x35, 0x20, 0x35,
    0x30, 0x6c, 0x34, 0x39, 0x34, 0x20, 0x34, 0x39, 0x34, 0x71, 0x31, 0x34, 0x20, 0x31, 0x34, 0x20,
    0x33, 0x35, 0x20, 0x31, 0x34, 0x74, 0x33, 0x35, 0x20, 0x2d, 0x31, 0x34, 0x7a, 0x22, 0x20, 0x2f,
    0x3e, 0x0a, 0x3c, 0x67, 0x6c, 0x79, 0x70, 0x68, 0x20, 0x75, 0x6e, 0x69, 0x63, 0x6f, 0x64, 0x65,
    0x3d, 0x22, 0x26, 0x23, 0x78, 0x65, 0x32, 0x35, 0x34, 0x3b, 0x22, 0x20, 0x64, 0x3d, 0x22, 0x4d,
    0x37, 0x30, 0x30, 0x20, 0x37, 0x34, 0x31, 0x76, 0x2d, 0x31, 0x38, 0x32, 0x6c, 0x2d, 0x36, 0x39,
    0x32, 0x20, 0x2d, 0x33, 0x32, 0x33, 0x76, 0x32, 0x32, 0x31, 0x6c, 0x34, 0x31, 0x33, 0x20, 0x31,
    0x39, 0x33, 0x6c, 0x2d, 0x34, 0x31, 0x33, 0x20, 0x31, 0x39, 0x33, 0x76, 0x32, 0x32, 0x31, 0x7a,
    0x4d, 0x31, 0x32, 0x30, 0x30, 0x20, 0x30, 0x68, 0x2d, 0x38, 0x30, 0x30, 0x76, 0x32, 0x30, 0x30,
    0x68, 0x38, 0x30, 0x30, 0x76, 0x2d, 0x32, 0x30, 0x30, 0x7a, 0x22, 0x20, 0x2f, 0x3e, 0x0a, 0x3c,
    0x67, 0x6c, 0x79, 0x70, 0x68, 0x20, 0x75, 0x6e, 0x69, 0x63, 0x6f, 0x64, 0x65, 0x3d, 0x22, 0x26,
    0x23, 0x78, 0x65, 0x32, 0x35, 0x35, 0x3b, 0x22, 0x20, 0x64, 0x3d, 0x22, 0x4d, 0x31, 0x32, 0x30,
    0x30, 0x20, 0x39, 0x30, 0x30, 0x68, 0x2d, 0x32, 0x30, 0x30, 0x76, 0x2d, 0x31, 0x30, 0x30, 0x68,
    0x32, 0x30, 0x30, 0x76, 0x2d, 0x31, 0x30, 0x30, 0x68, 0x2d, 0x33, 0x30, 0x30, 0x76, 0x33, 0x30,
    0x30, 0x68, 0x32, 0x30, 0x30, 0x76, 0x31, 0x30, 0x30, 0x68, 0x2d, 0x32, 0x30, 0x30, 0x76, 0x31,
    0x30, 0x30, 0x68, 0x33, 0x30, 0x30, 0x76, 0x2d, 0x33, 0x30, 0x30, 0x7a, 0x4d, 0x30, 0x20, 0x37,
    0x30, 0x30, 0x68, 0x35, 0x30, 0x71, 0x30, 0x20, 0x32, 0x31, 0x20, 0x34, 0x20, 0x33, 0x37, 0x74,
    0x39, 0x2e, 0x35, 0x20, 0x32, 0x36, 0x2e, 0x35, 0x74, 0x31, 0x38, 0x20, 0x31, 0x37, 0x2e, 0x35,
    0x74, 0x32, 0x32, 0x20, 0x31, 0x31, 0x74, 0x32, 0x38, 0x2e, 0x35, 0x20, 0x35, 0x2e, 0x35, 0x74,
    0x33, 0x31, 0x20, 0x32, 0x74, 0x33, 0x37, 0x20, 0x30, 0x2e, 0x35, 0x68, 0x31, 0x30, 0x30, 0x76,
    0x2d, 0x35, 0x35, 0x30, 0x71, 0x30, 0x20, 0x2d, 0x32, 0x32, 0x20, 0x2d, 0x32, 0x35, 0x20, 0x2d,
    0x33, 0x34, 0x2e, 0x35, 0x74, 0x2d, 0x35, 0x30, 0x20, 0x2d, 0x31, 0x33, 0x2e, 0x35, 0x6c, 0x2d,
    0x32, 0x35, 0x20, 0x2d, 0x32, 0x76, 0x2d, 0x31, 0x30, 0x30, 0x68, 0x34, 0x30, 0x30, 0x76, 0x31,
    0x30, 0x30, 0x71, 0x2d, 0x34, 0x20, 0x30, 0x20, 0x2d, 0x31, 0x31, 0x20, 0x30, 0x2e, 0x35, 0x74,
    0x2d, 0x32, 0x34, 0x20, 0x33, 0x74, 0x2d, 0x33, 0x30, 0x20, 0x37, 0x74, 0x2d, 0x32, 0x34, 0x20,
    0x31, 0x35, 0x74, 0x2d, 0x31, 0x31, 0x20, 0x32, 0x34, 0x2e, 0x35, 0x76, 0x35, 0x35, 0x30, 0x68,
    0x31, 0x30, 0x30, 0x71, 0x32, 0x35, 0x20, 0x30, 0x20, 0x33, 0x37, 0x20, 0x2d, 0x30, 0x2e, 0x35,
    0x74, 0x33, 0x31, 0x20, 0x2d, 0x32, 0x20, 0x74, 0x32, 0x38, 0x2e, 0x35, 0x20, 0x2d, 0x35, 0x2e,
    0x35, 0x74, 0x32, 0x32, 0x20, 0x2d, 0x31, 0x31, 0x74, 0x31, 0x38, 0x20, 0x2d, 0x31, 0x37, 0x2e,
    0x35, 0x74, 0x39, 0x2e, 0x35, 0x20, 0x2d, 0x32, 0x36, 0x2e, 0x35, 0x74, 0x34, 0x20, 0x2d, 0x33,
    0x37, 0x68, 0x35, 0x30, 0x76, 0x33, 0x30, 0x30, 0x68, 0x2d, 0x38, 0x30, 0x30, 0x76, 0x2d, 0x33,
    0x30, 0x30, 0x7a, 0x22, 0x20, 0x2f, 0x3e, 0x0a, 0x3c, 0x67, 0x6c, 0x79, 0x70, 0x68, 0x20, 0x75,
    0x6e, 0x69, 0x63, 0x6f, 0x64, 0x65, 0x3d, 0x22, 0x26, 0x23, 0x78, 0x65, 0x32, 0x35, 0x36, 0x3b,
    0x22, 0x20, 0x64, 0x3d, 0x22, 0x4d, 0x38, 0x30, 0x30, 0x20, 0x37, 0x30, 0x30, 0x68, 0x2d, 0x35,
    0x30, 0x71, 0x30, 0x20, 0x32, 0x31, 0x20, 0x2d, 0x34, 0x20, 0x33, 0x37, 0x74, 0x2d, 0x39, 0x2e,
    0x35, 0x20, 0x32, 0x36, 0x2e, 0x35, 0x74, 0x2d, 0x31, 0x38, 0x20, 0x31, 0x37, 0x2e, 0x35, 0x74,
    0x2d, 0x32, 0x32, 0x20, 0x31, 0x31, 0x74, 0x2d, 0x32, 0x38, 0x2e, 0x35, 0x20, 0x35, 0x2e, 0x35,
    0x74, 0x2d, 0x33, 0x31, 0x20, 0x32, 0x74, 0x2d, 0x33, 0x37, 0x20, 0x30, 0x2e, 0x35, 0x68, 0x2d,
    0x31, 0x30, 0x30, 0x76, 0x2d, 0x35, 0x35, 0x30, 0x71, 0x30, 0x20, 0x2d, 0x32, 0x32, 0x20, 0x32,
    0x35, 0x20, 0x2d, 0x33, 0x34, 0x2e, 0x35, 0x74, 0x35, 0x30, 0x20, 0x2d, 0x31, 0x34, 0x2e, 0x35,
    0x6c, 0x32, 0x35, 0x20, 0x2d, 0x31, 0x76, 0x2d, 0x31, 0x30, 0x30, 0x68, 0x2d, 0x34, 0x30, 0x30,
    0x76, 0x31, 0x30, 0x30, 0x71, 0x34, 0x20, 0x30, 0x20, 0x31, 0x31, 0x20, 0x30, 0x2e, 0x35, 0x74,
    0x32, 0x34, 0x20, 0x33, 0x74, 0x33, 0x30, 0x20, 0x37, 0x74, 0x32, 0x34, 0x20, 0x31, 0x35, 0x74,
    0x31, 0x31, 0x20, 0x32, 0x34, 0x2e, 0x35, 0x76, 0x35, 0x35, 0x30, 0x68, 0x2d, 0x31, 0x30, 0x30,
    0x71, 0x2d, 0x32, 0x35, 0x20, 0x30, 0x20, 0x2d, 0x33, 0x37, 0x20, 0x2d, 0x30, 0x2e, 0x35, 0x74,
    0x2d, 0x33, 0x31, 0x20, 0x2d, 0x32, 0x74, 0x2d, 0x32, 0x38, 0x2e, 0x35, 0x20, 0x2d, 0x35, 0x2e,
    0x35, 0x74, 0x2d, 0x32, 0x32, 0x20, 0x2d, 0x31, 0x31, 0x74, 0x2d, 0x31, 0x38, 0x20, 0x2d, 0x31,
    0x37, 0x2e, 0x35, 0x74, 0x2d, 0x39, 0x2e, 0x35, 0x20, 0x2d, 0x32, 0x36, 0x2e, 0x35, 0x74, 0x2d,
    0x34, 0x20, 0x2d, 0x33, 0x37, 0x68, 0x2d, 0x35, 0x30, 0x76, 0x33, 0x30, 0x30, 0x20, 0x68, 0x38,
    0x30, 0x30, 0x76, 0x2d, 0x33, 0x30, 0x30, 0x7a, 0x4d, 0x31, 0x31, 0x30, 0x30, 0x20, 0x32, 0x30,
    0x30, 0x68, 0x2d, 0x32, 0x30, 0x30, 0x76, 0x2d, 0x31, 0x30, 0x30, 0x68, 0x32, 0x30, 0x30, 0x76,
    0x2d, 0x31, 0x30, 0x30, 0x68, 0x2d, 0x33, 0x30, 0x30, 0x76, 0x33, 0x30, 0x30, 0x68, 0x32, 0x30,
    0x30, 0x76, 0x31, 0x30, 0x30, 0x68, 0x2d, 0x32, 0x30, 0x30, 0x76, 0x31, 0x30, 0x30, 0x68, 0x33,
    0x30, 0x30, 0x76, 0x2d, 0x33, 0x30, 0x30, 0x7a, 0x22, 0x20, 0x2f, 0x3e, 0x0a, 0x3c, 0x67, 0x6c,
    0x79, 0x70, 0x68, 0x20, 0x75, 0x6e, 0x69, 0x63, 0x6f, 0x64, 0x65, 0x3d, 0x22, 0x26, 0x23, 0x78,
    0x65, 0x32, 0x35, 0x37, 0x3b, 0x22, 0x20, 0x64, 0x3d, 0x22, 0x4d, 0x37, 0x30, 0x31, 0x20, 0x31,
    0x30, 0x39, 0x38, 0x68, 0x31, 0x36, 0x30, 0x71, 0x31, 0x36, 0x20, 0x30, 0x20, 0x32, 0x31, 0x20,
    0x2d, 0x31, 0x31, 0x74, 0x2d, 0x37, 0x20, 0x2d, 0x32, 0x33, 0x6c, 0x2d, 0x34, 0x36, 0x34, 0x20,
    0x2d, 0x34, 0x36, 0x34, 0x6c, 0x34, 0x36, 0x34, 0x20, 0x2d, 0x34, 0x36, 0x34, 0x71, 0x31, 0x32,
    0x20, 0x2d, 0x31, 0x32, 0x20, 0x37, 0x20, 0x2d, 0x32, 0x33, 0x74, 0x2d, 0x32, 0x31, 0x20, 0x2d,
    0x31, 0x31, 0x68, 0x2d, 0x31, 0x36, 0x30, 0x71, 0x2d, 0x31, 0x33, 0x20, 0x30, 0x20, 0x2d, 0x32,
    0x33, 0x20, 0x39, 0x6c, 0x2d, 0x34, 0x37, 0x31, 0x20, 0x34, 0x37, 0x31, 0x71, 0x2d, 0x37, 0x20,
    0x38, 0x20, 0x2d, 0x37, 0x20, 0x31, 0x38, 0x74, 0x37, 0x20, 0x31, 0x38, 0x6c, 0x34, 0x37, 0x31,
    0x20, 0x34, 0x37, 0x31, 0x71, 0x31, 0x30, 0x20, 0x39, 0x20, 0x32, 0x33, 0x20, 0x39, 0x7a, 0x22,
    0x20, 0x2f, 0x3e, 0x0a, 0x3c, 0x67, 0x6c, 0x79, 0x70, 0x68, 0x20, 0x75, 0x6e, 0x69, 0x63, 0x6f,
    0x64, 0x65, 0x3d, 0x22, 0x26, 0x23, 0x78, 0x65, 0x32, 0x35, 0x38, 0x3b, 0x22, 0x20, 0x64, 0x3d,
    0x22, 0x4d, 0x33, 0x33, 0x39, 0x20, 0x31, 0x30, 0x39, 0x38, 0x68, 0x31, 0x36, 0x30, 0x71, 0x31,
    0x33, 0x20, 0x30, 0x20, 0x32, 0x33, 0x20, 0x2d, 0x39, 0x6c, 0x34, 0x37, 0x31, 0x20, 0x2d, 0x34,
    0x37, 0x31, 0x71, 0x37, 0x20, 0x2d, 0x38, 0x20, 0x37, 0x20, 0x2d, 0x31, 0x38, 0x74, 0x2d, 0x37,
    0x20, 0x2d, 0x31, 0x38, 0x6c, 0x2d, 0x34, 0x37, 0x31, 0x20, 0x2d, 0x34, 0x37, 0x31, 0x71, 0x2d,
    0x31, 0x30, 0x20, 0x2d, 0x39, 0x20, 0x2d, 0x32, 0x33, 0x20, 0x2d, 0x39, 0x68, 0x2d, 0x31, 0x36,
    0x30, 0x71, 0x2d, 0x31, 0x36, 0x20, 0x30, 0x20, 0x2d, 0x32, 0x31, 0x20, 0x31, 0x31, 0x74, 0x37,
    0x20, 0x32, 0x33, 0x6c, 0x34, 0x36, 0x34, 0x20, 0x34, 0x36, 0x34, 0x6c, 0x2d, 0x34, 0x36, 0x34,
    0x20, 0x34, 0x36, 0x34, 0x71, 0x2d, 0x31, 0x32, 0x20, 0x31, 0x32, 0x20, 0x2d, 0x37, 0x20, 0x32,
    0x33, 0x74, 0x32, 0x31, 0x20, 0x31, 0x31, 0x7a, 0x22, 0x20, 0x2f, 0x3e, 0x0a, 0x3c, 0x67, 0x6c,
    0x79, 0x70, 0x68, 0x20, 0x75, 0x6e, 0x69, 0x63, 0x6f, 0x64, 0x65, 0x3d, 0x22, 0x26, 0x23, 0x78,
    0x65, 0x32, 0x35, 0x39, 0x3b, 0x22, 0x20, 0x64, 0x3d, 0x22, 0x4d, 0x31, 0x30, 0x38, 0x37, 0x20,
    0x38, 0x38, 0x32, 0x71, 0x31, 0x31, 0x20, 0x2d, 0x35, 0x20, 0x31, 0x31, 0x20, 0x2d, 0x32, 0x31,
    0x76, 0x2d, 0x31, 0x36, 0x30, 0x71, 0x30, 0x20, 0x2d, 0x31, 0x33, 0x20, 0x2d, 0x39, 0x20, 0x2d,
    0x32, 0x33, 0x6c, 0x2d, 0x34, 0x37, 0x31, 0x20, 0x2d, 0x34, 0x37, 0x31, 0x71, 0x2d, 0x38, 0x20,
    0x2d, 0x37, 0x20, 0x2d, 0x31, 0x38, 0x20, 0x2d, 0x37, 0x74, 0x2d, 0x31, 0x38, 0x20, 0x37, 0x6c,
    0x2d, 0x34, 0x37, 0x31, 0x20, 0x34, 0x37, 0x31, 0x71, 0x2d, 0x39, 0x20, 0x31, 0x30, 0x20, 0x2d,
    0x39, 0x20, 0x32, 0x33, 0x76, 0x31, 0x36, 0x30, 0x71, 0x30, 0x20, 0x31, 0x36, 0x20, 0x31, 0x31,
    0x20, 0x32, 0x31, 0x74, 0x32, 0x33, 0x20, 0x2d, 0x37, 0x6c, 0x34, 0x36, 0x34, 0x20, 0x2d, 0x34,
    0x36, 0x34, 0x6c, 0x34, 0x36, 0x34, 0x20, 0x34, 0x36, 0x34, 0x71, 0x31, 0x32, 0x20, 0x31, 0x32,
    0x20, 0x32, 0x33, 0x20, 0x37, 0x7a, 0x22, 0x20, 0x2f, 0x3e, 0x0a, 0x3c, 0x67, 0x6c, 0x79, 0x70,
    0x68, 0x20, 0x75, 0x6e, 0x69, 0x63, 0x6f, 0x64, 0x65, 0x3d, 0x22, 0x26, 0x23, 0x78, 0x65, 0x32,
    0x36, 0x30, 0x3b, 0x22, 0x20, 0x64, 0x3d, 0x22, 0x4d, 0x36, 0x31, 0x38, 0x20, 0x39, 0x39, 0x33,
    0x6c, 0x34, 0x37, 0x31, 0x20, 0x2d, 0x34, 0x37, 0x31, 0x71, 0x39, 0x20, 0x2d, 0x31, 0x30, 0x20,
    0x39, 0x20, 0x2d, 0x32, 0x33, 0x76, 0x2d, 0x31, 0x36, 0x30, 0x71, 0x30, 0x20, 0x2d, 0x31, 0x36,
    0x20, 0x2d, 0x31, 0x31, 0x20, 0x2d, 0x32, 0x31, 0x74, 0x2d, 0x32, 0x33, 0x20, 0x37, 0x6c, 0x2d,
    0x34, 0x36, 0x34, 0x20, 0x34, 0x36, 0x34, 0x6c, 0x2d, 0x34, 0x36, 0x34, 0x20, 0x2d, 0x34, 0x36,
    0x34, 0x71, 0x2d, 0x31, 0x32, 0x20, 0x2d, 0x31, 0x32, 0x20, 0x2d, 0x32, 0x33, 0x20, 0x2d, 0x37,
    0x74, 0x2d, 0x31, 0x31, 0x20, 0x32, 0x31, 0x76, 0x31, 0x36, 0x30, 0x71, 0x30, 0x20, 0x31, 0x33,
    0x20, 0x39, 0x20, 0x32, 0x33, 0x6c, 0x34, 0x37, 0x31, 0x20, 0x34, 0x37, 0x31, 0x71, 0x38, 0x20,
    0x37, 0x20, 0x31, 0x38, 0x20, 0x37, 0x74, 0x31, 0x38, 0x20, 0x2d, 0x37, 0x7a, 0x22, 0x20, 0x2f,
    0x3e, 0x0a, 0x3c, 0x67, 0x6c, 0x79, 0x70, 0x68, 0x20, 0x75, 0x6e, 0x69, 0x63, 0x6f, 0x64, 0x65,
    0x3d, 0x22, 0x26, 0x23, 0x78, 0x66, 0x38, 0x66, 0x66, 0x3b, 0x22, 0x20, 0x64, 0x3d, 0x22, 0x4d,
    0x31, 0x30, 0x30, 0x30, 0x20, 0x31, 0x32, 0x30, 0x30, 0x71, 0x30, 0x20, 0x2d, 0x31, 0x32, 0x34,
    0x20, 0x2d, 0x38, 0x38, 0x20, 0x2d, 0x32, 0x31, 0x32, 0x74, 0x2d, 0x32, 0x31, 0x32, 0x20, 0x2d,
    0x38, 0x38, 0x71, 0x30, 0x20, 0x31, 0x32, 0x34, 0x20, 0x38, 0x38, 0x20, 0x32, 0x31, 0x32, 0x74,
    0x32, 0x31, 0x32, 0x20, 0x38, 0x38, 0x7a, 0x4d, 0x34, 0x35, 0x30, 0x20, 0x31, 0x30, 0x30, 0x30,
    0x68, 0x31, 0x30, 0x30, 0x71, 0x32, 0x31, 0x20, 0x30, 0x20, 0x34, 0x30, 0x20, 0x2d, 0x31, 0x34,
    0x74, 0x32, 0x36, 0x20, 0x2d, 0x33, 0x33, 0x6c, 0x37, 0x39, 0x20, 0x2d, 0x31, 0x39, 0x34, 0x71,
    0x35, 0x20, 0x31, 0x20, 0x31, 0x36, 0x20, 0x33, 0x71, 0x33, 0x34, 0x20, 0x36, 0x20, 0x35, 0x34,
    0x20, 0x39, 0x2e, 0x35, 0x74, 0x36, 0x30, 0x20, 0x37, 0x74, 0x36, 0x35, 0x2e, 0x35, 0x20, 0x31,
    0x74, 0x36, 0x31, 0x20, 0x2d, 0x31, 0x30, 0x74, 0x35, 0x36, 0x2e, 0x35, 0x20, 0x2d, 0x32, 0x33,
    0x74, 0x34, 0x32, 0x2e, 0x35, 0x20, 0x2d, 0x34, 0x32, 0x74, 0x32, 0x39, 0x20, 0x2d, 0x36, 0x34,
    0x74, 0x35, 0x20, 0x2d, 0x39, 0x32, 0x74, 0x2d, 0x31, 0x39, 0x2e, 0x35, 0x20, 0x2d, 0x31, 0x32,
    0x31, 0x2e, 0x35, 0x71, 0x2d, 0x31, 0x20, 0x2d, 0x37, 0x20, 0x2d, 0x33, 0x20, 0x2d, 0x31, 0x39,
    0x2e, 0x35, 0x74, 0x2d, 0x31, 0x31, 0x20, 0x2d, 0x35, 0x30, 0x74, 0x2d, 0x32, 0x30, 0x2e, 0x35,
    0x20, 0x2d, 0x37, 0x33, 0x74, 0x2d, 0x33, 0x32, 0x2e, 0x35, 0x20, 0x2d, 0x38, 0x31, 0x2e, 0x35,
    0x74, 0x2d, 0x34, 0x36, 0x2e, 0x35, 0x20, 0x2d, 0x38, 0x33, 0x74, 0x2d, 0x36, 0x34, 0x20, 0x2d,
    0x37, 0x30, 0x20, 0x74, 0x2d, 0x38, 0x32, 0x2e, 0x35, 0x20, 0x2d, 0x35, 0x30, 0x71, 0x2d, 0x31,
    0x33, 0x20, 0x2d, 0x35, 0x20, 0x2d, 0x34, 0x32, 0x20, 0x2d, 0x35, 0x74, 0x2d, 0x36, 0x35, 0x2e,
    0x35, 0x20, 0x32, 0x2e, 0x35, 0x74, 0x2d, 0x34, 0x37, 0x2e, 0x35, 0x20, 0x32, 0x2e, 0x35, 0x71,
    0x2d, 0x31, 0x34, 0x20, 0x30, 0x20, 0x2d, 0x34, 0x39, 0x2e, 0x35, 0x20, 0x2d, 0x33, 0x2e, 0x35,
    0x74, 0x2d, 0x36, 0x33, 0x20, 0x2d, 0x33, 0x2e, 0x35, 0x74, 0x2d, 0x34, 0x33, 0x2e, 0x35, 0x20,
    0x37, 0x71, 0x2d, 0x35, 0x37, 0x20, 0x32, 0x35, 0x20, 0x2d, 0x31, 0x30, 0x34, 0x2e, 0x35, 0x20,
    0x37, 0x38, 0x2e, 0x35, 0x74, 0x2d, 0x37, 0x35, 0x20, 0x31, 0x31, 0x31, 0x2e, 0x35, 0x74, 0x2d,
    0x34, 0x36, 0x2e, 0x35, 0x20, 0x31, 0x31, 0x32, 0x74, 0x2d, 0x32, 0x36, 0x20, 0x39, 0x30, 0x6c,
    0x2d, 0x37, 0x20, 0x33, 0x35, 0x71, 0x2d, 0x31, 0x35, 0x20, 0x36, 0x33, 0x20, 0x2d, 0x31, 0x38,
    0x20, 0x31, 0x31, 0x35, 0x74, 0x34, 0x2e, 0x35, 0x20, 0x38, 0x38, 0x2e, 0x35, 0x74, 0x32, 0x36,
    0x20, 0x36, 0x34, 0x74, 0x33, 0x39, 0x2e, 0x35, 0x20, 0x34, 0x33, 0x2e, 0x35, 0x74, 0x35, 0x32,
    0x20, 0x32, 0x35, 0x2e, 0x35, 0x74, 0x35, 0x38, 0x2e, 0x35, 0x20, 0x31, 0x33, 0x74, 0x36, 0x32,
    0x2e, 0x35, 0x20, 0x32, 0x74, 0x35, 0x39, 0x2e, 0x35, 0x20, 0x2d, 0x34, 0x2e, 0x35, 0x74, 0x35,
    0x35, 0x2e, 0x35, 0x20, 0x2d, 0x38, 0x6c, 0x2d, 0x31, 0x34, 0x37, 0x20, 0x31, 0x39, 0x32, 0x71,
    0x2d, 0x31, 0x32, 0x20, 0x31, 0x38, 0x20, 0x2d, 0x35, 0x2e, 0x35, 0x20, 0x33, 0x30, 0x74, 0x32,
    0x37, 0x2e, 0x35, 0x20, 0x31, 0x32, 0x7a, 0x22, 0x20, 0x2f, 0x3e, 0x0a, 0x3c, 0x67, 0x6c, 0x79,
    0x70, 0x68, 0x20, 0x75, 0x6e, 0x69, 0x63, 0x6f, 0x64, 0x65, 0x3d, 0x22, 0x26, 0x23, 0x78, 0x31,
    0x66, 0x35, 0x31, 0x31, 0x3b, 0x22, 0x20, 0x64, 0x3d, 0x22, 0x4d, 0x32, 0x35, 0x30, 0x20, 0x31,
    0x32, 0x30, 0x30, 0x68, 0x36, 0x30, 0x30, 0x71, 0x32, 0x31, 0x20, 0x30, 0x20, 0x33, 0x35, 0x2e,
    0x35, 0x20, 0x2d, 0x31, 0x34, 0x2e, 0x35, 0x74, 0x31, 0x34, 0x2e, 0x35, 0x20, 0x2d, 0x33, 0x35,
    0x2e, 0x35, 0x76, 0x2d, 0x34, 0x30, 0x30, 0x71, 0x30, 0x20, 0x2d, 0x32, 0x31, 0x20, 0x2d, 0x31,
    0x34, 0x2e, 0x35, 0x20, 0x2d, 0x33, 0x35, 0x2e, 0x35, 0x74, 0x2d, 0x33, 0x35, 0x2e, 0x35, 0x20,
    0x2d, 0x31, 0x34, 0x2e, 0x35, 0x68, 0x2d, 0x31, 0x35, 0x30, 0x76, 0x2d, 0x35, 0x30, 0x30, 0x6c,
    0x2d, 0x32, 0x35, 0x35, 0x20, 0x2d, 0x31, 0x37, 0x38, 0x71, 0x2d, 0x31, 0x39, 0x20, 0x2d, 0x39,
    0x20, 0x2d, 0x33, 0x32, 0x20, 0x2d, 0x31, 0x74, 0x2d, 0x31, 0x33, 0x20, 0x32, 0x39, 0x76, 0x36,
    0x35, 0x30, 0x68, 0x2d, 0x31, 0x35, 0x30, 0x71, 0x2d, 0x32, 0x31, 0x20, 0x30, 0x20, 0x2d, 0x33,
    0x35, 0x2e, 0x35, 0x20, 0x31, 0x34, 0x2e, 0x35, 0x74, 0x2d, 0x31, 0x34, 0x2e, 0x35, 0x20, 0x33,
    0x35, 0x2e, 0x35, 0x76, 0x34, 0x30, 0x30, 0x71, 0x30, 0x20, 0x32, 0x31, 0x20, 0x31, 0x34, 0x2e,
    0x35, 0x20, 0x33, 0x35, 0x2e, 0x35, 0x74, 0x33, 0x35, 0x2e, 0x35, 0x20, 0x31, 0x34, 0x2e, 0x35,
    0x7a, 0x4d, 0x34, 0x30, 0x30, 0x20, 0x31, 0x31, 0x30, 0x30, 0x76, 0x2d, 0x31, 0x30, 0x30, 0x68,
    0x33, 0x30, 0x30, 0x76, 0x31, 0x30, 0x30, 0x68, 0x2d, 0x33, 0x30, 0x30, 0x7a, 0x22, 0x20, 0x2f,
    0x3e, 0x0a, 0x3c, 0x67, 0x6c, 0x79, 0x70, 0x68, 0x20, 0x75, 0x6e, 0x69, 0x63, 0x6f, 0x64, 0x65,
    0x3d, 0x22, 0x26, 0x23, 0x78, 0x31, 0x66, 0x36, 0x61, 0x61, 0x3b, 0x22, 0x20, 0x64, 0x3d, 0x22,
    0x4d, 0x32, 0x35, 0x30, 0x20, 0x31, 0x32, 0x30, 0x30, 0x68, 0x37, 0x35, 0x30, 0x71, 0x33, 0x39,
    0x20, 0x30, 0x20, 0x36, 0x39, 0x2e, 0x35, 0x20, 0x2d, 0x34, 0x30, 0x2e, 0x35, 0x74, 0x33, 0x30,
    0x2e, 0x35, 0x20, 0x2d, 0x38, 0x34, 0x2e, 0x35, 0x76, 0x2d, 0x39, 0x33, 0x33, 0x6c, 0x2d, 0x37,
    0x30, 0x30, 0x20, 0x2d, 0x31, 0x31, 0x37, 0x76, 0x39, 0x35, 0x30, 0x6c, 0x36, 0x30, 0x30, 0x20,
    0x31, 0x32, 0x35, 0x68, 0x2d, 0x37, 0x30, 0x30, 0x76, 0x2d, 0x31, 0x30, 0x30, 0x30, 0x68, 0x2d,
    0x31, 0x30, 0x30, 0x76, 0x31, 0x30, 0x32, 0x35, 0x71, 0x30, 0x20, 0x32, 0x33, 0x20, 0x31, 0x35,
    0x2e, 0x35, 0x20, 0x34, 0x39, 0x74, 0x33, 0x34, 0x2e, 0x35, 0x20, 0x32, 0x36, 0x7a, 0x4d, 0x35,
    0x30, 0x30, 0x20, 0x35, 0x32, 0x35, 0x76, 0x2d, 0x31, 0x30, 0x30, 0x6c, 0x31, 0x30, 0x30, 0x20,
    0x32, 0x30, 0x76, 0x31, 0x30, 0x30, 0x7a, 0x22, 0x20, 0x2f, 0x3e, 0x0a, 0x3c, 0x2f, 0x66, 0x6f,
    0x6e, 0x74, 0x3e, 0x0a, 0x3c, 0x2f, 0x64, 0x65, 0x66, 0x73, 0x3e, 0x3c, 0x2f, 0x73, 0x76, 0x67,
    0x3e, 0x20
  };
  return (const char *)b;
} //::getBuffer()


