// automatically generated by wsjcpp:v0.7.2

#include "__data_sample_html_style_hackerdom_fonts_glyphicons_halflings_regular_ttf_path3a0860.h"

REGISTRY_WSJCPP_RESOURCE_FILE(RES___data_sample_html_style_hackerdom_fonts_glyphicons_halflings_regular_ttf_path3a0860)

const std::string &RES___data_sample_html_style_hackerdom_fonts_glyphicons_halflings_regular_ttf_path3a0860::getFilename() const {
  static const std::string s = "./data_sample/html/style-hackerdom/fonts/glyphicons-halflings-regular.ttf";
  return s;
}
// ---------------------------------------------------------------------

const std::string &RES___data_sample_html_style_hackerdom_fonts_glyphicons_halflings_regular_ttf_path3a0860::getPackAs() const {
  static const std::string s = "binary";
  return s;
}
// ---------------------------------------------------------------------

int RES___data_sample_html_style_hackerdom_fonts_glyphicons_halflings_regular_ttf_path3a0860::getBufferSize() const {
  return 45404;
}

// ---------------------------------------------------------------------

const char *RES___data_sample_html_style_hackerdom_fonts_glyphicons_halflings_regular_ttf_path3a0860::getBuffer() const {
  static const unsigned char b[45404] = {
    0x00, 0x01, 0x00, 0x00, 0x00, 0x0f, 0x00, 0x80, 0x00, 0x03, 0x00, 0x70, 0x46, 0x46, 0x54, 0x4d,
    0x6d, 0x2a, 0x97, 0xdc, 0x00, 0x00, 0x00, 0xfc, 0x00, 0x00, 0x00, 0x1c, 0x47, 0x44, 0x45, 0x46,
    0x01, 0x44, 0x00, 0x04, 0x00, 0x00, 0x01, 0x18, 0x00, 0x00, 0x00, 0x20, 0x4f, 0x53, 0x2f, 0x32,
    0x67, 0xb9, 0x6b, 0x89, 0x00, 0x00, 0x01, 0x38, 0x00, 0x00, 0x00, 0x60, 0x63, 0x6d, 0x61, 0x70,
    0xda, 0xad, 0xe3, 0x81, 0x00, 0x00, 0x01, 0x98, 0x00, 0x00, 0x06, 0x72, 0x63, 0x76, 0x74, 0x20,
    0x00, 0x28, 0x02, 0xf8, 0x00, 0x00, 0x08, 0x0c, 0x00, 0x00, 0x00, 0x04, 0x67, 0x61, 0x73, 0x70,
    0xff, 0xff, 0x00, 0x03, 0x00, 0x00, 0x08, 0x10, 0x00, 0x00, 0x00, 0x08, 0x67, 0x6c, 0x79, 0x66,
    0x7d, 0x5d, 0xc2, 0x6f, 0x00, 0x00, 0x08, 0x18, 0x00, 0x00, 0x94, 0xa4, 0x68, 0x65, 0x61, 0x64,
    0x05, 0x4d, 0x2f, 0xd8, 0x00, 0x00, 0x9c, 0xbc, 0x00, 0x00, 0x00, 0x36, 0x68, 0x68, 0x65, 0x61,
    0x0a, 0x44, 0x04, 0x11, 0x00, 0x00, 0x9c, 0xf4, 0x00, 0x00, 0x00, 0x24, 0x68, 0x6d, 0x74, 0x78,
    0xd2, 0xc7, 0x20, 0x60, 0x00, 0x00, 0x9d, 0x18, 0x00, 0x00, 0x03, 0x74, 0x6c, 0x6f, 0x63, 0x61,
    0x6f, 0xfb, 0x95, 0xce, 0x00, 0x00, 0xa0, 0x8c, 0x00, 0x00, 0x02, 0x30, 0x6d, 0x61, 0x78, 0x70,
    0x01, 0x6a, 0x00, 0xd8, 0x00, 0x00, 0xa2, 0xbc, 0x00, 0x00, 0x00, 0x20, 0x6e, 0x61, 0x6d, 0x65,
    0xb3, 0x2c, 0xa0, 0x9b, 0x00, 0x00, 0xa2, 0xdc, 0x00, 0x00, 0x03, 0xa2, 0x70, 0x6f, 0x73, 0x74,
    0xba, 0xa3, 0xe5, 0x35, 0x00, 0x00, 0xa6, 0x80, 0x00, 0x00, 0x0a, 0xd1, 0x77, 0x65, 0x62, 0x66,
    0xc3, 0x18, 0x54, 0x50, 0x00, 0x00, 0xb1, 0x54, 0x00, 0x00, 0x00, 0x06, 0x00, 0x00, 0x00, 0x01,
    0x00, 0x00, 0x00, 0x00, 0xcc, 0x3d, 0xa2, 0xcf, 0x00, 0x00, 0x00, 0x00, 0xd0, 0x76, 0x81, 0x75,
    0x00, 0x00, 0x00, 0x00, 0xd0, 0x76, 0x73, 0x97, 0x00, 0x01, 0x00, 0x00, 0x00, 0x0e, 0x00, 0x00,
    0x00, 0x18, 0x00, 0x00, 0x00, 0x00, 0x00, 0x02, 0x00, 0x01, 0x00, 0x01, 0x01, 0x16, 0x00, 0x01,
    0x00, 0x04, 0x00, 0x00, 0x00, 0x02, 0x00, 0x00, 0x00, 0x03, 0x04, 0x8b, 0x01, 0x90, 0x00, 0x05,
    0x00, 0x04, 0x03, 0x0c, 0x02, 0xd0, 0x00, 0x00, 0x00, 0x5a, 0x03, 0x0c, 0x02, 0xd0, 0x00, 0x00,
    0x01, 0xa4, 0x00, 0x32, 0x02, 0xb8, 0x00, 0x00, 0x00, 0x00, 0x05, 0x00, 0x00, 0x00, 0x00, 0x00,
    0x00, 0x00, 0x00, 0x00, 0x00, 0x00, 0x02, 0x00, 0x00, 0x00, 0x00, 0x00, 0x00, 0x00, 0x00, 0x00,
    0x00, 0x00, 0x55, 0x4b, 0x57, 0x4e, 0x00, 0x40, 0x00, 0x20, 0xff, 0xff, 0x03, 0xc0, 0xff, 0x10,
    0x00, 0x00, 0x05, 0x14, 0x00, 0x7b, 0x00, 0x00, 0x00, 0x01, 0x00, 0x00, 0x00, 0x00, 0x00, 0x00,
    0x00, 0x00, 0x00, 0x00, 0x00, 0x20, 0x00, 0x01, 0x00, 0x00, 0x00, 0x05, 0x00, 0x00, 0x00, 0x03,
    0x00, 0x00, 0x00, 0x2c, 0x00, 0x00, 0x00, 0x0a, 0x00, 0x00, 0x01, 0xdc, 0x00, 0x01, 0x00, 0x00,
    0x00, 0x00, 0x04, 0x68, 0x00, 0x03, 0x00, 0x01, 0x00, 0x00, 0x00, 0x2c, 0x00, 0x03, 0x00, 0x0a,
    0x00, 0x00, 0x01, 0xdc, 0x00, 0x04, 0x01, 0xb0, 0x00, 0x00, 0x00, 0x68, 0x00, 0x40, 0x00, 0x05,
    0x00, 0x28, 0x00, 0x20, 0x00, 0x2b, 0x00, 0xa0, 0x00, 0xa5, 0x20, 0x0a, 0x20, 0x2f, 0x20, 0x5f,
    0x20, 0xac, 0x20, 0xbd, 0x22, 0x12, 0x23, 0x1b, 0x25, 0xfc, 0x26, 0x01, 0x26, 0xfa, 0x27, 0x09,
    0x27, 0x0f, 0xe0, 0x03, 0xe0, 0x09, 0xe0, 0x19, 0xe0, 0x29, 0xe0, 0x39, 0xe0, 0x49, 0xe0, 0x59,
    0xe0, 0x60, 0xe0, 0x69, 0xe0, 0x79, 0xe0, 0x89, 0xe0, 0x97, 0xe1, 0x09, 0xe1, 0x19, 0xe1, 0x29,
    0xe1, 0x39, 0xe1, 0x46, 0xe1, 0x49, 0xe1, 0x59, 0xe1, 0x69, 0xe1, 0x79, 0xe1, 0x89, 0xe1, 0x95,
    0xe1, 0x99, 0xe2, 0x06, 0xe2, 0x09, 0xe2, 0x16, 0xe2, 0x19, 0xe2, 0x21, 0xe2, 0x27, 0xe2, 0x39,
    0xe2, 0x49, 0xe2, 0x59, 0xe2, 0x60, 0xf8, 0xff, 0xff, 0xff, 0x00, 0x00, 0x00, 0x20, 0x00, 0x2a,
    0x00, 0xa0, 0x00, 0xa5, 0x20, 0x00, 0x20, 0x2f, 0x20, 0x5f, 0x20, 0xac, 0x20, 0xbd, 0x22, 0x12,
    0x23, 0x1b, 0x25, 0xfc, 0x26, 0x01, 0x26, 0xfa, 0x27, 0x09, 0x27, 0x0f, 0xe0, 0x01, 0xe0, 0x05,
    0xe0, 0x10, 0xe0, 0x20, 0xe0, 0x30, 0xe0, 0x40, 0xe0, 0x50, 0xe0, 0x60, 0xe0, 0x62, 0xe0, 0x70,
    0xe0, 0x80, 0xe0, 0x90, 0xe1, 0x01, 0xe1, 0x10, 0xe1, 0x20, 0xe1, 0x30, 0xe1, 0x40, 0xe1, 0x48,
    0xe1, 0x50, 0xe1, 0x60, 0xe1, 0x70, 0xe1, 0x80, 0xe1, 0x90, 0xe1, 0x97, 0xe2, 0x00, 0xe2, 0x09,
    0xe2, 0x10, 0xe2, 0x18, 0xe2, 0x21, 0xe2, 0x23, 0xe2, 0x30, 0xe2, 0x40, 0xe2, 0x50, 0xe2, 0x60,
    0xf8, 0xff, 0xff, 0xff, 0xff, 0xe3, 0xff, 0xda, 0xff, 0x66, 0xff, 0x62, 0xe0, 0x08, 0xdf, 0xe4,
    0xdf, 0xb5, 0xdf, 0x69, 0xdf, 0x59, 0xde, 0x05, 0xdc, 0xfd, 0xda, 0x1d, 0xda, 0x19, 0xd9, 0x21,
    0xd9, 0x13, 0xd9, 0x0e, 0x20, 0x1d, 0x20, 0x1c, 0x20, 0x16, 0x20, 0x10, 0x20, 0x0a, 0x20, 0x04,
    0x1f, 0xfe, 0x1f, 0xf8, 0x1f, 0xf7, 0x1f, 0xf1, 0x1f, 0xeb, 0x1f, 0xe5, 0x1f, 0x7c, 0x1f, 0x76,
    0x1f, 0x70, 0x1f, 0x6a, 0x1f, 0x64, 0x1f, 0x63, 0x1f, 0x5d, 0x1f, 0x57, 0x1f, 0x51, 0x1f, 0x4b,
    0x1f, 0x45, 0x1f, 0x44, 0x1e, 0xde, 0x1e, 0xdc, 0x1e, 0xd6, 0x1e, 0xd5, 0x1e, 0xce, 0x1e, 0xcd,
    0x1e, 0xc5, 0x1e, 0xbf, 0x1e, 0xb9, 0x1e, 0xb3, 0x08, 0x15, 0x00, 0x01, 0x00, 0x00, 0x00, 0x00,
    0x00, 0x00, 0x00, 0x00, 0x00, 0x00, 0x00, 0x00, 0x00, 0x00, 0x00, 0x00, 0x00, 0x00, 0x00, 0x00,
    0x00, 0x00, 0x00, 0x00, 0x00, 0x00, 0x00, 0x00, 0x00, 0x00, 0x00, 0x00, 0x00, 0x00, 0x00, 0x00,
    0x00, 0x00, 0x00, 0x00, 0x00, 0x00, 0x00, 0x00, 0x00, 0x00, 0x00, 0x00, 0x00, 0x00, 0x00, 0x00,
    0x00, 0x00, 0x00, 0x00, 0x00, 0x00, 0x00, 0x00, 0x00, 0x00, 0x00, 0x00, 0x00, 0x00, 0x00, 0x00,
    0x00, 0x00, 0x00, 0x00, 0x00, 0x00, 0x00, 0x00, 0x00, 0x00, 0x00, 0x00, 0x00, 0x00, 0x00, 0x00,
    0x00, 0x00, 0x00, 0x00, 0x00, 0x00, 0x00, 0x00, 0x00, 0x00, 0x00, 0x00, 0x00, 0x00, 0x00, 0x00,
    0x00, 0x00, 0x00, 0x00, 0x00, 0x0c, 0x00, 0x00, 0x00, 0x00, 0x02, 0x8c, 0x00, 0x00, 0x00, 0x00,
    0x00, 0x00, 0x00, 0x35, 0x00, 0x00, 0x00, 0x20, 0x00, 0x00, 0x00, 0x20, 0x00, 0x00, 0x00, 0x03,
    0x00, 0x00, 0x00, 0x2a, 0x00, 0x00, 0x00, 0x2b, 0x00, 0x00, 0x00, 0x04, 0x00, 0x00, 0x00, 0xa0,
    0x00, 0x00, 0x00, 0xa0, 0x00, 0x00, 0x00, 0x06, 0x00, 0x00, 0x00, 0xa5, 0x00, 0x00, 0x00, 0xa5,
    0x00, 0x00, 0x00, 0x07, 0x00, 0x00, 0x20, 0x00, 0x00, 0x00, 0x20, 0x0a, 0x00, 0x00, 0x00, 0x08,
    0x00, 0x00, 0x20, 0x2f, 0x00, 0x00, 0x20, 0x2f, 0x00, 0x00, 0x00, 0x13, 0x00, 0x00, 0x20, 0x5f,
    0x00, 0x00, 0x20, 0x5f, 0x00, 0x00, 0x00, 0x14, 0x00, 0x00, 0x20, 0xac, 0x00, 0x00, 0x20, 0xac,
    0x00, 0x00, 0x00, 0x15, 0x00, 0x00, 0x20, 0xbd, 0x00, 0x00, 0x20, 0xbd, 0x00, 0x00, 0x00, 0x16,
    0x00, 0x00, 0x22, 0x12, 0x00, 0x00, 0x22, 0x12, 0x00, 0x00, 0x00, 0x17, 0x00, 0x00, 0x23, 0x1b,
    0x00, 0x00, 0x23, 0x1b, 0x00, 0x00, 0x00, 0x18, 0x00, 0x00, 0x25, 0xfc, 0x00, 0x00, 0x25, 0xfc,
    0x00, 0x00, 0x00, 0x19, 0x00, 0x00, 0x26, 0x01, 0x00, 0x00, 0x26, 0x01, 0x00, 0x00, 0x00, 0x1a,
    0x00, 0x00, 0x26, 0xfa, 0x00, 0x00, 0x26, 0xfa, 0x00, 0x00, 0x00, 0x1b, 0x00, 0x00, 0x27, 0x09,
    0x00, 0x00, 0x27, 0x09, 0x00, 0x00, 0x00, 0x1c, 0x00, 0x00, 0x27, 0x0f, 0x00, 0x00, 0x27, 0x0f,
    0x00, 0x00, 0x00, 0x1d, 0x00, 0x00, 0xe0, 0x01, 0x00, 0x00, 0xe0, 0x03, 0x00, 0x00, 0x00, 0x1e,
    0x00, 0x00, 0xe0, 0x05, 0x00, 0x00, 0xe0, 0x09, 0x00, 0x00, 0x00, 0x21, 0x00, 0x00, 0xe0, 0x10,
    0x00, 0x00, 0xe0, 0x19, 0x00, 0x00, 0x00, 0x26, 0x00, 0x00, 0xe0, 0x20, 0x00, 0x00, 0xe0, 0x29,
    0x00, 0x00, 0x00, 0x30, 0x00, 0x00, 0xe0, 0x30, 0x00, 0x00, 0xe0, 0x39, 0x00, 0x00, 0x00, 0x3a,
    0x00, 0x00, 0xe0, 0x40, 0x00, 0x00, 0xe0, 0x49, 0x00, 0x00, 0x00, 0x44, 0x00, 0x00, 0xe0, 0x50,
    0x00, 0x00, 0xe0, 0x59, 0x00, 0x00, 0x00, 0x4e, 0x00, 0x00, 0xe0, 0x60, 0x00, 0x00, 0xe0, 0x60,
    0x00, 0x00, 0x00, 0x58, 0x00, 0x00, 0xe0, 0x62, 0x00, 0x00, 0xe0, 0x69, 0x00, 0x00, 0x00, 0x59,
    0x00, 0x00, 0xe0, 0x70, 0x00, 0x00, 0xe0, 0x79, 0x00, 0x00, 0x00, 0x61, 0x00, 0x00, 0xe0, 0x80,
    0x00, 0x00, 0xe0, 0x89, 0x00, 0x00, 0x00, 0x6b, 0x00, 0x00, 0xe0, 0x90, 0x00, 0x00, 0xe0, 0x97,
    0x00, 0x00, 0x00, 0x75, 0x00, 0x00, 0xe1, 0x01, 0x00, 0x00, 0xe1, 0x09, 0x00, 0x00, 0x00, 0x7d,
    0x00, 0x00, 0xe1, 0x10, 0x00, 0x00, 0xe1, 0x19, 0x00, 0x00, 0x00, 0x86, 0x00, 0x00, 0xe1, 0x20,
    0x00, 0x00, 0xe1, 0x29, 0x00, 0x00, 0x00, 0x90, 0x00, 0x00, 0xe1, 0x30, 0x00, 0x00, 0xe1, 0x39,
    0x00, 0x00, 0x00, 0x9a, 0x00, 0x00, 0xe1, 0x40, 0x00, 0x00, 0xe1, 0x46, 0x00, 0x00, 0x00, 0xa4,
    0x00, 0x00, 0xe1, 0x48, 0x00, 0x00, 0xe1, 0x49, 0x00, 0x00, 0x00, 0xab, 0x00, 0x00, 0xe1, 0x50,
    0x00, 0x00, 0xe1, 0x59, 0x00, 0x00, 0x00, 0xad, 0x00, 0x00, 0xe1, 0x60, 0x00, 0x00, 0xe1, 0x69,
    0x00, 0x00, 0x00, 0xb7, 0x00, 0x00, 0xe1, 0x70, 0x00, 0x00, 0xe1, 0x79, 0x00, 0x00, 0x00, 0xc1,
    0x00, 0x00, 0xe1, 0x80, 0x00, 0x00, 0xe1, 0x89, 0x00, 0x00, 0x00, 0xcb, 0x00, 0x00, 0xe1, 0x90,
    0x00, 0x00, 0xe1, 0x95, 0x00, 0x00, 0x00, 0xd5, 0x00, 0x00, 0xe1, 0x97, 0x00, 0x00, 0xe1, 0x99,
    0x00, 0x00, 0x00, 0xdb, 0x00, 0x00, 0xe2, 0x00, 0x00, 0x00, 0xe2, 0x06, 0x00, 0x00, 0x00, 0xde,
    0x00, 0x00, 0xe2, 0x09, 0x00, 0x00, 0xe2, 0x09, 0x00, 0x00, 0x00, 0xe5, 0x00, 0x00, 0xe2, 0x10,
    0x00, 0x00, 0xe2, 0x16, 0x00, 0x00, 0x00, 0xe6, 0x00, 0x00, 0xe2, 0x18, 0x00, 0x00, 0xe2, 0x19,
    0x00, 0x00, 0x00, 0xed, 0x00, 0x00, 0xe2, 0x21, 0x00, 0x00, 0xe2, 0x21, 0x00, 0x00, 0x00, 0xef,
    0x00, 0x00, 0xe2, 0x23, 0x00, 0x00, 0xe2, 0x27, 0x00, 0x00, 0x00, 0xf0, 0x00, 0x00, 0xe2, 0x30,
    0x00, 0x00, 0xe2, 0x39, 0x00, 0x00, 0x00, 0xf5, 0x00, 0x00, 0xe2, 0x40, 0x00, 0x00, 0xe2, 0x49,
    0x00, 0x00, 0x00, 0xff, 0x00, 0x00, 0xe2, 0x50, 0x00, 0x00, 0xe2, 0x59, 0x00, 0x00, 0x01, 0x09,
    0x00, 0x00, 0xe2, 0x60, 0x00, 0x00, 0xe2, 0x60, 0x00, 0x00, 0x01, 0x13, 0x00, 0x00, 0xf8, 0xff,
    0x00, 0x00, 0xf8, 0xff, 0x00, 0x00, 0x01, 0x14, 0x00, 0x01, 0xf5, 0x11, 0x00, 0x01, 0xf5, 0x11,
    0x00, 0x00, 0x01, 0x15, 0x00, 0x01, 0xf6, 0xaa, 0x00, 0x01, 0xf6, 0xaa, 0x00, 0x00, 0x01, 0x16,
    0x00, 0x06, 0x02, 0x0a, 0x00, 0x00, 0x00, 0x00, 0x01, 0x00, 0x00, 0x01, 0x00, 0x00, 0x00, 0x00,
    0x00, 0x00, 0x00, 0x00, 0x00, 0x00, 0x00, 0x00, 0x00, 0x00, 0x00, 0x01, 0x00, 0x02, 0x00, 0x00,
    0x00, 0x00, 0x00, 0x00, 0x00, 0x02, 0x00, 0x00, 0x00, 0x00, 0x00, 0x00, 0x00, 0x00, 0x00, 0x00,
    0x00, 0x00, 0x00, 0x00, 0x00, 0x00, 0x00, 0x00, 0x00, 0x00, 0x00, 0x00, 0x00, 0x00, 0x00, 0x00,
    0x00, 0x00, 0x00, 0x00, 0x00, 0x01, 0x00, 0x00, 0x00, 0x00, 0x00, 0x03, 0x00, 0x00, 0x00, 0x00,
    0x00, 0x00, 0x00, 0x00, 0x00, 0x00, 0x00, 0x00, 0x00, 0x00, 0x00, 0x00, 0x00, 0x00, 0x00, 0x04,
    0x00, 0x05, 0x00, 0x00, 0x00, 0x00, 0x00, 0x00, 0x00, 0x00, 0x00, 0x00, 0x00, 0x00, 0x00, 0x00,
    0x00, 0x00, 0x00, 0x00, 0x00, 0x00, 0x00, 0x00, 0x00, 0x00, 0x00, 0x00, 0x00, 0x00, 0x00, 0x00,
    0x00, 0x00, 0x00, 0x00, 0x00, 0x00, 0x00, 0x00, 0x00, 0x00, 0x00, 0x00, 0x00, 0x00, 0x00, 0x00,
    0x00, 0x00, 0x00, 0x00, 0x00, 0x00, 0x00, 0x00, 0x00, 0x00, 0x00, 0x00, 0x00, 0x00, 0x00, 0x00,
    0x00, 0x00, 0x00, 0x00, 0x00, 0x00, 0x00, 0x00, 0x00, 0x00, 0x00, 0x00, 0x00, 0x00, 0x00, 0x00,
    0x00, 0x00, 0x00, 0x00, 0x00, 0x00, 0x00, 0x00, 0x00, 0x00, 0x00, 0x00, 0x00, 0x00, 0x00, 0x00,
    0x00, 0x00, 0x00, 0x00, 0x00, 0x00, 0x00, 0x00, 0x00, 0x00, 0x00, 0x00, 0x00, 0x00, 0x00, 0x00,
    0x00, 0x00, 0x00, 0x00, 0x00, 0x00, 0x00, 0x00, 0x00, 0x00, 0x00, 0x00, 0x00, 0x00, 0x00, 0x00,
    0x00, 0x00, 0x00, 0x00, 0x00, 0x00, 0x00, 0x00, 0x00, 0x00, 0x00, 0x00, 0x00, 0x00, 0x00, 0x00,
    0x00, 0x00, 0x00, 0x00, 0x00, 0x00, 0x00, 0x00, 0x00, 0x00, 0x00, 0x00, 0x00, 0x00, 0x00, 0x00,
    0x00, 0x00, 0x00, 0x00, 0x00, 0x00, 0x00, 0x00, 0x00, 0x00, 0x00, 0x00, 0x00, 0x00, 0x00, 0x00,
    0x00, 0x00, 0x00, 0x00, 0x00, 0x00, 0x00, 0x00, 0x00, 0x00, 0x00, 0x00, 0x00, 0x00, 0x00, 0x00,
    0x00, 0x00, 0x00, 0x00, 0x00, 0x00, 0x00, 0x00, 0x00, 0x00, 0x00, 0x00, 0x00, 0x00, 0x00, 0x00,
    0x00, 0x00, 0x00, 0x00, 0x00, 0x00, 0x00, 0x00, 0x00, 0x00, 0x00, 0x00, 0x00, 0x00, 0x00, 0x00,
    0x00, 0x00, 0x00, 0x00, 0x00, 0x00, 0x00, 0x00, 0x00, 0x00, 0x00, 0x00, 0x00, 0x00, 0x00, 0x00,
    0x00, 0x00, 0x00, 0x00, 0x00, 0x00, 0x00, 0x00, 0x00, 0x00, 0x00, 0x00, 0x00, 0x00, 0x00, 0x00,
    0x00, 0x00, 0x00, 0x00, 0x00, 0x00, 0x00, 0x00, 0x00, 0x00, 0x00, 0x00, 0x00, 0x00, 0x00, 0x00,
    0x00, 0x00, 0x00, 0x07, 0x00, 0x00, 0x00, 0x00, 0x00, 0x00, 0x00, 0x00, 0x00, 0x00, 0x00, 0x00,
    0x00, 0x00, 0x00, 0x00, 0x00, 0x00, 0x00, 0x00, 0x00, 0x00, 0x00, 0x00, 0x00, 0x00, 0x00, 0x00,
    0x00, 0x00, 0x00, 0x00, 0x00, 0x00, 0x00, 0x00, 0x00, 0x00, 0x00, 0x00, 0x00, 0x00, 0x00, 0x06,
    0x00, 0x00, 0x00, 0x00, 0x00, 0x00, 0x00, 0x00, 0x00, 0x00, 0x00, 0x00, 0x00, 0x00, 0x00, 0x00,
    0x00, 0x00, 0x00, 0x00, 0x00, 0x00, 0x00, 0x00, 0x00, 0x00, 0x00, 0x00, 0x00, 0x00, 0x00, 0x00,
    0x00, 0x15, 0x00, 0x00, 0x00, 0x00, 0x00, 0x00, 0x00, 0x00, 0x00, 0x00, 0x00, 0x00, 0x00, 0x00,
    0x00, 0x00, 0x00, 0x00, 0x00, 0x00, 0x00, 0x00, 0x00, 0x00, 0x00, 0x00, 0x00, 0x00, 0x00, 0x00,
    0x00, 0x00, 0x00, 0x00, 0x00, 0x00, 0x00, 0x00, 0x00, 0x00, 0x01, 0x14, 0x00, 0x00, 0x00, 0x00,
    0x00, 0x00, 0x00, 0x00, 0x00, 0x00, 0x00, 0x00, 0x00, 0x00, 0x00, 0x00, 0x00, 0x00, 0x00, 0x00,
    0x00, 0x00, 0x00, 0x00, 0x00, 0x00, 0x00, 0x00, 0x00, 0x00, 0x00, 0x00, 0x00, 0x28, 0x02, 0xf8,
    0x00, 0x00, 0x00, 0x01, 0xff, 0xff, 0x00, 0x02, 0x00, 0x02, 0x00, 0x28, 0x00, 0x00, 0x01, 0x68,
    0x03, 0x20, 0x00, 0x03, 0x00, 0x07, 0x00, 0x2e, 0xb1, 0x01, 0x00, 0x2f, 0x3c, 0xb2, 0x07, 0x04,
    0x00, 0xed, 0x32, 0xb1, 0x06, 0x05, 0xdc, 0x3c, 0xb2, 0x03, 0x02, 0x00, 0xed, 0x32, 0x00, 0xb1,
    0x03, 0x00, 0x2f, 0x3c, 0xb2, 0x05, 0x04, 0x00, 0xed, 0x32, 0xb2, 0x07, 0x06, 0x01, 0xfc, 0x3c,
    0xb2, 0x01, 0x02, 0x00, 0xed, 0x32, 0x33, 0x11, 0x21, 0x11, 0x25, 0x33, 0x11, 0x23, 0x28, 0x01,
    0x40, 0xfe, 0xe8, 0xf0, 0xf0, 0x03, 0x20, 0xfc, 0xe0, 0x28, 0x02, 0xd0, 0x00, 0x01, 0x00, 0x64,
    0x00, 0x64, 0x04, 0x4c, 0x04, 0x4c, 0x00, 0x5b, 0x00, 0x00, 0x01, 0x32, 0x16, 0x1f, 0x01, 0x1e,
    0x01, 0x1d, 0x01, 0x37, 0x3e, 0x01, 0x1f, 0x01, 0x16, 0x06, 0x0f, 0x01, 0x33, 0x32, 0x16, 0x17,
    0x16, 0x15, 0x14, 0x06, 0x0f, 0x01, 0x0e, 0x01, 0x2b, 0x01, 0x17, 0x1e, 0x01, 0x0f, 0x01, 0x06,
    0x26, 0x2f, 0x01, 0x15, 0x14, 0x06, 0x07, 0x06, 0x23, 0x22, 0x26, 0x2f, 0x01, 0x2e, 0x01, 0x3d,
    0x01, 0x07, 0x0e, 0x01, 0x2f, 0x01, 0x26, 0x36, 0x3f, 0x01, 0x23, 0x22, 0x26, 0x27, 0x26, 0x35,
    0x34, 0x36, 0x3f, 0x01, 0x3e, 0x01, 0x3b, 0x01, 0x27, 0x2e, 0x01, 0x3f, 0x01, 0x36, 0x16, 0x1f,
    0x01, 0x35, 0x34, 0x36, 0x37, 0x36, 0x02, 0x58, 0x0f, 0x26, 0x0b, 0x0b, 0x0a, 0x0f, 0x9e, 0x07,
    0x16, 0x08, 0x6a, 0x07, 0x02, 0x07, 0x9e, 0xe0, 0x0a, 0x11, 0x02, 0x06, 0x03, 0x02, 0x01, 0x02,
    0x11, 0x0a, 0xe0, 0x9e, 0x07, 0x02, 0x07, 0x6a, 0x08, 0x16, 0x07, 0x9e, 0x0f, 0x0a, 0x29, 0x22,
    0x0f, 0x26, 0x0b, 0x0b, 0x0a, 0x0f, 0x9e, 0x07, 0x16, 0x08, 0x6a, 0x07, 0x02, 0x07, 0x9e, 0xe0,
    0x0a, 0x11, 0x02, 0x06, 0x03, 0x02, 0x01, 0x02, 0x11, 0x0a, 0xe0, 0x9e, 0x07, 0x02, 0x07, 0x6a,
    0x08, 0x16, 0x07, 0x9e, 0x0f, 0x0a, 0x29, 0x04, 0x4c, 0x03, 0x02, 0x01, 0x02, 0x11, 0x0a, 0xe0,
    0x9e, 0x07, 0x02, 0x07, 0x6a, 0x08, 0x16, 0x07, 0x9e, 0x0f, 0x0a, 0x29, 0x22, 0x0f, 0x26, 0x0b,
    0x0b, 0x0a, 0x0f, 0x9e, 0x07, 0x16, 0x08, 0x6a, 0x07, 0x02, 0x07, 0x9e, 0xe0, 0x0a, 0x11, 0x02,
    0x06, 0x03, 0x02, 0x01, 0x02, 0x11, 0x0a, 0xe0, 0x9e, 0x07, 0x02, 0x07, 0x6a, 0x08, 0x16, 0x07,
    0x9e, 0x0f, 0x0a, 0x29, 0x22, 0x0f, 0x26, 0x0b, 0x0b, 0x0a, 0x0f, 0x9e, 0x07, 0x16, 0x08, 0x6a,
    0x07, 0x02, 0x07, 0x9e, 0xe0, 0x0a, 0x11, 0x02, 0x06, 0x00, 0x00, 0x00, 0x00, 0x01, 0x00, 0x00,
    0x00, 0x00, 0x04, 0x4c, 0x04, 0x4c, 0x00, 0x23, 0x00, 0x00, 0x01, 0x33, 0x32, 0x16, 0x15, 0x11,
    0x21, 0x32, 0x16, 0x1d, 0x01, 0x14, 0x06, 0x23, 0x21, 0x11, 0x14, 0x06, 0x2b, 0x01, 0x22, 0x26,
    0x35, 0x11, 0x21, 0x22, 0x26, 0x3d, 0x01, 0x34, 0x36, 0x33, 0x21, 0x11, 0x34, 0x36, 0x01, 0xc2,
    0xc8, 0x15, 0x1d, 0x01, 0x5e, 0x15, 0x1d, 0x1d, 0x15, 0xfe, 0xa2, 0x1d, 0x15, 0xc8, 0x15, 0x1d,
    0xfe, 0xa2, 0x15, 0x1d, 0x1d, 0x15, 0x01, 0x5e, 0x1d, 0x04, 0x4c, 0x1d, 0x15, 0xfe, 0xa2, 0x1d,
    0x15, 0xc8, 0x15, 0x1d, 0xfe, 0xa2, 0x15, 0x1d, 0x1d, 0x15, 0x01, 0x5e, 0x1d, 0x15, 0xc8, 0x15,
    0x1d, 0x01, 0x5e, 0x15, 0x1d, 0x00, 0x00, 0x00, 0x00, 0x01, 0x00, 0x70, 0x00, 0x00, 0x04, 0x40,
    0x04, 0x4c, 0x00, 0x45, 0x00, 0x00, 0x01, 0x33, 0x32, 0x16, 0x07, 0x01, 0x06, 0x07, 0x21, 0x32,
    0x16, 0x0f, 0x01, 0x0e, 0x01, 0x2b, 0x01, 0x15, 0x21, 0x32, 0x16, 0x0f, 0x01, 0x0e, 0x01, 0x2b,
    0x01, 0x15, 0x14, 0x06, 0x2b, 0x01, 0x22, 0x26, 0x3d, 0x01, 0x21, 0x22, 0x26, 0x3f, 0x01, 0x3e,
    0x01, 0x3b, 0x01, 0x35, 0x21, 0x22, 0x26, 0x3f, 0x01, 0x3e, 0x01, 0x3b, 0x01, 0x26, 0x27, 0x01,
    0x26, 0x36, 0x3b, 0x01, 0x32, 0x1f, 0x01, 0x16, 0x32, 0x3f, 0x01, 0x36, 0x03, 0x39, 0xfa, 0x0a,
    0x05, 0x08, 0xfe, 0x94, 0x06, 0x05, 0x01, 0x0c, 0x0a, 0x06, 0x06, 0x78, 0x06, 0x18, 0x0a, 0x7d,
    0x01, 0x13, 0x0a, 0x06, 0x06, 0x78, 0x06, 0x18, 0x0a, 0x7d, 0x0f, 0x0b, 0x94, 0x0b, 0x0f, 0xfe,
    0xed, 0x0a, 0x06, 0x06, 0x78, 0x06, 0x18, 0x0a, 0x7d, 0xfe, 0xed, 0x0a, 0x06, 0x06, 0x78, 0x06,
    0x18, 0x0a, 0x76, 0x05, 0x06, 0xfe, 0x94, 0x08, 0x05, 0x0a, 0xfa, 0x19, 0x12, 0xa4, 0x08, 0x14,
    0x08, 0xa4, 0x12, 0x04, 0x4c, 0x0a, 0x08, 0xfe, 0x94, 0x06, 0x0c, 0x0c, 0x08, 0xa0, 0x08, 0x0c,
    0x64, 0x0c, 0x08, 0xa0, 0x08, 0x0c, 0xae, 0x0b, 0x0f, 0x0f, 0x0b, 0xae, 0x0c, 0x08, 0xa0, 0x08,
    0x0c, 0x64, 0x0c, 0x08, 0xa0, 0x08, 0x0c, 0x0c, 0x06, 0x01, 0x6c, 0x08, 0x0a, 0x12, 0xa4, 0x08,
    0x08, 0xa4, 0x12, 0x00, 0x00, 0x01, 0x00, 0x64, 0x00, 0x05, 0x04, 0x8c, 0x04, 0xae, 0x00, 0x3b,
    0x00, 0x00, 0x01, 0x32, 0x17, 0x16, 0x17, 0x23, 0x34, 0x2e, 0x03, 0x23, 0x22, 0x0e, 0x03, 0x07,
    0x21, 0x07, 0x21, 0x06, 0x15, 0x21, 0x07, 0x21, 0x1e, 0x04, 0x33, 0x32, 0x3e, 0x03, 0x35, 0x33,
    0x06, 0x07, 0x06, 0x23, 0x22, 0x27, 0x2e, 0x01, 0x27, 0x23, 0x37, 0x33, 0x36, 0x37, 0x23, 0x37,
    0x33, 0x3e, 0x01, 0x37, 0x36, 0x02, 0xe8, 0xf2, 0x70, 0x3c, 0x06, 0xb5, 0x23, 0x34, 0x40, 0x39,
    0x17, 0x13, 0x2b, 0x38, 0x32, 0x30, 0x0f, 0x01, 0x7b, 0x64, 0xfe, 0xd4, 0x06, 0x01, 0x96, 0x64,
    0xfe, 0xd4, 0x09, 0x30, 0x39, 0x42, 0x34, 0x15, 0x16, 0x39, 0x40, 0x34, 0x23, 0xae, 0x1e, 0x62,
    0x6b, 0xa7, 0xce, 0x76, 0x24, 0x42, 0x0c, 0xd9, 0x64, 0x70, 0x01, 0x05, 0xda, 0x64, 0x86, 0x14,
    0x3e, 0x1f, 0x75, 0x04, 0xae, 0xbd, 0x68, 0x69, 0x2d, 0x4b, 0x30, 0x21, 0x0f, 0x0b, 0x1e, 0x2e,
    0x4f, 0x32, 0x64, 0x32, 0x32, 0x64, 0x4a, 0x74, 0x42, 0x2b, 0x0f, 0x0f, 0x22, 0x30, 0x4a, 0x2b,
    0xab, 0x6b, 0x75, 0x9e, 0x30, 0xaa, 0x77, 0x64, 0x2f, 0x35, 0x64, 0x57, 0x85, 0x25, 0x8d, 0x00,
    0x00, 0x02, 0x00, 0x7b, 0x00, 0x00, 0x04, 0x4c, 0x04, 0xb0, 0x00, 0x3e, 0x00, 0x47, 0x00, 0x00,
    0x01, 0x21, 0x32, 0x1e, 0x05, 0x15, 0x1c, 0x01, 0x15, 0x14, 0x0e, 0x05, 0x2b, 0x01, 0x07, 0x21,
    0x32, 0x16, 0x0f, 0x01, 0x0e, 0x01, 0x2b, 0x01, 0x15, 0x14, 0x06, 0x2b, 0x01, 0x22, 0x26, 0x3d,
    0x01, 0x21, 0x22, 0x26, 0x3f, 0x01, 0x3e, 0x01, 0x3b, 0x01, 0x35, 0x21, 0x22, 0x26, 0x3f, 0x01,
    0x3e, 0x01, 0x3b, 0x01, 0x11, 0x34, 0x36, 0x17, 0x11, 0x33, 0x32, 0x36, 0x35, 0x34, 0x26, 0x23,
    0x01, 0xac, 0x01, 0x5e, 0x43, 0x6a, 0x42, 0x30, 0x16, 0x0c, 0x01, 0x01, 0x0c, 0x16, 0x30, 0x42,
    0x6a, 0x43, 0xb2, 0x02, 0x01, 0x20, 0x0a, 0x06, 0x06, 0x78, 0x06, 0x18, 0x0a, 0x8a, 0x0b, 0x0a,
    0x95, 0x0a, 0x0f, 0xfe, 0xf5, 0x0a, 0x06, 0x06, 0x78, 0x06, 0x18, 0x0a, 0x75, 0xfe, 0xf5, 0x0a,
    0x06, 0x06, 0x78, 0x06, 0x18, 0x0a, 0x75, 0x0f, 0xb6, 0xcb, 0x40, 0x2d, 0x2d, 0x40, 0x04, 0xb0,
    0x1a, 0x24, 0x3f, 0x32, 0x4f, 0x2a, 0x24, 0x0b, 0x0b, 0x0b, 0x24, 0x2a, 0x50, 0x32, 0x40, 0x25,
    0x1a, 0x64, 0x0c, 0x08, 0xa0, 0x08, 0x0c, 0xaf, 0x0b, 0x0e, 0x0f, 0x0a, 0xaf, 0x0c, 0x08, 0xa0,
    0x08, 0x0c, 0x64, 0x0c, 0x08, 0xa0, 0x08, 0x0c, 0x01, 0xdb, 0x0a, 0x0f, 0xc8, 0xfe, 0xd4, 0x42,
    0x56, 0x54, 0x40, 0x00, 0x00, 0x01, 0x00, 0xc8, 0x01, 0x90, 0x04, 0x4c, 0x02, 0xbc, 0x00, 0x0f,
    0x00, 0x00, 0x13, 0x21, 0x32, 0x16, 0x1d, 0x01, 0x14, 0x06, 0x23, 0x21, 0x22, 0x26, 0x3d, 0x01,
    0x34, 0x36, 0xfa, 0x03, 0x20, 0x15, 0x1d, 0x1d, 0x15, 0xfc, 0xe0, 0x15, 0x1d, 0x1d, 0x02, 0xbc,
    0x1d, 0x15, 0xc8, 0x15, 0x1d, 0x1d, 0x15, 0xc8, 0x15, 0x1d, 0x00, 0x00, 0x00, 0x02, 0x00, 0xc8,
    0x00, 0x00, 0x03, 0xe8, 0x04, 0xb0, 0x00, 0x25, 0x00, 0x41, 0x00, 0x00, 0x01, 0x15, 0x14, 0x06,
    0x2b, 0x01, 0x15, 0x14, 0x06, 0x07, 0x1e, 0x01, 0x1d, 0x01, 0x33, 0x32, 0x16, 0x1d, 0x01, 0x21,
    0x35, 0x34, 0x36, 0x3b, 0x01, 0x35, 0x34, 0x36, 0x37, 0x2e, 0x01, 0x3d, 0x01, 0x23, 0x22, 0x26,
    0x3d, 0x01, 0x17, 0x15, 0x14, 0x16, 0x17, 0x1e, 0x01, 0x14, 0x06, 0x07, 0x0e, 0x01, 0x1d, 0x01,
    0x21, 0x35, 0x34, 0x26, 0x27, 0x2e, 0x01, 0x34, 0x36, 0x37, 0x3e, 0x01, 0x3d, 0x01, 0x03, 0xe8,
    0x1d, 0x15, 0x32, 0x63, 0x51, 0x51, 0x63, 0x32, 0x15, 0x1d, 0xfc, 0xe0, 0x1d, 0x15, 0x32, 0x63,
    0x51, 0x51, 0x63, 0x32, 0x15, 0x1d, 0xc8, 0x41, 0x37, 0x1c, 0x20, 0x20, 0x1c, 0x37, 0x41, 0x01,
    0x90, 0x41, 0x37, 0x1c, 0x20, 0x20, 0x1c, 0x37, 0x41, 0x04, 0xb0, 0x96, 0x15, 0x1d, 0x64, 0x5b,
    0x95, 0x23, 0x23, 0x95, 0x5b, 0x96, 0x1d, 0x15, 0x96, 0x96, 0x15, 0x1d, 0x96, 0x5b, 0x95, 0x23,
    0x23, 0x95, 0x5b, 0x64, 0x1d, 0x15, 0x96, 0xc8, 0x64, 0x3c, 0x63, 0x18, 0x0c, 0x32, 0x3c, 0x32,
    0x0c, 0x18, 0x63, 0x3c, 0x96, 0x96, 0x3c, 0x63, 0x18, 0x0c, 0x32, 0x3c, 0x32, 0x0c, 0x18, 0x63,
    0x3c, 0x64, 0x00, 0x00, 0x00, 0x01, 0x00, 0x00, 0x00, 0x00, 0x00, 0x00, 0x00, 0x00, 0x00, 0x00,
    0x00, 0x00, 0x31, 0x00, 0x00, 0x01, 0xff, 0xf2, 0x01, 0x2c, 0x04, 0xc2, 0x04, 0x41, 0x00, 0x16,
    0x00, 0x00, 0x01, 0x32, 0x16, 0x17, 0x36, 0x33, 0x32, 0x16, 0x15, 0x14, 0x06, 0x23, 0x21, 0x22,
    0x26, 0x35, 0x34, 0x36, 0x37, 0x26, 0x35, 0x34, 0x36, 0x01, 0xf7, 0x6e, 0xb5, 0x2c, 0x2c, 0x2e,
    0x78, 0xaa, 0xaa, 0x78, 0xfd, 0x12, 0x4f, 0x71, 0x55, 0x42, 0x02, 0xd8, 0x04, 0x41, 0x77, 0x61,
    0x0e, 0xad, 0x78, 0x79, 0xad, 0x72, 0x50, 0x45, 0x6b, 0x0e, 0x0c, 0x19, 0x99, 0xd7, 0x00, 0x00,
    0x00, 0x02, 0x00, 0x00, 0x00, 0x64, 0x04, 0xb0, 0x04, 0xaf, 0x00, 0x1a, 0x00, 0x1e, 0x00, 0x00,
    0x00, 0x1e, 0x01, 0x0f, 0x01, 0x01, 0x33, 0x32, 0x16, 0x1d, 0x01, 0x21, 0x35, 0x34, 0x36, 0x3b,
    0x01, 0x01, 0x27, 0x26, 0x3e, 0x01, 0x16, 0x1f, 0x01, 0x37, 0x36, 0x03, 0x21, 0x27, 0x03, 0x02,
    0xf6, 0x20, 0x09, 0x0a, 0x88, 0x01, 0xd3, 0x1e, 0x14, 0x1e, 0xfb, 0x50, 0x1e, 0x14, 0x1e, 0x01,
    0xd4, 0x87, 0x0a, 0x09, 0x20, 0x24, 0x0a, 0x6f, 0x70, 0x09, 0x7a, 0x01, 0x79, 0xb6, 0xc3, 0x04,
    0xb3, 0x13, 0x23, 0x10, 0xbb, 0xfd, 0x16, 0x25, 0x15, 0x2a, 0x2a, 0x15, 0x25, 0x02, 0xea, 0xb7,
    0x10, 0x24, 0x14, 0x09, 0x10, 0x94, 0x96, 0x10, 0xfc, 0x1e, 0x70, 0x02, 0x16, 0x00, 0x00, 0x00,
    0x00, 0x04, 0x00, 0x00, 0x00, 0x64, 0x04, 0xb0, 0x04, 0x4c, 0x00, 0x0b, 0x00, 0x17, 0x00, 0x23,
    0x00, 0x37, 0x00, 0x00, 0x13, 0x21, 0x32, 0x16, 0x07, 0x01, 0x06, 0x22, 0x27, 0x01, 0x26, 0x36,
    0x17, 0x01, 0x16, 0x14, 0x07, 0x01, 0x06, 0x26, 0x35, 0x11, 0x34, 0x36, 0x09, 0x01, 0x36, 0x16,
    0x15, 0x11, 0x14, 0x06, 0x27, 0x01, 0x26, 0x34, 0x07, 0x01, 0x16, 0x06, 0x23, 0x21, 0x22, 0x26,
    0x37, 0x01, 0x36, 0x32, 0x1f, 0x01, 0x16, 0x32, 0x3f, 0x01, 0x36, 0x32, 0x19, 0x04, 0x7e, 0x0a,
    0x05, 0x08, 0xfd, 0xcc, 0x08, 0x14, 0x08, 0xfd, 0xcc, 0x08, 0x05, 0x03, 0x01, 0x08, 0x08, 0x08,
    0xfe, 0xf8, 0x08, 0x0a, 0x0a, 0x03, 0x8c, 0x01, 0x08, 0x08, 0x0a, 0x0a, 0x08, 0xfe, 0xf8, 0x08,
    0x5c, 0x01, 0x6c, 0x08, 0x05, 0x0a, 0xfb, 0x82, 0x0a, 0x05, 0x08, 0x01, 0x6c, 0x08, 0x14, 0x08,
    0xa4, 0x08, 0x14, 0x08, 0xa4, 0x08, 0x14, 0x04, 0x4c, 0x0a, 0x08, 0xfd, 0xc9, 0x08, 0x08, 0x02,
    0x37, 0x08, 0x0a, 0xda, 0xfe, 0xf8, 0x08, 0x14, 0x08, 0xfe, 0xf8, 0x08, 0x05, 0x0a, 0x02, 0x26,
    0x0a, 0x05, 0xfe, 0xf0, 0x01, 0x08, 0x08, 0x05, 0x0a, 0xfd, 0xda, 0x0a, 0x05, 0x08, 0x01, 0x08,
    0x08, 0x14, 0x80, 0xfe, 0x94, 0x08, 0x0a, 0x0a, 0x08, 0x01, 0x6c, 0x08, 0x08, 0xa4, 0x08, 0x08,
    0xa4, 0x08, 0x00, 0x00, 0x00, 0x03, 0xff, 0xf0, 0xff, 0xf0, 0x04, 0xba, 0x04, 0xba, 0x00, 0x09,
    0x00, 0x0d, 0x00, 0x10, 0x00, 0x00, 0x00, 0x32, 0x1f, 0x01, 0x16, 0x14, 0x0f, 0x01, 0x27, 0x37,
    0x13, 0x01, 0x27, 0x09, 0x01, 0x05, 0x13, 0x03, 0xe0, 0x26, 0x0e, 0x99, 0x0d, 0x0d, 0x63, 0xd6,
    0x5f, 0x22, 0xfd, 0x99, 0xd6, 0x02, 0x66, 0xfe, 0x1f, 0xfe, 0xb3, 0x6e, 0x04, 0xba, 0x0d, 0x99,
    0x0e, 0x26, 0x0e, 0x5c, 0xd6, 0x60, 0xfe, 0x74, 0xfd, 0x9a, 0xd6, 0x02, 0x66, 0xfc, 0x6a, 0x70,
    0x01, 0x4f, 0x00, 0x00, 0x00, 0x01, 0x00, 0x00, 0x00, 0x00, 0x04, 0xb0, 0x04, 0xb0, 0x00, 0x0f,
    0x00, 0x00, 0x01, 0x11, 0x33, 0x32, 0x16, 0x1d, 0x01, 0x21, 0x35, 0x34, 0x36, 0x3b, 0x01, 0x11,
    0x01, 0x21, 0x02, 0xbc, 0xfa, 0x15, 0x1d, 0xfc, 0xe0, 0x1d, 0x15, 0xfa, 0xfe, 0x0c, 0x04, 0xb0,
    0x02, 0x8a, 0xfd, 0xda, 0x1d, 0x15, 0x32, 0x32, 0x15, 0x1d, 0x02, 0x26, 0x02, 0x26, 0x00, 0x00,
    0x00, 0x01, 0x00, 0x0e, 0x00, 0x08, 0x04, 0x4c, 0x04, 0x9c, 0x00, 0x1f, 0x00, 0x00, 0x01, 0x25,
    0x36, 0x16, 0x15, 0x11, 0x14, 0x06, 0x07, 0x06, 0x2e, 0x01, 0x36, 0x37, 0x36, 0x17, 0x11, 0x05,
    0x11, 0x14, 0x06, 0x07, 0x06, 0x2e, 0x01, 0x36, 0x37, 0x36, 0x17, 0x11, 0x34, 0x36, 0x01, 0x70,
    0x02, 0x85, 0x27, 0x30, 0x53, 0x46, 0x4f, 0x88, 0x24, 0x57, 0x4f, 0x48, 0x42, 0xfd, 0xa8, 0x58,
    0x41, 0x4f, 0x88, 0x24, 0x57, 0x4f, 0x48, 0x42, 0x1d, 0x03, 0xf9, 0xa3, 0x0f, 0x1e, 0x22, 0xfc,
    0xc1, 0x37, 0x51, 0x17, 0x19, 0x29, 0x6d, 0x72, 0x19, 0x18, 0x10, 0x02, 0x09, 0x9b, 0xfd, 0xa2,
    0x2a, 0x60, 0x15, 0x1a, 0x29, 0x6e, 0x71, 0x1a, 0x18, 0x11, 0x02, 0x7f, 0x26, 0x2a, 0x00, 0x00,
    0x00, 0x02, 0x00, 0x09, 0xff, 0xf8, 0x04, 0xbb, 0x04, 0xa7, 0x00, 0x1d, 0x00, 0x29, 0x00, 0x00,
    0x00, 0x32, 0x1e, 0x02, 0x15, 0x07, 0x17, 0x14, 0x07, 0x01, 0x16, 0x06, 0x0f, 0x01, 0x06, 0x22,
    0x27, 0x01, 0x06, 0x23, 0x27, 0x07, 0x22, 0x2e, 0x02, 0x34, 0x3e, 0x01, 0x04, 0x22, 0x0e, 0x01,
    0x14, 0x1e, 0x01, 0x32, 0x3e, 0x01, 0x34, 0x26, 0x01, 0x90, 0xc8, 0xb6, 0x83, 0x4e, 0x01, 0x01,
    0x4e, 0x01, 0x13, 0x17, 0x01, 0x16, 0x3b, 0x1a, 0x29, 0x13, 0xfe, 0xed, 0x77, 0x8e, 0x05, 0x02,
    0x64, 0xb6, 0x83, 0x4e, 0x4e, 0x83, 0x01, 0x72, 0xb0, 0x94, 0x56, 0x56, 0x94, 0xb0, 0x94, 0x56,
    0x56, 0x04, 0xa7, 0x4e, 0x83, 0xb6, 0x64, 0x02, 0x05, 0x8d, 0x79, 0xfe, 0xee, 0x1a, 0x25, 0x18,
    0x3a, 0x14, 0x14, 0x01, 0x12, 0x4d, 0x01, 0x01, 0x4e, 0x83, 0xb6, 0xc8, 0xb6, 0x83, 0x5b, 0x56,
    0x94, 0xb0, 0x94, 0x56, 0x56, 0x94, 0xb0, 0x94, 0x00, 0x01, 0x00, 0x64, 0x00, 0x58, 0x04, 0xaf,
    0x04, 0x44, 0x00, 0x19, 0x00, 0x00, 0x01, 0x3e, 0x02, 0x1e, 0x02, 0x15, 0x14, 0x0e, 0x03, 0x07,
    0x2e, 0x04, 0x35, 0x34, 0x3e, 0x02, 0x1e, 0x01, 0x02, 0x89, 0x30, 0x7b, 0x78, 0x75, 0x58, 0x36,
    0x43, 0x79, 0x84, 0xa8, 0x3e, 0x3e, 0xa7, 0x85, 0x78, 0x43, 0x38, 0x5a, 0x76, 0x78, 0x79, 0x03,
    0xb5, 0x44, 0x48, 0x05, 0x2d, 0x53, 0x76, 0x40, 0x39, 0x79, 0x80, 0x7f, 0xb2, 0x55, 0x55, 0xb2,
    0x7f, 0x80, 0x79, 0x39, 0x40, 0x76, 0x53, 0x2d, 0x05, 0x48, 0x00, 0x00, 0x00, 0x01, 0xff, 0xd3,
    0x00, 0x5e, 0x04, 0x7b, 0x04, 0x94, 0x00, 0x18, 0x00, 0x00, 0x01, 0x13, 0x36, 0x32, 0x17, 0x13,
    0x21, 0x32, 0x16, 0x07, 0x05, 0x13, 0x16, 0x06, 0x27, 0x25, 0x05, 0x06, 0x26, 0x37, 0x13, 0x25,
    0x26, 0x36, 0x33, 0x01, 0x97, 0x83, 0x07, 0x15, 0x07, 0x81, 0x01, 0xa5, 0x15, 0x06, 0x11, 0xfe,
    0xaa, 0x82, 0x07, 0x0f, 0x11, 0xfe, 0xa9, 0xfe, 0xaa, 0x11, 0x0f, 0x07, 0x82, 0xfe, 0xa5, 0x11,
    0x06, 0x14, 0x03, 0x20, 0x01, 0x61, 0x13, 0x13, 0xfe, 0x9f, 0x11, 0x0c, 0xf9, 0xfe, 0x6f, 0x14,
    0x0b, 0x0c, 0xf6, 0xf7, 0x0c, 0x0b, 0x14, 0x01, 0x90, 0xfb, 0x0c, 0x11, 0x00, 0x02, 0xff, 0xd3,
    0x00, 0x5e, 0x04, 0x7b, 0x04, 0x94, 0x00, 0x18, 0x00, 0x22, 0x00, 0x00, 0x01, 0x13, 0x36, 0x32,
    0x17, 0x13, 0x21, 0x32, 0x16, 0x07, 0x05, 0x13, 0x16, 0x06, 0x27, 0x25, 0x05, 0x06, 0x26, 0x37,
    0x13, 0x25, 0x26, 0x36, 0x33, 0x05, 0x23, 0x17, 0x07, 0x37, 0x17, 0x27, 0x37, 0x23, 0x27, 0x01,
    0x97, 0x83, 0x07, 0x15, 0x07, 0x81, 0x01, 0xa5, 0x15, 0x06, 0x11, 0xfe, 0xaa, 0x82, 0x07, 0x0f,
    0x11, 0xfe, 0xa9, 0xfe, 0xaa, 0x11, 0x0f, 0x07, 0x82, 0xfe, 0xa5, 0x11, 0x06, 0x14, 0x01, 0xf3,
    0xf0, 0xc5, 0x4a, 0xc1, 0xc3, 0x4a, 0xc0, 0xea, 0x4e, 0x03, 0x20, 0x01, 0x61, 0x13, 0x13, 0xfe,
    0x9f, 0x11, 0x0c, 0xf9, 0xfe, 0x6f, 0x14, 0x0b, 0x0c, 0xf6, 0xf7, 0x0c, 0x0b, 0x14, 0x01, 0x90,
    0xfb, 0x0c, 0x11, 0x64, 0x8e, 0xe2, 0x8b, 0x8c, 0xe5, 0x8c, 0xd3, 0x00, 0x00, 0x01, 0x00, 0x00,
    0x00, 0x00, 0x04, 0xb0, 0x04, 0xb0, 0x00, 0x26, 0x00, 0x00, 0x01, 0x32, 0x16, 0x1d, 0x01, 0x14,
    0x06, 0x23, 0x15, 0x14, 0x16, 0x17, 0x05, 0x1e, 0x01, 0x1d, 0x01, 0x14, 0x06, 0x23, 0x21, 0x22,
    0x26, 0x3d, 0x01, 0x34, 0x36, 0x37, 0x25, 0x3e, 0x01, 0x3d, 0x01, 0x22, 0x26, 0x3d, 0x01, 0x34,
    0x36, 0x02, 0x58, 0x7c, 0xb0, 0x3e, 0x26, 0x0c, 0x09, 0x01, 0x66, 0x09, 0x0c, 0x0f, 0x0a, 0xfb,
    0x82, 0x0a, 0x0f, 0x0c, 0x09, 0x01, 0x66, 0x09, 0x0c, 0x26, 0x3e, 0xb0, 0x04, 0xb0, 0xb0, 0x7c,
    0xfa, 0x2e, 0x68, 0x4b, 0x0a, 0x17, 0x06, 0xe6, 0x05, 0x17, 0x0a, 0x5d, 0x0a, 0x0f, 0x0f, 0x0a,
    0x5d, 0x0a, 0x17, 0x05, 0xe6, 0x06, 0x17, 0x0a, 0x4b, 0x68, 0x2e, 0xfa, 0x7c, 0xb0, 0x00, 0x00,
    0x00, 0x0d, 0x00, 0x00, 0x00, 0x00, 0x04, 0xb0, 0x04, 0x4c, 0x00, 0x0f, 0x00, 0x13, 0x00, 0x23,
    0x00, 0x27, 0x00, 0x2b, 0x00, 0x2f, 0x00, 0x33, 0x00, 0x37, 0x00, 0x47, 0x00, 0x4b, 0x00, 0x4f,
    0x00, 0x53, 0x00, 0x57, 0x00, 0x00, 0x13, 0x21, 0x32, 0x16, 0x15, 0x11, 0x14, 0x06, 0x23, 0x21,
    0x22, 0x26, 0x35, 0x11, 0x34, 0x36, 0x17, 0x15, 0x33, 0x35, 0x29, 0x01, 0x22, 0x06, 0x15, 0x11,
    0x14, 0x16, 0x33, 0x21, 0x32, 0x36, 0x35, 0x11, 0x34, 0x26, 0x33, 0x15, 0x33, 0x35, 0x05, 0x15,
    0x33, 0x35, 0x21, 0x15, 0x33, 0x35, 0x05, 0x15, 0x33, 0x35, 0x21, 0x15, 0x33, 0x35, 0x07, 0x21,
    0x22, 0x06, 0x15, 0x11, 0x14, 0x16, 0x33, 0x21, 0x32, 0x36, 0x35, 0x11, 0x34, 0x26, 0x05, 0x15,
    0x33, 0x35, 0x21, 0x15, 0x33, 0x35, 0x05, 0x15, 0x33, 0x35, 0x21, 0x15, 0x33, 0x35, 0x19, 0x04,
    0x7e, 0x0a, 0x0f, 0x0f, 0x0a, 0xfb, 0x82, 0x0a, 0x0f, 0x0f, 0x55, 0x64, 0x02, 0xa3, 0xfd, 0xda,
    0x0a, 0x0f, 0x0f, 0x0a, 0x02, 0x26, 0x0a, 0x0f, 0x0f, 0x73, 0x64, 0xfc, 0x18, 0x64, 0x03, 0x20,
    0x64, 0xfc, 0x18, 0x64, 0x03, 0x20, 0x64, 0xe1, 0xfd, 0xda, 0x0a, 0x0f, 0x0f, 0x0a, 0x02, 0x26,
    0x0a, 0x0f, 0x0f, 0xfc, 0xef, 0x64, 0x03, 0x20, 0x64, 0xfc, 0x18, 0x64, 0x03, 0x20, 0x64, 0x04,
    0x4c, 0x0f, 0x0a, 0xfb, 0xe6, 0x0a, 0x0f, 0x0f, 0x0a, 0x04, 0x1a, 0x0a, 0x0f, 0x64, 0x64, 0x64,
    0x0f, 0x0a, 0xfe, 0xa2, 0x0a, 0x0f, 0x0f, 0x0a, 0x01, 0x5e, 0x0a, 0x0f, 0x64, 0x64, 0xc8, 0x64,
    0x64, 0x64, 0x64, 0xc8, 0x64, 0x64, 0x64, 0x64, 0x64, 0x0f, 0x0a, 0xfe, 0xa2, 0x0a, 0x0f, 0x0f,
    0x0a, 0x01, 0x5e, 0x0a, 0x0f, 0x64, 0x64, 0x64, 0x64, 0x64, 0xc8, 0x64, 0x64, 0x64, 0x64, 0x00,
    0x00, 0x04, 0x00, 0x00, 0x00, 0x00, 0x04, 0x4c, 0x04, 0x4c, 0x00, 0x0f, 0x00, 0x1f, 0x00, 0x2f,
    0x00, 0x3f, 0x00, 0x00, 0x13, 0x21, 0x32, 0x16, 0x15, 0x11, 0x14, 0x06, 0x23, 0x21, 0x22, 0x26,
    0x35, 0x11, 0x34, 0x36, 0x29, 0x01, 0x32, 0x16, 0x15, 0x11, 0x14, 0x06, 0x23, 0x21, 0x22, 0x26,
    0x35, 0x11, 0x34, 0x36, 0x01, 0x21, 0x32, 0x16, 0x15, 0x11, 0x14, 0x06, 0x23, 0x21, 0x22, 0x26,
    0x35, 0x11, 0x34, 0x36, 0x29, 0x01, 0x32, 0x16, 0x15, 0x11, 0x14, 0x06, 0x23, 0x21, 0x22, 0x26,
    0x35, 0x11, 0x34, 0x36, 0x32, 0x01, 0x90, 0x15, 0x1d, 0x1d, 0x15, 0xfe, 0x70, 0x15, 0x1d, 0x1d,
    0x02, 0x6d, 0x01, 0x90, 0x15, 0x1d, 0x1d, 0x15, 0xfe, 0x70, 0x15, 0x1d, 0x1d, 0xfd, 0xbd, 0x01,
    0x90, 0x15, 0x1d, 0x1d, 0x15, 0xfe, 0x70, 0x15, 0x1d, 0x1d, 0x02, 0x6d, 0x01, 0x90, 0x15, 0x1d,
    0x1d, 0x15, 0xfe, 0x70, 0x15, 0x1d, 0x1d, 0x04, 0x4c, 0x1d, 0x15, 0xfe, 0x70, 0x15, 0x1d, 0x1d,
    0x15, 0x01, 0x90, 0x15, 0x1d, 0x1d, 0x15, 0xfe, 0x70, 0x15, 0x1d, 0x1d, 0x15, 0x01, 0x90, 0x15,
    0x1d, 0xfd, 0xa8, 0x1d, 0x15, 0xfe, 0x70, 0x15, 0x1d, 0x1d, 0x15, 0x01, 0x90, 0x15, 0x1d, 0x1d,
    0x15, 0xfe, 0x70, 0x15, 0x1d, 0x1d, 0x15, 0x01, 0x90, 0x15, 0x1d, 0x00, 0x00, 0x09, 0x00, 0x00,
    0x00, 0x00, 0x04, 0x4c, 0x04, 0x4c, 0x00, 0x0f, 0x00, 0x1f, 0x00, 0x2f, 0x00, 0x3f, 0x00, 0x4f,
    0x00, 0x5f, 0x00, 0x6f, 0x00, 0x7f, 0x00, 0x8f, 0x00, 0x00, 0x13, 0x33, 0x32, 0x16, 0x1d, 0x01,
    0x14, 0x06, 0x2b, 0x01, 0x22, 0x26, 0x3d, 0x01, 0x34, 0x36, 0x21, 0x33, 0x32, 0x16, 0x1d, 0x01,
    0x14, 0x06, 0x2b, 0x01, 0x22, 0x26, 0x3d, 0x01, 0x34, 0x36, 0x21, 0x33, 0x32, 0x16, 0x1d, 0x01,
    0x14, 0x06, 0x2b, 0x01, 0x22, 0x26, 0x3d, 0x01, 0x34, 0x36, 0x01, 0x33, 0x32, 0x16, 0x1d, 0x01,
    0x14, 0x06, 0x2b, 0x01, 0x22, 0x26, 0x3d, 0x01, 0x34, 0x36, 0x21, 0x33, 0x32, 0x16, 0x1d, 0x01,
    0x14, 0x06, 0x2b, 0x01, 0x22, 0x26, 0x3d, 0x01, 0x34, 0x36, 0x21, 0x33, 0x32, 0x16, 0x1d, 0x01,
    0x14, 0x06, 0x2b, 0x01, 0x22, 0x26, 0x3d, 0x01, 0x34, 0x36, 0x01, 0x33, 0x32, 0x16, 0x1d, 0x01,
    0x14, 0x06, 0x2b, 0x01, 0x22, 0x26, 0x3d, 0x01, 0x34, 0x36, 0x21, 0x33, 0x32, 0x16, 0x1d, 0x01,
    0x14, 0x06, 0x2b, 0x01, 0x22, 0x26, 0x3d, 0x01, 0x34, 0x36, 0x21, 0x33, 0x32, 0x16, 0x1d, 0x01,
    0x14, 0x06, 0x2b, 0x01, 0x22, 0x26, 0x3d, 0x01, 0x34, 0x36, 0x32, 0xc8, 0x15, 0x1d, 0x1d, 0x15,
    0xc8, 0x15, 0x1d, 0x1d, 0x01, 0xa5, 0xc8, 0x15, 0x1d, 0x1d, 0x15, 0xc8, 0x15, 0x1d, 0x1d, 0x01,
    0xa5, 0xc8, 0x15, 0x1d, 0x1d, 0x15, 0xc8, 0x15, 0x1d, 0x1d, 0xfc, 0xf5, 0xc8, 0x15, 0x1d, 0x1d,
    0x15, 0xc8, 0x15, 0x1d, 0x1d, 0x01, 0xa5, 0xc8, 0x15, 0x1d, 0x1d, 0x15, 0xc8, 0x15, 0x1d, 0x1d,
    0x01, 0xa5, 0xc8, 0x15, 0x1d, 0x1d, 0x15, 0xc8, 0x15, 0x1d, 0x1d, 0xfc, 0xf5, 0xc8, 0x15, 0x1d,
    0x1d, 0x15, 0xc8, 0x15, 0x1d, 0x1d, 0x01, 0xa5, 0xc8, 0x15, 0x1d, 0x1d, 0x15, 0xc8, 0x15, 0x1d,
    0x1d, 0x01, 0xa5, 0xc8, 0x15, 0x1d, 0x1d, 0x15, 0xc8, 0x15, 0x1d, 0x1d, 0x04, 0x4c, 0x1d, 0x15,
    0xc8, 0x15, 0x1d, 0x1d, 0x15, 0xc8, 0x15, 0x1d, 0x1d, 0x15, 0xc8, 0x15, 0x1d, 0x1d, 0x15, 0xc8,
    0x15, 0x1d, 0x1d, 0x15, 0xc8, 0x15, 0x1d, 0x1d, 0x15, 0xc8, 0x15, 0x1d, 0xfe, 0x70, 0x1d, 0x15,
    0xc8, 0x15, 0x1d, 0x1d, 0x15, 0xc8, 0x15, 0x1d, 0x1d, 0x15, 0xc8, 0x15, 0x1d, 0x1d, 0x15, 0xc8,
    0x15, 0x1d, 0x1d, 0x15, 0xc8, 0x15, 0x1d, 0x1d, 0x15, 0xc8, 0x15, 0x1d, 0xfe, 0x70, 0x1d, 0x15,
    0xc8, 0x15, 0x1d, 0x1d, 0x15, 0xc8, 0x15, 0x1d, 0x1d, 0x15, 0xc8, 0x15, 0x1d, 0x1d, 0x15, 0xc8,
    0x15, 0x1d, 0x1d, 0x15, 0xc8, 0x15, 0x1d, 0x1d, 0x15, 0xc8, 0x15, 0x1d, 0x00, 0x06, 0x00, 0x00,
    0x00, 0x00, 0x04, 0xb0, 0x04, 0x4c, 0x00, 0x0f, 0x00, 0x1f, 0x00, 0x2f, 0x00, 0x3f, 0x00, 0x4f,
    0x00, 0x5f, 0x00, 0x00, 0x13, 0x33, 0x32, 0x16, 0x1d, 0x01, 0x14, 0x06, 0x2b, 0x01, 0x22, 0x26,
    0x3d, 0x01, 0x34, 0x36, 0x29, 0x01, 0x32, 0x16, 0x1d, 0x01, 0x14, 0x06, 0x23, 0x21, 0x22, 0x26,
    0x3d, 0x01, 0x34, 0x36, 0x01, 0x33, 0x32, 0x16, 0x1d, 0x01, 0x14, 0x06, 0x2b, 0x01, 0x22, 0x26,
    0x3d, 0x01, 0x34, 0x36, 0x29, 0x01, 0x32, 0x16, 0x1d, 0x01, 0x14, 0x06, 0x23, 0x21, 0x22, 0x26,
    0x3d, 0x01, 0x34, 0x36, 0x01, 0x33, 0x32, 0x16, 0x1d, 0x01, 0x14, 0x06, 0x2b, 0x01, 0x22, 0x26,
    0x3d, 0x01, 0x34, 0x36, 0x29, 0x01, 0x32, 0x16, 0x1d, 0x01, 0x14, 0x06, 0x23, 0x21, 0x22, 0x26,
    0x3d, 0x01, 0x34, 0x36, 0x32, 0xc8, 0x15, 0x1d, 0x1d, 0x15, 0xc8, 0x15, 0x1d, 0x1d, 0x01, 0xa5,
    0x02, 0xbc, 0x15, 0x1d, 0x1d, 0x15, 0xfd, 0x44, 0x15, 0x1d, 0x1d, 0xfe, 0x85, 0xc8, 0x15, 0x1d,
    0x1d, 0x15, 0xc8, 0x15, 0x1d, 0x1d, 0x01, 0xa5, 0x02, 0xbc, 0x15, 0x1d, 0x1d, 0x15, 0xfd, 0x44,
    0x15, 0x1d, 0x1d, 0xfe, 0x85, 0xc8, 0x15, 0x1d, 0x1d, 0x15, 0xc8, 0x15, 0x1d, 0x1d, 0x01, 0xa5,
    0x02, 0xbc, 0x15, 0x1d, 0x1d, 0x15, 0xfd, 0x44, 0x15, 0x1d, 0x1d, 0x04, 0x4c, 0x1d, 0x15, 0xc8,
    0x15, 0x1d, 0x1d, 0x15, 0xc8, 0x15, 0x1d, 0x1d, 0x15, 0xc8, 0x15, 0x1d, 0x1d, 0x15, 0xc8, 0x15,
    0x1d, 0xfe, 0x70, 0x1d, 0x15, 0xc8, 0x15, 0x1d, 0x1d, 0x15, 0xc8, 0x15, 0x1d, 0x1d, 0x15, 0xc8,
    0x15, 0x1d, 0x1d, 0x15, 0xc8, 0x15, 0x1d, 0xfe, 0x70, 0x1d, 0x15, 0xc8, 0x15, 0x1d, 0x1d, 0x15,
    0xc8, 0x15, 0x1d, 0x1d, 0x15, 0xc8, 0x15, 0x1d, 0x1d, 0x15, 0xc8, 0x15, 0x1d, 0x00, 0x00, 0x00,
    0x00, 0x01, 0x00, 0x26, 0x00, 0x2c, 0x04, 0xe8, 0x04, 0x20, 0x00, 0x17, 0x00, 0x00, 0x09, 0x01,
    0x36, 0x32, 0x1f, 0x01, 0x16, 0x14, 0x07, 0x01, 0x06, 0x22, 0x27, 0x01, 0x26, 0x34, 0x3f, 0x01,
    0x36, 0x32, 0x1f, 0x01, 0x16, 0x32, 0x01, 0xd1, 0x02, 0x3b, 0x08, 0x14, 0x07, 0xb1, 0x08, 0x08,
    0xfc, 0xf1, 0x07, 0x15, 0x07, 0xfe, 0x80, 0x08, 0x08, 0xb1, 0x07, 0x14, 0x08, 0xab, 0x07, 0x16,
    0x01, 0xdd, 0x02, 0x3b, 0x08, 0x08, 0xb1, 0x07, 0x14, 0x08, 0xfc, 0xf0, 0x08, 0x08, 0x01, 0x80,
    0x08, 0x14, 0x07, 0xb1, 0x08, 0x08, 0xab, 0x07, 0x00, 0x01, 0x00, 0x6e, 0x00, 0x6e, 0x04, 0x42,
    0x04, 0x42, 0x00, 0x23, 0x00, 0x00, 0x01, 0x17, 0x16, 0x14, 0x07, 0x09, 0x01, 0x16, 0x14, 0x0f,
    0x01, 0x06, 0x22, 0x27, 0x09, 0x01, 0x06, 0x22, 0x2f, 0x01, 0x26, 0x34, 0x37, 0x09, 0x01, 0x26,
    0x34, 0x3f, 0x01, 0x36, 0x32, 0x17, 0x09, 0x01, 0x36, 0x32, 0x03, 0x88, 0xb2, 0x08, 0x08, 0xfe,
    0xf5, 0x01, 0x0b, 0x08, 0x08, 0xb2, 0x08, 0x15, 0x07, 0xfe, 0xf4, 0xfe, 0xf4, 0x07, 0x15, 0x08,
    0xb2, 0x08, 0x08, 0x01, 0x0b, 0xfe, 0xf5, 0x08, 0x08, 0xb2, 0x08, 0x15, 0x07, 0x01, 0x0c, 0x01,
    0x0c, 0x07, 0x15, 0x04, 0x3b, 0xb3, 0x08, 0x15, 0x07, 0xfe, 0xf4, 0xfe, 0xf4, 0x07, 0x15, 0x08,
    0xb2, 0x08, 0x08, 0x01, 0x0b, 0xfe, 0xf5, 0x08, 0x08, 0xb2, 0x08, 0x15, 0x07, 0x01, 0x0c, 0x01,
    0x0c, 0x07, 0x15, 0x08, 0xb2, 0x08, 0x08, 0xfe, 0xf5, 0x01, 0x0c, 0x07, 0x00, 0x03, 0x00, 0x17,
    0xff, 0xeb, 0x04, 0xc5, 0x04, 0x99, 0x00, 0x19, 0x00, 0x25, 0x00, 0x49, 0x00, 0x00, 0x00, 0x32,
    0x1e, 0x02, 0x15, 0x14, 0x07, 0x01, 0x16, 0x14, 0x0f, 0x01, 0x06, 0x22, 0x27, 0x01, 0x06, 0x23,
    0x22, 0x2e, 0x02, 0x34, 0x3e, 0x01, 0x04, 0x22, 0x0e, 0x01, 0x14, 0x1e, 0x01, 0x32, 0x3e, 0x01,
    0x34, 0x26, 0x05, 0x33, 0x32, 0x16, 0x1d, 0x01, 0x33, 0x32, 0x16, 0x1d, 0x01, 0x14, 0x06, 0x2b,
    0x01, 0x15, 0x14, 0x06, 0x2b, 0x01, 0x22, 0x26, 0x3d, 0x01, 0x23, 0x22, 0x26, 0x3d, 0x01, 0x34,
    0x36, 0x3b, 0x01, 0x35, 0x34, 0x36, 0x01, 0x99, 0xc4, 0xb3, 0x82, 0x4d, 0x4e, 0x01, 0x2c, 0x08,
    0x08, 0x6d, 0x07, 0x15, 0x08, 0xfe, 0xd4, 0x77, 0x8e, 0x62, 0xb4, 0x81, 0x4d, 0x4d, 0x81, 0x01,
    0x6f, 0xb3, 0x98, 0x58, 0x58, 0x98, 0xb3, 0x99, 0x58, 0x58, 0xfe, 0xbc, 0x96, 0x0a, 0x0f, 0x4b,
    0x0a, 0x0f, 0x0f, 0x0a, 0x4b, 0x0f, 0x0a, 0x96, 0x0a, 0x0f, 0x4b, 0x0a, 0x0f, 0x0f, 0x0a, 0x4b,
    0x0f, 0x04, 0x99, 0x4d, 0x82, 0xb3, 0x62, 0x8d, 0x79, 0xfe, 0xd5, 0x08, 0x15, 0x08, 0x6c, 0x08,
    0x08, 0x01, 0x2b, 0x4d, 0x4d, 0x81, 0xb4, 0xc4, 0xb3, 0x82, 0x4d, 0x58, 0x99, 0xb3, 0x98, 0x58,
    0x58, 0x98, 0xb3, 0x99, 0x23, 0x0f, 0x0a, 0x4b, 0x0f, 0x0a, 0x96, 0x0a, 0x0f, 0x4b, 0x0a, 0x0f,
    0x0f, 0x0a, 0x4b, 0x0f, 0x0a, 0x96, 0x0a, 0x0f, 0x4b, 0x0a, 0x0f, 0x00, 0x00, 0x03, 0x00, 0x17,
    0xff, 0xeb, 0x04, 0xc5, 0x04, 0x99, 0x00, 0x19, 0x00, 0x25, 0x00, 0x35, 0x00, 0x00, 0x00, 0x32,
    0x1e, 0x02, 0x15, 0x14, 0x07, 0x01, 0x16, 0x14, 0x0f, 0x01, 0x06, 0x22, 0x27, 0x01, 0x06, 0x23,
    0x22, 0x2e, 0x02, 0x34, 0x3e, 0x01, 0x04, 0x22, 0x0e, 0x01, 0x14, 0x1e, 0x01, 0x32, 0x3e, 0x01,
    0x34, 0x26, 0x05, 0x21, 0x32, 0x16, 0x1d, 0x01, 0x14, 0x06, 0x23, 0x21, 0x22, 0x26, 0x3d, 0x01,
    0x34, 0x36, 0x01, 0x99, 0xc4, 0xb3, 0x82, 0x4d, 0x4e, 0x01, 0x2c, 0x08, 0x08, 0x6d, 0x07, 0x15,
    0x08, 0xfe, 0xd4, 0x77, 0x8e, 0x62, 0xb4, 0x81, 0x4d, 0x4d, 0x81, 0x01, 0x6f, 0xb3, 0x98, 0x58,
    0x58, 0x98, 0xb3, 0x99, 0x58, 0x58, 0xfe, 0x58, 0x01, 0x5e, 0x0a, 0x0f, 0x0f, 0x0a, 0xfe, 0xa2,
    0x0a, 0x0f, 0x0f, 0x04, 0x99, 0x4d, 0x82, 0xb3, 0x62, 0x8d, 0x79, 0xfe, 0xd5, 0x08, 0x15, 0x08,
    0x6c, 0x08, 0x08, 0x01, 0x2b, 0x4d, 0x4d, 0x81, 0xb4, 0xc4, 0xb3, 0x82, 0x4d, 0x58, 0x99, 0xb3,
    0x98, 0x58, 0x58, 0x98, 0xb3, 0x99, 0x87, 0x0f, 0x0a, 0x96, 0x0a, 0x0f, 0x0f, 0x0a, 0x96, 0x0a,
    0x0f, 0x00, 0x00, 0x00, 0x00, 0x02, 0x00, 0x17, 0x00, 0x17, 0x04, 0x99, 0x04, 0xb0, 0x00, 0x0f,
    0x00, 0x2d, 0x00, 0x00, 0x01, 0x33, 0x32, 0x16, 0x15, 0x11, 0x14, 0x06, 0x2b, 0x01, 0x22, 0x26,
    0x35, 0x11, 0x34, 0x36, 0x05, 0x35, 0x16, 0x12, 0x15, 0x14, 0x0e, 0x02, 0x22, 0x2e, 0x02, 0x35,
    0x34, 0x12, 0x37, 0x15, 0x0e, 0x01, 0x15, 0x14, 0x1e, 0x01, 0x32, 0x3e, 0x01, 0x35, 0x34, 0x26,
    0x02, 0x26, 0x64, 0x15, 0x1d, 0x1d, 0x15, 0x64, 0x15, 0x1d, 0x1d, 0x01, 0x0f, 0xa7, 0xd2, 0x5b,
    0x9b, 0xd6, 0xea, 0xd6, 0x9b, 0x5b, 0xd2, 0xa7, 0x67, 0x7c, 0x72, 0xc5, 0xe8, 0xc5, 0x72, 0x7c,
    0x04, 0xb0, 0x1d, 0x15, 0xfe, 0x70, 0x15, 0x1d, 0x1d, 0x15, 0x01, 0x90, 0x15, 0x1d, 0xe1, 0xa6,
    0x3e, 0xfe, 0xd9, 0xb8, 0x75, 0xd6, 0x9b, 0x5b, 0x5b, 0x9b, 0xd6, 0x75, 0xb8, 0x01, 0x27, 0x3e,
    0xa6, 0x37, 0xc8, 0x78, 0x74, 0xc5, 0x72, 0x72, 0xc5, 0x74, 0x78, 0xc8, 0x00, 0x04, 0x00, 0x64,
    0x00, 0x00, 0x04, 0xb0, 0x04, 0xb0, 0x00, 0x0f, 0x00, 0x1f, 0x00, 0x2f, 0x00, 0x3f, 0x00, 0x00,
    0x01, 0x33, 0x32, 0x16, 0x15, 0x11, 0x14, 0x06, 0x2b, 0x01, 0x22, 0x26, 0x35, 0x11, 0x34, 0x36,
    0x01, 0x33, 0x32, 0x16, 0x15, 0x11, 0x14, 0x06, 0x2b, 0x01, 0x22, 0x26, 0x35, 0x11, 0x34, 0x36,
    0x01, 0x33, 0x32, 0x16, 0x15, 0x11, 0x14, 0x06, 0x2b, 0x01, 0x22, 0x26, 0x35, 0x11, 0x34, 0x36,
    0x05, 0x33, 0x32, 0x16, 0x1d, 0x01, 0x14, 0x06, 0x2b, 0x01, 0x22, 0x26, 0x3d, 0x01, 0x34, 0x36,
    0x04, 0x01, 0x96, 0x0a, 0x0f, 0x0f, 0x0a, 0x96, 0x0a, 0x0f, 0x0f, 0xfe, 0xde, 0x96, 0x0a, 0x0f,
    0x0f, 0x0a, 0x96, 0x0a, 0x0f, 0x0f, 0xfe, 0xde, 0x96, 0x0a, 0x0f, 0x0f, 0x0a, 0x96, 0x0a, 0x0f,
    0x0f, 0xfe, 0xde, 0x96, 0x0a, 0x0f, 0x0f, 0x0a, 0x96, 0x0a, 0x0f, 0x0f, 0x04, 0xb0, 0x0f, 0x0a,
    0xfb, 0x82, 0x0a, 0x0f, 0x0f, 0x0a, 0x04, 0x7e, 0x0a, 0x0f, 0xfe, 0x70, 0x0f, 0x0a, 0xfd, 0x12,
    0x0a, 0x0f, 0x0f, 0x0a, 0x02, 0xee, 0x0a, 0x0f, 0xfe, 0xd4, 0x0f, 0x0a, 0xfe, 0x3e, 0x0a, 0x0f,
    0x0f, 0x0a, 0x01, 0xc2, 0x0a, 0x0f, 0xc8, 0x0f, 0x0a, 0xfa, 0x0a, 0x0f, 0x0f, 0x0a, 0xfa, 0x0a,
    0x0f, 0x00, 0x00, 0x00, 0x00, 0x02, 0x00, 0x1a, 0x00, 0x1b, 0x04, 0x96, 0x04, 0x96, 0x00, 0x47,
    0x00, 0x4f, 0x00, 0x00, 0x01, 0x32, 0x1f, 0x02, 0x16, 0x1f, 0x01, 0x37, 0x16, 0x17, 0x07, 0x17,
    0x16, 0x1f, 0x02, 0x16, 0x15, 0x14, 0x0f, 0x02, 0x06, 0x0f, 0x01, 0x17, 0x06, 0x07, 0x27, 0x07,
    0x06, 0x0f, 0x02, 0x06, 0x23, 0x22, 0x2f, 0x02, 0x26, 0x2f, 0x01, 0x07, 0x26, 0x27, 0x37, 0x27,
    0x26, 0x2f, 0x02, 0x26, 0x35, 0x34, 0x3f, 0x02, 0x36, 0x3f, 0x01, 0x27, 0x36, 0x37, 0x17, 0x37,
    0x36, 0x3f, 0x02, 0x36, 0x12, 0x22, 0x06, 0x14, 0x16, 0x32, 0x36, 0x34, 0x02, 0x58, 0x21, 0x29,
    0x26, 0x05, 0x31, 0x2d, 0x05, 0x86, 0x3d, 0x2b, 0x50, 0x03, 0x19, 0x0e, 0x01, 0x98, 0x05, 0x05,
    0x98, 0x01, 0x0f, 0x18, 0x03, 0x50, 0x30, 0x38, 0x86, 0x05, 0x2c, 0x32, 0x05, 0x26, 0x2b, 0x1f,
    0x21, 0x29, 0x26, 0x05, 0x31, 0x2d, 0x05, 0x86, 0x3c, 0x2c, 0x50, 0x03, 0x19, 0x0d, 0x02, 0x97,
    0x06, 0x06, 0x97, 0x02, 0x0d, 0x19, 0x03, 0x50, 0x2f, 0x3a, 0x85, 0x05, 0x2d, 0x31, 0x05, 0x26,
    0x2b, 0x78, 0xb2, 0x7e, 0x7e, 0xb2, 0x7e, 0x04, 0x96, 0x05, 0x98, 0x01, 0x0e, 0x19, 0x02, 0x50,
    0x30, 0x39, 0x86, 0x05, 0x2c, 0x31, 0x06, 0x26, 0x2b, 0x1e, 0x22, 0x28, 0x26, 0x06, 0x31, 0x2c,
    0x05, 0x86, 0x3d, 0x2c, 0x51, 0x03, 0x19, 0x0e, 0x02, 0x97, 0x05, 0x05, 0x97, 0x02, 0x0e, 0x19,
    0x03, 0x51, 0x30, 0x39, 0x86, 0x05, 0x2d, 0x30, 0x06, 0x26, 0x2a, 0x20, 0x21, 0x28, 0x26, 0x06,
    0x30, 0x2d, 0x05, 0x86, 0x3d, 0x2c, 0x50, 0x02, 0x19, 0x0e, 0x01, 0x98, 0x05, 0xfe, 0x99, 0x7e,
    0xb1, 0x7e, 0x7e, 0xb1, 0x00, 0x07, 0x00, 0x64, 0x00, 0x00, 0x04, 0xb0, 0x05, 0x14, 0x00, 0x13,
    0x00, 0x17, 0x00, 0x21, 0x00, 0x25, 0x00, 0x29, 0x00, 0x2d, 0x00, 0x31, 0x00, 0x00, 0x01, 0x21,
    0x32, 0x16, 0x1d, 0x01, 0x21, 0x32, 0x16, 0x1d, 0x01, 0x21, 0x35, 0x34, 0x36, 0x33, 0x21, 0x35,
    0x34, 0x36, 0x17, 0x15, 0x21, 0x35, 0x01, 0x11, 0x14, 0x06, 0x23, 0x21, 0x22, 0x26, 0x35, 0x11,
    0x17, 0x11, 0x33, 0x11, 0x33, 0x11, 0x33, 0x11, 0x33, 0x11, 0x33, 0x11, 0x33, 0x11, 0x33, 0x11,
    0x01, 0xf4, 0x01, 0x2c, 0x29, 0x3b, 0x01, 0x13, 0x0a, 0x0f, 0xfb, 0xb4, 0x0f, 0x0a, 0x01, 0x13,
    0x3b, 0x29, 0x01, 0x2c, 0x01, 0x2c, 0x3b, 0x29, 0xfd, 0x44, 0x29, 0x3b, 0x64, 0x64, 0x64, 0x64,
    0x64, 0x64, 0x64, 0x64, 0x05, 0x14, 0x3b, 0x29, 0x64, 0x0f, 0x0a, 0x4b, 0x4b, 0x0a, 0x0f, 0x64,
    0x29, 0x3b, 0x64, 0x64, 0x64, 0xfe, 0xd4, 0xfc, 0xe0, 0x29, 0x3b, 0x3b, 0x29, 0x03, 0x20, 0x64,
    0xfd, 0x44, 0x02, 0xbc, 0xfd, 0x44, 0x02, 0xbc, 0xfd, 0x44, 0x02, 0xbc, 0xfd, 0x44, 0x02, 0xbc,
    0x00, 0x01, 0x00, 0x0c, 0x00, 0x00, 0x05, 0x08, 0x04, 0xd1, 0x00, 0x1f, 0x00, 0x00, 0x13, 0x01,
    0x36, 0x32, 0x17, 0x01, 0x16, 0x06, 0x2b, 0x01, 0x11, 0x14, 0x06, 0x2b, 0x01, 0x22, 0x26, 0x35,
    0x11, 0x21, 0x11, 0x14, 0x06, 0x2b, 0x01, 0x22, 0x26, 0x35, 0x11, 0x23, 0x22, 0x26, 0x12, 0x02,
    0x6c, 0x08, 0x15, 0x07, 0x02, 0x60, 0x08, 0x05, 0x0a, 0xaf, 0x0f, 0x0a, 0xfa, 0x0a, 0x0f, 0xfe,
    0xd4, 0x0f, 0x0a, 0xfa, 0x0a, 0x0f, 0xaf, 0x0a, 0x05, 0x02, 0x6a, 0x02, 0x60, 0x07, 0x07, 0xfd,
    0xa0, 0x08, 0x0a, 0xfd, 0xc1, 0x0a, 0x0f, 0x0f, 0x0a, 0x01, 0x77, 0xfe, 0x89, 0x0a, 0x0f, 0x0f,
    0x0a, 0x02, 0x3f, 0x0a, 0x00, 0x02, 0x00, 0x64, 0x00, 0x00, 0x03, 0xe8, 0x04, 0xb0, 0x00, 0x11,
    0x00, 0x17, 0x00, 0x00, 0x01, 0x11, 0x14, 0x16, 0x33, 0x21, 0x11, 0x14, 0x06, 0x23, 0x21, 0x22,
    0x26, 0x35, 0x11, 0x34, 0x36, 0x33, 0x01, 0x23, 0x22, 0x26, 0x3d, 0x01, 0x02, 0x58, 0x3b, 0x29,
    0x01, 0x2c, 0x1d, 0x15, 0xfc, 0xe0, 0x15, 0x1d, 0x1d, 0x15, 0x03, 0x52, 0xfa, 0x15, 0x1d, 0x04,
    0xb0, 0xfe, 0x70, 0x29, 0x3b, 0xfd, 0x76, 0x15, 0x1d, 0x1d, 0x15, 0x04, 0x4c, 0x15, 0x1d, 0xfe,
    0x70, 0x1d, 0x15, 0xfa, 0x00, 0x03, 0x00, 0x17, 0x00, 0x17, 0x04, 0x99, 0x04, 0x99, 0x00, 0x0f,
    0x00, 0x1b, 0x00, 0x30, 0x00, 0x00, 0x00, 0x32, 0x1e, 0x02, 0x14, 0x0e, 0x02, 0x22, 0x2e, 0x02,
    0x34, 0x3e, 0x01, 0x04, 0x22, 0x0e, 0x01, 0x14, 0x1e, 0x01, 0x32, 0x3e, 0x01, 0x34, 0x26, 0x05,
    0x33, 0x32, 0x16, 0x15, 0x11, 0x33, 0x32, 0x16, 0x1d, 0x01, 0x14, 0x06, 0x2b, 0x01, 0x22, 0x26,
    0x35, 0x11, 0x34, 0x36, 0x01, 0xe3, 0xea, 0xd6, 0x9b, 0x5b, 0x5b, 0x9b, 0xd6, 0xea, 0xd6, 0x9b,
    0x5b, 0x5b, 0x9b, 0x01, 0xbf, 0xe8, 0xc5, 0x72, 0x72, 0xc5, 0xe8, 0xc5, 0x72, 0x72, 0xfe, 0x7c,
    0x32, 0x0a, 0x0f, 0xaf, 0x0a, 0x0f, 0x0f, 0x0a, 0xfa, 0x0a, 0x0f, 0x0f, 0x04, 0x99, 0x5b, 0x9b,
    0xd6, 0xea, 0xd6, 0x9b, 0x5b, 0x5b, 0x9b, 0xd6, 0xea, 0xd6, 0x9b, 0x3b, 0x72, 0xc5, 0xe8, 0xc5,
    0x72, 0x72, 0xc5, 0xe8, 0xc5, 0x0d, 0x0f, 0x0a, 0xfe, 0xed, 0x0f, 0x0a, 0x32, 0x0a, 0x0f, 0x0f,
    0x0a, 0x01, 0x5e, 0x0a, 0x0f, 0x00, 0x00, 0x00, 0x00, 0x02, 0xff, 0x9c, 0x00, 0x00, 0x05, 0x14,
    0x04, 0xb0, 0x00, 0x0b, 0x00, 0x0f, 0x00, 0x00, 0x29, 0x01, 0x03, 0x23, 0x03, 0x21, 0x01, 0x33,
    0x03, 0x33, 0x03, 0x33, 0x01, 0x03, 0x33, 0x03, 0x05, 0x14, 0xfd, 0xe6, 0x29, 0xf2, 0x29, 0xfd,
    0xe6, 0x01, 0xaf, 0xd1, 0x15, 0xa2, 0x14, 0xd0, 0xfe, 0x9e, 0x1b, 0xe0, 0x1b, 0x01, 0x90, 0xfe,
    0x70, 0x04, 0xb0, 0xfe, 0xd4, 0x01, 0x2c, 0xfe, 0x70, 0xfe, 0xd4, 0x01, 0x2c, 0x00, 0x00, 0x00,
    0x00, 0x02, 0x00, 0x64, 0x00, 0x00, 0x04, 0xb0, 0x04, 0xb0, 0x00, 0x15, 0x00, 0x2f, 0x00, 0x00,
    0x01, 0x33, 0x32, 0x16, 0x15, 0x11, 0x33, 0x32, 0x16, 0x07, 0x01, 0x06, 0x22, 0x27, 0x01, 0x26,
    0x36, 0x3b, 0x01, 0x11, 0x34, 0x36, 0x01, 0x33, 0x32, 0x16, 0x15, 0x11, 0x14, 0x06, 0x23, 0x21,
    0x22, 0x26, 0x35, 0x11, 0x34, 0x36, 0x3b, 0x01, 0x32, 0x16, 0x1d, 0x01, 0x21, 0x35, 0x34, 0x36,
    0x02, 0x26, 0xc8, 0x15, 0x1d, 0xbf, 0x14, 0x0b, 0x0d, 0xfe, 0xb9, 0x0d, 0x26, 0x0d, 0xfe, 0xb9,
    0x0d, 0x0b, 0x14, 0xbf, 0x1d, 0x02, 0x54, 0x32, 0x0a, 0x0f, 0x0f, 0x0a, 0xfb, 0xe6, 0x0a, 0x0f,
    0x0f, 0x0a, 0x32, 0x0a, 0x0f, 0x03, 0x84, 0x0f, 0x04, 0xb0, 0x1d, 0x15, 0xfe, 0x3e, 0x17, 0x10,
    0xfe, 0x70, 0x10, 0x10, 0x01, 0x90, 0x10, 0x17, 0x01, 0xc2, 0x15, 0x1d, 0xfc, 0xe0, 0x0f, 0x0a,
    0xfe, 0xa2, 0x0a, 0x0f, 0x0f, 0x0a, 0x01, 0x5e, 0x0a, 0x0f, 0x0f, 0x0a, 0xaf, 0xaf, 0x0a, 0x0f,
    0x00, 0x03, 0x00, 0x17, 0x00, 0x17, 0x04, 0x99, 0x04, 0x99, 0x00, 0x0f, 0x00, 0x1b, 0x00, 0x31,
    0x00, 0x00, 0x00, 0x32, 0x1e, 0x02, 0x14, 0x0e, 0x02, 0x22, 0x2e, 0x02, 0x34, 0x3e, 0x01, 0x04,
    0x22, 0x0e, 0x01, 0x14, 0x1e, 0x01, 0x32, 0x3e, 0x01, 0x34, 0x26, 0x05, 0x33, 0x32, 0x16, 0x15,
    0x11, 0x33, 0x32, 0x16, 0x07, 0x03, 0x06, 0x22, 0x27, 0x03, 0x26, 0x36, 0x3b, 0x01, 0x11, 0x34,
    0x36, 0x01, 0xe3, 0xea, 0xd6, 0x9b, 0x5b, 0x5b, 0x9b, 0xd6, 0xea, 0xd6, 0x9b, 0x5b, 0x5b, 0x9b,
    0x01, 0xbf, 0xe8, 0xc5, 0x72, 0x72, 0xc5, 0xe8, 0xc5, 0x72, 0x72, 0xfe, 0x7c, 0x96, 0x0a, 0x0f,
    0x89, 0x15, 0x0a, 0x0d, 0xdf, 0x0d, 0x26, 0x0d, 0xdf, 0x0d, 0x0a, 0x15, 0x89, 0x0f, 0x04, 0x99,
    0x5b, 0x9b, 0xd6, 0xea, 0xd6, 0x9b, 0x5b, 0x5b, 0x9b, 0xd6, 0xea, 0xd6, 0x9b, 0x3b, 0x72, 0xc5,
    0xe8, 0xc5, 0x72, 0x72, 0xc5, 0xe8, 0xc5, 0x0d, 0x0f, 0x0a, 0xfe, 0xed, 0x17, 0x10, 0xfe, 0xed,
    0x10, 0x10, 0x01, 0x13, 0x10, 0x17, 0x01, 0x13, 0x0a, 0x0f, 0x00, 0x00, 0x00, 0x03, 0x00, 0x17,
    0x00, 0x17, 0x04, 0x99, 0x04, 0x99, 0x00, 0x0f, 0x00, 0x1b, 0x00, 0x31, 0x00, 0x00, 0x00, 0x32,
    0x1e, 0x02, 0x14, 0x0e, 0x02, 0x22, 0x2e, 0x02, 0x34, 0x3e, 0x01, 0x04, 0x22, 0x0e, 0x01, 0x14,
    0x1e, 0x01, 0x32, 0x3e, 0x01, 0x34, 0x26, 0x25, 0x13, 0x16, 0x06, 0x2b, 0x01, 0x11, 0x14, 0x06,
    0x2b, 0x01, 0x22, 0x26, 0x35, 0x11, 0x23, 0x22, 0x26, 0x37, 0x13, 0x36, 0x32, 0x01, 0xe3, 0xea,
    0xd6, 0x9b, 0x5b, 0x5b, 0x9b, 0xd6, 0xea, 0xd6, 0x9b, 0x5b, 0x5b, 0x9b, 0x01, 0xbf, 0xe8, 0xc5,
    0x72, 0x72, 0xc5, 0xe8, 0xc5, 0x72, 0x72, 0xfe, 0xe7, 0xdf, 0x0d, 0x0a, 0x15, 0x89, 0x0f, 0x0a,
    0x96, 0x0a, 0x0f, 0x89, 0x15, 0x0a, 0x0d, 0xdf, 0x0d, 0x26, 0x04, 0x99, 0x5b, 0x9b, 0xd6, 0xea,
    0xd6, 0x9b, 0x5b, 0x5b, 0x9b, 0xd6, 0xea, 0xd6, 0x9b, 0x3b, 0x72, 0xc5, 0xe8, 0xc5, 0x72, 0x72,
    0xc5, 0xe8, 0xc5, 0x01, 0xfe, 0xed, 0x10, 0x17, 0xfe, 0xed, 0x0a, 0x0f, 0x0f, 0x0a, 0x01, 0x13,
    0x17, 0x10, 0x01, 0x13, 0x10, 0x00, 0x00, 0x00, 0x00, 0x02, 0x00, 0x00, 0x00, 0x00, 0x04, 0xb0,
    0x04, 0xb0, 0x00, 0x19, 0x00, 0x39, 0x00, 0x00, 0x13, 0x21, 0x32, 0x16, 0x17, 0x13, 0x16, 0x15,
    0x11, 0x14, 0x06, 0x07, 0x06, 0x23, 0x21, 0x22, 0x26, 0x27, 0x26, 0x35, 0x13, 0x34, 0x37, 0x13,
    0x3e, 0x01, 0x05, 0x21, 0x22, 0x06, 0x07, 0x03, 0x06, 0x16, 0x3b, 0x01, 0x32, 0x16, 0x1f, 0x01,
    0x1e, 0x01, 0x3b, 0x01, 0x32, 0x36, 0x3f, 0x01, 0x3e, 0x01, 0x3b, 0x01, 0x32, 0x36, 0x27, 0x03,
    0x2e, 0x01, 0xe1, 0x02, 0xee, 0x0a, 0x13, 0x03, 0xba, 0x07, 0x08, 0x05, 0x0c, 0x19, 0xfb, 0xb4,
    0x0c, 0x1e, 0x02, 0x06, 0x01, 0x07, 0xb9, 0x03, 0x13, 0x02, 0x97, 0xfd, 0xd4, 0x0a, 0x12, 0x02,
    0x57, 0x02, 0x0c, 0x0a, 0x96, 0x0a, 0x13, 0x02, 0x26, 0x02, 0x13, 0x0a, 0xfa, 0x0a, 0x13, 0x02,
    0x26, 0x02, 0x13, 0x0a, 0x96, 0x0a, 0x0c, 0x02, 0x57, 0x02, 0x12, 0x04, 0xb0, 0x0e, 0x0a, 0xfd,
    0x74, 0x18, 0x19, 0xfe, 0x57, 0x0c, 0x1e, 0x02, 0x06, 0x08, 0x04, 0x0d, 0x19, 0x01, 0xa9, 0x19,
    0x18, 0x02, 0x8c, 0x0a, 0x0e, 0xc8, 0x0e, 0x0b, 0xfe, 0x3e, 0x0b, 0x0e, 0x0e, 0x0a, 0x98, 0x0a,
    0x0e, 0x0e, 0x0a, 0x98, 0x0a, 0x0e, 0x0e, 0x0b, 0x01, 0xc2, 0x0b, 0x0e, 0x00, 0x03, 0x00, 0x17,
    0x00, 0x17, 0x04, 0x99, 0x04, 0x99, 0x00, 0x0f, 0x00, 0x1b, 0x00, 0x27, 0x00, 0x00, 0x00, 0x32,
    0x1e, 0x02, 0x14, 0x0e, 0x02, 0x22, 0x2e, 0x02, 0x34, 0x3e, 0x01, 0x04, 0x22, 0x0e, 0x01, 0x14,
    0x1e, 0x01, 0x32, 0x3e, 0x01, 0x34, 0x26, 0x05, 0x17, 0x16, 0x14, 0x0f, 0x01, 0x06, 0x26, 0x35,
    0x11, 0x34, 0x36, 0x01, 0xe3, 0xea, 0xd6, 0x9b, 0x5b, 0x5b, 0x9b, 0xd6, 0xea, 0xd6, 0x9b, 0x5b,
    0x5b, 0x9b, 0x01, 0xbf, 0xe8, 0xc5, 0x72, 0x72, 0xc5, 0xe8, 0xc5, 0x72, 0x72, 0xfe, 0x8b, 0xfd,
    0x11, 0x11, 0xfd, 0x10, 0x18, 0x18, 0x04, 0x99, 0x5b, 0x9b, 0xd6, 0xea, 0xd6, 0x9b, 0x5b, 0x5b,
    0x9b, 0xd6, 0xea, 0xd6, 0x9b, 0x3b, 0x72, 0xc5, 0xe8, 0xc5, 0x72, 0x72, 0xc5, 0xe8, 0xc5, 0x5d,
    0xbe, 0x0c, 0x24, 0x0c, 0xbe, 0x0c, 0x0b, 0x15, 0x01, 0x90, 0x15, 0x0b, 0x00, 0x01, 0x00, 0x17,
    0x00, 0x17, 0x04, 0x99, 0x04, 0xb0, 0x00, 0x28, 0x00, 0x00, 0x01, 0x37, 0x36, 0x16, 0x15, 0x11,
    0x14, 0x06, 0x23, 0x21, 0x22, 0x26, 0x3f, 0x01, 0x26, 0x23, 0x22, 0x0e, 0x01, 0x14, 0x1e, 0x01,
    0x32, 0x3e, 0x01, 0x35, 0x33, 0x14, 0x0e, 0x02, 0x22, 0x2e, 0x02, 0x34, 0x3e, 0x02, 0x33, 0x32,
    0x03, 0xb3, 0x87, 0x07, 0x0b, 0x0f, 0x0a, 0xfe, 0x96, 0x0b, 0x04, 0x07, 0x85, 0x6d, 0x81, 0x74,
    0xc5, 0x72, 0x72, 0xc5, 0xe8, 0xc5, 0x72, 0x96, 0x5b, 0x9b, 0xd6, 0xea, 0xd6, 0x9b, 0x5b, 0x5b,
    0x9b, 0xd6, 0x75, 0xc0, 0x04, 0x24, 0x87, 0x07, 0x04, 0x0b, 0xfe, 0x96, 0x0a, 0x0f, 0x0b, 0x07,
    0x85, 0x4c, 0x72, 0xc5, 0xe8, 0xc5, 0x72, 0x72, 0xc5, 0x74, 0x75, 0xd6, 0x9b, 0x5b, 0x5b, 0x9b,
    0xd6, 0xea, 0xd6, 0x9b, 0x5b, 0x00, 0x00, 0x00, 0x00, 0x02, 0x00, 0x17, 0x00, 0x01, 0x04, 0x99,
    0x04, 0xb0, 0x00, 0x1a, 0x00, 0x35, 0x00, 0x00, 0x01, 0x37, 0x36, 0x16, 0x15, 0x11, 0x14, 0x06,
    0x23, 0x21, 0x22, 0x26, 0x3f, 0x01, 0x26, 0x23, 0x22, 0x0e, 0x01, 0x15, 0x23, 0x34, 0x3e, 0x02,
    0x33, 0x32, 0x13, 0x33, 0x14, 0x0e, 0x02, 0x23, 0x22, 0x27, 0x07, 0x06, 0x26, 0x35, 0x11, 0x34,
    0x36, 0x33, 0x21, 0x32, 0x16, 0x0f, 0x01, 0x16, 0x33, 0x32, 0x3e, 0x01, 0x03, 0xb3, 0x87, 0x07,
    0x0b, 0x0f, 0x0b, 0xfe, 0x97, 0x0b, 0x04, 0x07, 0x86, 0x6e, 0x81, 0x74, 0xc5, 0x72, 0x96, 0x5b,
    0x9b, 0xd6, 0x75, 0xc0, 0xeb, 0x96, 0x5b, 0x9b, 0xd6, 0x75, 0xc0, 0x9c, 0x86, 0x07, 0x0b, 0x0f,
    0x0b, 0x01, 0x68, 0x0a, 0x05, 0x08, 0x85, 0x6e, 0x82, 0x74, 0xc5, 0x72, 0x04, 0x24, 0x87, 0x07,
    0x04, 0x0b, 0xfe, 0x97, 0x0b, 0x0f, 0x0b, 0x07, 0x86, 0x4b, 0x72, 0xc5, 0x74, 0x75, 0xd6, 0x9b,
    0x5b, 0xfd, 0xbf, 0x75, 0xd6, 0x9b, 0x5b, 0x76, 0x86, 0x08, 0x05, 0x0a, 0x01, 0x68, 0x0b, 0x0f,
    0x0b, 0x07, 0x85, 0x4c, 0x72, 0xc5, 0x00, 0x00, 0x00, 0x0a, 0x00, 0x64, 0x00, 0x00, 0x04, 0xb0,
    0x04, 0xb0, 0x00, 0x0f, 0x00, 0x1f, 0x00, 0x2f, 0x00, 0x3f, 0x00, 0x4f, 0x00, 0x5f, 0x00, 0x6f,
    0x00, 0x7f, 0x00, 0x8f, 0x00, 0x9f, 0x00, 0x00, 0x13, 0x21, 0x32, 0x16, 0x15, 0x11, 0x14, 0x06,
    0x23, 0x21, 0x22, 0x26, 0x35, 0x11, 0x34, 0x36, 0x05, 0x21, 0x22, 0x06, 0x15, 0x11, 0x14, 0x16,
    0x33, 0x21, 0x32, 0x36, 0x35, 0x11, 0x34, 0x26, 0x05, 0x33, 0x32, 0x16, 0x1d, 0x01, 0x14, 0x06,
    0x2b, 0x01, 0x22, 0x26, 0x3d, 0x01, 0x34, 0x36, 0x33, 0x21, 0x32, 0x16, 0x1d, 0x01, 0x14, 0x06,
    0x23, 0x21, 0x22, 0x26, 0x3d, 0x01, 0x34, 0x36, 0x07, 0x33, 0x32, 0x16, 0x1d, 0x01, 0x14, 0x06,
    0x2b, 0x01, 0x22, 0x26, 0x3d, 0x01, 0x34, 0x36, 0x33, 0x21, 0x32, 0x16, 0x1d, 0x01, 0x14, 0x06,
    0x23, 0x21, 0x22, 0x26, 0x3d, 0x01, 0x34, 0x36, 0x07, 0x33, 0x32, 0x16, 0x1d, 0x01, 0x14, 0x06,
    0x2b, 0x01, 0x22, 0x26, 0x3d, 0x01, 0x34, 0x36, 0x33, 0x21, 0x32, 0x16, 0x1d, 0x01, 0x14, 0x06,
    0x23, 0x21, 0x22, 0x26, 0x3d, 0x01, 0x34, 0x36, 0x07, 0x33, 0x32, 0x16, 0x1d, 0x01, 0x14, 0x06,
    0x2b, 0x01, 0x22, 0x26, 0x3d, 0x01, 0x34, 0x36, 0x33, 0x21, 0x32, 0x16, 0x1d, 0x01, 0x14, 0x06,
    0x23, 0x21, 0x22, 0x26, 0x3d, 0x01, 0x34, 0x36, 0x7d, 0x04, 0x1a, 0x0a, 0x0f, 0x0f, 0x0a, 0xfb,
    0xe6, 0x0a, 0x0f, 0x0f, 0x03, 0xc0, 0xfc, 0xae, 0x0a, 0x0f, 0x0f, 0x0a, 0x03, 0x52, 0x0a, 0x0f,
    0x0f, 0xfd, 0x08, 0x32, 0x0a, 0x0f, 0x0f, 0x0a, 0x32, 0x0a, 0x0f, 0x0f, 0xd2, 0x01, 0xc2, 0x0a,
    0x0f, 0x0f, 0x0a, 0xfe, 0x3e, 0x0a, 0x0f, 0x0f, 0xbe, 0x32, 0x0a, 0x0f, 0x0f, 0x0a, 0x32, 0x0a,
    0x0f, 0x0f, 0xd2, 0x01, 0xc2, 0x0a, 0x0f, 0x0f, 0x0a, 0xfe, 0x3e, 0x0a, 0x0f, 0x0f, 0xbe, 0x32,
    0x0a, 0x0f, 0x0f, 0x0a, 0x32, 0x0a, 0x0f, 0x0f, 0xd2, 0x01, 0xc2, 0x0a, 0x0f, 0x0f, 0x0a, 0xfe,
    0x3e, 0x0a, 0x0f, 0x0f, 0xbe, 0x32, 0x0a, 0x0f, 0x0f, 0x0a, 0x32, 0x0a, 0x0f, 0x0f, 0xd2, 0x01,
    0xc2, 0x0a, 0x0f, 0x0f, 0x0a, 0xfe, 0x3e, 0x0a, 0x0f, 0x0f, 0x04, 0xb0, 0x0f, 0x0a, 0xfb, 0x82,
    0x0a, 0x0f, 0x0f, 0x0a, 0x04, 0x7e, 0x0a, 0x0f, 0xc8, 0x0f, 0x0a, 0xfc, 0xae, 0x0a, 0x0f, 0x0f,
    0x0a, 0x03, 0x52, 0x0a, 0x0f, 0x64, 0x0f, 0x0a, 0x32, 0x0a, 0x0f, 0x0f, 0x0a, 0x32, 0x0a, 0x0f,
    0x0f, 0x0a, 0x32, 0x0a, 0x0f, 0x0f, 0x0a, 0x32, 0x0a, 0x0f, 0xc8, 0x0f, 0x0a, 0x32, 0x0a, 0x0f,
    0x0f, 0x0a, 0x32, 0x0a, 0x0f, 0x0f, 0x0a, 0x32, 0x0a, 0x0f, 0x0f, 0x0a, 0x32, 0x0a, 0x0f, 0xc8,
    0x0f, 0x0a, 0x32, 0x0a, 0x0f, 0x0f, 0x0a, 0x32, 0x0a, 0x0f, 0x0f, 0x0a, 0x32, 0x0a, 0x0f, 0x0f,
    0x0a, 0x32, 0x0a, 0x0f, 0xc8, 0x0f, 0x0a, 0x32, 0x0a, 0x0f, 0x0f, 0x0a, 0x32, 0x0a, 0x0f, 0x0f,
    0x0a, 0x32, 0x0a, 0x0f, 0x0f, 0x0a, 0x32, 0x0a, 0x0f, 0x00, 0x00, 0x00, 0x00, 0x02, 0x00, 0x00,
    0x00, 0x00, 0x04, 0x4c, 0x04, 0xb0, 0x00, 0x19, 0x00, 0x23, 0x00, 0x00, 0x01, 0x35, 0x34, 0x26,
    0x23, 0x21, 0x22, 0x06, 0x1d, 0x01, 0x23, 0x22, 0x06, 0x15, 0x11, 0x14, 0x16, 0x33, 0x21, 0x32,
    0x36, 0x35, 0x11, 0x34, 0x26, 0x23, 0x21, 0x35, 0x34, 0x36, 0x3b, 0x01, 0x32, 0x16, 0x1d, 0x01,
    0x03, 0x84, 0x75, 0x53, 0xfe, 0xd4, 0x52, 0x76, 0x64, 0x29, 0x3b, 0x3b, 0x29, 0x03, 0x84, 0x29,
    0x3b, 0x3b, 0x29, 0xfd, 0xa8, 0x1e, 0x14, 0xc8, 0x14, 0x1e, 0x03, 0x20, 0xc8, 0x53, 0x75, 0x76,
    0x52, 0xc8, 0x3b, 0x29, 0xfd, 0xa8, 0x29, 0x3b, 0x3b, 0x29, 0x02, 0x58, 0x29, 0x3b, 0x96, 0x15,
    0x1d, 0x1d, 0x15, 0x96, 0x00, 0x02, 0x00, 0x64, 0x00, 0x00, 0x04, 0x4c, 0x04, 0x4c, 0x00, 0x09,
    0x00, 0x37, 0x00, 0x00, 0x13, 0x33, 0x32, 0x16, 0x15, 0x11, 0x23, 0x11, 0x34, 0x36, 0x05, 0x32,
    0x17, 0x16, 0x15, 0x11, 0x14, 0x07, 0x0e, 0x03, 0x23, 0x22, 0x2e, 0x01, 0x27, 0x2e, 0x02, 0x23,
    0x22, 0x07, 0x06, 0x23, 0x22, 0x27, 0x26, 0x35, 0x11, 0x3e, 0x01, 0x37, 0x36, 0x1e, 0x03, 0x17,
    0x1e, 0x02, 0x33, 0x32, 0x37, 0x36, 0x7d, 0x32, 0x0a, 0x0f, 0x64, 0x0f, 0x03, 0xc0, 0x04, 0x05,
    0x10, 0x03, 0x21, 0x43, 0x40, 0x31, 0x1c, 0x1a, 0x3f, 0x2a, 0x27, 0x29, 0x2c, 0x47, 0x1e, 0x55,
    0x4b, 0x07, 0x08, 0x06, 0x05, 0x0e, 0x16, 0x78, 0x3b, 0x17, 0x28, 0x2e, 0x13, 0x39, 0x04, 0x29,
    0x2d, 0x45, 0x1d, 0x67, 0x50, 0x07, 0x04, 0x4c, 0x0f, 0x0a, 0xfb, 0xcd, 0x04, 0x33, 0x0a, 0x0f,
    0x30, 0x02, 0x06, 0x11, 0xfe, 0x5b, 0x06, 0x06, 0x3b, 0x50, 0x24, 0x0d, 0x0d, 0x0e, 0x0e, 0x0f,
    0x0f, 0x0f, 0x39, 0x05, 0x03, 0x07, 0x0f, 0x01, 0xb6, 0x37, 0x57, 0x03, 0x02, 0x03, 0x0b, 0x06,
    0x14, 0x01, 0x0e, 0x0e, 0x0e, 0x57, 0x08, 0x00, 0x00, 0x03, 0x00, 0x00, 0x00, 0x00, 0x04, 0xb0,
    0x04, 0x97, 0x00, 0x21, 0x00, 0x31, 0x00, 0x41, 0x00, 0x00, 0x00, 0x32, 0x1e, 0x02, 0x15, 0x11,
    0x14, 0x06, 0x2b, 0x01, 0x22, 0x26, 0x35, 0x11, 0x34, 0x2e, 0x01, 0x20, 0x0e, 0x01, 0x15, 0x11,
    0x14, 0x06, 0x2b, 0x01, 0x22, 0x26, 0x35, 0x11, 0x34, 0x3e, 0x01, 0x03, 0x33, 0x32, 0x16, 0x15,
    0x11, 0x14, 0x06, 0x2b, 0x01, 0x22, 0x26, 0x35, 0x11, 0x34, 0x36, 0x21, 0x33, 0x32, 0x16, 0x15,
    0x11, 0x14, 0x06, 0x2b, 0x01, 0x22, 0x26, 0x35, 0x11, 0x34, 0x36, 0x01, 0xe4, 0xe8, 0xde, 0xa3,
    0x63, 0x0f, 0x0a, 0x32, 0x0a, 0x0f, 0x8d, 0xe4, 0xfe, 0xfa, 0xe4, 0x8d, 0x0f, 0x0a, 0x32, 0x0a,
    0x0f, 0x63, 0xa3, 0x2a, 0xa0, 0x08, 0x0c, 0x0c, 0x08, 0xa0, 0x08, 0x0c, 0x0c, 0x02, 0x60, 0xa0,
    0x08, 0x0c, 0x0c, 0x08, 0xa0, 0x08, 0x0c, 0x0c, 0x04, 0x97, 0x63, 0xa3, 0xde, 0x74, 0xfe, 0xd4,
    0x0a, 0x0f, 0x0f, 0x0a, 0x01, 0x2c, 0x7f, 0xd1, 0x72, 0x72, 0xd1, 0x7f, 0xfe, 0xd4, 0x0a, 0x0f,
    0x0f, 0x0a, 0x01, 0x2c, 0x74, 0xde, 0xa3, 0xfd, 0xc0, 0x0c, 0x08, 0xfe, 0x34, 0x08, 0x0c, 0x0c,
    0x08, 0x01, 0xcc, 0x08, 0x0c, 0x0c, 0x08, 0xfe, 0x34, 0x08, 0x0c, 0x0c, 0x08, 0x01, 0xcc, 0x08,
    0x0c, 0x00, 0x00, 0x00, 0x00, 0x02, 0x00, 0x00, 0x00, 0xd3, 0x04, 0x47, 0x03, 0xdd, 0x00, 0x15,
    0x00, 0x39, 0x00, 0x00, 0x01, 0x25, 0x36, 0x16, 0x15, 0x11, 0x14, 0x06, 0x27, 0x25, 0x26, 0x2b,
    0x01, 0x22, 0x26, 0x35, 0x11, 0x34, 0x36, 0x3b, 0x01, 0x32, 0x05, 0x37, 0x36, 0x32, 0x1f, 0x01,
    0x16, 0x14, 0x0f, 0x01, 0x17, 0x16, 0x14, 0x0f, 0x01, 0x06, 0x22, 0x2f, 0x01, 0x07, 0x06, 0x22,
    0x2f, 0x01, 0x26, 0x34, 0x3f, 0x01, 0x27, 0x26, 0x34, 0x3f, 0x01, 0x36, 0x32, 0x17, 0x01, 0x41,
    0x01, 0x02, 0x09, 0x0c, 0x0c, 0x09, 0xfe, 0xfe, 0x15, 0x19, 0xfa, 0x0a, 0x0f, 0x0f, 0x0a, 0xfa,
    0x19, 0x02, 0x58, 0x78, 0x07, 0x14, 0x07, 0x22, 0x07, 0x07, 0x78, 0x78, 0x07, 0x07, 0x22, 0x07,
    0x14, 0x07, 0x78, 0x78, 0x07, 0x14, 0x07, 0x22, 0x07, 0x07, 0x77, 0x77, 0x07, 0x07, 0x22, 0x07,
    0x14, 0x07, 0x03, 0x2e, 0xac, 0x06, 0x07, 0x0a, 0xfd, 0x12, 0x0a, 0x07, 0x06, 0xac, 0x0e, 0x0f,
    0x0a, 0x01, 0x5e, 0x0a, 0x0f, 0x84, 0x78, 0x07, 0x07, 0x22, 0x07, 0x14, 0x07, 0x78, 0x78, 0x07,
    0x14, 0x07, 0x22, 0x07, 0x07, 0x77, 0x77, 0x07, 0x07, 0x22, 0x07, 0x14, 0x07, 0x78, 0x78, 0x07,
    0x14, 0x07, 0x22, 0x08, 0x08, 0x00, 0x00, 0x00, 0x00, 0x02, 0x00, 0x00, 0x00, 0xd3, 0x03, 0x72,
    0x03, 0xdd, 0x00, 0x15, 0x00, 0x2f, 0x00, 0x00, 0x01, 0x25, 0x36, 0x16, 0x15, 0x11, 0x14, 0x06,
    0x27, 0x25, 0x26, 0x2b, 0x01, 0x22, 0x26, 0x35, 0x11, 0x34, 0x36, 0x3b, 0x01, 0x32, 0x25, 0x33,
    0x16, 0x17, 0x16, 0x15, 0x14, 0x07, 0x06, 0x0f, 0x01, 0x22, 0x2f, 0x01, 0x2e, 0x01, 0x37, 0x36,
    0x35, 0x34, 0x27, 0x26, 0x36, 0x3f, 0x01, 0x36, 0x01, 0x41, 0x01, 0x02, 0x09, 0x0c, 0x0c, 0x09,
    0xfe, 0xfe, 0x15, 0x19, 0xfa, 0x0a, 0x0f, 0x0f, 0x0a, 0xfa, 0x19, 0x01, 0xd2, 0x04, 0x0a, 0x06,
    0x60, 0x5a, 0x06, 0x0b, 0x03, 0x09, 0x07, 0x1d, 0x07, 0x03, 0x06, 0x48, 0x4e, 0x06, 0x03, 0x08,
    0x1d, 0x07, 0x03, 0x2e, 0xac, 0x06, 0x07, 0x0a, 0xfd, 0x12, 0x0a, 0x07, 0x06, 0xac, 0x0e, 0x0f,
    0x0a, 0x01, 0x5e, 0x0a, 0x0f, 0x64, 0x01, 0x09, 0x81, 0xa1, 0x9a, 0x7f, 0x09, 0x01, 0x01, 0x06,
    0x17, 0x07, 0x13, 0x08, 0x67, 0x7e, 0x84, 0x6a, 0x08, 0x14, 0x07, 0x16, 0x05, 0x00, 0x00, 0x00,
    0x00, 0x03, 0x00, 0x00, 0x00, 0xc4, 0x04, 0x62, 0x03, 0xec, 0x00, 0x1b, 0x00, 0x31, 0x00, 0x4b,
    0x00, 0x00, 0x01, 0x33, 0x16, 0x17, 0x16, 0x15, 0x14, 0x06, 0x07, 0x06, 0x07, 0x23, 0x22, 0x2f,
    0x01, 0x2e, 0x01, 0x37, 0x36, 0x35, 0x34, 0x26, 0x27, 0x26, 0x36, 0x3f, 0x01, 0x36, 0x05, 0x25,
    0x36, 0x16, 0x15, 0x11, 0x14, 0x06, 0x27, 0x25, 0x26, 0x2b, 0x01, 0x22, 0x26, 0x35, 0x11, 0x34,
    0x36, 0x3b, 0x01, 0x32, 0x25, 0x33, 0x16, 0x17, 0x16, 0x15, 0x14, 0x07, 0x06, 0x0f, 0x01, 0x22,
    0x2f, 0x01, 0x2e, 0x01, 0x37, 0x36, 0x35, 0x34, 0x27, 0x26, 0x36, 0x3f, 0x01, 0x36, 0x03, 0xc7,
    0x03, 0x0b, 0x06, 0x87, 0x44, 0x40, 0x07, 0x0a, 0x03, 0x09, 0x07, 0x2a, 0x08, 0x02, 0x06, 0x6f,
    0x3b, 0x37, 0x06, 0x02, 0x09, 0x2a, 0x07, 0xfd, 0x82, 0x01, 0x02, 0x09, 0x0c, 0x0c, 0x09, 0xfe,
    0xfe, 0x15, 0x19, 0xfa, 0x0a, 0x0f, 0x0f, 0x0a, 0xfa, 0x19, 0x01, 0xd2, 0x04, 0x0a, 0x06, 0x60,
    0x5a, 0x06, 0x0b, 0x03, 0x09, 0x07, 0x1d, 0x07, 0x03, 0x06, 0x48, 0x4e, 0x06, 0x03, 0x08, 0x1d,
    0x07, 0x03, 0xec, 0x01, 0x09, 0xb3, 0xd9, 0x69, 0xcb, 0x54, 0x09, 0x01, 0x06, 0x22, 0x06, 0x14,
    0x08, 0x96, 0xb2, 0x5a, 0xac, 0x47, 0x09, 0x14, 0x06, 0x21, 0x05, 0xbe, 0xac, 0x06, 0x07, 0x0a,
    0xfd, 0x12, 0x0a, 0x07, 0x06, 0xac, 0x0e, 0x0f, 0x0a, 0x01, 0x5e, 0x0a, 0x0f, 0x64, 0x01, 0x09,
    0x81, 0xa1, 0x9a, 0x7f, 0x09, 0x01, 0x01, 0x06, 0x17, 0x07, 0x13, 0x08, 0x67, 0x7e, 0x84, 0x6a,
    0x08, 0x15, 0x06, 0x16, 0x05, 0x00, 0x00, 0x00, 0x00, 0x0d, 0x00, 0x00, 0x00, 0x00, 0x04, 0xb0,
    0x04, 0xb0, 0x00, 0x09, 0x00, 0x15, 0x00, 0x19, 0x00, 0x1d, 0x00, 0x21, 0x00, 0x25, 0x00, 0x2d,
    0x00, 0x3b, 0x00, 0x3f, 0x00, 0x43, 0x00, 0x47, 0x00, 0x4b, 0x00, 0x4f, 0x00, 0x00, 0x01, 0x33,
    0x15, 0x23, 0x15, 0x21, 0x15, 0x23, 0x11, 0x21, 0x01, 0x23, 0x15, 0x33, 0x15, 0x21, 0x11, 0x23,
    0x11, 0x23, 0x35, 0x21, 0x05, 0x11, 0x21, 0x11, 0x21, 0x11, 0x21, 0x11, 0x05, 0x23, 0x35, 0x33,
    0x05, 0x23, 0x35, 0x33, 0x01, 0x33, 0x11, 0x21, 0x11, 0x33, 0x35, 0x33, 0x01, 0x33, 0x15, 0x23,
    0x15, 0x23, 0x35, 0x23, 0x35, 0x33, 0x35, 0x23, 0x35, 0x21, 0x05, 0x11, 0x21, 0x11, 0x07, 0x23,
    0x35, 0x33, 0x05, 0x23, 0x35, 0x33, 0x01, 0x23, 0x35, 0x33, 0x05, 0x21, 0x35, 0x21, 0x01, 0xf4,
    0x64, 0x64, 0xfe, 0x70, 0x64, 0x01, 0xf4, 0x02, 0xbc, 0xc8, 0xc8, 0xfe, 0xd4, 0xc8, 0x64, 0x02,
    0x58, 0xfb, 0xb4, 0x01, 0x2c, 0x01, 0x90, 0x01, 0x2c, 0xfc, 0xe0, 0x64, 0x64, 0x02, 0xbc, 0x64,
    0x64, 0xfd, 0x44, 0xc8, 0xfe, 0x0c, 0xc8, 0x64, 0x01, 0xf4, 0xc8, 0x64, 0xc8, 0x64, 0x64, 0xc8,
    0x01, 0x2c, 0xfd, 0x44, 0x01, 0x2c, 0x64, 0x64, 0x64, 0x03, 0x84, 0x64, 0x64, 0xfe, 0x0c, 0x64,
    0x64, 0x01, 0xf4, 0xfe, 0xd4, 0x01, 0x2c, 0x03, 0x84, 0x64, 0x64, 0x64, 0x02, 0x58, 0xfe, 0x0c,
    0x64, 0xc8, 0x01, 0x2c, 0x01, 0x2c, 0xc8, 0x64, 0xfe, 0xd4, 0x01, 0x2c, 0xfe, 0xd4, 0x01, 0x2c,
    0xc8, 0x64, 0x64, 0x64, 0xfe, 0x0c, 0xfe, 0x0c, 0x01, 0xf4, 0x64, 0xfe, 0xd4, 0x64, 0x64, 0x64,
    0x64, 0xc8, 0x64, 0xc8, 0xfe, 0xd4, 0x01, 0x2c, 0xc8, 0x64, 0x64, 0x64, 0xfe, 0xd4, 0x64, 0x64,
    0x64, 0x00, 0x00, 0x00, 0x00, 0x09, 0x00, 0x00, 0x00, 0x00, 0x04, 0xb0, 0x04, 0xb0, 0x00, 0x03,
    0x00, 0x07, 0x00, 0x0b, 0x00, 0x0f, 0x00, 0x13, 0x00, 0x17, 0x00, 0x1b, 0x00, 0x1f, 0x00, 0x23,
    0x00, 0x00, 0x37, 0x23, 0x11, 0x33, 0x13, 0x23, 0x11, 0x33, 0x01, 0x23, 0x11, 0x33, 0x13, 0x23,
    0x11, 0x33, 0x01, 0x23, 0x11, 0x33, 0x01, 0x21, 0x35, 0x21, 0x17, 0x23, 0x35, 0x33, 0x17, 0x23,
    0x35, 0x33, 0x05, 0x23, 0x35, 0x33, 0x64, 0x64, 0x64, 0xc8, 0x64, 0x64, 0x01, 0x90, 0xc8, 0xc8,
    0xc8, 0x64, 0x64, 0x01, 0x2c, 0xc8, 0xc8, 0xfc, 0xe0, 0xfe, 0xd4, 0x01, 0x2c, 0xc8, 0x64, 0x64,
    0xc8, 0x64, 0x64, 0x01, 0x2c, 0xc8, 0xc8, 0xc8, 0x03, 0xe8, 0xfc, 0x18, 0x03, 0xe8, 0xfc, 0x18,
    0x03, 0xe8, 0xfc, 0x18, 0x03, 0xe8, 0xfc, 0x18, 0x03, 0xe8, 0xfb, 0x50, 0x64, 0x64, 0x5b, 0x5b,
    0x5b, 0x5b, 0x5b, 0x00, 0x00, 0x02, 0x00, 0x00, 0x00, 0x0a, 0x04, 0xa6, 0x04, 0xb0, 0x00, 0x0d,
    0x00, 0x15, 0x00, 0x00, 0x09, 0x01, 0x16, 0x14, 0x07, 0x01, 0x06, 0x22, 0x27, 0x01, 0x13, 0x34,
    0x36, 0x33, 0x04, 0x26, 0x22, 0x06, 0x14, 0x16, 0x32, 0x36, 0x01, 0xf4, 0x02, 0xaa, 0x08, 0x08,
    0xfe, 0x30, 0x08, 0x14, 0x08, 0xfd, 0x56, 0x01, 0x0f, 0x0a, 0x01, 0x43, 0x3b, 0x53, 0x3b, 0x3b,
    0x53, 0x3b, 0x04, 0xb0, 0xfd, 0x56, 0x08, 0x14, 0x08, 0xfe, 0x30, 0x08, 0x08, 0x02, 0xaa, 0x01,
    0xdb, 0x0a, 0x0f, 0xcd, 0x3b, 0x3b, 0x54, 0x3b, 0x3b, 0x00, 0x00, 0x00, 0x00, 0x03, 0x00, 0x00,
    0x00, 0x0a, 0x05, 0xd2, 0x04, 0xb0, 0x00, 0x0d, 0x00, 0x19, 0x00, 0x21, 0x00, 0x00, 0x09, 0x01,
    0x16, 0x14, 0x07, 0x01, 0x06, 0x22, 0x27, 0x01, 0x13, 0x34, 0x36, 0x33, 0x21, 0x01, 0x16, 0x14,
    0x07, 0x01, 0x06, 0x22, 0x2f, 0x01, 0x09, 0x01, 0x04, 0x26, 0x22, 0x06, 0x14, 0x16, 0x32, 0x36,
    0x01, 0xf4, 0x02, 0xaa, 0x08, 0x08, 0xfe, 0x30, 0x08, 0x14, 0x08, 0xfd, 0x56, 0x01, 0x0f, 0x0a,
    0x03, 0x06, 0x02, 0xaa, 0x08, 0x08, 0xfe, 0x30, 0x08, 0x14, 0x08, 0x38, 0x01, 0xa8, 0xfd, 0x44,
    0xfe, 0xd3, 0x3b, 0x53, 0x3b, 0x3b, 0x53, 0x3b, 0x04, 0xb0, 0xfd, 0x56, 0x08, 0x14, 0x08, 0xfe,
    0x30, 0x08, 0x08, 0x02, 0xaa, 0x01, 0xdb, 0x0a, 0x0f, 0xfd, 0x56, 0x08, 0x14, 0x08, 0xfe, 0x30,
    0x08, 0x08, 0x38, 0x01, 0xaa, 0x02, 0xbc, 0xcd, 0x3b, 0x3b, 0x54, 0x3b, 0x3b, 0x00, 0x00, 0x00,
    0x00, 0x01, 0x00, 0x64, 0x00, 0x00, 0x04, 0xb0, 0x04, 0xb0, 0x00, 0x26, 0x00, 0x00, 0x01, 0x21,
    0x32, 0x15, 0x11, 0x14, 0x0f, 0x01, 0x06, 0x26, 0x35, 0x11, 0x34, 0x26, 0x23, 0x21, 0x22, 0x0f,
    0x01, 0x06, 0x16, 0x33, 0x21, 0x32, 0x16, 0x15, 0x11, 0x14, 0x06, 0x23, 0x21, 0x22, 0x26, 0x35,
    0x11, 0x34, 0x3f, 0x01, 0x36, 0x01, 0x2c, 0x03, 0x39, 0x4b, 0x12, 0x40, 0x08, 0x0a, 0x0f, 0x0a,
    0xfd, 0x44, 0x19, 0x12, 0x40, 0x08, 0x05, 0x0a, 0x02, 0xbc, 0x0a, 0x0f, 0x0f, 0x0a, 0xfc, 0xae,
    0x0a, 0x0f, 0x12, 0x8b, 0x12, 0x04, 0xb0, 0x4b, 0xfc, 0x7c, 0x19, 0x12, 0x40, 0x08, 0x05, 0x0a,
    0x03, 0xb6, 0x0a, 0x0f, 0x12, 0x40, 0x08, 0x0a, 0x0f, 0x0a, 0xfc, 0x4a, 0x0a, 0x0f, 0x0f, 0x0a,
    0x03, 0xcf, 0x19, 0x12, 0x8b, 0x12, 0x00, 0x00, 0x00, 0x01, 0x00, 0xc8, 0xff, 0xff, 0x04, 0x4c,
    0x04, 0xb0, 0x00, 0x0a, 0x00, 0x00, 0x13, 0x21, 0x32, 0x16, 0x15, 0x11, 0x09, 0x01, 0x11, 0x34,
    0x36, 0xfa, 0x03, 0x20, 0x15, 0x1d, 0xfe, 0x3e, 0xfe, 0x3e, 0x1d, 0x04, 0xb0, 0x1d, 0x15, 0xfb,
    0x82, 0x01, 0xbc, 0xfe, 0x43, 0x04, 0x7f, 0x15, 0x1d, 0x00, 0x00, 0x00, 0x00, 0x03, 0x00, 0x00,
    0x00, 0x00, 0x04, 0xb0, 0x04, 0xb0, 0x00, 0x15, 0x00, 0x45, 0x00, 0x55, 0x00, 0x00, 0x01, 0x21,
    0x22, 0x06, 0x07, 0x03, 0x06, 0x1f, 0x01, 0x1e, 0x01, 0x33, 0x21, 0x32, 0x36, 0x3f, 0x01, 0x36,
    0x27, 0x03, 0x2e, 0x01, 0x01, 0x23, 0x22, 0x06, 0x0f, 0x01, 0x0e, 0x01, 0x23, 0x21, 0x22, 0x26,
    0x2f, 0x01, 0x2e, 0x01, 0x2b, 0x01, 0x22, 0x06, 0x15, 0x11, 0x14, 0x16, 0x3b, 0x01, 0x32, 0x36,
    0x3d, 0x01, 0x34, 0x36, 0x33, 0x21, 0x32, 0x16, 0x1d, 0x01, 0x14, 0x16, 0x3b, 0x01, 0x32, 0x36,
    0x35, 0x11, 0x34, 0x26, 0x01, 0x21, 0x22, 0x06, 0x0f, 0x01, 0x06, 0x16, 0x33, 0x21, 0x32, 0x36,
    0x2f, 0x01, 0x2e, 0x01, 0x03, 0x36, 0xfe, 0x44, 0x0b, 0x10, 0x01, 0x4e, 0x07, 0x0e, 0x39, 0x06,
    0x17, 0x0a, 0x01, 0xc2, 0x0a, 0x17, 0x06, 0x3e, 0x0e, 0x07, 0x53, 0x01, 0x10, 0x01, 0x56, 0x96,
    0x0a, 0x16, 0x04, 0x4e, 0x04, 0x16, 0x0a, 0xfd, 0xda, 0x0a, 0x16, 0x04, 0x4e, 0x04, 0x16, 0x0a,
    0x96, 0x0a, 0x0f, 0x0f, 0x0a, 0x96, 0x0a, 0x0f, 0x0f, 0x0a, 0x02, 0xee, 0x0a, 0x0f, 0x0f, 0x0a,
    0x96, 0x0a, 0x0f, 0x0f, 0xfe, 0xb1, 0xfe, 0x0c, 0x0a, 0x13, 0x02, 0x26, 0x02, 0x0b, 0x0a, 0x02,
    0x58, 0x0a, 0x0b, 0x02, 0x26, 0x02, 0x13, 0x04, 0xb0, 0x0f, 0x0a, 0xfe, 0xd3, 0x18, 0x15, 0x6c,
    0x09, 0x0c, 0x0c, 0x09, 0x6c, 0x15, 0x18, 0x01, 0x2d, 0x0a, 0x0f, 0xfe, 0x70, 0x0d, 0x09, 0x9c,
    0x09, 0x0d, 0x0d, 0x09, 0x9c, 0x09, 0x0d, 0x0f, 0x0a, 0xfd, 0x76, 0x0a, 0x0f, 0x0f, 0x0a, 0x96,
    0x0a, 0x0f, 0x0f, 0x0a, 0x96, 0x0a, 0x0f, 0x0f, 0x0a, 0x02, 0x8a, 0x0a, 0x0f, 0xfd, 0xa8, 0x0e,
    0x0a, 0x98, 0x0a, 0x0e, 0x0e, 0x0a, 0x98, 0x0a, 0x0e, 0x00, 0x00, 0x00, 0x00, 0x04, 0x00, 0x00,
    0x00, 0x64, 0x04, 0xb0, 0x04, 0x4c, 0x00, 0x1d, 0x00, 0x21, 0x00, 0x29, 0x00, 0x31, 0x00, 0x00,
    0x01, 0x33, 0x32, 0x1e, 0x02, 0x1f, 0x01, 0x33, 0x32, 0x16, 0x15, 0x11, 0x14, 0x06, 0x23, 0x21,
    0x22, 0x26, 0x35, 0x11, 0x34, 0x36, 0x3b, 0x01, 0x3e, 0x04, 0x01, 0x15, 0x33, 0x35, 0x04, 0x22,
    0x06, 0x14, 0x16, 0x32, 0x36, 0x34, 0x24, 0x32, 0x16, 0x14, 0x06, 0x22, 0x26, 0x34, 0x01, 0xf4,
    0xc8, 0x38, 0x5d, 0x34, 0x24, 0x07, 0x06, 0x96, 0x29, 0x3b, 0x3b, 0x29, 0xfc, 0x18, 0x29, 0x3b,
    0x3b, 0x29, 0x96, 0x02, 0x09, 0x27, 0x33, 0x5d, 0x01, 0xc8, 0x64, 0xfe, 0xcf, 0xbe, 0x87, 0x87,
    0xbe, 0x87, 0xfe, 0xef, 0x56, 0x3c, 0x3c, 0x56, 0x3c, 0x04, 0x4c, 0x29, 0x3b, 0x3b, 0x15, 0x14,
    0x3b, 0x29, 0xfd, 0xa8, 0x29, 0x3b, 0x3b, 0x29, 0x02, 0x58, 0x29, 0x3b, 0x08, 0x1b, 0x45, 0x35,
    0x2b, 0xfe, 0xd4, 0x64, 0x64, 0x46, 0x87, 0xbe, 0x87, 0x87, 0xbe, 0x08, 0x3c, 0x56, 0x3c, 0x3c,
    0x56, 0x00, 0x00, 0x00, 0x00, 0x02, 0x00, 0x35, 0x00, 0x00, 0x04, 0xb0, 0x04, 0xaf, 0x00, 0x20,
    0x00, 0x23, 0x00, 0x00, 0x09, 0x01, 0x16, 0x17, 0x1e, 0x01, 0x1f, 0x01, 0x15, 0x21, 0x35, 0x32,
    0x36, 0x2f, 0x01, 0x21, 0x06, 0x07, 0x06, 0x1e, 0x02, 0x33, 0x15, 0x21, 0x35, 0x36, 0x37, 0x3e,
    0x01, 0x3f, 0x01, 0x01, 0x03, 0x21, 0x03, 0x02, 0xa9, 0x01, 0x81, 0x14, 0x28, 0x12, 0x25, 0x09,
    0x0a, 0xfe, 0x5f, 0x35, 0x2c, 0x11, 0x52, 0xfe, 0x79, 0x3a, 0x22, 0x0b, 0x09, 0x2a, 0x32, 0x1e,
    0xfe, 0x93, 0x38, 0x1c, 0x0c, 0x1a, 0x07, 0x07, 0x01, 0x8f, 0xac, 0x01, 0x54, 0xa2, 0x04, 0xaf,
    0xfc, 0x1a, 0x32, 0x2a, 0x13, 0x15, 0x01, 0x02, 0x42, 0x42, 0x57, 0x2d, 0xde, 0x91, 0x59, 0x22,
    0x2e, 0x1c, 0x0c, 0x42, 0x42, 0x18, 0x1c, 0x0c, 0x25, 0x0d, 0x0d, 0x03, 0xee, 0xfd, 0x5a, 0x01,
    0xc9, 0x00, 0x00, 0x00, 0x00, 0x03, 0x00, 0x64, 0x00, 0x00, 0x03, 0xf0, 0x04, 0xb0, 0x00, 0x27,
    0x00, 0x32, 0x00, 0x3b, 0x00, 0x00, 0x01, 0x1e, 0x06, 0x15, 0x14, 0x0e, 0x03, 0x23, 0x21, 0x35,
    0x3e, 0x01, 0x35, 0x11, 0x34, 0x2e, 0x04, 0x27, 0x35, 0x05, 0x32, 0x1e, 0x02, 0x15, 0x14, 0x0e,
    0x02, 0x07, 0x25, 0x33, 0x32, 0x36, 0x35, 0x34, 0x2e, 0x02, 0x2b, 0x01, 0x11, 0x33, 0x32, 0x36,
    0x35, 0x34, 0x26, 0x2b, 0x01, 0x02, 0xf1, 0x05, 0x13, 0x35, 0x30, 0x3b, 0x2a, 0x1d, 0x37, 0x58,
    0x6d, 0x6c, 0x30, 0xfe, 0x0c, 0x29, 0x3b, 0x01, 0x06, 0x0b, 0x17, 0x21, 0x1a, 0x01, 0xd7, 0x39,
    0x75, 0x63, 0x3e, 0x1f, 0x2d, 0x2d, 0x10, 0xfe, 0x8f, 0x8b, 0x4e, 0x69, 0x11, 0x2a, 0x53, 0x3e,
    0x76, 0xd8, 0x50, 0x52, 0x7d, 0x5e, 0x9f, 0x02, 0x81, 0x01, 0x07, 0x18, 0x1d, 0x33, 0x3a, 0x52,
    0x2e, 0x43, 0x75, 0x4e, 0x37, 0x1a, 0x59, 0x07, 0x33, 0x28, 0x03, 0x3b, 0x18, 0x14, 0x1c, 0x0b,
    0x10, 0x09, 0x07, 0x47, 0x01, 0x29, 0x49, 0x73, 0x43, 0x33, 0x5b, 0x3a, 0x2b, 0x09, 0x31, 0x61,
    0x4a, 0x29, 0x3b, 0x34, 0x1b, 0xfc, 0xae, 0x65, 0x50, 0x5a, 0x81, 0x00, 0x00, 0x01, 0x00, 0xc8,
    0x00, 0x00, 0x03, 0x6f, 0x04, 0xb0, 0x00, 0x19, 0x00, 0x00, 0x01, 0x17, 0x0e, 0x01, 0x07, 0x03,
    0x06, 0x16, 0x17, 0x15, 0x21, 0x35, 0x36, 0x37, 0x13, 0x36, 0x34, 0x2e, 0x04, 0x27, 0x26, 0x27,
    0x35, 0x03, 0x6d, 0x02, 0x53, 0x42, 0x07, 0x84, 0x09, 0x2c, 0x4a, 0xfe, 0x0c, 0xba, 0x0e, 0xad,
    0x03, 0x03, 0x0f, 0x0c, 0x1f, 0x15, 0x17, 0x0d, 0x06, 0x04, 0xb0, 0x39, 0x13, 0x35, 0x28, 0xfc,
    0xb9, 0x31, 0x28, 0x06, 0x61, 0x61, 0x10, 0x52, 0x03, 0x40, 0x11, 0x1a, 0x13, 0x10, 0x09, 0x0b,
    0x06, 0x07, 0x03, 0x02, 0x39, 0x00, 0x00, 0x00, 0x00, 0x02, 0xff, 0xb5, 0x00, 0x00, 0x05, 0x14,
    0x04, 0xb0, 0x00, 0x25, 0x00, 0x2f, 0x00, 0x00, 0x01, 0x23, 0x34, 0x2e, 0x05, 0x2b, 0x01, 0x11,
    0x14, 0x16, 0x1f, 0x01, 0x15, 0x21, 0x35, 0x32, 0x3e, 0x03, 0x35, 0x11, 0x23, 0x22, 0x0e, 0x05,
    0x15, 0x23, 0x11, 0x21, 0x05, 0x23, 0x11, 0x33, 0x07, 0x27, 0x33, 0x11, 0x23, 0x37, 0x05, 0x14,
    0x32, 0x08, 0x0b, 0x19, 0x13, 0x26, 0x18, 0x19, 0xc8, 0x32, 0x19, 0x19, 0xfe, 0x70, 0x04, 0x0e,
    0x22, 0x1a, 0x16, 0xc8, 0x19, 0x18, 0x26, 0x13, 0x19, 0x0b, 0x08, 0x32, 0x03, 0xe8, 0xfb, 0x9b,
    0x4b, 0x4b, 0x7d, 0x7d, 0x4b, 0x4b, 0x7d, 0x03, 0x84, 0x15, 0x20, 0x15, 0x0e, 0x08, 0x03, 0x01,
    0xfc, 0xae, 0x16, 0x19, 0x01, 0x02, 0x64, 0x64, 0x01, 0x05, 0x09, 0x15, 0x0e, 0x03, 0x52, 0x01,
    0x03, 0x08, 0x0e, 0x15, 0x20, 0x15, 0x01, 0x2c, 0xc8, 0xfc, 0xe0, 0xa7, 0xa7, 0x03, 0x20, 0xa7,
    0x00, 0x02, 0x00, 0x21, 0xff, 0xb5, 0x04, 0x8f, 0x04, 0xb0, 0x00, 0x25, 0x00, 0x2f, 0x00, 0x00,
    0x01, 0x23, 0x34, 0x2e, 0x05, 0x2b, 0x01, 0x11, 0x14, 0x16, 0x1f, 0x01, 0x15, 0x21, 0x35, 0x32,
    0x3e, 0x03, 0x35, 0x11, 0x23, 0x22, 0x0e, 0x05, 0x15, 0x23, 0x11, 0x21, 0x13, 0x07, 0x35, 0x21,
    0x15, 0x27, 0x37, 0x15, 0x21, 0x35, 0x04, 0x4c, 0x32, 0x08, 0x0b, 0x19, 0x13, 0x26, 0x18, 0x19,
    0xc8, 0x32, 0x19, 0x19, 0xfe, 0x70, 0x04, 0x0e, 0x22, 0x1a, 0x16, 0xc8, 0x19, 0x18, 0x26, 0x13,
    0x19, 0x0b, 0x08, 0x32, 0x03, 0xe8, 0x43, 0xa7, 0xfc, 0xe0, 0xa7, 0xa7, 0x03, 0x20, 0x03, 0x84,
    0x15, 0x20, 0x15, 0x0e, 0x08, 0x03, 0x01, 0xfd, 0x76, 0x16, 0x19, 0x01, 0x02, 0x64, 0x64, 0x01,
    0x05, 0x09, 0x15, 0x0e, 0x02, 0x8a, 0x01, 0x03, 0x08, 0x0e, 0x15, 0x20, 0x15, 0x01, 0x2c, 0xfb,
    0x82, 0x7d, 0x4b, 0x4b, 0x7d, 0x7d, 0x4b, 0x4b, 0x00, 0x04, 0x00, 0x00, 0x00, 0x00, 0x04, 0xb0,
    0x04, 0x4c, 0x00, 0x0f, 0x00, 0x1f, 0x00, 0x2f, 0x00, 0x3f, 0x00, 0x00, 0x13, 0x21, 0x32, 0x16,
    0x1d, 0x01, 0x14, 0x06, 0x23, 0x21, 0x22, 0x26, 0x3d, 0x01, 0x34, 0x36, 0x13, 0x21, 0x32, 0x16,
    0x1d, 0x01, 0x14, 0x06, 0x23, 0x21, 0x22, 0x26, 0x3d, 0x01, 0x34, 0x36, 0x13, 0x21, 0x32, 0x16,
    0x1d, 0x01, 0x14, 0x06, 0x23, 0x21, 0x22, 0x26, 0x3d, 0x01, 0x34, 0x36, 0x13, 0x21, 0x32, 0x16,
    0x1d, 0x01, 0x14, 0x06, 0x23, 0x21, 0x22, 0x26, 0x3d, 0x01, 0x34, 0x36, 0x32, 0x02, 0x58, 0x15,
    0x1d, 0x1d, 0x15, 0xfd, 0xa8, 0x15, 0x1d, 0x1d, 0x15, 0x03, 0xe8, 0x15, 0x1d, 0x1d, 0x15, 0xfc,
    0x18, 0x15, 0x1d, 0x1d, 0x15, 0x03, 0x20, 0x15, 0x1d, 0x1d, 0x15, 0xfc, 0xe0, 0x15, 0x1d, 0x1d,
    0x15, 0x04, 0x4c, 0x15, 0x1d, 0x1d, 0x15, 0xfb, 0xb4, 0x15, 0x1d, 0x1d, 0x04, 0x4c, 0x1d, 0x15,
    0x64, 0x15, 0x1d, 0x1d, 0x15, 0x64, 0x15, 0x1d, 0xfe, 0xd4, 0x1d, 0x15, 0x64, 0x15, 0x1d, 0x1d,
    0x15, 0x64, 0x15, 0x1d, 0xfe, 0xd4, 0x1d, 0x15, 0x64, 0x15, 0x1d, 0x1d, 0x15, 0x64, 0x15, 0x1d,
    0xfe, 0xd4, 0x1d, 0x15, 0x64, 0x15, 0x1d, 0x1d, 0x15, 0x64, 0x15, 0x1d, 0x00, 0x04, 0x00, 0x00,
    0x00, 0x00, 0x04, 0xb0, 0x04, 0x4c, 0x00, 0x0f, 0x00, 0x1f, 0x00, 0x2f, 0x00, 0x3f, 0x00, 0x00,
    0x13, 0x21, 0x32, 0x16, 0x1d, 0x01, 0x14, 0x06, 0x23, 0x21, 0x22, 0x26, 0x3d, 0x01, 0x34, 0x36,
    0x03, 0x21, 0x32, 0x16, 0x1d, 0x01, 0x14, 0x06, 0x23, 0x21, 0x22, 0x26, 0x3d, 0x01, 0x34, 0x36,
    0x13, 0x21, 0x32, 0x16, 0x1d, 0x01, 0x14, 0x06, 0x23, 0x21, 0x22, 0x26, 0x3d, 0x01, 0x34, 0x36,
    0x03, 0x21, 0x32, 0x16, 0x1d, 0x01, 0x14, 0x06, 0x23, 0x21, 0x22, 0x26, 0x3d, 0x01, 0x34, 0x36,
    0xfa, 0x02, 0xbc, 0x15, 0x1d, 0x1d, 0x15, 0xfd, 0x44, 0x15, 0x1d, 0x1d, 0xb3, 0x04, 0x4c, 0x15,
    0x1d, 0x1d, 0x15, 0xfb, 0xb4, 0x15, 0x1d, 0x1d, 0xdd, 0x02, 0xbc, 0x15, 0x1d, 0x1d, 0x15, 0xfd,
    0x44, 0x15, 0x1d, 0x1d, 0xb3, 0x04, 0x4c, 0x15, 0x1d, 0x1d, 0x15, 0xfb, 0xb4, 0x15, 0x1d, 0x1d,
    0x04, 0x4c, 0x1d, 0x15, 0x64, 0x15, 0x1d, 0x1d, 0x15, 0x64, 0x15, 0x1d, 0xfe, 0xd4, 0x1d, 0x15,
    0x64, 0x15, 0x1d, 0x1d, 0x15, 0x64, 0x15, 0x1d, 0xfe, 0xd4, 0x1d, 0x15, 0x64, 0x15, 0x1d, 0x1d,
    0x15, 0x64, 0x15, 0x1d, 0xfe, 0xd4, 0x1d, 0x15, 0x64, 0x15, 0x1d, 0x1d, 0x15, 0x64, 0x15, 0x1d,
    0x00, 0x04, 0x00, 0x00, 0x00, 0x00, 0x04, 0xb0, 0x04, 0x4c, 0x00, 0x0f, 0x00, 0x1f, 0x00, 0x2f,
    0x00, 0x3f, 0x00, 0x00, 0x01, 0x35, 0x34, 0x36, 0x33, 0x21, 0x32, 0x16, 0x1d, 0x01, 0x14, 0x06,
    0x23, 0x21, 0x22, 0x26, 0x01, 0x35, 0x34, 0x36, 0x33, 0x21, 0x32, 0x16, 0x1d, 0x01, 0x14, 0x06,
    0x23, 0x21, 0x22, 0x26, 0x13, 0x35, 0x34, 0x36, 0x33, 0x21, 0x32, 0x16, 0x1d, 0x01, 0x14, 0x06,
    0x23, 0x21, 0x22, 0x26, 0x01, 0x35, 0x34, 0x36, 0x33, 0x21, 0x32, 0x16, 0x1d, 0x01, 0x14, 0x06,
    0x23, 0x21, 0x22, 0x26, 0x01, 0xf4, 0x1d, 0x15, 0x02, 0x58, 0x15, 0x1d, 0x1d, 0x15, 0xfd, 0xa8,
    0x15, 0x1d, 0xfe, 0x70, 0x1d, 0x15, 0x03, 0xe8, 0x15, 0x1d, 0x1d, 0x15, 0xfc, 0x18, 0x15, 0x1d,
    0xc8, 0x1d, 0x15, 0x03, 0x20, 0x15, 0x1d, 0x1d, 0x15, 0xfc, 0xe0, 0x15, 0x1d, 0xfe, 0xd4, 0x1d,
    0x15, 0x04, 0x4c, 0x15, 0x1d, 0x1d, 0x15, 0xfb, 0xb4, 0x15, 0x1d, 0x03, 0xb6, 0x64, 0x15, 0x1d,
    0x1d, 0x15, 0x64, 0x15, 0x1d, 0x1d, 0xfe, 0xe9, 0x64, 0x15, 0x1d, 0x1d, 0x15, 0x64, 0x15, 0x1d,
    0x1d, 0xfe, 0xe9, 0x64, 0x15, 0x1d, 0x1d, 0x15, 0x64, 0x15, 0x1d, 0x1d, 0xfe, 0xe9, 0x64, 0x15,
    0x1d, 0x1d, 0x15, 0x64, 0x15, 0x1d, 0x1d, 0x00, 0x00, 0x04, 0x00, 0x00, 0x00, 0x00, 0x04, 0xb0,
    0x04, 0x4c, 0x00, 0x0f, 0x00, 0x1f, 0x00, 0x2f, 0x00, 0x3f, 0x00, 0x00, 0x13, 0x21, 0x32, 0x16,
    0x1d, 0x01, 0x14, 0x06, 0x23, 0x21, 0x22, 0x26, 0x3d, 0x01, 0x34, 0x36, 0x13, 0x21, 0x32, 0x16,
    0x1d, 0x01, 0x14, 0x06, 0x23, 0x21, 0x22, 0x26, 0x3d, 0x01, 0x34, 0x36, 0x13, 0x21, 0x32, 0x16,
    0x1d, 0x01, 0x14, 0x06, 0x23, 0x21, 0x22, 0x26, 0x3d, 0x01, 0x34, 0x36, 0x13, 0x21, 0x32, 0x16,
    0x1d, 0x01, 0x14, 0x06, 0x23, 0x21, 0x22, 0x26, 0x3d, 0x01, 0x34, 0x36, 0x32, 0x04, 0x4c, 0x15,
    0x1d, 0x1d, 0x15, 0xfb, 0xb4, 0x15, 0x1d, 0x1d, 0x15, 0x04, 0x4c, 0x15, 0x1d, 0x1d, 0x15, 0xfb,
    0xb4, 0x15, 0x1d, 0x1d, 0x15, 0x04, 0x4c, 0x15, 0x1d, 0x1d, 0x15, 0xfb, 0xb4, 0x15, 0x1d, 0x1d,
    0x15, 0x04, 0x4c, 0x15, 0x1d, 0x1d, 0x15, 0xfb, 0xb4, 0x15, 0x1d, 0x1d, 0x04, 0x4c, 0x1d, 0x15,
    0x64, 0x15, 0x1d, 0x1d, 0x15, 0x64, 0x15, 0x1d, 0xfe, 0xd4, 0x1d, 0x15, 0x64, 0x15, 0x1d, 0x1d,
    0x15, 0x64, 0x15, 0x1d, 0xfe, 0xd4, 0x1d, 0x15, 0x64, 0x15, 0x1d, 0x1d, 0x15, 0x64, 0x15, 0x1d,
    0xfe, 0xd4, 0x1d, 0x15, 0x64, 0x15, 0x1d, 0x1d, 0x15, 0x64, 0x15, 0x1d, 0x00, 0x08, 0x00, 0x00,
    0x00, 0x00, 0x04, 0xb0, 0x04, 0x4c, 0x00, 0x0f, 0x00, 0x1f, 0x00, 0x2f, 0x00, 0x3f, 0x00, 0x4f,
    0x00, 0x5f, 0x00, 0x6f, 0x00, 0x7f, 0x00, 0x00, 0x13, 0x33, 0x32, 0x16, 0x1d, 0x01, 0x14, 0x06,
    0x2b, 0x01, 0x22, 0x26, 0x3d, 0x01, 0x34, 0x36, 0x29, 0x01, 0x32, 0x16, 0x1d, 0x01, 0x14, 0x06,
    0x23, 0x21, 0x22, 0x26, 0x3d, 0x01, 0x34, 0x36, 0x01, 0x33, 0x32, 0x16, 0x1d, 0x01, 0x14, 0x06,
    0x2b, 0x01, 0x22, 0x26, 0x3d, 0x01, 0x34, 0x36, 0x29, 0x01, 0x32, 0x16, 0x1d, 0x01, 0x14, 0x06,
    0x23, 0x21, 0x22, 0x26, 0x3d, 0x01, 0x34, 0x36, 0x01, 0x33, 0x32, 0x16, 0x1d, 0x01, 0x14, 0x06,
    0x2b, 0x01, 0x22, 0x26, 0x3d, 0x01, 0x34, 0x36, 0x29, 0x01, 0x32, 0x16, 0x1d, 0x01, 0x14, 0x06,
    0x23, 0x21, 0x22, 0x26, 0x3d, 0x01, 0x34, 0x36, 0x01, 0x33, 0x32, 0x16, 0x1d, 0x01, 0x14, 0x06,
    0x2b, 0x01, 0x22, 0x26, 0x3d, 0x01, 0x34, 0x36, 0x29, 0x01, 0x32, 0x16, 0x1d, 0x01, 0x14, 0x06,
    0x23, 0x21, 0x22, 0x26, 0x3d, 0x01, 0x34, 0x36, 0x32, 0x64, 0x15, 0x1d, 0x1d, 0x15, 0x64, 0x15,
    0x1d, 0x1d, 0x01, 0x41, 0x03, 0x20, 0x15, 0x1d, 0x1d, 0x15, 0xfc, 0xe0, 0x15, 0x1d, 0x1d, 0xfe,
    0xe9, 0x64, 0x15, 0x1d, 0x1d, 0x15, 0x64, 0x15, 0x1d, 0x1d, 0x01, 0x41, 0x03, 0x20, 0x15, 0x1d,
    0x1d, 0x15, 0xfc, 0xe0, 0x15, 0x1d, 0x1d, 0xfe, 0xe9, 0x64, 0x15, 0x1d, 0x1d, 0x15, 0x64, 0x15,
    0x1d, 0x1d, 0x01, 0x41, 0x03, 0x20, 0x15, 0x1d, 0x1d, 0x15, 0xfc, 0xe0, 0x15, 0x1d, 0x1d, 0xfe,
    0xe9, 0x64, 0x15, 0x1d, 0x1d, 0x15, 0x64, 0x15, 0x1d, 0x1d, 0x01, 0x41, 0x03, 0x20, 0x15, 0x1d,
    0x1d, 0x15, 0xfc, 0xe0, 0x15, 0x1d, 0x1d, 0x04, 0x4c, 0x1d, 0x15, 0x64, 0x15, 0x1d, 0x1d, 0x15,
    0x64, 0x15, 0x1d, 0x1d, 0x15, 0x64, 0x15, 0x1d, 0x1d, 0x15, 0x64, 0x15, 0x1d, 0xfe, 0xd4, 0x1d,
    0x15, 0x64, 0x15, 0x1d, 0x1d, 0x15, 0x64, 0x15, 0x1d, 0x1d, 0x15, 0x64, 0x15, 0x1d, 0x1d, 0x15,
    0x64, 0x15, 0x1d, 0xfe, 0xd4, 0x1d, 0x15, 0x64, 0x15, 0x1d, 0x1d, 0x15, 0x64, 0x15, 0x1d, 0x1d,
    0x15, 0x64, 0x15, 0x1d, 0x1d, 0x15, 0x64, 0x15, 0x1d, 0xfe, 0xd4, 0x1d, 0x15, 0x64, 0x15, 0x1d,
    0x1d, 0x15, 0x64, 0x15, 0x1d, 0x1d, 0x15, 0x64, 0x15, 0x1d, 0x1d, 0x15, 0x64, 0x15, 0x1d, 0x00,
    0x00, 0x06, 0xff, 0x9c, 0x00, 0x00, 0x04, 0xb0, 0x04, 0x4c, 0x00, 0x03, 0x00, 0x13, 0x00, 0x23,
    0x00, 0x2a, 0x00, 0x3a, 0x00, 0x4a, 0x00, 0x00, 0x21, 0x23, 0x11, 0x3b, 0x02, 0x32, 0x16, 0x1d,
    0x01, 0x14, 0x06, 0x2b, 0x01, 0x22, 0x26, 0x3d, 0x01, 0x34, 0x36, 0x13, 0x21, 0x32, 0x16, 0x1d,
    0x01, 0x14, 0x06, 0x23, 0x21, 0x22, 0x26, 0x3d, 0x01, 0x34, 0x36, 0x05, 0x07, 0x35, 0x23, 0x35,
    0x33, 0x35, 0x05, 0x21, 0x32, 0x16, 0x1d, 0x01, 0x14, 0x06, 0x23, 0x21, 0x22, 0x26, 0x3d, 0x01,
    0x34, 0x36, 0x13, 0x21, 0x32, 0x16, 0x1d, 0x01, 0x14, 0x06, 0x23, 0x21, 0x22, 0x26, 0x3d, 0x01,
    0x34, 0x36, 0x01, 0x90, 0x64, 0x64, 0x96, 0x64, 0x15, 0x1d, 0x1d, 0x15, 0x64, 0x15, 0x1d, 0x1d,
    0x15, 0x01, 0xf4, 0x15, 0x1d, 0x1d, 0x15, 0xfe, 0x0c, 0x15, 0x1d, 0x1d, 0xfe, 0xfa, 0xa7, 0xc8,
    0xc8, 0x01, 0xc2, 0x01, 0x2c, 0x15, 0x1d, 0x1d, 0x15, 0xfe, 0xd4, 0x15, 0x1d, 0x1d, 0x15, 0x02,
    0x58, 0x15, 0x1d, 0x1d, 0x15, 0xfd, 0xa8, 0x15, 0x1d, 0x1d, 0x04, 0x4c, 0x1d, 0x15, 0x64, 0x15,
    0x1d, 0x1d, 0x15, 0x64, 0x15, 0x1d, 0xfe, 0xd4, 0x1d, 0x15, 0x64, 0x15, 0x1d, 0x1d, 0x15, 0x64,
    0x15, 0x1d, 0xfa, 0x7d, 0x4b, 0x64, 0x4b, 0xaf, 0x1d, 0x15, 0x64, 0x15, 0x1d, 0x1d, 0x15, 0x64,
    0x15, 0x1d, 0xfe, 0xd4, 0x1d, 0x15, 0x64, 0x15, 0x1d, 0x1d, 0x15, 0x64, 0x15, 0x1d, 0x00, 0x00,
    0x00, 0x06, 0x00, 0x00, 0x00, 0x00, 0x05, 0x14, 0x04, 0x4c, 0x00, 0x0f, 0x00, 0x13, 0x00, 0x23,
    0x00, 0x2a, 0x00, 0x3a, 0x00, 0x4a, 0x00, 0x00, 0x13, 0x33, 0x32, 0x16, 0x1d, 0x01, 0x14, 0x06,
    0x2b, 0x01, 0x22, 0x26, 0x3d, 0x01, 0x34, 0x36, 0x01, 0x23, 0x11, 0x33, 0x01, 0x21, 0x32, 0x16,
    0x1d, 0x01, 0x14, 0x06, 0x23, 0x21, 0x22, 0x26, 0x3d, 0x01, 0x34, 0x36, 0x05, 0x33, 0x15, 0x23,
    0x15, 0x27, 0x37, 0x05, 0x21, 0x32, 0x16, 0x1d, 0x01, 0x14, 0x06, 0x23, 0x21, 0x22, 0x26, 0x3d,
    0x01, 0x34, 0x36, 0x13, 0x21, 0x32, 0x16, 0x1d, 0x01, 0x14, 0x06, 0x23, 0x21, 0x22, 0x26, 0x3d,
    0x01, 0x34, 0x36, 0x32, 0x64, 0x15, 0x1d, 0x1d, 0x15, 0x64, 0x15, 0x1d, 0x1d, 0x03, 0x67, 0x64,
    0x64, 0xfc, 0xae, 0x01, 0xf4, 0x15, 0x1d, 0x1d, 0x15, 0xfe, 0x0c, 0x15, 0x1d, 0x1d, 0x04, 0x2f,
    0xc8, 0xc8, 0xa7, 0xa7, 0xfb, 0xe6, 0x01, 0x2c, 0x15, 0x1d, 0x1d, 0x15, 0xfe, 0xd4, 0x15, 0x1d,
    0x1d, 0x15, 0x02, 0x58, 0x15, 0x1d, 0x1d, 0x15, 0xfd, 0xa8, 0x15, 0x1d, 0x1d, 0x04, 0x4c, 0x1d,
    0x15, 0x64, 0x15, 0x1d, 0x1d, 0x15, 0x64, 0x15, 0x1d, 0xfb, 0xb4, 0x04, 0x4c, 0xfe, 0xd4, 0x1d,
    0x15, 0x64, 0x15, 0x1d, 0x1d, 0x15, 0x64, 0x15, 0x1d, 0xc8, 0x64, 0x4b, 0x7d, 0x7d, 0xaf, 0x1d,
    0x15, 0x64, 0x15, 0x1d, 0x1d, 0x15, 0x64, 0x15, 0x1d, 0xfe, 0xd4, 0x1d, 0x15, 0x64, 0x15, 0x1d,
    0x1d, 0x15, 0x64, 0x15, 0x1d, 0x00, 0x00, 0x00, 0x00, 0x02, 0x00, 0x00, 0x00, 0xc8, 0x04, 0xb0,
    0x03, 0xe8, 0x00, 0x0f, 0x00, 0x12, 0x00, 0x00, 0x13, 0x21, 0x32, 0x16, 0x15, 0x11, 0x14, 0x06,
    0x23, 0x21, 0x22, 0x26, 0x35, 0x11, 0x34, 0x36, 0x09, 0x02, 0x4b, 0x02, 0xee, 0x1f, 0x2c, 0x2c,
    0x1f, 0xfd, 0x12, 0x1f, 0x2c, 0x2c, 0x04, 0x84, 0xfe, 0xd4, 0x01, 0x2c, 0x03, 0xe8, 0x2c, 0x1f,
    0xfd, 0x76, 0x1f, 0x2c, 0x2c, 0x1f, 0x02, 0x8a, 0x1f, 0x2c, 0xfd, 0x44, 0x01, 0x2c, 0x01, 0x2c,
    0x00, 0x03, 0x00, 0x00, 0x00, 0x00, 0x04, 0xb0, 0x04, 0x4c, 0x00, 0x0f, 0x00, 0x17, 0x00, 0x1f,
    0x00, 0x00, 0x13, 0x21, 0x32, 0x16, 0x15, 0x11, 0x14, 0x06, 0x23, 0x21, 0x22, 0x26, 0x35, 0x11,
    0x34, 0x36, 0x17, 0x11, 0x37, 0x05, 0x27, 0x01, 0x13, 0x11, 0x04, 0x32, 0x16, 0x14, 0x06, 0x22,
    0x26, 0x34, 0x2c, 0x04, 0x58, 0x12, 0x1a, 0x1a, 0x12, 0xfb, 0xa8, 0x12, 0x1a, 0x1a, 0x4a, 0xf7,
    0x01, 0x2a, 0x4a, 0x01, 0x25, 0xec, 0xfc, 0xd2, 0x70, 0x4e, 0x4e, 0x70, 0x4e, 0x04, 0x4c, 0x1a,
    0x12, 0xfc, 0x0c, 0x12, 0x1a, 0x1a, 0x12, 0x03, 0xf4, 0x12, 0x1a, 0x64, 0xfd, 0x1f, 0xb6, 0x83,
    0x9c, 0x01, 0x3e, 0xfe, 0xe0, 0x01, 0xf4, 0x74, 0x4e, 0x6f, 0x4f, 0x4f, 0x6f, 0x00, 0x00, 0x00,
    0x00, 0x02, 0x00, 0xdb, 0x00, 0x05, 0x04, 0x36, 0x04, 0x91, 0x00, 0x16, 0x00, 0x1e, 0x00, 0x00,
    0x01, 0x32, 0x1e, 0x01, 0x15, 0x14, 0x07, 0x0e, 0x01, 0x0f, 0x01, 0x2e, 0x04, 0x27, 0x26, 0x35,
    0x34, 0x3e, 0x02, 0x16, 0x22, 0x06, 0x14, 0x16, 0x32, 0x36, 0x34, 0x02, 0x88, 0x75, 0xc6, 0x73,
    0x46, 0x45, 0xb2, 0x36, 0x36, 0x09, 0x21, 0x5e, 0x58, 0x6d, 0x29, 0x3c, 0x44, 0x73, 0x9f, 0xb7,
    0xb7, 0x82, 0x82, 0xb7, 0x82, 0x04, 0x91, 0x78, 0xca, 0x75, 0x73, 0x8f, 0x6d, 0xe9, 0x3f, 0x3e,
    0x08, 0x21, 0x66, 0x68, 0x98, 0x48, 0x84, 0x75, 0x58, 0xa3, 0x79, 0x48, 0xc3, 0x82, 0xb8, 0x81,
    0x81, 0xb8, 0x00, 0x00, 0x00, 0x02, 0x00, 0x17, 0x00, 0x17, 0x04, 0x99, 0x04, 0x99, 0x00, 0x0f,
    0x00, 0x17, 0x00, 0x00, 0x00, 0x32, 0x1e, 0x02, 0x14, 0x0e, 0x02, 0x22, 0x2e, 0x02, 0x34, 0x3e,
    0x01, 0x01, 0x11, 0x22, 0x0e, 0x01, 0x14, 0x1e, 0x01, 0x01, 0xe3, 0xea, 0xd6, 0x9b, 0x5b, 0x5b,
    0x9b, 0xd6, 0xea, 0xd6, 0x9b, 0x5b, 0x5b, 0x9b, 0x01, 0x4b, 0x74, 0xc5, 0x72, 0x72, 0xc5, 0x04,
    0x99, 0x5b, 0x9b, 0xd6, 0xea, 0xd6, 0x9b, 0x5b, 0x5b, 0x9b, 0xd6, 0xea, 0xd6, 0x9b, 0xfc, 0x6f,
    0x03, 0x56, 0x72, 0xc5, 0xe8, 0xc5, 0x72, 0x00, 0x00, 0x02, 0x00, 0x75, 0x00, 0x03, 0x03, 0xdf,
    0x05, 0x0f, 0x00, 0x1a, 0x00, 0x35, 0x00, 0x00, 0x01, 0x1e, 0x06, 0x15, 0x14, 0x0e, 0x03, 0x07,
    0x2e, 0x03, 0x35, 0x34, 0x3e, 0x05, 0x03, 0x0e, 0x02, 0x17, 0x1e, 0x04, 0x17, 0x16, 0x36, 0x3f,
    0x01, 0x36, 0x26, 0x27, 0x2e, 0x02, 0x27, 0x26, 0x37, 0x36, 0x23, 0x26, 0x02, 0x2a, 0x15, 0x49,
    0x4f, 0x57, 0x4e, 0x3e, 0x25, 0x33, 0x56, 0x70, 0x7d, 0x3f, 0x54, 0x9b, 0x7c, 0x4a, 0x24, 0x3f,
    0x4c, 0x57, 0x50, 0x49, 0xbc, 0x17, 0x29, 0x28, 0x03, 0x01, 0x1b, 0x21, 0x31, 0x1c, 0x13, 0x15,
    0x16, 0x02, 0x06, 0x02, 0x09, 0x09, 0x05, 0x12, 0x29, 0x0c, 0x1a, 0x20, 0x02, 0x08, 0x08, 0x05,
    0x0f, 0x48, 0x8f, 0x75, 0x77, 0x73, 0x75, 0x87, 0x45, 0x47, 0x80, 0x5e, 0x46, 0x26, 0x04, 0x05,
    0x3a, 0x63, 0x97, 0x59, 0x45, 0x87, 0x76, 0x73, 0x78, 0x76, 0x90, 0xfd, 0xfe, 0x21, 0x4b, 0x82,
    0x3a, 0x25, 0x41, 0x27, 0x23, 0x0e, 0x08, 0x07, 0x0c, 0x10, 0x22, 0x0a, 0x18, 0x07, 0x04, 0x10,
    0x41, 0x29, 0x59, 0xb6, 0x0b, 0x01, 0x00, 0x00, 0x00, 0x03, 0x00, 0x00, 0x00, 0x00, 0x04, 0xcb,
    0x04, 0x6c, 0x00, 0x0c, 0x00, 0x2a, 0x00, 0x2f, 0x00, 0x00, 0x01, 0x37, 0x3e, 0x02, 0x1e, 0x01,
    0x17, 0x1e, 0x01, 0x0f, 0x02, 0x25, 0x21, 0x32, 0x17, 0x07, 0x21, 0x22, 0x06, 0x15, 0x11, 0x14,
    0x16, 0x33, 0x21, 0x32, 0x36, 0x3d, 0x01, 0x37, 0x11, 0x14, 0x06, 0x23, 0x21, 0x22, 0x26, 0x35,
    0x11, 0x34, 0x36, 0x09, 0x01, 0x07, 0x37, 0x01, 0x03, 0xe8, 0x6c, 0x02, 0x06, 0x14, 0x15, 0x1d,
    0x0e, 0x16, 0x0a, 0x05, 0x06, 0x6c, 0xfd, 0x05, 0x01, 0x90, 0x32, 0x37, 0xbb, 0xfe, 0x90, 0x29,
    0x3b, 0x3b, 0x29, 0x01, 0xf4, 0x29, 0x3b, 0xc8, 0xbb, 0xa3, 0xfe, 0x70, 0xa5, 0xb9, 0xb9, 0x03,
    0x38, 0xfe, 0x96, 0xa1, 0x37, 0x01, 0x63, 0x03, 0xf5, 0x73, 0x01, 0x02, 0x02, 0x04, 0x0f, 0x0e,
    0x16, 0x2a, 0x0b, 0x0a, 0x73, 0xc8, 0x0d, 0xbb, 0x3b, 0x29, 0xfe, 0x0c, 0x29, 0x3b, 0x3b, 0x29,
    0xb6, 0xc8, 0xfe, 0xb4, 0xa5, 0xb9, 0xb9, 0xa5, 0x01, 0x90, 0xa5, 0xb9, 0xfe, 0xd7, 0xfe, 0x96,
    0x32, 0xaa, 0x01, 0x63, 0x00, 0x02, 0x00, 0x00, 0x00, 0x00, 0x04, 0x93, 0x04, 0x4c, 0x00, 0x1b,
    0x00, 0x36, 0x00, 0x00, 0x01, 0x21, 0x06, 0x07, 0x23, 0x22, 0x06, 0x15, 0x11, 0x14, 0x16, 0x33,
    0x21, 0x32, 0x36, 0x35, 0x37, 0x15, 0x14, 0x06, 0x23, 0x21, 0x22, 0x26, 0x35, 0x11, 0x34, 0x36,
    0x05, 0x01, 0x16, 0x14, 0x07, 0x01, 0x06, 0x26, 0x27, 0x35, 0x26, 0x0e, 0x03, 0x07, 0x3e, 0x06,
    0x37, 0x35, 0x3e, 0x01, 0x01, 0x5e, 0x01, 0x69, 0xa4, 0x34, 0xc3, 0x29, 0x3b, 0x3b, 0x29, 0x01,
    0xf4, 0x29, 0x3b, 0xc8, 0xb9, 0xa5, 0xfe, 0x70, 0xa5, 0xb9, 0xb9, 0x02, 0x7f, 0x01, 0x53, 0x08,
    0x08, 0xfe, 0xac, 0x07, 0x0b, 0x01, 0x1a, 0x39, 0x64, 0x54, 0x58, 0x1a, 0x0a, 0x2e, 0x39, 0x49,
    0x40, 0x46, 0x2a, 0x13, 0x01, 0x0b, 0x04, 0x4c, 0x92, 0x36, 0x3b, 0x29, 0xfe, 0x0c, 0x29, 0x3b,
    0x3b, 0x29, 0x99, 0x67, 0xa5, 0xb9, 0xb9, 0xa5, 0x01, 0x90, 0xa5, 0xb9, 0x1b, 0xfe, 0xd3, 0x07,
    0x15, 0x07, 0xfe, 0xce, 0x06, 0x04, 0x09, 0xcb, 0x01, 0x02, 0x0d, 0x16, 0x30, 0x21, 0x3b, 0x62,
    0x41, 0x34, 0x1d, 0x14, 0x07, 0x01, 0xd2, 0x0a, 0x05, 0x00, 0x00, 0x00, 0x00, 0x02, 0x00, 0x00,
    0x00, 0x00, 0x04, 0x9d, 0x04, 0x4c, 0x00, 0x1d, 0x00, 0x35, 0x00, 0x00, 0x01, 0x21, 0x32, 0x17,
    0x07, 0x21, 0x22, 0x06, 0x15, 0x11, 0x14, 0x16, 0x33, 0x21, 0x32, 0x36, 0x3d, 0x01, 0x37, 0x15,
    0x14, 0x06, 0x23, 0x21, 0x22, 0x26, 0x35, 0x11, 0x34, 0x36, 0x09, 0x01, 0x36, 0x32, 0x1f, 0x01,
    0x16, 0x14, 0x07, 0x01, 0x06, 0x22, 0x2f, 0x01, 0x26, 0x34, 0x3f, 0x01, 0x36, 0x32, 0x1f, 0x01,
    0x16, 0x32, 0x01, 0x5e, 0x01, 0x5e, 0x3c, 0x43, 0xb2, 0xfe, 0xa3, 0x29, 0x3b, 0x3b, 0x29, 0x01,
    0xf4, 0x29, 0x3b, 0xc8, 0xb9, 0xa5, 0xfe, 0x70, 0xa5, 0xb9, 0xb9, 0x01, 0xca, 0x01, 0x8b, 0x07,
    0x15, 0x07, 0x65, 0x07, 0x07, 0xfd, 0xed, 0x07, 0x15, 0x07, 0xf8, 0x07, 0x07, 0x65, 0x07, 0x15,
    0x07, 0x6f, 0x08, 0x14, 0x04, 0x4c, 0x17, 0xb1, 0x3b, 0x29, 0xfe, 0x0c, 0x29, 0x3b, 0x3b, 0x29,
    0x45, 0xc8, 0xdb, 0xa5, 0xb9, 0xb9, 0xa5, 0x01, 0x90, 0xa5, 0xb9, 0xfe, 0x33, 0x01, 0x8b, 0x07,
    0x07, 0x65, 0x07, 0x15, 0x07, 0xfd, 0xec, 0x07, 0x07, 0xf8, 0x07, 0x15, 0x07, 0x65, 0x07, 0x07,
    0x6f, 0x07, 0x00, 0x00, 0x00, 0x01, 0x00, 0x0a, 0x00, 0x0a, 0x04, 0xa6, 0x04, 0xa6, 0x00, 0x3b,
    0x00, 0x00, 0x09, 0x01, 0x36, 0x32, 0x17, 0x01, 0x16, 0x06, 0x2b, 0x01, 0x15, 0x33, 0x35, 0x34,
    0x36, 0x17, 0x01, 0x16, 0x14, 0x07, 0x01, 0x06, 0x26, 0x3d, 0x01, 0x23, 0x15, 0x33, 0x32, 0x16,
    0x07, 0x01, 0x06, 0x22, 0x27, 0x01, 0x26, 0x36, 0x3b, 0x01, 0x35, 0x23, 0x15, 0x14, 0x06, 0x27,
    0x01, 0x26, 0x34, 0x37, 0x01, 0x36, 0x16, 0x1d, 0x01, 0x33, 0x35, 0x23, 0x22, 0x26, 0x01, 0x3e,
    0x01, 0x08, 0x08, 0x14, 0x08, 0x01, 0x04, 0x07, 0x05, 0x0a, 0xaa, 0xc8, 0x0a, 0x08, 0x01, 0x08,
    0x08, 0x08, 0xfe, 0xf8, 0x08, 0x0a, 0xc8, 0xaa, 0x0a, 0x05, 0x07, 0xfe, 0xfc, 0x08, 0x14, 0x08,
    0xfe, 0xf8, 0x08, 0x05, 0x0a, 0xaf, 0xc8, 0x0a, 0x08, 0xfe, 0xf8, 0x08, 0x08, 0x01, 0x08, 0x08,
    0x0a, 0xc8, 0xaf, 0x0a, 0x05, 0x03, 0x96, 0x01, 0x08, 0x08, 0x08, 0xfe, 0xf8, 0x08, 0x0a, 0xc8,
    0xad, 0x0a, 0x04, 0x07, 0xfe, 0xfc, 0x07, 0x15, 0x07, 0xfe, 0xf7, 0x07, 0x04, 0x0a, 0xad, 0xc8,
    0x0a, 0x08, 0xfe, 0xf8, 0x08, 0x08, 0x01, 0x08, 0x08, 0x0a, 0xc8, 0xad, 0x0a, 0x04, 0x07, 0x01,
    0x09, 0x07, 0x15, 0x07, 0x01, 0x04, 0x07, 0x04, 0x0a, 0xad, 0xc8, 0x0a, 0x00, 0x01, 0x00, 0xc8,
    0x00, 0x00, 0x03, 0x84, 0x04, 0x4c, 0x00, 0x19, 0x00, 0x00, 0x13, 0x33, 0x32, 0x16, 0x15, 0x11,
    0x01, 0x36, 0x16, 0x15, 0x11, 0x14, 0x06, 0x27, 0x01, 0x11, 0x14, 0x06, 0x2b, 0x01, 0x22, 0x26,
    0x35, 0x11, 0x34, 0x36, 0xfa, 0x64, 0x15, 0x1d, 0x01, 0xd0, 0x0f, 0x15, 0x15, 0x0f, 0xfe, 0x30,
    0x1d, 0x15, 0x64, 0x15, 0x1d, 0x1d, 0x04, 0x4c, 0x1d, 0x15, 0xfe, 0x4a, 0x01, 0xc5, 0x0e, 0x08,
    0x15, 0xfc, 0x18, 0x15, 0x08, 0x0e, 0x01, 0xc5, 0xfe, 0x4a, 0x15, 0x1d, 0x1d, 0x15, 0x03, 0xe8,
    0x15, 0x1d, 0x00, 0x00, 0x00, 0x01, 0x00, 0x00, 0x00, 0x00, 0x04, 0xb0, 0x04, 0x4c, 0x00, 0x23,
    0x00, 0x00, 0x13, 0x33, 0x32, 0x16, 0x15, 0x11, 0x01, 0x36, 0x16, 0x15, 0x11, 0x01, 0x36, 0x16,
    0x15, 0x11, 0x14, 0x06, 0x27, 0x01, 0x11, 0x14, 0x06, 0x27, 0x01, 0x11, 0x14, 0x06, 0x2b, 0x01,
    0x22, 0x26, 0x35, 0x11, 0x34, 0x36, 0x32, 0x64, 0x15, 0x1d, 0x01, 0xd0, 0x0f, 0x15, 0x01, 0xd0,
    0x0f, 0x15, 0x15, 0x0f, 0xfe, 0x30, 0x15, 0x0f, 0xfe, 0x30, 0x1d, 0x15, 0x64, 0x15, 0x1d, 0x1d,
    0x04, 0x4c, 0x1d, 0x15, 0xfe, 0x4a, 0x01, 0xc5, 0x0e, 0x08, 0x15, 0xfe, 0x4a, 0x01, 0xc5, 0x0e,
    0x08, 0x15, 0xfc, 0x18, 0x15, 0x08, 0x0e, 0x01, 0xc5, 0xfe, 0x4a, 0x15, 0x08, 0x0e, 0x01, 0xc5,
    0xfe, 0x4a, 0x15, 0x1d, 0x1d, 0x15, 0x03, 0xe8, 0x15, 0x1d, 0x00, 0x00, 0x00, 0x01, 0x00, 0x9d,
    0x00, 0x19, 0x04, 0xb0, 0x04, 0x33, 0x00, 0x15, 0x00, 0x00, 0x01, 0x11, 0x14, 0x06, 0x27, 0x01,
    0x11, 0x14, 0x06, 0x27, 0x01, 0x26, 0x34, 0x37, 0x01, 0x36, 0x16, 0x15, 0x11, 0x01, 0x36, 0x16,
    0x04, 0xb0, 0x15, 0x0f, 0xfe, 0x30, 0x15, 0x0f, 0xfe, 0x14, 0x0f, 0x0f, 0x01, 0xec, 0x0f, 0x15,
    0x01, 0xd0, 0x0f, 0x15, 0x04, 0x1a, 0xfc, 0x18, 0x15, 0x08, 0x0e, 0x01, 0xc5, 0xfe, 0x4a, 0x15,
    0x08, 0x0e, 0x01, 0xe0, 0x0e, 0x2a, 0x0e, 0x01, 0xe0, 0x0e, 0x08, 0x15, 0xfe, 0x4a, 0x01, 0xc5,
    0x0e, 0x08, 0x00, 0x00, 0x00, 0x01, 0x00, 0xc8, 0x00, 0x16, 0x04, 0x33, 0x04, 0x36, 0x00, 0x0b,
    0x00, 0x00, 0x13, 0x01, 0x16, 0x14, 0x07, 0x01, 0x06, 0x26, 0x35, 0x11, 0x34, 0x36, 0xf3, 0x03,
    0x2e, 0x12, 0x12, 0xfc, 0xd2, 0x12, 0x19, 0x19, 0x04, 0x32, 0xfe, 0x0e, 0x0b, 0x1e, 0x0b, 0xfe,
    0x0e, 0x0b, 0x0e, 0x15, 0x03, 0xe8, 0x15, 0x0e, 0x00, 0x02, 0x00, 0xc8, 0x00, 0x64, 0x03, 0x84,
    0x03, 0xe8, 0x00, 0x0f, 0x00, 0x1f, 0x00, 0x00, 0x13, 0x33, 0x32, 0x16, 0x15, 0x11, 0x14, 0x06,
    0x2b, 0x01, 0x22, 0x26, 0x35, 0x11, 0x34, 0x36, 0x21, 0x33, 0x32, 0x16, 0x15, 0x11, 0x14, 0x06,
    0x2b, 0x01, 0x22, 0x26, 0x35, 0x11, 0x34, 0x36, 0xfa, 0xc8, 0x15, 0x1d, 0x1d, 0x15, 0xc8, 0x15,
    0x1d, 0x1d, 0x01, 0xa5, 0xc8, 0x15, 0x1d, 0x1d, 0x15, 0xc8, 0x15, 0x1d, 0x1d, 0x03, 0xe8, 0x1d,
    0x15, 0xfc, 0xe0, 0x15, 0x1d, 0x1d, 0x15, 0x03, 0x20, 0x15, 0x1d, 0x1d, 0x15, 0xfc, 0xe0, 0x15,
    0x1d, 0x1d, 0x15, 0x03, 0x20, 0x15, 0x1d, 0x00, 0x00, 0x01, 0x00, 0xc8, 0x00, 0x64, 0x04, 0x4c,
    0x03, 0xe8, 0x00, 0x0f, 0x00, 0x00, 0x01, 0x11, 0x14, 0x06, 0x23, 0x21, 0x22, 0x26, 0x35, 0x11,
    0x34, 0x36, 0x33, 0x21, 0x32, 0x16, 0x04, 0x4c, 0x1d, 0x15, 0xfc, 0xe0, 0x15, 0x1d, 0x1d, 0x15,
    0x03, 0x20, 0x15, 0x1d, 0x03, 0xb6, 0xfc, 0xe0, 0x15, 0x1d, 0x1d, 0x15, 0x03, 0x20, 0x15, 0x1d,
    0x1d, 0x00, 0x00, 0x00, 0x00, 0x01, 0x00, 0x00, 0x00, 0x19, 0x04, 0x13, 0x04, 0x33, 0x00, 0x15,
    0x00, 0x00, 0x01, 0x11, 0x34, 0x36, 0x17, 0x01, 0x16, 0x14, 0x07, 0x01, 0x06, 0x26, 0x35, 0x11,
    0x01, 0x06, 0x26, 0x35, 0x11, 0x34, 0x36, 0x17, 0x01, 0xf4, 0x15, 0x0f, 0x01, 0xec, 0x0f, 0x0f,
    0xfe, 0x14, 0x0f, 0x15, 0xfe, 0x30, 0x0f, 0x15, 0x15, 0x0f, 0x02, 0x64, 0x01, 0xb6, 0x15, 0x08,
    0x0e, 0xfe, 0x20, 0x0e, 0x2a, 0x0e, 0xfe, 0x20, 0x0e, 0x08, 0x15, 0x01, 0xb6, 0xfe, 0x3b, 0x0e,
    0x08, 0x15, 0x03, 0xe8, 0x15, 0x08, 0x0e, 0x00, 0x00, 0x01, 0xff, 0xfe, 0x00, 0x02, 0x04, 0xb3,
    0x04, 0x4f, 0x00, 0x23, 0x00, 0x00, 0x01, 0x37, 0x32, 0x16, 0x15, 0x13, 0x14, 0x06, 0x23, 0x07,
    0x22, 0x26, 0x35, 0x03, 0x01, 0x06, 0x26, 0x35, 0x03, 0x01, 0x06, 0x26, 0x35, 0x03, 0x34, 0x36,
    0x17, 0x01, 0x03, 0x34, 0x36, 0x17, 0x01, 0x03, 0x34, 0x36, 0x04, 0x18, 0x64, 0x14, 0x1e, 0x05,
    0x1d, 0x15, 0x64, 0x15, 0x1d, 0x02, 0xfe, 0x31, 0x0e, 0x15, 0x02, 0xfe, 0x32, 0x0f, 0x15, 0x05,
    0x15, 0x0f, 0x01, 0xd2, 0x02, 0x15, 0x0f, 0x01, 0xd2, 0x02, 0x1d, 0x04, 0x4e, 0x01, 0x1d, 0x15,
    0xfc, 0x18, 0x15, 0x1d, 0x01, 0x1d, 0x15, 0x01, 0xb5, 0xfe, 0x3a, 0x0f, 0x09, 0x15, 0x01, 0xb5,
    0xfe, 0x39, 0x0e, 0x09, 0x14, 0x03, 0xe8, 0x15, 0x09, 0x0f, 0xfe, 0x3e, 0x01, 0xb6, 0x14, 0x09,
    0x0e, 0xfe, 0x3d, 0x01, 0xb6, 0x15, 0x1d, 0x00, 0x00, 0x01, 0x01, 0x2c, 0x00, 0x00, 0x03, 0xe8,
    0x04, 0x4c, 0x00, 0x19, 0x00, 0x00, 0x01, 0x33, 0x32, 0x16, 0x15, 0x11, 0x14, 0x06, 0x2b, 0x01,
    0x22, 0x26, 0x35, 0x11, 0x01, 0x06, 0x26, 0x35, 0x11, 0x34, 0x36, 0x17, 0x01, 0x11, 0x34, 0x36,
    0x03, 0x52, 0x64, 0x15, 0x1d, 0x1d, 0x15, 0x64, 0x15, 0x1d, 0xfe, 0x30, 0x0f, 0x15, 0x15, 0x0f,
    0x01, 0xd0, 0x1d, 0x04, 0x4c, 0x1d, 0x15, 0xfc, 0x18, 0x15, 0x1d, 0x1d, 0x15, 0x01, 0xb6, 0xfe,
    0x3b, 0x0e, 0x08, 0x15, 0x03, 0xe8, 0x15, 0x08, 0x0e, 0xfe, 0x3b, 0x01, 0xb6, 0x15, 0x1d, 0x00,
    0x00, 0x02, 0x00, 0x64, 0x00, 0xc8, 0x04, 0xb0, 0x04, 0x48, 0x00, 0x0b, 0x00, 0x1b, 0x00, 0x00,
    0x09, 0x01, 0x16, 0x06, 0x23, 0x21, 0x22, 0x26, 0x37, 0x01, 0x36, 0x32, 0x01, 0x21, 0x32, 0x16,
    0x1d, 0x01, 0x14, 0x06, 0x23, 0x21, 0x22, 0x26, 0x3d, 0x01, 0x34, 0x36, 0x02, 0xae, 0x01, 0xf5,
    0x0f, 0x09, 0x16, 0xfb, 0xee, 0x16, 0x09, 0x0f, 0x01, 0xf5, 0x0f, 0x2a, 0xfd, 0xf7, 0x03, 0xe8,
    0x15, 0x1d, 0x1d, 0x15, 0xfc, 0x18, 0x15, 0x1d, 0x1d, 0x04, 0x39, 0xfd, 0xe4, 0x0f, 0x16, 0x16,
    0x0f, 0x02, 0x1c, 0x0f, 0xfd, 0x48, 0x1d, 0x15, 0x64, 0x15, 0x1d, 0x1d, 0x15, 0x64, 0x15, 0x1d,
    0x00, 0x01, 0x00, 0x88, 0xff, 0xfc, 0x03, 0x75, 0x04, 0x4a, 0x00, 0x05, 0x00, 0x00, 0x09, 0x02,
    0x07, 0x09, 0x01, 0x03, 0x75, 0xfe, 0xa0, 0x01, 0x60, 0xc5, 0xfd, 0xd8, 0x02, 0x28, 0x03, 0x84,
    0xfe, 0x9f, 0xfe, 0x9f, 0xc6, 0x02, 0x28, 0x02, 0x26, 0x00, 0x00, 0x00, 0x00, 0x01, 0x01, 0x3b,
    0xff, 0xfc, 0x04, 0x28, 0x04, 0x4a, 0x00, 0x05, 0x00, 0x00, 0x09, 0x01, 0x27, 0x09, 0x01, 0x37,
    0x04, 0x28, 0xfd, 0xd9, 0xc6, 0x01, 0x61, 0xfe, 0x9f, 0xc6, 0x02, 0x23, 0xfd, 0xd9, 0xc6, 0x01,
    0x61, 0x01, 0x61, 0xc6, 0x00, 0x02, 0x00, 0x17, 0x00, 0x17, 0x04, 0x99, 0x04, 0x99, 0x00, 0x0f,
    0x00, 0x33, 0x00, 0x00, 0x00, 0x32, 0x1e, 0x02, 0x14, 0x0e, 0x02, 0x22, 0x2e, 0x02, 0x34, 0x3e,
    0x01, 0x05, 0x23, 0x22, 0x06, 0x1d, 0x01, 0x23, 0x22, 0x06, 0x1d, 0x01, 0x14, 0x16, 0x3b, 0x01,
    0x15, 0x14, 0x16, 0x3b, 0x01, 0x32, 0x36, 0x3d, 0x01, 0x33, 0x32, 0x36, 0x3d, 0x01, 0x34, 0x26,
    0x2b, 0x01, 0x35, 0x34, 0x26, 0x01, 0xe3, 0xea, 0xd6, 0x9b, 0x5b, 0x5b, 0x9b, 0xd6, 0xea, 0xd6,
    0x9b, 0x5b, 0x5b, 0x9b, 0x01, 0x7d, 0x64, 0x15, 0x1d, 0x96, 0x15, 0x1d, 0x1d, 0x15, 0x96, 0x1d,
    0x15, 0x64, 0x15, 0x1d, 0x96, 0x15, 0x1d, 0x1d, 0x15, 0x96, 0x1d, 0x04, 0x99, 0x5b, 0x9b, 0xd6,
    0xea, 0xd6, 0x9b, 0x5b, 0x5b, 0x9b, 0xd6, 0xea, 0xd6, 0x9b, 0xba, 0x1d, 0x15, 0x96, 0x1d, 0x15,
    0x64, 0x15, 0x1d, 0x96, 0x15, 0x1d, 0x1d, 0x15, 0x96, 0x1d, 0x15, 0x64, 0x15, 0x1d, 0x96, 0x15,
    0x1d, 0x00, 0x00, 0x00, 0x00, 0x02, 0x00, 0x17, 0x00, 0x17, 0x04, 0x99, 0x04, 0x99, 0x00, 0x0f,
    0x00, 0x1f, 0x00, 0x00, 0x00, 0x32, 0x1e, 0x02, 0x14, 0x0e, 0x02, 0x22, 0x2e, 0x02, 0x34, 0x3e,
    0x01, 0x01, 0x21, 0x22, 0x06, 0x1d, 0x01, 0x14, 0x16, 0x33, 0x21, 0x32, 0x36, 0x3d, 0x01, 0x34,
    0x26, 0x01, 0xe3, 0xea, 0xd6, 0x9b, 0x5b, 0x5b, 0x9b, 0xd6, 0xea, 0xd6, 0x9b, 0x5b, 0x5b, 0x9b,
    0x02, 0x45, 0xfe, 0x0c, 0x15, 0x1d, 0x1d, 0x15, 0x01, 0xf4, 0x15, 0x1d, 0x1d, 0x04, 0x99, 0x5b,
    0x9b, 0xd6, 0xea, 0xd6, 0x9b, 0x5b, 0x5b, 0x9b, 0xd6, 0xea, 0xd6, 0x9b, 0xfe, 0x7e, 0x1d, 0x15,
    0x64, 0x15, 0x1d, 0x1d, 0x15, 0x64, 0x15, 0x1d, 0x00, 0x02, 0x00, 0x17, 0x00, 0x17, 0x04, 0x99,
    0x04, 0x99, 0x00, 0x0f, 0x00, 0x33, 0x00, 0x00, 0x00, 0x32, 0x1e, 0x02, 0x14, 0x0e, 0x02, 0x22,
    0x2e, 0x02, 0x34, 0x3e, 0x01, 0x04, 0x22, 0x0f, 0x01, 0x27, 0x26, 0x22, 0x0f, 0x01, 0x06, 0x14,
    0x1f, 0x01, 0x07, 0x06, 0x14, 0x1f, 0x01, 0x16, 0x32, 0x3f, 0x01, 0x17, 0x16, 0x32, 0x3f, 0x01,
    0x36, 0x34, 0x2f, 0x01, 0x37, 0x36, 0x34, 0x2f, 0x01, 0x01, 0xe3, 0xea, 0xd6, 0x9b, 0x5b, 0x5b,
    0x9b, 0xd6, 0xea, 0xd6, 0x9b, 0x5b, 0x5b, 0x9b, 0x01, 0xe5, 0x19, 0x09, 0x78, 0x78, 0x09, 0x19,
    0x09, 0x8d, 0x09, 0x09, 0x78, 0x78, 0x09, 0x09, 0x8d, 0x09, 0x19, 0x09, 0x78, 0x78, 0x09, 0x19,
    0x09, 0x8d, 0x09, 0x09, 0x78, 0x78, 0x09, 0x09, 0x8d, 0x04, 0x99, 0x5b, 0x9b, 0xd6, 0xea, 0xd6,
    0x9b, 0x5b, 0x5b, 0x9b, 0xd6, 0xea, 0xd6, 0x9b, 0xad, 0x09, 0x78, 0x78, 0x09, 0x09, 0x8d, 0x09,
    0x19, 0x09, 0x78, 0x78, 0x09, 0x19, 0x09, 0x8d, 0x09, 0x09, 0x78, 0x78, 0x09, 0x09, 0x8d, 0x09,
    0x19, 0x09, 0x78, 0x78, 0x09, 0x19, 0x09, 0x8d, 0x00, 0x02, 0x00, 0x17, 0x00, 0x17, 0x04, 0x99,
    0x04, 0x99, 0x00, 0x0f, 0x00, 0x24, 0x00, 0x00, 0x00, 0x32, 0x1e, 0x02, 0x14, 0x0e, 0x02, 0x22,
    0x2e, 0x02, 0x34, 0x3e, 0x01, 0x01, 0x27, 0x26, 0x22, 0x0f, 0x01, 0x06, 0x14, 0x1f, 0x01, 0x16,
    0x32, 0x37, 0x01, 0x36, 0x34, 0x2f, 0x01, 0x26, 0x22, 0x07, 0x01, 0xe3, 0xea, 0xd6, 0x9b, 0x5b,
    0x5b, 0x9b, 0xd6, 0xea, 0xd6, 0x9b, 0x5b, 0x5b, 0x9b, 0x01, 0x15, 0x54, 0x07, 0x15, 0x08, 0x8b,
    0x07, 0x07, 0xf2, 0x07, 0x15, 0x07, 0x01, 0x77, 0x07, 0x07, 0x8b, 0x07, 0x15, 0x07, 0x04, 0x99,
    0x5b, 0x9b, 0xd6, 0xea, 0xd6, 0x9b, 0x5b, 0x5b, 0x9b, 0xd6, 0xea, 0xd6, 0x9b, 0xfe, 0x31, 0x55,
    0x07, 0x07, 0x8b, 0x08, 0x14, 0x08, 0xf1, 0x08, 0x08, 0x01, 0x77, 0x07, 0x15, 0x08, 0x8b, 0x07,
    0x07, 0x00, 0x00, 0x00, 0x00, 0x03, 0x00, 0x17, 0x00, 0x17, 0x04, 0x99, 0x04, 0x99, 0x00, 0x0f,
    0x00, 0x3b, 0x00, 0x4b, 0x00, 0x00, 0x00, 0x32, 0x1e, 0x02, 0x14, 0x0e, 0x02, 0x22, 0x2e, 0x02,
    0x34, 0x3e, 0x01, 0x05, 0x22, 0x0e, 0x03, 0x15, 0x14, 0x3b, 0x01, 0x16, 0x37, 0x3e, 0x01, 0x33,
    0x32, 0x16, 0x15, 0x14, 0x06, 0x07, 0x22, 0x0e, 0x05, 0x07, 0x06, 0x16, 0x3b, 0x01, 0x32, 0x3e,
    0x03, 0x35, 0x34, 0x2e, 0x03, 0x13, 0x23, 0x22, 0x06, 0x1d, 0x01, 0x14, 0x16, 0x3b, 0x01, 0x32,
    0x36, 0x3d, 0x01, 0x34, 0x26, 0x01, 0xe3, 0xea, 0xd6, 0x9b, 0x5b, 0x5b, 0x9b, 0xd6, 0xea, 0xd6,
    0x9b, 0x5b, 0x5b, 0x9b, 0x01, 0x3f, 0x1d, 0x3c, 0x42, 0x32, 0x21, 0x14, 0x83, 0x1e, 0x05, 0x06,
    0x1d, 0x1f, 0x14, 0x17, 0x0e, 0x13, 0x01, 0x19, 0x0e, 0x1a, 0x12, 0x13, 0x0c, 0x02, 0x01, 0x0d,
    0x0e, 0xad, 0x07, 0x1e, 0x28, 0x23, 0x18, 0x22, 0x33, 0x44, 0x3c, 0x3a, 0x96, 0x0a, 0x0f, 0x0f,
    0x0a, 0x96, 0x0a, 0x0f, 0x0f, 0x04, 0x99, 0x5b, 0x9b, 0xd6, 0xea, 0xd6, 0x9b, 0x5b, 0x5b, 0x9b,
    0xd6, 0xea, 0xd6, 0x9b, 0x91, 0x0b, 0x1e, 0x2f, 0x4f, 0x32, 0x19, 0x05, 0x10, 0x14, 0x10, 0x15,
    0x12, 0x17, 0x16, 0x07, 0x08, 0x07, 0x0e, 0x14, 0x1c, 0x2a, 0x19, 0x08, 0x11, 0x10, 0x28, 0x38,
    0x5c, 0x36, 0x2f, 0x48, 0x2a, 0x1b, 0x09, 0xfd, 0xe3, 0x0f, 0x0a, 0x96, 0x0a, 0x0f, 0x0f, 0x0a,
    0x96, 0x0a, 0x0f, 0x00, 0x00, 0x03, 0x00, 0x17, 0x00, 0x17, 0x04, 0x99, 0x04, 0x99, 0x00, 0x0f,
    0x00, 0x1f, 0x00, 0x3e, 0x00, 0x00, 0x00, 0x32, 0x1e, 0x02, 0x14, 0x0e, 0x02, 0x22, 0x2e, 0x02,
    0x34, 0x3e, 0x01, 0x05, 0x23, 0x22, 0x06, 0x1d, 0x01, 0x14, 0x16, 0x3b, 0x01, 0x32, 0x36, 0x3d,
    0x01, 0x34, 0x26, 0x03, 0x23, 0x22, 0x06, 0x1d, 0x01, 0x14, 0x16, 0x3b, 0x01, 0x15, 0x23, 0x22,
    0x06, 0x1d, 0x01, 0x14, 0x16, 0x33, 0x21, 0x32, 0x36, 0x3d, 0x01, 0x34, 0x26, 0x2b, 0x01, 0x11,
    0x34, 0x26, 0x01, 0xe3, 0xea, 0xd6, 0x9b, 0x5b, 0x5b, 0x9b, 0xd6, 0xea, 0xd6, 0x9b, 0x5b, 0x5b,
    0x9b, 0x01, 0x96, 0x96, 0x0a, 0x0f, 0x0f, 0x0a, 0x96, 0x0a, 0x0f, 0x0f, 0x0a, 0xfa, 0x0a, 0x0f,
    0x0f, 0x0a, 0x4b, 0x4b, 0x0a, 0x0f, 0x0f, 0x0a, 0x01, 0x5e, 0x0a, 0x0f, 0x0f, 0x0a, 0x4b, 0x0f,
    0x04, 0x99, 0x5b, 0x9b, 0xd6, 0xea, 0xd6, 0x9b, 0x5b, 0x5b, 0x9b, 0xd6, 0xea, 0xd6, 0x9b, 0x56,
    0x0f, 0x0a, 0x96, 0x0a, 0x0f, 0x0f, 0x0a, 0x96, 0x0a, 0x0f, 0xfe, 0xd4, 0x0f, 0x0a, 0x32, 0x0a,
    0x0f, 0xc8, 0x0f, 0x0a, 0x32, 0x0a, 0x0f, 0x0f, 0x0a, 0x32, 0x0a, 0x0f, 0x01, 0x13, 0x0a, 0x0f,
    0x00, 0x02, 0x00, 0x00, 0x00, 0x00, 0x04, 0xb0, 0x04, 0xb0, 0x00, 0x2f, 0x00, 0x5f, 0x00, 0x00,
    0x01, 0x33, 0x32, 0x16, 0x1d, 0x01, 0x1e, 0x01, 0x17, 0x33, 0x32, 0x16, 0x1d, 0x01, 0x14, 0x06,
    0x2b, 0x01, 0x0e, 0x01, 0x07, 0x15, 0x14, 0x06, 0x2b, 0x01, 0x22, 0x26, 0x3d, 0x01, 0x2e, 0x01,
    0x27, 0x23, 0x22, 0x26, 0x3d, 0x01, 0x34, 0x36, 0x3b, 0x01, 0x3e, 0x01, 0x37, 0x35, 0x34, 0x36,
    0x13, 0x15, 0x14, 0x06, 0x2b, 0x01, 0x22, 0x26, 0x3d, 0x01, 0x0e, 0x01, 0x07, 0x33, 0x32, 0x16,
    0x1d, 0x01, 0x14, 0x06, 0x2b, 0x01, 0x1e, 0x01, 0x17, 0x35, 0x34, 0x36, 0x3b, 0x01, 0x32, 0x16,
    0x1d, 0x01, 0x3e, 0x01, 0x37, 0x23, 0x22, 0x26, 0x3d, 0x01, 0x34, 0x36, 0x3b, 0x01, 0x2e, 0x01,
    0x02, 0x0d, 0x96, 0x0a, 0x0f, 0x67, 0x97, 0x1b, 0xc2, 0x0a, 0x0f, 0x0f, 0x0a, 0xc2, 0x1b, 0x97,
    0x67, 0x0f, 0x0a, 0x96, 0x0a, 0x0f, 0x67, 0x97, 0x1b, 0xc2, 0x0a, 0x0f, 0x0f, 0x0a, 0xc2, 0x1b,
    0x97, 0x67, 0x0f, 0xb9, 0x0f, 0x0a, 0x96, 0x0a, 0x0f, 0x44, 0x66, 0x17, 0xa8, 0x0a, 0x0f, 0x0f,
    0x0a, 0xa8, 0x17, 0x66, 0x44, 0x0f, 0x0a, 0x96, 0x0a, 0x0f, 0x44, 0x66, 0x17, 0xa8, 0x0a, 0x0f,
    0x0f, 0x0a, 0xa8, 0x17, 0x66, 0x04, 0xb0, 0x0f, 0x0a, 0xc2, 0x1b, 0x97, 0x67, 0x0f, 0x0a, 0x96,
    0x0a, 0x0f, 0x67, 0x97, 0x1b, 0xc2, 0x0a, 0x0f, 0x0f, 0x0a, 0xc2, 0x1b, 0x97, 0x67, 0x0f, 0x0a,
    0x96, 0x0a, 0x0f, 0x67, 0x97, 0x1b, 0xc2, 0x0a, 0x0f, 0xfe, 0xcd, 0xa8, 0x0a, 0x0f, 0x0f, 0x0a,
    0xa8, 0x17, 0x66, 0x44, 0x0f, 0x0a, 0x96, 0x0a, 0x0f, 0x44, 0x66, 0x17, 0xa8, 0x0a, 0x0f, 0x0f,
    0x0a, 0xa8, 0x17, 0x66, 0x44, 0x0f, 0x0a, 0x96, 0x0a, 0x0f, 0x44, 0x66, 0x00, 0x03, 0x00, 0x17,
    0x00, 0x17, 0x04, 0x99, 0x04, 0x99, 0x00, 0x0f, 0x00, 0x1b, 0x00, 0x3f, 0x00, 0x00, 0x00, 0x32,
    0x1e, 0x02, 0x14, 0x0e, 0x02, 0x22, 0x2e, 0x02, 0x34, 0x3e, 0x01, 0x04, 0x22, 0x0e, 0x01, 0x14,
    0x1e, 0x01, 0x32, 0x3e, 0x01, 0x34, 0x26, 0x07, 0x17, 0x16, 0x14, 0x0f, 0x01, 0x17, 0x16, 0x14,
    0x0f, 0x01, 0x06, 0x22, 0x2f, 0x01, 0x07, 0x06, 0x22, 0x2f, 0x01, 0x26, 0x34, 0x3f, 0x01, 0x27,
    0x26, 0x34, 0x3f, 0x01, 0x36, 0x32, 0x1f, 0x01, 0x37, 0x36, 0x32, 0x01, 0xe3, 0xea, 0xd6, 0x9b,
    0x5b, 0x5b, 0x9b, 0xd6, 0xea, 0xd6, 0x9b, 0x5b, 0x5b, 0x9b, 0x01, 0xbf, 0xe8, 0xc5, 0x72, 0x72,
    0xc5, 0xe8, 0xc5, 0x72, 0x72, 0x9a, 0x40, 0x07, 0x07, 0x7c, 0x7c, 0x07, 0x07, 0x40, 0x07, 0x15,
    0x07, 0x7c, 0x7c, 0x07, 0x15, 0x07, 0x40, 0x07, 0x07, 0x7c, 0x7c, 0x07, 0x07, 0x40, 0x07, 0x15,
    0x07, 0x7c, 0x7c, 0x07, 0x15, 0x04, 0x99, 0x5b, 0x9b, 0xd6, 0xea, 0xd6, 0x9b, 0x5b, 0x5b, 0x9b,
    0xd6, 0xea, 0xd6, 0x9b, 0x3b, 0x72, 0xc5, 0xe8, 0xc5, 0x72, 0x72, 0xc5, 0xe8, 0xc5, 0x5a, 0x40,
    0x07, 0x15, 0x07, 0x7c, 0x7c, 0x07, 0x15, 0x07, 0x40, 0x07, 0x07, 0x7c, 0x7c, 0x07, 0x07, 0x40,
    0x07, 0x15, 0x07, 0x7c, 0x7c, 0x07, 0x15, 0x07, 0x40, 0x07, 0x07, 0x7c, 0x7c, 0x07, 0x00, 0x00,
    0x00, 0x03, 0x00, 0x17, 0x00, 0x17, 0x04, 0x99, 0x04, 0x99, 0x00, 0x0f, 0x00, 0x1b, 0x00, 0x30,
    0x00, 0x00, 0x00, 0x32, 0x1e, 0x02, 0x14, 0x0e, 0x02, 0x22, 0x2e, 0x02, 0x34, 0x3e, 0x01, 0x04,
    0x22, 0x0e, 0x01, 0x14, 0x1e, 0x01, 0x32, 0x3e, 0x01, 0x34, 0x26, 0x07, 0x17, 0x16, 0x14, 0x07,
    0x01, 0x06, 0x22, 0x2f, 0x01, 0x26, 0x34, 0x3f, 0x01, 0x36, 0x32, 0x1f, 0x01, 0x37, 0x36, 0x32,
    0x01, 0xe3, 0xea, 0xd6, 0x9b, 0x5b, 0x5b, 0x9b, 0xd6, 0xea, 0xd6, 0x9b, 0x5b, 0x5b, 0x9b, 0x01,
    0xbf, 0xe8, 0xc5, 0x72, 0x72, 0xc5, 0xe8, 0xc5, 0x72, 0x72, 0x83, 0x6a, 0x07, 0x07, 0xfe, 0xc0,
    0x08, 0x14, 0x08, 0xca, 0x08, 0x08, 0x6a, 0x07, 0x15, 0x07, 0x4f, 0xc5, 0x07, 0x15, 0x04, 0x99,
    0x5b, 0x9b, 0xd6, 0xea, 0xd6, 0x9b, 0x5b, 0x5b, 0x9b, 0xd6, 0xea, 0xd6, 0x9b, 0x3b, 0x72, 0xc5,
    0xe8, 0xc5, 0x72, 0x72, 0xc5, 0xe8, 0xc5, 0x7d, 0x6a, 0x07, 0x15, 0x07, 0xfe, 0xbf, 0x07, 0x07,
    0xcb, 0x07, 0x15, 0x07, 0x6a, 0x08, 0x08, 0x4f, 0xc5, 0x07, 0x00, 0x00, 0x00, 0x03, 0x00, 0x17,
    0x00, 0x17, 0x04, 0x99, 0x04, 0x99, 0x00, 0x0f, 0x00, 0x18, 0x00, 0x21, 0x00, 0x00, 0x00, 0x32,
    0x1e, 0x02, 0x14, 0x0e, 0x02, 0x22, 0x2e, 0x02, 0x34, 0x3e, 0x01, 0x05, 0x22, 0x0e, 0x01, 0x15,
    0x14, 0x17, 0x01, 0x26, 0x17, 0x01, 0x16, 0x33, 0x32, 0x3e, 0x01, 0x35, 0x34, 0x01, 0xe3, 0xea,
    0xd6, 0x9b, 0x5b, 0x5b, 0x9b, 0xd6, 0xea, 0xd6, 0x9b, 0x5b, 0x5b, 0x9b, 0x01, 0x4b, 0x74, 0xc5,
    0x72, 0x41, 0x02, 0x4b, 0x69, 0xf5, 0xfd, 0xb8, 0x68, 0x73, 0x74, 0xc5, 0x72, 0x04, 0x99, 0x5b,
    0x9b, 0xd6, 0xea, 0xd6, 0x9b, 0x5b, 0x5b, 0x9b, 0xd6, 0xea, 0xd6, 0x9b, 0x3b, 0x72, 0xc5, 0x74,
    0x78, 0x69, 0x02, 0x4b, 0x41, 0xd0, 0xfd, 0xb8, 0x3e, 0x72, 0xc5, 0x74, 0x73, 0x00, 0x00, 0x00,
    0x00, 0x01, 0x00, 0x17, 0x00, 0x53, 0x04, 0xb0, 0x03, 0xf9, 0x00, 0x15, 0x00, 0x00, 0x13, 0x01,
    0x36, 0x16, 0x15, 0x11, 0x21, 0x32, 0x16, 0x1d, 0x01, 0x14, 0x06, 0x23, 0x21, 0x11, 0x14, 0x06,
    0x27, 0x01, 0x26, 0x34, 0x27, 0x02, 0x0a, 0x10, 0x17, 0x02, 0x26, 0x15, 0x1d, 0x1d, 0x15, 0xfd,
    0xda, 0x17, 0x10, 0xfd, 0xf6, 0x10, 0x02, 0x46, 0x01, 0xab, 0x0d, 0x0a, 0x15, 0xfe, 0xdd, 0x1d,
    0x15, 0xc8, 0x15, 0x1d, 0xfe, 0xdd, 0x15, 0x0a, 0x0d, 0x01, 0xab, 0x0d, 0x26, 0x00, 0x00, 0x00,
    0x00, 0x01, 0x00, 0x00, 0x00, 0x53, 0x04, 0x99, 0x03, 0xf9, 0x00, 0x15, 0x00, 0x00, 0x09, 0x01,
    0x16, 0x14, 0x07, 0x01, 0x06, 0x26, 0x35, 0x11, 0x21, 0x22, 0x26, 0x3d, 0x01, 0x34, 0x36, 0x33,
    0x21, 0x11, 0x34, 0x36, 0x02, 0x7f, 0x02, 0x0a, 0x10, 0x10, 0xfd, 0xf6, 0x10, 0x17, 0xfd, 0xda,
    0x15, 0x1d, 0x1d, 0x15, 0x02, 0x26, 0x17, 0x03, 0xf1, 0xfe, 0x55, 0x0d, 0x26, 0x0d, 0xfe, 0x55,
    0x0d, 0x0a, 0x15, 0x01, 0x23, 0x1d, 0x15, 0xc8, 0x15, 0x1d, 0x01, 0x23, 0x15, 0x0a, 0x00, 0x00,
    0x00, 0x01, 0x00, 0xb7, 0x00, 0x00, 0x04, 0x5d, 0x04, 0x99, 0x00, 0x15, 0x00, 0x00, 0x09, 0x01,
    0x16, 0x06, 0x23, 0x21, 0x11, 0x14, 0x06, 0x2b, 0x01, 0x22, 0x26, 0x35, 0x11, 0x21, 0x22, 0x26,
    0x37, 0x01, 0x36, 0x32, 0x02, 0xaa, 0x01, 0xab, 0x0d, 0x0a, 0x15, 0xfe, 0xdd, 0x1d, 0x15, 0xc8,
    0x15, 0x1d, 0xfe, 0xdd, 0x15, 0x0a, 0x0d, 0x01, 0xab, 0x0d, 0x26, 0x04, 0x89, 0xfd, 0xf6, 0x10,
    0x17, 0xfd, 0xda, 0x15, 0x1d, 0x1d, 0x15, 0x02, 0x26, 0x17, 0x10, 0x02, 0x0a, 0x10, 0x00, 0x00,
    0x00, 0x01, 0x00, 0xb7, 0x00, 0x17, 0x04, 0x5d, 0x04, 0xb0, 0x00, 0x15, 0x00, 0x00, 0x01, 0x33,
    0x32, 0x16, 0x15, 0x11, 0x21, 0x32, 0x16, 0x07, 0x01, 0x06, 0x22, 0x27, 0x01, 0x26, 0x36, 0x33,
    0x21, 0x11, 0x34, 0x36, 0x02, 0x26, 0xc8, 0x15, 0x1d, 0x01, 0x23, 0x15, 0x0a, 0x0d, 0xfe, 0x55,
    0x0d, 0x26, 0x0d, 0xfe, 0x55, 0x0d, 0x0a, 0x15, 0x01, 0x23, 0x1d, 0x04, 0xb0, 0x1d, 0x15, 0xfd,
    0xda, 0x17, 0x10, 0xfd, 0xf6, 0x10, 0x10, 0x02, 0x0a, 0x10, 0x17, 0x02, 0x26, 0x15, 0x1d, 0x00,
    0x00, 0x01, 0x00, 0x00, 0x00, 0xb7, 0x04, 0x99, 0x04, 0x5d, 0x00, 0x17, 0x00, 0x00, 0x09, 0x01,
    0x16, 0x14, 0x07, 0x01, 0x06, 0x26, 0x35, 0x11, 0x0e, 0x03, 0x07, 0x3e, 0x04, 0x37, 0x11, 0x34,
    0x36, 0x02, 0x7f, 0x02, 0x0a, 0x10, 0x10, 0xfd, 0xf6, 0x10, 0x17, 0x5e, 0xb0, 0xa5, 0x81, 0x24,
    0x05, 0x2c, 0x5b, 0x87, 0xc7, 0x7e, 0x17, 0x04, 0x55, 0xfe, 0x55, 0x0d, 0x26, 0x0d, 0xfe, 0x55,
    0x0d, 0x0a, 0x15, 0x01, 0x23, 0x02, 0x24, 0x44, 0x75, 0x4d, 0x69, 0xb1, 0x9d, 0x71, 0x46, 0x07,
    0x01, 0x06, 0x15, 0x0a, 0x00, 0x02, 0x00, 0x00, 0x00, 0x00, 0x04, 0xb0, 0x04, 0xb0, 0x00, 0x15,
    0x00, 0x2b, 0x00, 0x00, 0x01, 0x21, 0x32, 0x16, 0x15, 0x11, 0x14, 0x06, 0x2f, 0x01, 0x07, 0x06,
    0x22, 0x2f, 0x01, 0x26, 0x34, 0x3f, 0x01, 0x27, 0x26, 0x36, 0x01, 0x21, 0x22, 0x26, 0x35, 0x11,
    0x34, 0x36, 0x1f, 0x01, 0x37, 0x36, 0x32, 0x1f, 0x01, 0x16, 0x14, 0x0f, 0x01, 0x17, 0x16, 0x06,
    0x03, 0x52, 0x01, 0x2c, 0x15, 0x1d, 0x15, 0x0e, 0x5e, 0xf9, 0x08, 0x14, 0x08, 0x6a, 0x07, 0x07,
    0xf9, 0x5e, 0x0e, 0x08, 0xfe, 0x21, 0xfe, 0xd4, 0x15, 0x1d, 0x15, 0x0e, 0x5e, 0xf9, 0x08, 0x14,
    0x08, 0x6a, 0x07, 0x07, 0xf9, 0x5e, 0x0e, 0x08, 0x04, 0xb0, 0x1d, 0x15, 0xfe, 0xd4, 0x15, 0x08,
    0x0e, 0x5e, 0xf9, 0x07, 0x07, 0x6a, 0x08, 0x14, 0x08, 0xf9, 0x5e, 0x0e, 0x15, 0xfb, 0x50, 0x1d,
    0x15, 0x01, 0x2c, 0x15, 0x08, 0x0e, 0x5e, 0xf9, 0x07, 0x07, 0x6a, 0x08, 0x14, 0x08, 0xf9, 0x5e,
    0x0e, 0x15, 0x00, 0x00, 0x00, 0x02, 0x00, 0x49, 0x00, 0x49, 0x04, 0x67, 0x04, 0x67, 0x00, 0x15,
    0x00, 0x2b, 0x00, 0x00, 0x01, 0x17, 0x16, 0x14, 0x0f, 0x01, 0x17, 0x16, 0x06, 0x23, 0x21, 0x22,
    0x26, 0x35, 0x11, 0x34, 0x36, 0x1f, 0x01, 0x37, 0x36, 0x32, 0x01, 0x21, 0x32, 0x16, 0x15, 0x11,
    0x14, 0x06, 0x2f, 0x01, 0x07, 0x06, 0x22, 0x2f, 0x01, 0x26, 0x34, 0x3f, 0x01, 0x27, 0x26, 0x36,
    0x03, 0xf6, 0x6a, 0x07, 0x07, 0xf9, 0x5e, 0x0e, 0x08, 0x15, 0xfe, 0xd4, 0x15, 0x1d, 0x15, 0x0e,
    0x5e, 0xf9, 0x08, 0x14, 0xfd, 0x0c, 0x01, 0x2c, 0x15, 0x1d, 0x15, 0x0e, 0x5e, 0xf9, 0x08, 0x14,
    0x08, 0x6a, 0x07, 0x07, 0xf9, 0x5e, 0x0e, 0x08, 0x04, 0x60, 0x6a, 0x08, 0x14, 0x08, 0xf9, 0x5e,
    0x0e, 0x15, 0x1d, 0x15, 0x01, 0x2c, 0x15, 0x08, 0x0e, 0x5e, 0xf9, 0x07, 0xfd, 0xf1, 0x1d, 0x15,
    0xfe, 0xd4, 0x15, 0x08, 0x0e, 0x5e, 0xf9, 0x07, 0x07, 0x6a, 0x08, 0x14, 0x08, 0xf9, 0x5e, 0x0e,
    0x15, 0x00, 0x00, 0x00, 0x00, 0x03, 0x00, 0x17, 0x00, 0x17, 0x04, 0x99, 0x04, 0x99, 0x00, 0x0f,
    0x00, 0x1f, 0x00, 0x2f, 0x00, 0x00, 0x00, 0x32, 0x1e, 0x02, 0x14, 0x0e, 0x02, 0x22, 0x2e, 0x02,
    0x34, 0x3e, 0x01, 0x05, 0x23, 0x22, 0x06, 0x17, 0x13, 0x1e, 0x01, 0x3b, 0x01, 0x32, 0x36, 0x37,
    0x13, 0x36, 0x26, 0x03, 0x23, 0x22, 0x06, 0x1d, 0x01, 0x14, 0x16, 0x3b, 0x01, 0x32, 0x36, 0x3d,
    0x01, 0x34, 0x26, 0x01, 0xe3, 0xea, 0xd6, 0x9b, 0x5b, 0x5b, 0x9b, 0xd6, 0xea, 0xd6, 0x9b, 0x5b,
    0x5b, 0x9b, 0x01, 0xb3, 0xd0, 0x14, 0x18, 0x04, 0x3a, 0x04, 0x23, 0x14, 0x36, 0x14, 0x23, 0x04,
    0x3a, 0x04, 0x18, 0x31, 0x96, 0x0a, 0x0f, 0x0f, 0x0a, 0x96, 0x0a, 0x0f, 0x0f, 0x04, 0x99, 0x5b,
    0x9b, 0xd6, 0xea, 0xd6, 0x9b, 0x5b, 0x5b, 0x9b, 0xd6, 0xea, 0xd6, 0x9b, 0xba, 0x1d, 0x14, 0xfe,
    0xd2, 0x14, 0x1d, 0x1d, 0x14, 0x01, 0x2e, 0x14, 0x1d, 0xfe, 0x0c, 0x0f, 0x0a, 0x96, 0x0a, 0x0f,
    0x0f, 0x0a, 0x96, 0x0a, 0x0f, 0x00, 0x00, 0x00, 0x00, 0x05, 0x00, 0x00, 0x00, 0x00, 0x04, 0xb0,
    0x04, 0xb0, 0x00, 0x49, 0x00, 0x55, 0x00, 0x61, 0x00, 0x68, 0x00, 0x6f, 0x00, 0x00, 0x01, 0x32,
    0x16, 0x1f, 0x01, 0x16, 0x1f, 0x01, 0x16, 0x17, 0x16, 0x37, 0x36, 0x3f, 0x01, 0x36, 0x37, 0x36,
    0x33, 0x32, 0x16, 0x1f, 0x01, 0x16, 0x1f, 0x02, 0x1e, 0x01, 0x3b, 0x01, 0x32, 0x16, 0x1d, 0x01,
    0x14, 0x06, 0x2b, 0x01, 0x22, 0x06, 0x1d, 0x01, 0x21, 0x11, 0x23, 0x11, 0x21, 0x35, 0x34, 0x26,
    0x2b, 0x01, 0x22, 0x26, 0x3d, 0x01, 0x34, 0x36, 0x3b, 0x01, 0x32, 0x36, 0x35, 0x34, 0x3f, 0x01,
    0x36, 0x37, 0x3e, 0x04, 0x05, 0x07, 0x06, 0x16, 0x3b, 0x01, 0x32, 0x36, 0x2f, 0x01, 0x2e, 0x01,
    0x05, 0x27, 0x26, 0x06, 0x0f, 0x01, 0x06, 0x16, 0x3b, 0x01, 0x32, 0x36, 0x13, 0x21, 0x22, 0x26,
    0x35, 0x11, 0x29, 0x01, 0x11, 0x14, 0x06, 0x23, 0x21, 0x11, 0x01, 0x04, 0x09, 0x14, 0x05, 0x05,
    0x16, 0x16, 0xc4, 0x15, 0x0f, 0x1d, 0x08, 0x0b, 0x26, 0xc4, 0x16, 0x17, 0x11, 0x15, 0x17, 0x30,
    0x0d, 0x0d, 0x0e, 0x04, 0x19, 0x08, 0x01, 0x0f, 0x0a, 0x3d, 0x0a, 0x0f, 0x0f, 0x0a, 0x32, 0x0a,
    0x0f, 0xfe, 0x70, 0xc8, 0xfe, 0x70, 0x0f, 0x0a, 0x32, 0x0a, 0x0f, 0x0f, 0x0a, 0x3d, 0x0b, 0x0e,
    0x09, 0x19, 0x05, 0x0e, 0x02, 0x06, 0x15, 0x16, 0x1f, 0x02, 0x9d, 0xa6, 0x07, 0x04, 0x0a, 0xdb,
    0x0a, 0x0a, 0x03, 0x33, 0x03, 0x10, 0xfe, 0x35, 0xb1, 0x08, 0x10, 0x03, 0x33, 0x03, 0x0a, 0x0a,
    0xe7, 0x0b, 0x03, 0x1e, 0xfe, 0x89, 0x0a, 0x0f, 0x01, 0x90, 0x02, 0x58, 0x0f, 0x0a, 0xfe, 0x89,
    0x04, 0xb0, 0x04, 0x02, 0x02, 0x0a, 0x0d, 0x76, 0x0d, 0x0b, 0x15, 0x09, 0x0d, 0x16, 0x76, 0x0d,
    0x0a, 0x07, 0x21, 0x11, 0x10, 0x15, 0x18, 0x7b, 0x2c, 0x09, 0x0b, 0x0f, 0x0a, 0x32, 0x0a, 0x0f,
    0x0f, 0x0a, 0xaf, 0x01, 0x2c, 0xfe, 0xd4, 0xaf, 0x0a, 0x0f, 0x0f, 0x0a, 0x32, 0x0a, 0x0f, 0x06,
    0x05, 0x04, 0x30, 0x80, 0x19, 0x14, 0x03, 0x08, 0x16, 0x11, 0x0e, 0x79, 0xa2, 0x07, 0x0a, 0x0e,
    0x0a, 0x95, 0x0a, 0x04, 0xaa, 0x9d, 0x07, 0x04, 0x0a, 0x8f, 0x0a, 0x0e, 0x0a, 0xfc, 0x72, 0x0f,
    0x0a, 0x01, 0x77, 0xfe, 0x89, 0x0a, 0x0f, 0x01, 0x90, 0x00, 0x00, 0x00, 0x00, 0x02, 0x00, 0x00,
    0x00, 0x0c, 0x04, 0xaf, 0x04, 0xa6, 0x00, 0x2b, 0x00, 0x49, 0x00, 0x00, 0x01, 0x36, 0x16, 0x15,
    0x06, 0x02, 0x0e, 0x04, 0x2e, 0x01, 0x27, 0x26, 0x07, 0x26, 0x0e, 0x01, 0x0f, 0x01, 0x06, 0x26,
    0x35, 0x34, 0x37, 0x3e, 0x01, 0x37, 0x3e, 0x01, 0x27, 0x2e, 0x01, 0x3e, 0x01, 0x37, 0x3e, 0x06,
    0x17, 0x26, 0x06, 0x07, 0x0e, 0x01, 0x0f, 0x01, 0x0e, 0x04, 0x07, 0x0e, 0x01, 0x16, 0x36, 0x37,
    0x3e, 0x02, 0x37, 0x3e, 0x03, 0x37, 0x3e, 0x01, 0x04, 0x8d, 0x08, 0x1a, 0x02, 0x2d, 0x42, 0x6c,
    0x61, 0x8b, 0x62, 0x8e, 0x44, 0x38, 0x3d, 0x11, 0x04, 0x11, 0x33, 0x1b, 0x99, 0x1a, 0x16, 0x2a,
    0x08, 0x55, 0x18, 0x13, 0x20, 0x03, 0x09, 0x02, 0x10, 0x3a, 0x31, 0x27, 0x52, 0x61, 0x5c, 0x87,
    0x7b, 0xc0, 0x25, 0x08, 0x1d, 0x1f, 0x26, 0xa2, 0x3d, 0x3e, 0x38, 0x5c, 0x74, 0x59, 0x52, 0x17,
    0x18, 0x0e, 0x12, 0x2d, 0x21, 0x19, 0x8a, 0x71, 0x5b, 0x46, 0x61, 0x6b, 0x5b, 0x29, 0x16, 0x04,
    0x04, 0xa6, 0x03, 0x13, 0x08, 0xb2, 0xfe, 0xdd, 0xc8, 0x95, 0x58, 0x31, 0x11, 0x08, 0x0b, 0x0b,
    0x0c, 0x01, 0x01, 0x02, 0x1b, 0x1b, 0x99, 0x18, 0x13, 0x22, 0x40, 0x26, 0x08, 0x4a, 0x15, 0x11,
    0x3c, 0x1f, 0x37, 0x5f, 0x7f, 0x85, 0x3f, 0x33, 0x4a, 0x35, 0x25, 0x23, 0x1b, 0x2f, 0x44, 0x09,
    0x18, 0x26, 0x2f, 0x71, 0x21, 0x21, 0x1e, 0x36, 0x52, 0x4f, 0x67, 0x35, 0x38, 0x3c, 0x04, 0x27,
    0x28, 0x1e, 0x5b, 0x40, 0x31, 0x25, 0x40, 0x5f, 0x7f, 0x55, 0x32, 0x14, 0x00, 0x01, 0x00, 0x5d,
    0x00, 0x1e, 0x04, 0x72, 0x04, 0xcf, 0x00, 0x4f, 0x00, 0x00, 0x01, 0x0e, 0x01, 0x1e, 0x04, 0x17,
    0x2e, 0x07, 0x3e, 0x01, 0x37, 0x1e, 0x03, 0x06, 0x07, 0x0e, 0x04, 0x07, 0x06, 0x27, 0x26, 0x37,
    0x36, 0x37, 0x3e, 0x04, 0x2e, 0x01, 0x27, 0x16, 0x0e, 0x03, 0x26, 0x27, 0x2e, 0x01, 0x27, 0x26,
    0x3e, 0x04, 0x37, 0x06, 0x1e, 0x03, 0x37, 0x3e, 0x01, 0x2e, 0x02, 0x27, 0x26, 0x3e, 0x03, 0x02,
    0x8d, 0x27, 0x1f, 0x0a, 0x27, 0x38, 0x47, 0x42, 0x20, 0x04, 0x1b, 0x0a, 0x18, 0x0a, 0x10, 0x03,
    0x01, 0x09, 0x12, 0x0e, 0x60, 0x8a, 0x48, 0x20, 0x06, 0x10, 0x0d, 0x3e, 0x4a, 0x53, 0x3e, 0x16,
    0x48, 0x37, 0x1f, 0x12, 0x06, 0x0b, 0x0d, 0x27, 0x2b, 0x22, 0x09, 0x16, 0x4e, 0x41, 0x0a, 0x15,
    0x35, 0x4d, 0x5b, 0x60, 0x2f, 0x50, 0x67, 0x02, 0x02, 0x04, 0x05, 0x16, 0x21, 0x3b, 0x28, 0x08,
    0x06, 0x1d, 0x27, 0x32, 0x18, 0x1f, 0x0f, 0x18, 0x22, 0x26, 0x07, 0x0f, 0x22, 0x49, 0x62, 0x59,
    0x04, 0xcf, 0x43, 0x80, 0x65, 0x5c, 0x44, 0x39, 0x24, 0x0c, 0x07, 0x38, 0x17, 0x38, 0x1e, 0x36,
    0x23, 0x31, 0x25, 0x29, 0x12, 0x2a, 0x83, 0x91, 0xa7, 0x97, 0x4a, 0x37, 0x67, 0x47, 0x3a, 0x20,
    0x06, 0x16, 0x0b, 0x06, 0x0d, 0x03, 0x04, 0x05, 0x20, 0x38, 0x47, 0x5c, 0x61, 0x75, 0x39, 0x68,
    0xaa, 0x6f, 0x4b, 0x1d, 0x07, 0x15, 0x24, 0x9c, 0x5d, 0x17, 0x35, 0x34, 0x3c, 0x3c, 0x45, 0x22,
    0x35, 0x63, 0x51, 0x38, 0x16, 0x09, 0x0d, 0x2e, 0x40, 0x41, 0x55, 0x21, 0x55, 0x99, 0x68, 0x51,
    0x29, 0x00, 0x00, 0x00, 0x00, 0x03, 0xff, 0xdc, 0x00, 0x6a, 0x04, 0xd4, 0x04, 0x46, 0x00, 0x1b,
    0x00, 0x3f, 0x00, 0x51, 0x00, 0x00, 0x00, 0x32, 0x1e, 0x05, 0x14, 0x0e, 0x05, 0x22, 0x2e, 0x05,
    0x34, 0x3e, 0x04, 0x05, 0x26, 0x06, 0x17, 0x16, 0x15, 0x14, 0x06, 0x22, 0x26, 0x35, 0x34, 0x37,
    0x36, 0x26, 0x07, 0x06, 0x07, 0x0e, 0x01, 0x17, 0x1e, 0x04, 0x32, 0x3e, 0x03, 0x37, 0x36, 0x26,
    0x27, 0x26, 0x05, 0x07, 0x0e, 0x01, 0x17, 0x16, 0x17, 0x16, 0x36, 0x3f, 0x01, 0x36, 0x26, 0x27,
    0x26, 0x27, 0x2e, 0x01, 0x02, 0x06, 0xa4, 0x9d, 0x7b, 0x6e, 0x4f, 0x39, 0x1c, 0x1c, 0x3a, 0x4f,
    0x6e, 0x7b, 0x9d, 0xa2, 0x9d, 0x7b, 0x6e, 0x4f, 0x3a, 0x1c, 0x1c, 0x39, 0x4f, 0x6e, 0x7b, 0x02,
    0x0f, 0x0f, 0x06, 0x08, 0x19, 0xb0, 0xf8, 0xb0, 0x17, 0x08, 0x07, 0x0e, 0x46, 0x5a, 0x0d, 0x04,
    0x0b, 0x16, 0x32, 0x5a, 0x5f, 0x83, 0x88, 0x83, 0x5f, 0x5a, 0x32, 0x16, 0x0b, 0x04, 0x0c, 0x5a,
    0xfd, 0xff, 0x23, 0x0f, 0x09, 0x09, 0x25, 0x38, 0x10, 0x2d, 0x0e, 0x23, 0x0e, 0x03, 0x0f, 0x2c,
    0x2d, 0x0b, 0x22, 0x04, 0x46, 0x2d, 0x49, 0x5c, 0x62, 0x5c, 0x49, 0x2a, 0x49, 0x5c, 0x62, 0x5c,
    0x49, 0x2d, 0x2d, 0x49, 0x5c, 0x62, 0x5c, 0x49, 0x2a, 0x49, 0x5c, 0x62, 0x5c, 0x49, 0xdc, 0x0f,
    0x06, 0x13, 0x39, 0x3e, 0x7c, 0xb0, 0xb0, 0x7c, 0x3b, 0x37, 0x13, 0x06, 0x0f, 0x45, 0x73, 0x10,
    0x31, 0x12, 0x24, 0x46, 0x5e, 0x44, 0x31, 0x30, 0x45, 0x5e, 0x45, 0x24, 0x12, 0x31, 0x11, 0x75,
    0x1e, 0x24, 0x0f, 0x2f, 0x12, 0x44, 0x30, 0x0d, 0x04, 0x0f, 0x22, 0x0f, 0x25, 0x0f, 0x2c, 0x49,
    0x12, 0x04, 0x00, 0x00, 0x00, 0x04, 0xff, 0xdc, 0x00, 0x00, 0x04, 0xd4, 0x04, 0xb0, 0x00, 0x14,
    0x00, 0x27, 0x00, 0x3b, 0x00, 0x4c, 0x00, 0x00, 0x21, 0x23, 0x37, 0x2e, 0x04, 0x35, 0x34, 0x3e,
    0x05, 0x33, 0x32, 0x17, 0x37, 0x33, 0x13, 0x37, 0x1e, 0x01, 0x15, 0x14, 0x0e, 0x03, 0x07, 0x37,
    0x3e, 0x01, 0x37, 0x36, 0x26, 0x27, 0x26, 0x25, 0x06, 0x07, 0x0e, 0x01, 0x17, 0x1e, 0x04, 0x17,
    0x37, 0x2e, 0x01, 0x35, 0x34, 0x37, 0x36, 0x26, 0x17, 0x07, 0x0e, 0x01, 0x17, 0x16, 0x17, 0x16,
    0x36, 0x3f, 0x02, 0x27, 0x26, 0x27, 0x2e, 0x01, 0x02, 0x50, 0x94, 0x1f, 0x5b, 0xa9, 0x76, 0x59,
    0x2c, 0x1c, 0x39, 0x4f, 0x6e, 0x7b, 0x9d, 0x52, 0x3d, 0x41, 0x20, 0x94, 0x26, 0x2f, 0x6c, 0x89,
    0x27, 0x50, 0x6a, 0x98, 0x52, 0x2e, 0x4d, 0x76, 0x26, 0x0b, 0x04, 0x0c, 0x36, 0xfd, 0x51, 0x46,
    0x5a, 0x0d, 0x04, 0x0b, 0x12, 0x2a, 0x48, 0x4c, 0x68, 0x35, 0x29, 0x6b, 0x8f, 0x17, 0x08, 0x07,
    0x7c, 0x23, 0x0f, 0x09, 0x09, 0x25, 0x38, 0x10, 0x2d, 0x0e, 0x0c, 0x16, 0x03, 0x2c, 0x2d, 0x0b,
    0x22, 0x78, 0x14, 0x61, 0x74, 0x7a, 0x62, 0x1b, 0x15, 0x49, 0x5c, 0x62, 0x5c, 0x49, 0x2d, 0x0f,
    0x79, 0xfe, 0x52, 0xb5, 0x55, 0xd6, 0x34, 0x1a, 0x5a, 0x72, 0x6e, 0x63, 0x1a, 0xad, 0x31, 0x88,
    0x3f, 0x12, 0x31, 0x11, 0x46, 0x72, 0x45, 0x73, 0x10, 0x31, 0x12, 0x1e, 0x3c, 0x51, 0x41, 0x39,
    0x0d, 0x9a, 0x12, 0xa7, 0x6e, 0x3b, 0x37, 0x13, 0x06, 0x70, 0x24, 0x0f, 0x2f, 0x12, 0x44, 0x30,
    0x0d, 0x04, 0x0f, 0x0b, 0x56, 0x04, 0x2c, 0x49, 0x12, 0x04, 0x00, 0x00, 0x00, 0x03, 0xff, 0x9e,
    0x00, 0x00, 0x05, 0x12, 0x04, 0xab, 0x00, 0x0b, 0x00, 0x18, 0x00, 0x28, 0x00, 0x00, 0x27, 0x01,
    0x36, 0x16, 0x17, 0x01, 0x16, 0x06, 0x23, 0x21, 0x22, 0x26, 0x25, 0x21, 0x35, 0x34, 0x36, 0x3b,
    0x01, 0x32, 0x16, 0x1d, 0x01, 0x21, 0x01, 0x07, 0x33, 0x32, 0x16, 0x0f, 0x01, 0x0e, 0x01, 0x2b,
    0x01, 0x22, 0x26, 0x2f, 0x01, 0x26, 0x36, 0x5a, 0x02, 0x82, 0x14, 0x38, 0x14, 0x02, 0x82, 0x15,
    0x1b, 0x25, 0xfa, 0xf2, 0x25, 0x1b, 0x01, 0x0a, 0x01, 0x59, 0x0f, 0x0a, 0x96, 0x0a, 0x0f, 0x01,
    0x59, 0xfe, 0x43, 0x68, 0xd0, 0x14, 0x18, 0x04, 0x3a, 0x04, 0x23, 0x14, 0x36, 0x14, 0x23, 0x04,
    0x3a, 0x04, 0x18, 0x64, 0x04, 0x2a, 0x1f, 0x05, 0x21, 0xfb, 0xe0, 0x20, 0x47, 0x44, 0x84, 0x4b,
    0x0a, 0x0f, 0x0f, 0x0a, 0x4b, 0x02, 0xd3, 0xdf, 0x1d, 0x14, 0xfc, 0x14, 0x1d, 0x1d, 0x14, 0xfc,
    0x14, 0x1d, 0x00, 0x00, 0x00, 0x01, 0x00, 0x64, 0x00, 0x15, 0x04, 0xb0, 0x04, 0xb0, 0x00, 0x28,
    0x00, 0x00, 0x00, 0x32, 0x16, 0x15, 0x11, 0x01, 0x1e, 0x01, 0x1d, 0x01, 0x14, 0x06, 0x27, 0x25,
    0x11, 0x16, 0x1d, 0x01, 0x14, 0x06, 0x2f, 0x01, 0x07, 0x06, 0x26, 0x3d, 0x01, 0x34, 0x37, 0x11,
    0x05, 0x06, 0x26, 0x3d, 0x01, 0x34, 0x36, 0x37, 0x01, 0x11, 0x34, 0x02, 0x4c, 0x7c, 0x58, 0x01,
    0x6b, 0x0f, 0x16, 0x18, 0x11, 0xfe, 0x99, 0x64, 0x1a, 0x13, 0xcd, 0xcd, 0x13, 0x1a, 0x64, 0xfe,
    0x99, 0x11, 0x18, 0x16, 0x0f, 0x01, 0x6b, 0x04, 0xb0, 0x58, 0x3e, 0xfe, 0xad, 0xfe, 0xbb, 0x0e,
    0x31, 0x14, 0x29, 0x14, 0x0d, 0x0c, 0xf9, 0xfe, 0xf9, 0x5d, 0x14, 0x40, 0x15, 0x10, 0x09, 0x80,
    0x80, 0x09, 0x10, 0x15, 0x40, 0x14, 0x5d, 0x01, 0x07, 0xf9, 0x0c, 0x0d, 0x14, 0x29, 0x14, 0x31,
    0x0e, 0x01, 0x45, 0x01, 0x53, 0x3e, 0x00, 0x00, 0x00, 0x11, 0x00, 0x00, 0x00, 0x00, 0x04, 0x4c,
    0x04, 0xb0, 0x00, 0x1d, 0x00, 0x27, 0x00, 0x2b, 0x00, 0x2f, 0x00, 0x33, 0x00, 0x37, 0x00, 0x3b,
    0x00, 0x3f, 0x00, 0x43, 0x00, 0x47, 0x00, 0x4b, 0x00, 0x4f, 0x00, 0x53, 0x00, 0x57, 0x00, 0x5b,
    0x00, 0x5f, 0x00, 0x63, 0x00, 0x00, 0x01, 0x33, 0x32, 0x16, 0x1d, 0x01, 0x33, 0x32, 0x16, 0x1d,
    0x01, 0x21, 0x35, 0x34, 0x36, 0x3b, 0x01, 0x35, 0x34, 0x36, 0x3b, 0x01, 0x32, 0x16, 0x1d, 0x01,
    0x21, 0x35, 0x34, 0x36, 0x01, 0x11, 0x14, 0x06, 0x23, 0x21, 0x22, 0x26, 0x35, 0x11, 0x17, 0x15,
    0x33, 0x35, 0x33, 0x15, 0x33, 0x35, 0x33, 0x15, 0x33, 0x35, 0x33, 0x15, 0x33, 0x35, 0x33, 0x15,
    0x33, 0x35, 0x05, 0x15, 0x33, 0x35, 0x33, 0x15, 0x33, 0x35, 0x33, 0x15, 0x33, 0x35, 0x33, 0x15,
    0x33, 0x35, 0x33, 0x15, 0x33, 0x35, 0x05, 0x15, 0x33, 0x35, 0x33, 0x15, 0x33, 0x35, 0x33, 0x15,
    0x33, 0x35, 0x33, 0x15, 0x33, 0x35, 0x33, 0x15, 0x33, 0x35, 0x03, 0x52, 0x64, 0x15, 0x1d, 0x32,
    0x15, 0x1d, 0xfb, 0xb4, 0x1d, 0x15, 0x32, 0x1d, 0x15, 0x64, 0x15, 0x1d, 0x01, 0xf4, 0x1d, 0x01,
    0x0f, 0x1d, 0x15, 0xfc, 0x18, 0x15, 0x1d, 0x64, 0x64, 0x64, 0x64, 0x64, 0x64, 0x64, 0x64, 0x64,
    0x64, 0xfc, 0x7c, 0x64, 0x64, 0x64, 0x64, 0x64, 0x64, 0x64, 0x64, 0x64, 0xfc, 0x7c, 0x64, 0x64,
    0x64, 0x64, 0x64, 0x64, 0x64, 0x64, 0x64, 0x04, 0xb0, 0x1d, 0x15, 0x32, 0x1d, 0x15, 0x96, 0x96,
    0x15, 0x1d, 0x32, 0x15, 0x1d, 0x1d, 0x15, 0x32, 0x32, 0x15, 0x1d, 0xfe, 0x70, 0xfd, 0x12, 0x15,
    0x1d, 0x1d, 0x15, 0x02, 0xee, 0xc8, 0x64, 0x64, 0x64, 0x64, 0x64, 0x64, 0x64, 0x64, 0x64, 0x64,
    0xc8, 0x64, 0x64, 0x64, 0x64, 0x64, 0x64, 0x64, 0x64, 0x64, 0x64, 0xc8, 0x64, 0x64, 0x64, 0x64,
    0x64, 0x64, 0x64, 0x64, 0x64, 0x64, 0x00, 0x00, 0x00, 0x03, 0x00, 0x00, 0x00, 0x19, 0x05, 0x77,
    0x04, 0x97, 0x00, 0x19, 0x00, 0x25, 0x00, 0x37, 0x00, 0x00, 0x01, 0x17, 0x16, 0x14, 0x0f, 0x01,
    0x06, 0x26, 0x3d, 0x01, 0x23, 0x01, 0x21, 0x22, 0x26, 0x3d, 0x01, 0x34, 0x36, 0x3b, 0x01, 0x01,
    0x33, 0x35, 0x34, 0x36, 0x01, 0x07, 0x27, 0x23, 0x22, 0x26, 0x3d, 0x01, 0x34, 0x36, 0x33, 0x21,
    0x01, 0x17, 0x16, 0x14, 0x0f, 0x01, 0x06, 0x26, 0x3d, 0x01, 0x23, 0x27, 0x37, 0x17, 0x33, 0x35,
    0x34, 0x36, 0x04, 0x6f, 0xf9, 0x0f, 0x0f, 0xf9, 0x0e, 0x15, 0x9f, 0xfd, 0xa8, 0xfe, 0xdd, 0x15,
    0x1d, 0x1d, 0x15, 0xd1, 0x02, 0x58, 0xf1, 0x15, 0xfd, 0xa9, 0x8d, 0x7a, 0xd1, 0x15, 0x1d, 0x1d,
    0x15, 0x01, 0x23, 0x03, 0x1a, 0xf9, 0x0f, 0x0f, 0xf9, 0x0e, 0x15, 0xf1, 0xb5, 0x8d, 0x7a, 0x9f,
    0x15, 0x04, 0x8d, 0xe6, 0x0e, 0x2a, 0x0e, 0xe6, 0x0e, 0x08, 0x15, 0x96, 0xfd, 0xa8, 0x1d, 0x15,
    0x64, 0x15, 0x1d, 0x02, 0x58, 0x96, 0x15, 0x08, 0xfe, 0x98, 0x8d, 0x7a, 0x1d, 0x15, 0x64, 0x15,
    0x1d, 0xfe, 0x4d, 0xe6, 0x0e, 0x2a, 0x0e, 0xe6, 0x0e, 0x08, 0x15, 0x96, 0xb5, 0x8d, 0x7a, 0x96,
    0x15, 0x08, 0x00, 0x00, 0x00, 0x01, 0x00, 0x00, 0x00, 0x00, 0x04, 0xb0, 0x04, 0x4c, 0x00, 0x12,
    0x00, 0x00, 0x13, 0x21, 0x32, 0x16, 0x15, 0x11, 0x14, 0x06, 0x23, 0x21, 0x01, 0x11, 0x23, 0x22,
    0x26, 0x35, 0x11, 0x34, 0x36, 0x64, 0x03, 0xe8, 0x29, 0x3b, 0x3b, 0x29, 0xfd, 0xac, 0xfe, 0xd0,
    0x64, 0x29, 0x3b, 0x3b, 0x04, 0x4c, 0x3b, 0x29, 0xfd, 0xa8, 0x29, 0x3b, 0xfe, 0xd4, 0x01, 0x2c,
    0x3b, 0x29, 0x02, 0x58, 0x29, 0x3b, 0x00, 0x00, 0x00, 0x03, 0x00, 0x64, 0x00, 0x00, 0x04, 0x4c,
    0x04, 0xb0, 0x00, 0x09, 0x00, 0x13, 0x00, 0x3f, 0x00, 0x00, 0x13, 0x33, 0x32, 0x16, 0x1d, 0x01,
    0x21, 0x35, 0x34, 0x36, 0x21, 0x33, 0x32, 0x16, 0x1d, 0x01, 0x21, 0x35, 0x34, 0x36, 0x01, 0x11,
    0x14, 0x0e, 0x05, 0x22, 0x2e, 0x05, 0x35, 0x11, 0x21, 0x15, 0x14, 0x15, 0x1c, 0x01, 0x1e, 0x06,
    0x32, 0x3e, 0x06, 0x26, 0x35, 0x34, 0x3d, 0x01, 0x96, 0xc8, 0x15, 0x1d, 0xfe, 0xd4, 0x1d, 0x02,
    0xd1, 0xc8, 0x15, 0x1d, 0xfe, 0xd4, 0x1d, 0x01, 0x0f, 0x06, 0x18, 0x28, 0x4c, 0x66, 0x9c, 0xc0,
    0x9c, 0x66, 0x4c, 0x28, 0x18, 0x06, 0x01, 0x2c, 0x03, 0x07, 0x0d, 0x14, 0x1f, 0x27, 0x36, 0x42,
    0x36, 0x27, 0x1f, 0x13, 0x0f, 0x05, 0x05, 0x01, 0x04, 0xb0, 0x1d, 0x15, 0xfa, 0xfa, 0x15, 0x1d,
    0x1d, 0x15, 0xfa, 0xfa, 0x15, 0x1d, 0xfe, 0x70, 0xfe, 0xd4, 0x29, 0x49, 0x6a, 0x56, 0x5c, 0x3e,
    0x28, 0x28, 0x3e, 0x5c, 0x56, 0x6a, 0x49, 0x29, 0x01, 0x2c, 0xfa, 0x09, 0x12, 0x15, 0x2b, 0x27,
    0x25, 0x21, 0x1b, 0x16, 0x10, 0x08, 0x09, 0x10, 0x17, 0x1c, 0x21, 0x25, 0x27, 0x2a, 0x15, 0x11,
    0x08, 0xfa, 0x00, 0x00, 0x00, 0x01, 0xff, 0xff, 0x00, 0xd4, 0x04, 0x4c, 0x03, 0xc2, 0x00, 0x05,
    0x00, 0x00, 0x01, 0x07, 0x09, 0x01, 0x27, 0x01, 0x04, 0x4c, 0xc6, 0xfe, 0x9f, 0xfe, 0x9f, 0xc5,
    0x02, 0x27, 0x01, 0x9b, 0xc7, 0x01, 0x61, 0xfe, 0x9f, 0xc7, 0x02, 0x27, 0x00, 0x01, 0x00, 0x00,
    0x00, 0xee, 0x04, 0x4d, 0x03, 0xdc, 0x00, 0x05, 0x00, 0x00, 0x09, 0x02, 0x37, 0x09, 0x01, 0x04,
    0x4d, 0xfd, 0xda, 0xfd, 0xd9, 0xc6, 0x01, 0x61, 0x01, 0x61, 0x03, 0x15, 0xfd, 0xd9, 0x02, 0x27,
    0xc7, 0xfe, 0x9f, 0x01, 0x61, 0x00, 0x00, 0x00, 0x00, 0x02, 0xff, 0x51, 0x00, 0x64, 0x05, 0x5f,
    0x03, 0xe8, 0x00, 0x14, 0x00, 0x29, 0x00, 0x00, 0x01, 0x21, 0x32, 0x16, 0x15, 0x11, 0x33, 0x32,
    0x16, 0x0f, 0x01, 0x06, 0x22, 0x2f, 0x01, 0x26, 0x36, 0x3b, 0x01, 0x11, 0x21, 0x25, 0x17, 0x16,
    0x06, 0x2b, 0x01, 0x11, 0x21, 0x17, 0x21, 0x22, 0x26, 0x35, 0x11, 0x23, 0x22, 0x26, 0x3f, 0x01,
    0x36, 0x32, 0x01, 0x94, 0x02, 0xea, 0x15, 0x1d, 0x96, 0x15, 0x08, 0x0e, 0xe6, 0x0e, 0x2a, 0x0e,
    0xe6, 0x0e, 0x08, 0x15, 0x96, 0xfe, 0x83, 0xfe, 0x1c, 0xe6, 0x0e, 0x08, 0x15, 0x96, 0x01, 0x81,
    0xd7, 0xfd, 0x12, 0x15, 0x1d, 0x96, 0x15, 0x08, 0x0e, 0xe6, 0x0e, 0x2a, 0x03, 0xe8, 0x1d, 0x15,
    0xfd, 0xd9, 0x15, 0x0e, 0xf9, 0x0f, 0x0f, 0xf9, 0x0e, 0x15, 0x01, 0x91, 0xb8, 0xf9, 0x0e, 0x15,
    0xfe, 0x70, 0xc8, 0x1d, 0x15, 0x02, 0x26, 0x15, 0x0e, 0xf9, 0x0f, 0x00, 0x00, 0x01, 0x00, 0x06,
    0x00, 0x00, 0x04, 0x9e, 0x04, 0xb0, 0x00, 0x30, 0x00, 0x00, 0x13, 0x33, 0x32, 0x16, 0x1f, 0x01,
    0x21, 0x32, 0x16, 0x07, 0x03, 0x0e, 0x01, 0x23, 0x21, 0x17, 0x21, 0x32, 0x16, 0x14, 0x06, 0x2b,
    0x01, 0x15, 0x14, 0x06, 0x22, 0x26, 0x3d, 0x01, 0x21, 0x15, 0x14, 0x06, 0x22, 0x26, 0x3d, 0x01,
    0x23, 0x22, 0x26, 0x2f, 0x01, 0x03, 0x23, 0x22, 0x26, 0x34, 0x36, 0x38, 0x5e, 0x11, 0x1c, 0x04,
    0x26, 0x03, 0x80, 0x18, 0x1e, 0x05, 0x64, 0x05, 0x2c, 0x21, 0xfd, 0x87, 0x30, 0x02, 0x17, 0x15,
    0x1d, 0x1d, 0x15, 0x32, 0x1d, 0x2a, 0x1d, 0xfe, 0xd4, 0x1d, 0x2a, 0x1d, 0x1f, 0x12, 0x1d, 0x06,
    0x05, 0xc9, 0x36, 0x14, 0x1e, 0x1e, 0x04, 0xb0, 0x16, 0x10, 0xa2, 0x25, 0x18, 0xfe, 0x25, 0x15,
    0x2b, 0xc8, 0x1d, 0x2a, 0x1d, 0x32, 0x15, 0x1d, 0x1d, 0x15, 0x32, 0x32, 0x15, 0x1d, 0x1d, 0x15,
    0x32, 0x14, 0x09, 0x0a, 0x03, 0xc1, 0x1d, 0x2a, 0x1d, 0x00, 0x00, 0x00, 0x00, 0x02, 0x00, 0x00,
    0x00, 0x00, 0x04, 0xb0, 0x04, 0x4c, 0x00, 0x0b, 0x00, 0x0f, 0x00, 0x00, 0x01, 0x15, 0x21, 0x35,
    0x33, 0x34, 0x36, 0x33, 0x21, 0x32, 0x16, 0x15, 0x05, 0x21, 0x11, 0x21, 0x04, 0xb0, 0xfb, 0x50,
    0xc8, 0x3b, 0x29, 0x01, 0x2c, 0x29, 0x3b, 0xfd, 0x44, 0x04, 0xb0, 0xfb, 0x50, 0x03, 0xe8, 0x64,
    0x64, 0x29, 0x3b, 0x3b, 0x29, 0xc8, 0xfc, 0xe0, 0x00, 0x02, 0x00, 0x00, 0x00, 0x00, 0x05, 0xdc,
    0x04, 0x4c, 0x00, 0x0c, 0x00, 0x10, 0x00, 0x00, 0x13, 0x03, 0x11, 0x33, 0x34, 0x36, 0x33, 0x21,
    0x32, 0x16, 0x15, 0x21, 0x15, 0x05, 0x01, 0x21, 0x01, 0xc8, 0xc8, 0xc8, 0x3b, 0x29, 0x01, 0x2c,
    0x2a, 0x3a, 0x01, 0xf4, 0x01, 0x2c, 0xfe, 0xd4, 0xfb, 0x50, 0x01, 0x2c, 0x03, 0x20, 0xfe, 0x70,
    0x02, 0x58, 0x29, 0x3b, 0x3b, 0x29, 0xc8, 0x64, 0xfd, 0x44, 0x02, 0xbc, 0x00, 0x01, 0x01, 0x45,
    0x00, 0x00, 0x03, 0x6b, 0x04, 0xaf, 0x00, 0x1b, 0x00, 0x00, 0x01, 0x17, 0x16, 0x06, 0x2b, 0x01,
    0x11, 0x33, 0x32, 0x16, 0x0f, 0x01, 0x06, 0x22, 0x2f, 0x01, 0x26, 0x36, 0x3b, 0x01, 0x11, 0x23,
    0x22, 0x26, 0x3f, 0x01, 0x36, 0x32, 0x02, 0x7b, 0xe6, 0x0e, 0x08, 0x15, 0x96, 0x96, 0x15, 0x08,
    0x0e, 0xe6, 0x0e, 0x2a, 0x0e, 0xe6, 0x0e, 0x08, 0x15, 0x96, 0x96, 0x15, 0x08, 0x0e, 0xe6, 0x0e,
    0x2a, 0x04, 0xa0, 0xf9, 0x0e, 0x15, 0xfd, 0xa7, 0x15, 0x0e, 0xf9, 0x0f, 0x0f, 0xf9, 0x0e, 0x15,
    0x02, 0x59, 0x15, 0x0e, 0xf9, 0x0f, 0x00, 0x00, 0x00, 0x01, 0x00, 0x01, 0x01, 0x44, 0x04, 0xaf,
    0x03, 0x6b, 0x00, 0x1b, 0x00, 0x00, 0x01, 0x17, 0x16, 0x14, 0x0f, 0x01, 0x06, 0x26, 0x3d, 0x01,
    0x21, 0x15, 0x14, 0x06, 0x2f, 0x01, 0x26, 0x34, 0x3f, 0x01, 0x36, 0x16, 0x1d, 0x01, 0x21, 0x35,
    0x34, 0x36, 0x03, 0xa8, 0xf9, 0x0e, 0x0e, 0xf9, 0x0f, 0x15, 0xfd, 0xa8, 0x15, 0x0f, 0xf9, 0x0e,
    0x0e, 0xf9, 0x0f, 0x15, 0x02, 0x58, 0x15, 0x03, 0x60, 0xe5, 0x0f, 0x29, 0x0f, 0xe5, 0x0f, 0x09,
    0x14, 0x97, 0x97, 0x14, 0x09, 0x0f, 0xe5, 0x0f, 0x29, 0x0f, 0xe5, 0x0f, 0x09, 0x15, 0x95, 0x95,
    0x15, 0x09, 0x00, 0x00, 0x00, 0x04, 0x00, 0x00, 0x00, 0x00, 0x04, 0xb0, 0x04, 0xb0, 0x00, 0x09,
    0x00, 0x19, 0x00, 0x1d, 0x00, 0x21, 0x00, 0x00, 0x01, 0x03, 0x2e, 0x01, 0x23, 0x21, 0x22, 0x06,
    0x07, 0x03, 0x05, 0x21, 0x22, 0x06, 0x1d, 0x01, 0x14, 0x16, 0x33, 0x21, 0x32, 0x36, 0x3d, 0x01,
    0x34, 0x26, 0x05, 0x35, 0x33, 0x15, 0x33, 0x35, 0x33, 0x15, 0x04, 0x91, 0xac, 0x05, 0x24, 0x14,
    0xfd, 0x60, 0x14, 0x24, 0x05, 0xac, 0x04, 0x2d, 0xfc, 0x18, 0x29, 0x3b, 0x3b, 0x29, 0x03, 0xe8,
    0x29, 0x3b, 0x3b, 0xfe, 0xab, 0x64, 0x64, 0x64, 0x01, 0x90, 0x02, 0xdc, 0x17, 0x2d, 0x28, 0x15,
    0xfd, 0x1d, 0x64, 0x3b, 0x29, 0x64, 0x29, 0x3b, 0x3b, 0x29, 0x64, 0x29, 0x3b, 0xc8, 0x64, 0x64,
    0x64, 0x64, 0x00, 0x00, 0x00, 0x03, 0xff, 0x9c, 0x00, 0x64, 0x04, 0xb0, 0x04, 0x4c, 0x00, 0x0b,
    0x00, 0x23, 0x00, 0x31, 0x00, 0x00, 0x00, 0x32, 0x16, 0x15, 0x11, 0x14, 0x06, 0x22, 0x26, 0x35,
    0x11, 0x34, 0x03, 0x25, 0x23, 0x13, 0x16, 0x06, 0x23, 0x22, 0x2b, 0x01, 0x22, 0x26, 0x27, 0x02,
    0x3d, 0x01, 0x34, 0x35, 0x34, 0x3e, 0x01, 0x3b, 0x01, 0x25, 0x01, 0x15, 0x22, 0x2e, 0x03, 0x3d,
    0x01, 0x34, 0x3e, 0x02, 0x37, 0x04, 0x69, 0x2a, 0x1d, 0x1d, 0x2a, 0x1d, 0x64, 0xfd, 0x5d, 0x26,
    0x2f, 0x03, 0x11, 0x15, 0x05, 0x02, 0x54, 0x14, 0x1d, 0x04, 0x37, 0x02, 0x0b, 0x0c, 0xc8, 0x02,
    0xa3, 0xfc, 0x18, 0x04, 0x0e, 0x22, 0x1a, 0x16, 0x15, 0x1d, 0x1d, 0x0b, 0x04, 0x4c, 0x1d, 0x15,
    0xfc, 0xae, 0x15, 0x1d, 0x1d, 0x15, 0x03, 0x52, 0x15, 0xfc, 0x99, 0xc8, 0xfe, 0xec, 0x10, 0x08,
    0x1c, 0x15, 0x01, 0x51, 0x0e, 0xfa, 0x02, 0x04, 0x10, 0x0f, 0x0d, 0xfa, 0xfe, 0xd4, 0xfa, 0x01,
    0x0b, 0x13, 0x29, 0x1c, 0x32, 0x1a, 0x28, 0x14, 0x0c, 0x01, 0x00, 0x00, 0x00, 0x02, 0x00, 0x4a,
    0x00, 0x00, 0x04, 0x66, 0x04, 0xb0, 0x00, 0x2c, 0x00, 0x35, 0x00, 0x00, 0x01, 0x33, 0x32, 0x16,
    0x0f, 0x01, 0x1e, 0x01, 0x17, 0x13, 0x17, 0x33, 0x32, 0x16, 0x14, 0x06, 0x07, 0x0e, 0x04, 0x23,
    0x22, 0x2e, 0x04, 0x2f, 0x01, 0x2e, 0x01, 0x34, 0x36, 0x3b, 0x01, 0x37, 0x13, 0x3e, 0x01, 0x37,
    0x27, 0x26, 0x36, 0x03, 0x16, 0x33, 0x32, 0x37, 0x0e, 0x01, 0x22, 0x26, 0x02, 0x29, 0x5e, 0x14,
    0x12, 0x06, 0x12, 0x53, 0x7a, 0x0f, 0x3f, 0x76, 0x11, 0x13, 0x1c, 0x1a, 0x12, 0x08, 0x1e, 0x64,
    0x6a, 0x9f, 0x4f, 0x39, 0x74, 0x5c, 0x55, 0x3e, 0x2f, 0x0c, 0x0b, 0x12, 0x1a, 0x1c, 0x13, 0x11,
    0x76, 0x3f, 0x0f, 0x7a, 0x53, 0x12, 0x06, 0x13, 0x24, 0x32, 0x34, 0x35, 0x31, 0x0c, 0x37, 0x46,
    0x38, 0x04, 0xb0, 0x15, 0x13, 0x25, 0x13, 0x7f, 0x4d, 0xfe, 0xb9, 0xad, 0x1d, 0x29, 0x28, 0x07,
    0x04, 0x0b, 0x1c, 0x16, 0x12, 0x0a, 0x0e, 0x11, 0x12, 0x0e, 0x05, 0x04, 0x08, 0x28, 0x29, 0x1d,
    0xad, 0x01, 0x47, 0x4d, 0x7e, 0x14, 0x20, 0x13, 0x1a, 0xfb, 0xbe, 0x06, 0x06, 0x31, 0x3d, 0x3d,
    0x00, 0x01, 0x00, 0x14, 0x00, 0x14, 0x04, 0x9c, 0x04, 0x9c, 0x00, 0x17, 0x00, 0x00, 0x01, 0x37,
    0x07, 0x17, 0x07, 0x17, 0x07, 0x17, 0x27, 0x07, 0x27, 0x07, 0x27, 0x07, 0x37, 0x27, 0x37, 0x27,
    0x37, 0x27, 0x17, 0x37, 0x17, 0x37, 0x03, 0x20, 0xe0, 0x4e, 0xea, 0xb4, 0xb4, 0xea, 0x4e, 0xe0,
    0x2d, 0x9b, 0x9b, 0x2d, 0xe0, 0x4e, 0xea, 0xb4, 0xb4, 0xea, 0x4e, 0xe0, 0x2d, 0x9b, 0x9b, 0x03,
    0xb2, 0x4e, 0xe0, 0x2d, 0x9b, 0x9b, 0x2d, 0xe0, 0x4e, 0xea, 0xb4, 0xb4, 0xea, 0x4e, 0xe0, 0x2d,
    0x9b, 0x9b, 0x2d, 0xe0, 0x4e, 0xea, 0xb4, 0xb4, 0x00, 0x03, 0x00, 0x00, 0x00, 0x64, 0x04, 0xb0,
    0x04, 0xb0, 0x00, 0x21, 0x00, 0x2d, 0x00, 0x3d, 0x00, 0x00, 0x01, 0x33, 0x32, 0x16, 0x1d, 0x01,
    0x07, 0x21, 0x32, 0x16, 0x1d, 0x01, 0x14, 0x07, 0x03, 0x0e, 0x01, 0x2b, 0x01, 0x22, 0x26, 0x2f,
    0x01, 0x23, 0x22, 0x26, 0x35, 0x11, 0x34, 0x3f, 0x02, 0x3e, 0x01, 0x17, 0x0f, 0x01, 0x11, 0x33,
    0x17, 0x33, 0x13, 0x35, 0x21, 0x37, 0x35, 0x01, 0x33, 0x32, 0x16, 0x15, 0x11, 0x14, 0x06, 0x2b,
    0x01, 0x22, 0x26, 0x35, 0x11, 0x34, 0x36, 0x02, 0x8a, 0x32, 0x28, 0x3c, 0x1c, 0x01, 0x48, 0x28,
    0x3c, 0x1d, 0xee, 0x10, 0x2c, 0x17, 0xfa, 0x07, 0x46, 0x1f, 0x1f, 0x3d, 0x2d, 0x37, 0x14, 0x91,
    0x60, 0x0d, 0x31, 0x1b, 0x64, 0x96, 0x64, 0x88, 0xd6, 0xfa, 0xfe, 0x3e, 0x32, 0xfd, 0x76, 0x64,
    0x15, 0x1d, 0x1d, 0x15, 0x64, 0x15, 0x1d, 0x1d, 0x04, 0xb0, 0x51, 0x2c, 0x96, 0x7d, 0x51, 0x2c,
    0x64, 0x2d, 0x1d, 0xfe, 0xa8, 0x18, 0x21, 0x32, 0x19, 0x19, 0x24, 0x27, 0x01, 0x90, 0x24, 0x1b,
    0xc4, 0xc6, 0x1c, 0x28, 0x64, 0xd4, 0xd5, 0xfe, 0x89, 0x64, 0x01, 0x77, 0x7d, 0xe1, 0xaf, 0xfe,
    0xd4, 0x1d, 0x15, 0xfe, 0x0c, 0x15, 0x1d, 0x1d, 0x15, 0x01, 0xf4, 0x15, 0x1d, 0x00, 0x00, 0x00,
    0x00, 0x03, 0x00, 0x00, 0x00, 0x00, 0x04, 0xb0, 0x04, 0x4c, 0x00, 0x20, 0x00, 0x30, 0x00, 0x3c,
    0x00, 0x00, 0x01, 0x33, 0x32, 0x16, 0x17, 0x13, 0x16, 0x1d, 0x01, 0x14, 0x06, 0x23, 0x21, 0x16,
    0x1d, 0x01, 0x14, 0x06, 0x2b, 0x01, 0x22, 0x26, 0x2f, 0x02, 0x26, 0x35, 0x11, 0x34, 0x36, 0x3b,
    0x01, 0x36, 0x05, 0x33, 0x32, 0x16, 0x15, 0x11, 0x14, 0x06, 0x2b, 0x01, 0x22, 0x26, 0x35, 0x11,
    0x34, 0x36, 0x21, 0x07, 0x23, 0x11, 0x1f, 0x01, 0x33, 0x35, 0x27, 0x21, 0x35, 0x03, 0x02, 0x58,
    0xfa, 0x17, 0x2c, 0x10, 0xee, 0x1d, 0x3c, 0x28, 0xfe, 0xb8, 0x1c, 0x3c, 0x28, 0x32, 0x1b, 0x31,
    0x0d, 0x60, 0x91, 0x14, 0x37, 0x2d, 0x3d, 0x7c, 0xfd, 0xe9, 0x64, 0x15, 0x1d, 0x1d, 0x15, 0x64,
    0x15, 0x1d, 0x1d, 0x02, 0x5f, 0x88, 0x64, 0x96, 0x64, 0x32, 0x32, 0x01, 0xc2, 0xfa, 0x04, 0x4c,
    0x21, 0x18, 0xfe, 0xa8, 0x1d, 0x2d, 0x64, 0x2c, 0x51, 0x76, 0x07, 0x96, 0x2c, 0x51, 0x28, 0x1c,
    0xc6, 0xc4, 0x1b, 0x24, 0x01, 0x90, 0x27, 0x24, 0x64, 0x64, 0x1d, 0x15, 0xfe, 0x0c, 0x15, 0x1d,
    0x1d, 0x15, 0x01, 0xf4, 0x15, 0x1d, 0x64, 0xfe, 0x89, 0xd5, 0xd4, 0xaf, 0xe1, 0x7d, 0x01, 0x77,
    0x00, 0x03, 0x00, 0x00, 0x00, 0x64, 0x05, 0x0e, 0x04, 0x4f, 0x00, 0x1b, 0x00, 0x37, 0x00, 0x47,
    0x00, 0x00, 0x01, 0x25, 0x36, 0x1f, 0x01, 0x1e, 0x01, 0x0f, 0x01, 0x21, 0x32, 0x16, 0x14, 0x06,
    0x2b, 0x01, 0x03, 0x0e, 0x01, 0x23, 0x21, 0x22, 0x26, 0x35, 0x11, 0x34, 0x36, 0x37, 0x17, 0x11,
    0x17, 0x21, 0x13, 0x3e, 0x01, 0x3b, 0x01, 0x32, 0x36, 0x26, 0x23, 0x21, 0x2a, 0x03, 0x2e, 0x04,
    0x27, 0x26, 0x3f, 0x01, 0x27, 0x05, 0x33, 0x32, 0x16, 0x15, 0x11, 0x14, 0x06, 0x2b, 0x01, 0x22,
    0x26, 0x35, 0x11, 0x34, 0x36, 0x01, 0x64, 0x01, 0x6b, 0x1f, 0x16, 0x6e, 0x0d, 0x01, 0x0c, 0x54,
    0x01, 0x2e, 0x54, 0x6c, 0x6e, 0x54, 0x6a, 0x83, 0x06, 0x1b, 0x0f, 0xfe, 0xaa, 0x07, 0xa6, 0x1c,
    0x0e, 0x3a, 0x64, 0x01, 0x25, 0x83, 0x06, 0x1b, 0x0f, 0xcb, 0x15, 0x13, 0x12, 0x16, 0xfe, 0x38,
    0x02, 0x0a, 0x02, 0x09, 0x03, 0x07, 0x03, 0x05, 0x03, 0x01, 0x0c, 0x11, 0x92, 0x56, 0xfd, 0x4f,
    0x64, 0x15, 0x1d, 0x1d, 0x15, 0x64, 0x15, 0x1d, 0x1d, 0x03, 0x69, 0xe6, 0x10, 0x16, 0x70, 0x0d,
    0x26, 0x0f, 0x79, 0x4c, 0x90, 0x4e, 0xfe, 0xad, 0x15, 0x28, 0xa2, 0x0d, 0x02, 0x0d, 0x11, 0x25,
    0x0a, 0x48, 0xfe, 0x09, 0x59, 0x01, 0x53, 0x15, 0x28, 0x32, 0x32, 0x01, 0x02, 0x02, 0x03, 0x05,
    0x02, 0x19, 0x16, 0xb7, 0x53, 0xe4, 0x1d, 0x15, 0xfe, 0x0c, 0x15, 0x1d, 0x1d, 0x15, 0x01, 0xf4,
    0x15, 0x1d, 0x00, 0x00, 0x00, 0x03, 0xff, 0x9c, 0x00, 0x64, 0x04, 0xb0, 0x04, 0x4f, 0x00, 0x1d,
    0x00, 0x36, 0x00, 0x46, 0x00, 0x00, 0x01, 0x05, 0x1e, 0x04, 0x15, 0x11, 0x14, 0x06, 0x23, 0x21,
    0x22, 0x26, 0x27, 0x03, 0x23, 0x22, 0x26, 0x34, 0x36, 0x33, 0x21, 0x27, 0x26, 0x36, 0x3f, 0x01,
    0x36, 0x07, 0x17, 0x16, 0x07, 0x0e, 0x05, 0x2a, 0x02, 0x23, 0x21, 0x15, 0x33, 0x32, 0x16, 0x17,
    0x13, 0x21, 0x37, 0x11, 0x25, 0x05, 0x33, 0x32, 0x16, 0x15, 0x11, 0x14, 0x06, 0x2b, 0x01, 0x22,
    0x26, 0x35, 0x11, 0x34, 0x36, 0x01, 0xdb, 0x01, 0x6e, 0x02, 0x08, 0x14, 0x10, 0x0d, 0xac, 0x07,
    0xfe, 0xaa, 0x0f, 0x1b, 0x06, 0x83, 0x6a, 0x55, 0x6d, 0x6c, 0x54, 0x01, 0x2e, 0x55, 0x0b, 0x01,
    0x0d, 0x6e, 0x16, 0x4a, 0x92, 0x11, 0x0c, 0x02, 0x03, 0x05, 0x03, 0x07, 0x03, 0x09, 0x03, 0x0a,
    0x01, 0xfe, 0x25, 0xdd, 0x0f, 0x1c, 0x06, 0x82, 0x01, 0x26, 0x6a, 0xfe, 0xaa, 0x02, 0x50, 0x64,
    0x15, 0x1d, 0x1d, 0x15, 0x64, 0x15, 0x1d, 0x1d, 0x04, 0x4f, 0xe6, 0x01, 0x05, 0x10, 0x11, 0x17,
    0x0b, 0xfd, 0xf3, 0x0d, 0xa2, 0x28, 0x15, 0x01, 0x53, 0x4e, 0x90, 0x4c, 0x79, 0x0f, 0x26, 0x0d,
    0x70, 0x16, 0xae, 0xb7, 0x16, 0x19, 0x02, 0x05, 0x03, 0x02, 0x02, 0x01, 0x64, 0x28, 0x15, 0xfe,
    0xad, 0x59, 0x01, 0xf7, 0xec, 0xe4, 0x1d, 0x15, 0xfe, 0x0c, 0x15, 0x1d, 0x1d, 0x15, 0x01, 0xf4,
    0x15, 0x1d, 0x00, 0x00, 0x00, 0x03, 0x00, 0x61, 0x00, 0x00, 0x04, 0x4c, 0x05, 0x0e, 0x00, 0x1b,
    0x00, 0x37, 0x00, 0x47, 0x00, 0x00, 0x00, 0x32, 0x16, 0x1d, 0x01, 0x05, 0x1e, 0x01, 0x15, 0x11,
    0x14, 0x06, 0x23, 0x21, 0x22, 0x26, 0x2f, 0x01, 0x03, 0x26, 0x3f, 0x01, 0x3e, 0x01, 0x1f, 0x01,
    0x11, 0x34, 0x17, 0x35, 0x34, 0x26, 0x06, 0x15, 0x11, 0x1c, 0x03, 0x0e, 0x04, 0x07, 0x06, 0x2f,
    0x01, 0x07, 0x13, 0x21, 0x37, 0x11, 0x25, 0x2e, 0x01, 0x03, 0x21, 0x32, 0x16, 0x1d, 0x01, 0x14,
    0x06, 0x23, 0x21, 0x22, 0x26, 0x3d, 0x01, 0x34, 0x36, 0x01, 0xde, 0x90, 0x4e, 0x01, 0x53, 0x15,
    0x28, 0xa2, 0x0d, 0xfd, 0xf3, 0x11, 0x25, 0x0a, 0x09, 0xe6, 0x10, 0x16, 0x70, 0x0d, 0x26, 0x0f,
    0x79, 0xc6, 0x32, 0x32, 0x01, 0x02, 0x02, 0x03, 0x05, 0x02, 0x19, 0x16, 0xb7, 0x53, 0xec, 0x01,
    0xf7, 0x59, 0xfe, 0xad, 0x15, 0x28, 0x96, 0x01, 0xf4, 0x15, 0x1d, 0x1d, 0x15, 0xfe, 0x0c, 0x15,
    0x1d, 0x1d, 0x05, 0x0e, 0x6e, 0x54, 0x6a, 0x83, 0x06, 0x1b, 0x0f, 0xfe, 0xaa, 0x07, 0xa6, 0x1c,
    0x0e, 0x0e, 0x01, 0x6b, 0x1f, 0x16, 0x6e, 0x0d, 0x01, 0x0c, 0x54, 0x01, 0x2e, 0x54, 0xd6, 0xcb,
    0x15, 0x13, 0x12, 0x16, 0xfe, 0x38, 0x02, 0x0a, 0x02, 0x09, 0x03, 0x07, 0x03, 0x05, 0x03, 0x01,
    0x0c, 0x11, 0x92, 0x56, 0xfe, 0xad, 0x64, 0x01, 0x25, 0x83, 0x06, 0x1b, 0xfd, 0x0b, 0x1d, 0x15,
    0x64, 0x15, 0x1d, 0x1d, 0x15, 0x64, 0x15, 0x1d, 0x00, 0x03, 0xff, 0xfd, 0x00, 0x06, 0x03, 0xe8,
    0x05, 0x14, 0x00, 0x0f, 0x00, 0x2d, 0x00, 0x49, 0x00, 0x00, 0x01, 0x21, 0x32, 0x36, 0x3d, 0x01,
    0x34, 0x26, 0x23, 0x21, 0x22, 0x06, 0x1d, 0x01, 0x14, 0x16, 0x01, 0x15, 0x14, 0x06, 0x22, 0x26,
    0x35, 0x11, 0x07, 0x06, 0x26, 0x2f, 0x01, 0x26, 0x37, 0x13, 0x3e, 0x04, 0x33, 0x21, 0x32, 0x16,
    0x15, 0x11, 0x14, 0x06, 0x07, 0x01, 0x03, 0x17, 0x37, 0x36, 0x17, 0x1e, 0x05, 0x1c, 0x02, 0x15,
    0x11, 0x14, 0x16, 0x36, 0x3d, 0x01, 0x34, 0x36, 0x37, 0x25, 0x11, 0x27, 0x01, 0x5e, 0x01, 0xf4,
    0x15, 0x1d, 0x1d, 0x15, 0xfe, 0x0c, 0x15, 0x1d, 0x1d, 0x01, 0x0f, 0x4e, 0x90, 0x4c, 0x79, 0x0f,
    0x26, 0x0d, 0x70, 0x16, 0x10, 0xe6, 0x01, 0x05, 0x10, 0x11, 0x17, 0x0b, 0x02, 0x0d, 0x0d, 0xa2,
    0x28, 0x15, 0xfd, 0x89, 0xec, 0x53, 0xb7, 0x16, 0x19, 0x02, 0x05, 0x03, 0x02, 0x02, 0x01, 0x32,
    0x32, 0x28, 0x15, 0x01, 0x53, 0x59, 0x04, 0x4c, 0x1d, 0x15, 0x64, 0x15, 0x1d, 0x1d, 0x15, 0x64,
    0x15, 0x1d, 0xfc, 0xe6, 0x6a, 0x54, 0x6e, 0x6c, 0x54, 0x01, 0x2e, 0x54, 0x0c, 0x01, 0x0d, 0x6e,
    0x16, 0x1f, 0x01, 0x6b, 0x02, 0x08, 0x13, 0x0f, 0x0c, 0xa6, 0x07, 0xfe, 0xaa, 0x0f, 0x1b, 0x06,
    0x01, 0xcf, 0xfe, 0xad, 0x56, 0x92, 0x11, 0x0c, 0x01, 0x03, 0x05, 0x03, 0x07, 0x03, 0x09, 0x02,
    0x0a, 0x02, 0xfe, 0x38, 0x16, 0x12, 0x13, 0x15, 0xcb, 0x0f, 0x1b, 0x06, 0x83, 0x01, 0x25, 0x64,
    0x00, 0x02, 0x00, 0x16, 0x00, 0x16, 0x04, 0x9a, 0x04, 0x9a, 0x00, 0x0f, 0x00, 0x25, 0x00, 0x00,
    0x00, 0x32, 0x1e, 0x02, 0x14, 0x0e, 0x02, 0x22, 0x2e, 0x02, 0x34, 0x3e, 0x01, 0x01, 0x25, 0x26,
    0x06, 0x1d, 0x01, 0x21, 0x22, 0x06, 0x1d, 0x01, 0x14, 0x16, 0x33, 0x21, 0x15, 0x14, 0x16, 0x37,
    0x25, 0x36, 0x34, 0x01, 0xe2, 0xec, 0xd6, 0x9b, 0x5b, 0x5b, 0x9b, 0xd6, 0xec, 0xd6, 0x9b, 0x5b,
    0x5b, 0x9b, 0x02, 0x86, 0xfe, 0xed, 0x10, 0x17, 0xfe, 0xed, 0x0a, 0x0f, 0x0f, 0x0a, 0x01, 0x13,
    0x17, 0x10, 0x01, 0x13, 0x10, 0x04, 0x9a, 0x5b, 0x9b, 0xd6, 0xec, 0xd6, 0x9b, 0x5b, 0x5b, 0x9b,
    0xd6, 0xec, 0xd6, 0x9b, 0xfe, 0x39, 0xdf, 0x0d, 0x0a, 0x15, 0x89, 0x0f, 0x0a, 0x96, 0x0a, 0x0f,
    0x89, 0x15, 0x0a, 0x0d, 0xdf, 0x0d, 0x26, 0x00, 0x00, 0x02, 0x00, 0x16, 0x00, 0x16, 0x04, 0x9a,
    0x04, 0x9a, 0x00, 0x0f, 0x00, 0x25, 0x00, 0x00, 0x00, 0x32, 0x1e, 0x02, 0x14, 0x0e, 0x02, 0x22,
    0x2e, 0x02, 0x34, 0x3e, 0x01, 0x0d, 0x01, 0x06, 0x14, 0x17, 0x05, 0x16, 0x36, 0x3d, 0x01, 0x21,
    0x32, 0x36, 0x3d, 0x01, 0x34, 0x26, 0x23, 0x21, 0x35, 0x34, 0x26, 0x01, 0xe2, 0xec, 0xd6, 0x9b,
    0x5b, 0x5b, 0x9b, 0xd6, 0xec, 0xd6, 0x9b, 0x5b, 0x5b, 0x9b, 0x01, 0x25, 0xfe, 0xed, 0x10, 0x10,
    0x01, 0x13, 0x10, 0x17, 0x01, 0x13, 0x0a, 0x0f, 0x0f, 0x0a, 0xfe, 0xed, 0x17, 0x04, 0x9a, 0x5b,
    0x9b, 0xd6, 0xec, 0xd6, 0x9b, 0x5b, 0x5b, 0x9b, 0xd6, 0xec, 0xd6, 0x9b, 0xe8, 0xdf, 0x0d, 0x26,
    0x0d, 0xdf, 0x0d, 0x0a, 0x15, 0x89, 0x0f, 0x0a, 0x96, 0x0a, 0x0f, 0x89, 0x15, 0x0a, 0x00, 0x00,
    0x00, 0x02, 0x00, 0x16, 0x00, 0x16, 0x04, 0x9a, 0x04, 0x9a, 0x00, 0x0f, 0x00, 0x25, 0x00, 0x00,
    0x00, 0x32, 0x1e, 0x02, 0x14, 0x0e, 0x02, 0x22, 0x2e, 0x02, 0x34, 0x3e, 0x01, 0x01, 0x03, 0x26,
    0x22, 0x07, 0x03, 0x06, 0x16, 0x3b, 0x01, 0x11, 0x14, 0x16, 0x3b, 0x01, 0x32, 0x36, 0x35, 0x11,
    0x33, 0x32, 0x36, 0x01, 0xe2, 0xec, 0xd6, 0x9b, 0x5b, 0x5b, 0x9b, 0xd6, 0xec, 0xd6, 0x9b, 0x5b,
    0x5b, 0x9b, 0x02, 0x4b, 0xdf, 0x0d, 0x26, 0x0d, 0xdf, 0x0d, 0x0a, 0x15, 0x89, 0x0f, 0x0a, 0x96,
    0x0a, 0x0f, 0x89, 0x15, 0x0a, 0x04, 0x9a, 0x5b, 0x9b, 0xd6, 0xec, 0xd6, 0x9b, 0x5b, 0x5b, 0x9b,
    0xd6, 0xec, 0xd6, 0x9b, 0xfe, 0x40, 0x01, 0x13, 0x10, 0x10, 0xfe, 0xed, 0x10, 0x17, 0xfe, 0xed,
    0x0a, 0x0f, 0x0f, 0x0a, 0x01, 0x13, 0x17, 0x00, 0x00, 0x02, 0x00, 0x16, 0x00, 0x16, 0x04, 0x9a,
    0x04, 0x9a, 0x00, 0x0f, 0x00, 0x25, 0x00, 0x00, 0x00, 0x32, 0x1e, 0x02, 0x14, 0x0e, 0x02, 0x22,
    0x2e, 0x02, 0x34, 0x3e, 0x01, 0x05, 0x23, 0x22, 0x06, 0x15, 0x11, 0x23, 0x22, 0x06, 0x17, 0x13,
    0x16, 0x32, 0x37, 0x13, 0x36, 0x26, 0x2b, 0x01, 0x11, 0x34, 0x26, 0x01, 0xe2, 0xec, 0xd6, 0x9b,
    0x5b, 0x5b, 0x9b, 0xd6, 0xec, 0xd6, 0x9b, 0x5b, 0x5b, 0x9b, 0x01, 0x97, 0x96, 0x0a, 0x0f, 0x89,
    0x15, 0x0a, 0x0d, 0xdf, 0x0d, 0x26, 0x0d, 0xdf, 0x0d, 0x0a, 0x15, 0x89, 0x0f, 0x04, 0x9a, 0x5b,
    0x9b, 0xd6, 0xec, 0xd6, 0x9b, 0x5b, 0x5b, 0x9b, 0xd6, 0xec, 0xd6, 0x9b, 0xbb, 0x0f, 0x0a, 0xfe,
    0xed, 0x17, 0x10, 0xfe, 0xed, 0x10, 0x10, 0x01, 0x13, 0x10, 0x17, 0x01, 0x13, 0x0a, 0x0f, 0x00,
    0x00, 0x03, 0x00, 0x18, 0x00, 0x18, 0x04, 0x98, 0x04, 0x98, 0x00, 0x0f, 0x00, 0x96, 0x00, 0xa6,
    0x00, 0x00, 0x00, 0x32, 0x1e, 0x02, 0x14, 0x0e, 0x02, 0x22, 0x2e, 0x02, 0x34, 0x3e, 0x01, 0x25,
    0x0e, 0x03, 0x07, 0x06, 0x26, 0x07, 0x0e, 0x01, 0x07, 0x06, 0x16, 0x07, 0x0e, 0x01, 0x07, 0x06,
    0x16, 0x07, 0x14, 0x16, 0x07, 0x32, 0x1e, 0x01, 0x17, 0x1e, 0x02, 0x17, 0x1e, 0x02, 0x37, 0x16,
    0x0e, 0x01, 0x17, 0x1e, 0x02, 0x17, 0x14, 0x06, 0x14, 0x17, 0x16, 0x37, 0x3e, 0x02, 0x37, 0x2e,
    0x01, 0x27, 0x2e, 0x01, 0x27, 0x22, 0x0e, 0x02, 0x07, 0x06, 0x27, 0x26, 0x36, 0x35, 0x2e, 0x01,
    0x27, 0x36, 0x2e, 0x01, 0x06, 0x07, 0x06, 0x27, 0x26, 0x37, 0x36, 0x37, 0x1e, 0x02, 0x17, 0x1e,
    0x03, 0x1f, 0x01, 0x3e, 0x02, 0x27, 0x26, 0x3e, 0x01, 0x37, 0x3e, 0x03, 0x37, 0x26, 0x37, 0x32,
    0x16, 0x32, 0x36, 0x37, 0x2e, 0x03, 0x27, 0x34, 0x3e, 0x02, 0x26, 0x27, 0x1e, 0x01, 0x3f, 0x01,
    0x36, 0x2e, 0x02, 0x27, 0x06, 0x07, 0x14, 0x1e, 0x01, 0x15, 0x2e, 0x02, 0x27, 0x3e, 0x01, 0x37,
    0x16, 0x32, 0x3e, 0x01, 0x01, 0xe4, 0xe8, 0xd5, 0x9b, 0x5c, 0x5c, 0x9b, 0xd5, 0xe8, 0xd5, 0x9b,
    0x5c, 0x5c, 0x9b, 0x01, 0x64, 0x0f, 0x2b, 0x1c, 0x3a, 0x0a, 0x0f, 0x3d, 0x0f, 0x14, 0x3f, 0x03,
    0x03, 0x13, 0x01, 0x03, 0x31, 0x05, 0x09, 0x1c, 0x06, 0x22, 0x01, 0x0c, 0x16, 0x19, 0x07, 0x10,
    0x22, 0x2f, 0x0b, 0x15, 0x3f, 0x39, 0x1d, 0x07, 0x14, 0x19, 0x03, 0x0d, 0x14, 0x23, 0x13, 0x07,
    0x05, 0x68, 0x75, 0x1e, 0x21, 0x24, 0x03, 0x0d, 0x30, 0x0c, 0x0f, 0x45, 0x11, 0x12, 0x2e, 0x28,
    0x2c, 0x10, 0x33, 0x0f, 0x04, 0x01, 0x06, 0x29, 0x04, 0x01, 0x03, 0x0b, 0x1a, 0x12, 0x17, 0x13,
    0x13, 0x0b, 0x06, 0x10, 0x06, 0x28, 0x1b, 0x06, 0x07, 0x16, 0x15, 0x13, 0x06, 0x05, 0x02, 0x0b,
    0x05, 0x03, 0x03, 0x0d, 0x17, 0x04, 0x06, 0x09, 0x07, 0x18, 0x16, 0x06, 0x10, 0x08, 0x20, 0x11,
    0x17, 0x09, 0x0a, 0x2a, 0x21, 0x41, 0x0b, 0x04, 0x02, 0x01, 0x03, 0x03, 0x1f, 0x37, 0x0b, 0x0c,
    0x05, 0x1d, 0x2c, 0x38, 0x0d, 0x12, 0x21, 0x10, 0x12, 0x08, 0x3f, 0x2a, 0x10, 0x03, 0x1a, 0x03,
    0x0a, 0x12, 0x0a, 0x11, 0x04, 0x98, 0x5c, 0x9b, 0xd5, 0xe8, 0xd5, 0x9b, 0x5c, 0x5c, 0x9b, 0xd5,
    0xe8, 0xd5, 0x9b, 0x11, 0x0c, 0x11, 0x07, 0x09, 0x02, 0x03, 0x06, 0x05, 0x07, 0x27, 0x0f, 0x0b,
    0x17, 0x07, 0x22, 0x72, 0x16, 0x22, 0x76, 0x1c, 0x09, 0x47, 0x18, 0x0a, 0x14, 0x04, 0x08, 0x0e,
    0x10, 0x04, 0x09, 0x2e, 0x1e, 0x04, 0x0f, 0x26, 0x2a, 0x11, 0x15, 0x1b, 0x1c, 0x04, 0x07, 0x12,
    0x0a, 0x0c, 0x02, 0x72, 0x1d, 0x24, 0x3e, 0x20, 0x08, 0x01, 0x07, 0x07, 0x10, 0x0b, 0x01, 0x02,
    0x0b, 0x0b, 0x23, 0x17, 0x01, 0x31, 0x01, 0x0d, 0x09, 0x02, 0x0f, 0x1f, 0x19, 0x02, 0x14, 0x19,
    0x1d, 0x1c, 0x1e, 0x10, 0x06, 0x01, 0x01, 0x07, 0x0a, 0x0c, 0x18, 0x11, 0x0d, 0x04, 0x03, 0x0c,
    0x25, 0x20, 0x10, 0x12, 0x16, 0x17, 0x0d, 0x0e, 0x2a, 0x14, 0x19, 0x0a, 0x12, 0x12, 0x03, 0x09,
    0x0b, 0x17, 0x27, 0x14, 0x22, 0x06, 0x01, 0x0e, 0x09, 0x0c, 0x07, 0x01, 0x0d, 0x03, 0x04, 0x05,
    0x1c, 0x24, 0x0c, 0x12, 0x0b, 0x04, 0x67, 0x11, 0x32, 0x28, 0x03, 0x01, 0x09, 0x0b, 0x0b, 0x0b,
    0x25, 0x07, 0x0a, 0x0c, 0x11, 0x00, 0x00, 0x00, 0x00, 0x01, 0x00, 0x00, 0x00, 0x02, 0x04, 0xaf,
    0x04, 0x85, 0x00, 0x16, 0x00, 0x00, 0x01, 0x36, 0x17, 0x05, 0x17, 0x37, 0x16, 0x06, 0x07, 0x0e,
    0x01, 0x27, 0x01, 0x06, 0x22, 0x2f, 0x01, 0x26, 0x34, 0x37, 0x01, 0x26, 0x36, 0x02, 0xf4, 0xa4,
    0x8e, 0xfe, 0xfd, 0x91, 0xfb, 0x06, 0x50, 0x4d, 0x3c, 0x86, 0x3b, 0xfd, 0xac, 0x0f, 0x2b, 0x0f,
    0x6f, 0x0f, 0x0f, 0x02, 0x58, 0x22, 0x4f, 0x04, 0x85, 0x5c, 0x65, 0x8a, 0xe8, 0x7e, 0x59, 0x87,
    0x2b, 0x22, 0x0b, 0x16, 0xfd, 0xac, 0x10, 0x10, 0x6e, 0x0f, 0x2b, 0x10, 0x02, 0x57, 0x65, 0xc9,
    0x00, 0x06, 0x00, 0x00, 0x00, 0x60, 0x04, 0xb0, 0x04, 0xac, 0x00, 0x0f, 0x00, 0x13, 0x00, 0x23,
    0x00, 0x27, 0x00, 0x37, 0x00, 0x3b, 0x00, 0x00, 0x13, 0x21, 0x32, 0x16, 0x1d, 0x01, 0x14, 0x06,
    0x23, 0x21, 0x22, 0x26, 0x3d, 0x01, 0x34, 0x36, 0x05, 0x23, 0x15, 0x33, 0x05, 0x21, 0x32, 0x16,
    0x1d, 0x01, 0x14, 0x06, 0x23, 0x21, 0x22, 0x26, 0x3d, 0x01, 0x34, 0x36, 0x05, 0x21, 0x15, 0x21,
    0x05, 0x21, 0x32, 0x16, 0x1d, 0x01, 0x14, 0x06, 0x23, 0x21, 0x22, 0x26, 0x3d, 0x01, 0x34, 0x36,
    0x05, 0x21, 0x15, 0x21, 0x64, 0x03, 0xe8, 0x29, 0x3b, 0x3b, 0x29, 0xfc, 0x18, 0x29, 0x3b, 0x3b,
    0x04, 0x11, 0xc8, 0xc8, 0xfc, 0x18, 0x03, 0xe8, 0x29, 0x3b, 0x3b, 0x29, 0xfc, 0x18, 0x29, 0x3b,
    0x3b, 0x04, 0x11, 0xfe, 0x0c, 0x01, 0xf4, 0xfc, 0x18, 0x03, 0xe8, 0x29, 0x3b, 0x3b, 0x29, 0xfc,
    0x18, 0x29, 0x3b, 0x3b, 0x04, 0x11, 0xfe, 0xd4, 0x01, 0x2c, 0x04, 0xac, 0x3b, 0x29, 0x64, 0x29,
    0x3b, 0x3b, 0x29, 0x64, 0x29, 0x3b, 0x64, 0x64, 0xc8, 0x3b, 0x29, 0x64, 0x29, 0x3b, 0x3b, 0x29,
    0x64, 0x29, 0x3b, 0x64, 0x64, 0xc8, 0x3b, 0x29, 0x64, 0x29, 0x3b, 0x3b, 0x29, 0x64, 0x29, 0x3b,
    0x64, 0x64, 0x00, 0x00, 0x00, 0x02, 0x00, 0x64, 0x00, 0x00, 0x04, 0x4c, 0x04, 0xb0, 0x00, 0x0b,
    0x00, 0x11, 0x00, 0x00, 0x13, 0x21, 0x32, 0x16, 0x14, 0x06, 0x23, 0x21, 0x22, 0x26, 0x34, 0x36,
    0x01, 0x11, 0x07, 0x11, 0x01, 0x21, 0x96, 0x03, 0x84, 0x15, 0x1d, 0x1d, 0x15, 0xfc, 0x7c, 0x15,
    0x1d, 0x1d, 0x02, 0x3b, 0xc8, 0xfe, 0xa2, 0x03, 0x84, 0x04, 0xb0, 0x1d, 0x2a, 0x1d, 0x1d, 0x2a,
    0x1d, 0xfd, 0x44, 0xfe, 0xd4, 0xc8, 0x01, 0xf4, 0x01, 0xf4, 0x00, 0x00, 0x00, 0x03, 0x00, 0x00,
    0x00, 0x64, 0x04, 0xb0, 0x04, 0xb0, 0x00, 0x17, 0x00, 0x1b, 0x00, 0x25, 0x00, 0x00, 0x01, 0x33,
    0x32, 0x16, 0x1d, 0x01, 0x21, 0x32, 0x16, 0x15, 0x11, 0x21, 0x35, 0x23, 0x15, 0x21, 0x11, 0x34,
    0x36, 0x33, 0x21, 0x35, 0x34, 0x36, 0x17, 0x15, 0x33, 0x35, 0x01, 0x15, 0x14, 0x06, 0x23, 0x21,
    0x22, 0x26, 0x3d, 0x01, 0x01, 0xf4, 0xc8, 0x29, 0x3b, 0x01, 0x2c, 0x29, 0x3b, 0xfe, 0x0c, 0xc8,
    0xfe, 0x0c, 0x3b, 0x29, 0x01, 0x2c, 0x3b, 0x29, 0xc8, 0x01, 0xf4, 0x3b, 0x29, 0xfc, 0x18, 0x29,
    0x3b, 0x04, 0xb0, 0x3b, 0x29, 0x64, 0x3b, 0x29, 0xfe, 0x70, 0x64, 0x64, 0x01, 0x90, 0x29, 0x3b,
    0x64, 0x29, 0x3b, 0x64, 0x64, 0x64, 0xfd, 0x44, 0xc8, 0x29, 0x3b, 0x3b, 0x29, 0xc8, 0x00, 0x00,
    0x00, 0x04, 0x00, 0x00, 0x00, 0x00, 0x04, 0xb0, 0x04, 0xb0, 0x00, 0x15, 0x00, 0x2b, 0x00, 0x41,
    0x00, 0x57, 0x00, 0x00, 0x13, 0x21, 0x32, 0x16, 0x0f, 0x01, 0x17, 0x16, 0x14, 0x0f, 0x01, 0x06,
    0x22, 0x2f, 0x01, 0x07, 0x06, 0x26, 0x35, 0x11, 0x34, 0x36, 0x29, 0x01, 0x32, 0x16, 0x15, 0x11,
    0x14, 0x06, 0x2f, 0x01, 0x07, 0x06, 0x22, 0x2f, 0x01, 0x26, 0x34, 0x3f, 0x01, 0x27, 0x26, 0x36,
    0x01, 0x17, 0x16, 0x14, 0x0f, 0x01, 0x17, 0x16, 0x06, 0x23, 0x21, 0x22, 0x26, 0x35, 0x11, 0x34,
    0x36, 0x1f, 0x01, 0x37, 0x36, 0x32, 0x05, 0x37, 0x36, 0x16, 0x15, 0x11, 0x14, 0x06, 0x23, 0x21,
    0x22, 0x26, 0x3f, 0x01, 0x27, 0x26, 0x34, 0x3f, 0x01, 0x36, 0x32, 0x17, 0x32, 0x01, 0x2c, 0x15,
    0x08, 0x0e, 0x5e, 0xc7, 0x07, 0x07, 0x6a, 0x08, 0x14, 0x08, 0xc7, 0x5e, 0x0e, 0x15, 0x1d, 0x03,
    0x35, 0x01, 0x2c, 0x15, 0x1d, 0x15, 0x0e, 0x5e, 0xc7, 0x08, 0x14, 0x08, 0x6a, 0x07, 0x07, 0xc7,
    0x5e, 0x0e, 0x08, 0xfe, 0x2f, 0x6a, 0x07, 0x07, 0xc7, 0x5e, 0x0e, 0x08, 0x15, 0xfe, 0xd4, 0x15,
    0x1d, 0x15, 0x0e, 0x5e, 0xc7, 0x08, 0x14, 0x02, 0xcb, 0x5e, 0x0e, 0x15, 0x1d, 0x15, 0xfe, 0xd4,
    0x15, 0x08, 0x0e, 0x5e, 0xc7, 0x07, 0x07, 0x6a, 0x08, 0x14, 0x08, 0x04, 0xb0, 0x15, 0x0e, 0x5e,
    0xc7, 0x08, 0x14, 0x08, 0x6a, 0x07, 0x07, 0xc7, 0x5e, 0x0e, 0x08, 0x15, 0x01, 0x2c, 0x15, 0x1d,
    0x1d, 0x15, 0xfe, 0xd4, 0x15, 0x08, 0x0e, 0x5e, 0xc7, 0x07, 0x07, 0x6a, 0x08, 0x14, 0x08, 0xc7,
    0x5e, 0x0e, 0x15, 0xfd, 0x26, 0x6a, 0x08, 0x14, 0x08, 0xc7, 0x5e, 0x0e, 0x15, 0x1d, 0x15, 0x01,
    0x2c, 0x15, 0x08, 0x0e, 0x5e, 0xc7, 0x07, 0xce, 0x5e, 0x0e, 0x08, 0x15, 0xfe, 0xd4, 0x15, 0x1d,
    0x15, 0x0e, 0x5e, 0xc7, 0x08, 0x14, 0x08, 0x6a, 0x07, 0x07, 0x00, 0x00, 0x00, 0x06, 0x00, 0x00,
    0x00, 0x00, 0x04, 0xa8, 0x04, 0xa8, 0x00, 0x0f, 0x00, 0x1b, 0x00, 0x23, 0x00, 0x3b, 0x00, 0x43,
    0x00, 0x4b, 0x00, 0x00, 0x00, 0x32, 0x1e, 0x02, 0x14, 0x0e, 0x02, 0x22, 0x2e, 0x02, 0x34, 0x3e,
    0x01, 0x04, 0x22, 0x0e, 0x01, 0x14, 0x1e, 0x01, 0x32, 0x3e, 0x01, 0x34, 0x26, 0x24, 0x32, 0x16,
    0x14, 0x06, 0x22, 0x26, 0x34, 0x24, 0x32, 0x16, 0x14, 0x06, 0x23, 0x22, 0x27, 0x07, 0x16, 0x15,
    0x14, 0x06, 0x22, 0x26, 0x35, 0x34, 0x36, 0x3f, 0x02, 0x26, 0x35, 0x34, 0x04, 0x32, 0x16, 0x14,
    0x06, 0x22, 0x26, 0x34, 0x24, 0x32, 0x16, 0x14, 0x06, 0x22, 0x26, 0x34, 0x01, 0xdb, 0xf2, 0xdd,
    0x9f, 0x5f, 0x5f, 0x9f, 0xdd, 0xf2, 0xdd, 0xa0, 0x5e, 0x5e, 0xa0, 0x01, 0xc6, 0xe0, 0xbf, 0x6f,
    0x6f, 0xbf, 0xe0, 0xbf, 0x6f, 0x6f, 0xfe, 0x2d, 0x2d, 0x20, 0x20, 0x2d, 0x20, 0x01, 0x4c, 0x2d,
    0x20, 0x20, 0x16, 0x0e, 0x0f, 0x37, 0x11, 0x33, 0x48, 0x33, 0x29, 0x1f, 0x7a, 0x01, 0x09, 0xfe,
    0x87, 0x2d, 0x20, 0x20, 0x2d, 0x20, 0x02, 0x1d, 0x2d, 0x20, 0x20, 0x2d, 0x20, 0x04, 0xa8, 0x5f,
    0x9f, 0xdd, 0xf2, 0xdd, 0xa0, 0x5e, 0x5e, 0xa0, 0xdd, 0xf2, 0xdd, 0x9f, 0x57, 0x6f, 0xbf, 0xe0,
    0xbf, 0x6f, 0x6f, 0xbf, 0xe0, 0xbf, 0x06, 0x20, 0x2d, 0x21, 0x21, 0x2d, 0x20, 0x20, 0x2d, 0x21,
    0x0a, 0x91, 0x17, 0x1c, 0x24, 0x33, 0x33, 0x24, 0x20, 0x31, 0x05, 0x7e, 0x01, 0x0e, 0x0e, 0x17,
    0xa4, 0x20, 0x2d, 0x20, 0x20, 0x2d, 0x20, 0x20, 0x2d, 0x20, 0x20, 0x2d, 0x00, 0x01, 0xff, 0xd8,
    0x00, 0x5a, 0x04, 0xb9, 0x04, 0xbc, 0x00, 0x5b, 0x00, 0x00, 0x25, 0x01, 0x36, 0x37, 0x36, 0x26,
    0x27, 0x26, 0x23, 0x22, 0x0e, 0x03, 0x07, 0x00, 0x07, 0x0e, 0x04, 0x17, 0x1e, 0x01, 0x33, 0x32,
    0x37, 0x01, 0x36, 0x27, 0x2e, 0x01, 0x23, 0x22, 0x07, 0x06, 0x07, 0x01, 0x0e, 0x01, 0x26, 0x34,
    0x37, 0x00, 0x37, 0x3e, 0x01, 0x33, 0x32, 0x17, 0x1e, 0x01, 0x17, 0x16, 0x06, 0x07, 0x0e, 0x06,
    0x07, 0x06, 0x23, 0x22, 0x26, 0x27, 0x26, 0x36, 0x37, 0x01, 0x36, 0x37, 0x36, 0x33, 0x32, 0x17,
    0x1e, 0x01, 0x17, 0x16, 0x06, 0x07, 0x01, 0x0e, 0x01, 0x27, 0x2e, 0x01, 0x02, 0x22, 0x01, 0xd5,
    0x5b, 0x08, 0x07, 0x76, 0x5f, 0x16, 0x19, 0x22, 0x41, 0x30, 0x3f, 0x21, 0x20, 0xfe, 0x88, 0x0f,
    0x1e, 0x1e, 0x2d, 0x13, 0x0d, 0x05, 0x09, 0x59, 0x37, 0x4a, 0x33, 0x02, 0x24, 0x24, 0x10, 0x07,
    0x1d, 0x12, 0x1a, 0x18, 0x0d, 0x1a, 0xfe, 0xab, 0x0f, 0x29, 0x1c, 0x0e, 0x01, 0x47, 0x22, 0x23,
    0x41, 0x2e, 0x0e, 0x0f, 0x2c, 0x3d, 0x0d, 0x0e, 0x18, 0x23, 0x0c, 0x28, 0x77, 0x6e, 0x8b, 0x6b,
    0x56, 0x0e, 0x38, 0x40, 0x46, 0x76, 0x22, 0x30, 0x1a, 0x44, 0x01, 0xff, 0x47, 0x28, 0x5b, 0x6b,
    0x50, 0x48, 0x4e, 0x67, 0x0f, 0x11, 0x38, 0x42, 0xfe, 0x1e, 0x0f, 0x2a, 0x10, 0x10, 0x03, 0xad,
    0x01, 0xd6, 0x5b, 0x65, 0x62, 0x9b, 0x11, 0x04, 0x14, 0x1a, 0x32, 0x21, 0x1f, 0xfe, 0x89, 0x0f,
    0x1b, 0x1d, 0x35, 0x28, 0x37, 0x1d, 0x3e, 0x42, 0x33, 0x02, 0x24, 0x24, 0x27, 0x10, 0x14, 0x17,
    0x0c, 0x1a, 0xfe, 0xae, 0x0f, 0x01, 0x1c, 0x29, 0x0e, 0x01, 0x4d, 0x22, 0x23, 0x21, 0x01, 0x08,
    0x37, 0x29, 0x2f, 0x63, 0x23, 0x0b, 0x2a, 0x78, 0x6e, 0x89, 0x66, 0x4c, 0x07, 0x1b, 0x40, 0x39,
    0x4e, 0xbe, 0x44, 0x01, 0xff, 0x48, 0x18, 0x37, 0x21, 0x24, 0x86, 0x57, 0x5d, 0xb5, 0x42, 0xfe,
    0x24, 0x0f, 0x02, 0x0f, 0x0f, 0x26, 0x00, 0x00, 0x00, 0x02, 0x00, 0x64, 0x00, 0x58, 0x04, 0xaf,
    0x04, 0x44, 0x00, 0x19, 0x00, 0x44, 0x00, 0x00, 0x01, 0x3e, 0x02, 0x1e, 0x02, 0x15, 0x14, 0x0e,
    0x03, 0x07, 0x2e, 0x04, 0x35, 0x34, 0x3e, 0x02, 0x1e, 0x01, 0x05, 0x22, 0x0e, 0x03, 0x22, 0x2e,
    0x03, 0x23, 0x22, 0x06, 0x15, 0x14, 0x1e, 0x02, 0x17, 0x16, 0x17, 0x1e, 0x04, 0x32, 0x3e, 0x03,
    0x37, 0x36, 0x37, 0x3e, 0x04, 0x35, 0x34, 0x26, 0x02, 0x89, 0x30, 0x7b, 0x78, 0x75, 0x58, 0x36,
    0x43, 0x79, 0x84, 0xa8, 0x3e, 0x3e, 0xa7, 0x85, 0x78, 0x43, 0x38, 0x5a, 0x76, 0x78, 0x79, 0x01,
    0x23, 0x21, 0x3f, 0x32, 0x2d, 0x2a, 0x21, 0x27, 0x29, 0x2d, 0x3f, 0x22, 0x43, 0x6f, 0x1b, 0x41,
    0x32, 0x33, 0x0f, 0x07, 0x0f, 0x3a, 0x2b, 0x31, 0x21, 0x0d, 0x22, 0x33, 0x29, 0x40, 0x0c, 0x04,
    0x08, 0x2b, 0x29, 0x3f, 0x1d, 0x17, 0x6a, 0x03, 0xb5, 0x44, 0x48, 0x05, 0x2d, 0x53, 0x76, 0x40,
    0x39, 0x79, 0x80, 0x7f, 0xb2, 0x55, 0x55, 0xb2, 0x7f, 0x80, 0x79, 0x39, 0x40, 0x76, 0x53, 0x2d,
    0x05, 0x48, 0x2d, 0x26, 0x36, 0x35, 0x26, 0x26, 0x35, 0x36, 0x26, 0x6f, 0x4d, 0x17, 0x38, 0x4a,
    0x34, 0x31, 0x0f, 0x07, 0x0e, 0x3c, 0x2a, 0x2e, 0x18, 0x18, 0x30, 0x28, 0x40, 0x0b, 0x04, 0x09,
    0x29, 0x2a, 0x44, 0x2a, 0x32, 0x13, 0x4f, 0x6d, 0x00, 0x02, 0x00, 0x39, 0xff, 0xf2, 0x04, 0x77,
    0x04, 0xbe, 0x00, 0x17, 0x00, 0x2e, 0x00, 0x00, 0x00, 0x32, 0x1f, 0x01, 0x16, 0x15, 0x14, 0x06,
    0x0f, 0x01, 0x26, 0x2f, 0x01, 0x37, 0x27, 0x01, 0x17, 0x07, 0x2f, 0x01, 0x26, 0x34, 0x37, 0x01,
    0x03, 0x37, 0x16, 0x1f, 0x01, 0x16, 0x14, 0x07, 0x01, 0x06, 0x22, 0x2f, 0x01, 0x26, 0x34, 0x3f,
    0x01, 0x16, 0x1f, 0x01, 0x07, 0x17, 0x01, 0x02, 0xab, 0xbb, 0x42, 0x8d, 0x42, 0x38, 0x22, 0x1d,
    0x1f, 0x2e, 0x12, 0x5f, 0xf7, 0xfe, 0x7b, 0xd4, 0x69, 0x13, 0x8d, 0x42, 0x42, 0x01, 0x1b, 0x12,
    0x69, 0x0a, 0x09, 0x8d, 0x42, 0x42, 0xfe, 0xe5, 0x42, 0xba, 0x42, 0x8d, 0x42, 0x42, 0x37, 0x1d,
    0x2e, 0x12, 0x5f, 0xf7, 0x01, 0x85, 0x04, 0xbe, 0x42, 0x8d, 0x42, 0x5e, 0x2a, 0x6b, 0x22, 0x1d,
    0x35, 0x2e, 0x12, 0x5f, 0xf8, 0xfe, 0x7b, 0xd4, 0x6a, 0x12, 0x8d, 0x42, 0xba, 0x42, 0x01, 0x1b,
    0xfe, 0x46, 0x69, 0x08, 0x09, 0x8d, 0x42, 0xba, 0x42, 0xfe, 0xe5, 0x42, 0x42, 0x8d, 0x42, 0xbb,
    0x42, 0x37, 0x37, 0x2f, 0x11, 0x5f, 0xf8, 0x01, 0x85, 0x00, 0x00, 0x00, 0x00, 0x03, 0x00, 0xc8,
    0x00, 0x00, 0x03, 0xe8, 0x04, 0xb0, 0x00, 0x11, 0x00, 0x15, 0x00, 0x1d, 0x00, 0x00, 0x00, 0x32,
    0x1e, 0x02, 0x15, 0x11, 0x14, 0x06, 0x23, 0x21, 0x22, 0x26, 0x35, 0x11, 0x34, 0x3e, 0x01, 0x07,
    0x11, 0x21, 0x11, 0x00, 0x22, 0x06, 0x14, 0x16, 0x32, 0x36, 0x34, 0x02, 0x06, 0xaa, 0x9a, 0x64,
    0x3a, 0x3b, 0x29, 0xfd, 0xa8, 0x29, 0x3b, 0x3c, 0x66, 0x3e, 0x02, 0x58, 0xfe, 0xff, 0x56, 0x3d,
    0x3d, 0x56, 0x3d, 0x04, 0xb0, 0x1e, 0x2e, 0x32, 0x15, 0xfc, 0x47, 0x29, 0x3b, 0x3b, 0x29, 0x03,
    0xb9, 0x15, 0x33, 0x2d, 0xaa, 0xfd, 0x44, 0x02, 0xbc, 0xfd, 0x16, 0x3d, 0x56, 0x3d, 0x3d, 0x56,
    0x00, 0x01, 0x00, 0x00, 0x00, 0x00, 0x04, 0xb0, 0x04, 0xb0, 0x00, 0x16, 0x00, 0x00, 0x09, 0x01,
    0x16, 0x14, 0x06, 0x22, 0x2f, 0x01, 0x01, 0x11, 0x27, 0x01, 0x05, 0x13, 0x01, 0x27, 0x21, 0x01,
    0x27, 0x26, 0x34, 0x36, 0x32, 0x03, 0x86, 0x01, 0x1b, 0x0f, 0x1d, 0x2a, 0x0e, 0x24, 0xfe, 0xe9,
    0xd4, 0xfe, 0xcc, 0xfe, 0xe8, 0xcb, 0x01, 0x33, 0xd2, 0x01, 0x2c, 0x01, 0x0b, 0x23, 0x0f, 0x1d,
    0x2a, 0x04, 0xa1, 0xfe, 0xe6, 0x0f, 0x2a, 0x1d, 0x0f, 0x23, 0xfe, 0xf5, 0xfe, 0xd4, 0xd2, 0xfe,
    0xcd, 0xcb, 0x01, 0x18, 0x01, 0x34, 0xd4, 0x01, 0x17, 0x24, 0x0e, 0x2a, 0x1d, 0x00, 0x00, 0x00,
    0x00, 0x03, 0x01, 0x27, 0x00, 0x11, 0x04, 0x09, 0x04, 0xe0, 0x00, 0x32, 0x00, 0x40, 0x00, 0x4b,
    0x00, 0x00, 0x01, 0x15, 0x1e, 0x04, 0x17, 0x23, 0x2e, 0x03, 0x27, 0x11, 0x17, 0x1e, 0x04, 0x15,
    0x14, 0x06, 0x07, 0x15, 0x23, 0x35, 0x26, 0x27, 0x2e, 0x01, 0x27, 0x33, 0x1e, 0x01, 0x17, 0x11,
    0x27, 0x2e, 0x04, 0x35, 0x34, 0x3e, 0x02, 0x37, 0x35, 0x19, 0x01, 0x0e, 0x03, 0x15, 0x14, 0x1e,
    0x03, 0x17, 0x16, 0x17, 0x11, 0x3e, 0x04, 0x34, 0x2e, 0x02, 0x02, 0xbc, 0x26, 0x45, 0x52, 0x3c,
    0x2c, 0x02, 0x9f, 0x04, 0x0d, 0x1d, 0x33, 0x27, 0x40, 0x22, 0x3c, 0x50, 0x37, 0x28, 0xb2, 0x9b,
    0x64, 0x96, 0x57, 0x28, 0x19, 0x03, 0x8b, 0x05, 0x57, 0x4a, 0x1b, 0x2e, 0x42, 0x4e, 0x30, 0x20,
    0x32, 0x55, 0x68, 0x3a, 0x1d, 0x2a, 0x2a, 0x15, 0x0e, 0x13, 0x26, 0x19, 0x19, 0x09, 0x68, 0x16,
    0x29, 0x31, 0x22, 0x18, 0x19, 0x33, 0x37, 0x04, 0xe0, 0x4e, 0x05, 0x13, 0x2c, 0x3f, 0x69, 0x42,
    0x24, 0x2e, 0x2c, 0x1b, 0x07, 0xfe, 0xcd, 0x0d, 0x07, 0x13, 0x2d, 0x3c, 0x64, 0x3e, 0x8b, 0xaa,
    0x0c, 0x4d, 0x4f, 0x10, 0x57, 0x28, 0x6b, 0x56, 0x4d, 0x62, 0x10, 0x01, 0x4f, 0x08, 0x0e, 0x19,
    0x2f, 0x39, 0x58, 0x36, 0x46, 0x70, 0x48, 0x2a, 0x06, 0x4d, 0xfe, 0x12, 0x01, 0x12, 0x04, 0x0e,
    0x1d, 0x36, 0x26, 0x1d, 0x2b, 0x19, 0x14, 0x08, 0x06, 0x03, 0xd0, 0xfe, 0xca, 0x02, 0x09, 0x16,
    0x20, 0x34, 0x43, 0x34, 0x25, 0x19, 0x00, 0x00, 0x00, 0x01, 0x00, 0x64, 0x00, 0x66, 0x03, 0x94,
    0x04, 0xad, 0x00, 0x4a, 0x00, 0x00, 0x01, 0x32, 0x1e, 0x01, 0x15, 0x23, 0x34, 0x2e, 0x02, 0x23,
    0x22, 0x06, 0x07, 0x06, 0x15, 0x14, 0x1e, 0x01, 0x17, 0x16, 0x17, 0x33, 0x15, 0x23, 0x16, 0x06,
    0x07, 0x06, 0x07, 0x3e, 0x01, 0x33, 0x36, 0x16, 0x33, 0x32, 0x37, 0x17, 0x0e, 0x03, 0x23, 0x22,
    0x2e, 0x01, 0x07, 0x0e, 0x01, 0x0f, 0x01, 0x27, 0x3e, 0x05, 0x37, 0x3e, 0x01, 0x27, 0x23, 0x35,
    0x33, 0x26, 0x27, 0x2e, 0x02, 0x3e, 0x01, 0x37, 0x36, 0x02, 0x31, 0x54, 0x99, 0x5e, 0x99, 0x27,
    0x3c, 0x3b, 0x1a, 0x25, 0x54, 0x14, 0x29, 0x1b, 0x1a, 0x18, 0x06, 0x03, 0xf1, 0xc5, 0x08, 0x15,
    0x15, 0x2d, 0x36, 0x22, 0x62, 0x16, 0x20, 0x8c, 0x22, 0x53, 0x35, 0x32, 0x1f, 0x36, 0x38, 0x1c,
    0x20, 0x17, 0x6a, 0x74, 0x26, 0x27, 0x56, 0x18, 0x17, 0x37, 0x04, 0x18, 0x07, 0x13, 0x0c, 0x11,
    0x09, 0x30, 0x0c, 0x24, 0xdd, 0xa6, 0x17, 0x15, 0x07, 0x0a, 0x02, 0x0e, 0x2d, 0x24, 0x61, 0x04,
    0xad, 0x50, 0x8b, 0x4e, 0x28, 0x3f, 0x22, 0x12, 0x1d, 0x15, 0x2c, 0x39, 0x1a, 0x4a, 0x30, 0x2a,
    0x09, 0x05, 0x64, 0x32, 0x82, 0x1e, 0x3e, 0x32, 0x0a, 0x0f, 0x01, 0x22, 0x1e, 0x93, 0x13, 0x17,
    0x08, 0x01, 0x22, 0x1f, 0x04, 0x03, 0x1a, 0x0c, 0x0b, 0x91, 0x03, 0x10, 0x05, 0x0d, 0x0b, 0x11,
    0x0a, 0x37, 0x8f, 0x47, 0x64, 0x2f, 0x39, 0x14, 0x2b, 0x44, 0x41, 0x4c, 0x21, 0x58, 0x00, 0x00,
    0x00, 0x02, 0x00, 0x19, 0xff, 0xff, 0x04, 0x97, 0x04, 0xb0, 0x00, 0x0f, 0x00, 0x1f, 0x00, 0x00,
    0x01, 0x33, 0x32, 0x16, 0x0f, 0x01, 0x06, 0x22, 0x2f, 0x01, 0x26, 0x36, 0x3b, 0x01, 0x11, 0x33,
    0x05, 0x17, 0x16, 0x06, 0x2b, 0x01, 0x11, 0x23, 0x11, 0x23, 0x22, 0x26, 0x3f, 0x01, 0x36, 0x32,
    0x01, 0x90, 0x96, 0x15, 0x08, 0x0e, 0xe6, 0x0e, 0x2a, 0x0e, 0xe6, 0x0e, 0x08, 0x15, 0x96, 0xc8,
    0x02, 0x17, 0xe6, 0x0e, 0x08, 0x15, 0x96, 0xc8, 0x96, 0x15, 0x08, 0x0e, 0xe6, 0x0e, 0x2a, 0x01,
    0x2c, 0x16, 0x0e, 0xfa, 0x0f, 0x0f, 0xfa, 0x0e, 0x16, 0x03, 0x84, 0x10, 0xf9, 0x0e, 0x15, 0xfc,
    0x7c, 0x03, 0x84, 0x15, 0x0e, 0xf9, 0x0f, 0x00, 0x00, 0x04, 0x00, 0x19, 0xff, 0xff, 0x03, 0xe8,
    0x04, 0xb0, 0x00, 0x07, 0x00, 0x17, 0x00, 0x1b, 0x00, 0x25, 0x00, 0x00, 0x01, 0x23, 0x35, 0x23,
    0x15, 0x23, 0x11, 0x21, 0x01, 0x33, 0x32, 0x16, 0x0f, 0x01, 0x06, 0x22, 0x2f, 0x01, 0x26, 0x36,
    0x3b, 0x01, 0x11, 0x33, 0x05, 0x15, 0x33, 0x35, 0x13, 0x07, 0x33, 0x15, 0x21, 0x35, 0x37, 0x23,
    0x35, 0x21, 0x03, 0xe8, 0x64, 0x64, 0x64, 0x01, 0x2c, 0xfd, 0xa8, 0x96, 0x15, 0x08, 0x0e, 0xe6,
    0x0e, 0x2a, 0x0e, 0xe6, 0x0e, 0x08, 0x15, 0x96, 0xc8, 0x01, 0x91, 0x64, 0x63, 0xc8, 0xc8, 0xfe,
    0xd4, 0xc8, 0xc8, 0x01, 0x2c, 0x02, 0xbc, 0x64, 0x64, 0x01, 0xf4, 0xfc, 0x7c, 0x16, 0x0e, 0xfa,
    0x0f, 0x0f, 0xfa, 0x0e, 0x16, 0x03, 0x84, 0x64, 0xc8, 0xc8, 0xfd, 0x12, 0xfa, 0x64, 0x96, 0xfa,
    0x64, 0x00, 0x00, 0x00, 0x00, 0x04, 0x00, 0x19, 0xff, 0xff, 0x03, 0xe8, 0x04, 0xb0, 0x00, 0x0f,
    0x00, 0x19, 0x00, 0x21, 0x00, 0x25, 0x00, 0x00, 0x01, 0x33, 0x32, 0x16, 0x0f, 0x01, 0x06, 0x22,
    0x2f, 0x01, 0x26, 0x36, 0x3b, 0x01, 0x11, 0x33, 0x05, 0x07, 0x33, 0x15, 0x21, 0x35, 0x37, 0x23,
    0x35, 0x21, 0x11, 0x23, 0x35, 0x23, 0x15, 0x23, 0x11, 0x21, 0x07, 0x15, 0x33, 0x35, 0x01, 0x90,
    0x96, 0x15, 0x08, 0x0e, 0xe6, 0x0e, 0x2a, 0x0e, 0xe6, 0x0e, 0x08, 0x15, 0x96, 0xc8, 0x02, 0x58,
    0xc8, 0xc8, 0xfe, 0xd4, 0xc8, 0xc8, 0x01, 0x2c, 0x64, 0x64, 0x64, 0x01, 0x2c, 0xc7, 0x64, 0x01,
    0x2c, 0x16, 0x0e, 0xfa, 0x0f, 0x0f, 0xfa, 0x0e, 0x16, 0x03, 0x84, 0x96, 0xfa, 0x64, 0x96, 0xfa,
    0x64, 0xfb, 0x50, 0x64, 0x64, 0x01, 0xf4, 0x64, 0xc8, 0xc8, 0x00, 0x00, 0x00, 0x04, 0x00, 0x19,
    0xff, 0xff, 0x04, 0x4c, 0x04, 0xb0, 0x00, 0x0f, 0x00, 0x15, 0x00, 0x1b, 0x00, 0x1f, 0x00, 0x00,
    0x01, 0x33, 0x32, 0x16, 0x0f, 0x01, 0x06, 0x22, 0x2f, 0x01, 0x26, 0x36, 0x3b, 0x01, 0x11, 0x33,
    0x01, 0x23, 0x11, 0x23, 0x35, 0x33, 0x13, 0x23, 0x35, 0x23, 0x11, 0x21, 0x07, 0x15, 0x33, 0x35,
    0x01, 0x90, 0x96, 0x15, 0x08, 0x0e, 0xe6, 0x0e, 0x2a, 0x0e, 0xe6, 0x0e, 0x08, 0x15, 0x96, 0xc8,
    0x02, 0x58, 0x64, 0x64, 0xc8, 0x64, 0x64, 0xc8, 0x01, 0x2c, 0xc7, 0x64, 0x01, 0x2c, 0x16, 0x0e,
    0xfa, 0x0f, 0x0f, 0xfa, 0x0e, 0x16, 0x03, 0x84, 0xfe, 0x0c, 0x01, 0x90, 0x64, 0xfb, 0x50, 0x64,
    0x01, 0x90, 0x64, 0xc8, 0xc8, 0x00, 0x00, 0x00, 0x00, 0x04, 0x00, 0x19, 0xff, 0xff, 0x04, 0x4c,
    0x04, 0xb0, 0x00, 0x0f, 0x00, 0x15, 0x00, 0x19, 0x00, 0x1f, 0x00, 0x00, 0x01, 0x33, 0x32, 0x16,
    0x0f, 0x01, 0x06, 0x22, 0x2f, 0x01, 0x26, 0x36, 0x3b, 0x01, 0x11, 0x33, 0x01, 0x23, 0x35, 0x23,
    0x11, 0x21, 0x07, 0x15, 0x33, 0x35, 0x03, 0x23, 0x11, 0x23, 0x35, 0x33, 0x01, 0x90, 0x96, 0x15,
    0x08, 0x0e, 0xe6, 0x0e, 0x2a, 0x0e, 0xe6, 0x0e, 0x08, 0x15, 0x96, 0xc8, 0x02, 0xbc, 0x64, 0xc8,
    0x01, 0x2c, 0xc7, 0x64, 0x01, 0x64, 0x64, 0xc8, 0x01, 0x2c, 0x16, 0x0e, 0xfa, 0x0f, 0x0f, 0xfa,
    0x0e, 0x16, 0x03, 0x84, 0xfe, 0x0c, 0x64, 0x01, 0x90, 0x64, 0xc8, 0xc8, 0xfb, 0xb4, 0x01, 0x90,
    0x64, 0x00, 0x00, 0x00, 0x00, 0x05, 0x00, 0x19, 0xff, 0xff, 0x04, 0xb0, 0x04, 0xb0, 0x00, 0x0f,
    0x00, 0x13, 0x00, 0x17, 0x00, 0x1b, 0x00, 0x1f, 0x00, 0x00, 0x01, 0x33, 0x32, 0x16, 0x0f, 0x01,
    0x06, 0x22, 0x2f, 0x01, 0x26, 0x36, 0x3b, 0x01, 0x11, 0x33, 0x05, 0x23, 0x35, 0x33, 0x13, 0x21,
    0x35, 0x21, 0x13, 0x21, 0x35, 0x21, 0x13, 0x21, 0x35, 0x21, 0x01, 0x90, 0x96, 0x15, 0x08, 0x0e,
    0xe6, 0x0e, 0x2a, 0x0e, 0xe6, 0x0e, 0x08, 0x15, 0x96, 0xc8, 0x01, 0xf4, 0xc8, 0xc8, 0x64, 0xfe,
    0xd4, 0x01, 0x2c, 0x64, 0xfe, 0x70, 0x01, 0x90, 0x64, 0xfe, 0x0c, 0x01, 0xf4, 0x01, 0x2c, 0x16,
    0x0e, 0xfa, 0x0f, 0x0f, 0xfa, 0x0e, 0x16, 0x03, 0x84, 0xc8, 0xc8, 0xfe, 0x0c, 0xc8, 0xfe, 0x0c,
    0xc8, 0xfe, 0x0c, 0xc8, 0x00, 0x05, 0x00, 0x19, 0xff, 0xff, 0x04, 0xb0, 0x04, 0xb0, 0x00, 0x0f,
    0x00, 0x13, 0x00, 0x17, 0x00, 0x1b, 0x00, 0x1f, 0x00, 0x00, 0x01, 0x33, 0x32, 0x16, 0x0f, 0x01,
    0x06, 0x22, 0x2f, 0x01, 0x26, 0x36, 0x3b, 0x01, 0x11, 0x33, 0x05, 0x21, 0x35, 0x21, 0x03, 0x21,
    0x35, 0x21, 0x03, 0x21, 0x35, 0x21, 0x03, 0x23, 0x35, 0x33, 0x01, 0x90, 0x96, 0x15, 0x08, 0x0e,
    0xe6, 0x0e, 0x2a, 0x0e, 0xe6, 0x0e, 0x08, 0x15, 0x96, 0xc8, 0x03, 0x20, 0xfe, 0x0c, 0x01, 0xf4,
    0x64, 0xfe, 0x70, 0x01, 0x90, 0x64, 0xfe, 0xd4, 0x01, 0x2c, 0x64, 0xc8, 0xc8, 0x01, 0x2c, 0x16,
    0x0e, 0xfa, 0x0f, 0x0f, 0xfa, 0x0e, 0x16, 0x03, 0x84, 0xc8, 0xc8, 0xfe, 0x0c, 0xc8, 0xfe, 0x0c,
    0xc8, 0xfe, 0x0c, 0xc8, 0x00, 0x02, 0x00, 0x00, 0x00, 0x00, 0x04, 0x4c, 0x04, 0x4c, 0x00, 0x0f,
    0x00, 0x1f, 0x00, 0x00, 0x01, 0x21, 0x32, 0x16, 0x15, 0x11, 0x14, 0x06, 0x23, 0x21, 0x22, 0x26,
    0x35, 0x11, 0x34, 0x36, 0x05, 0x21, 0x22, 0x06, 0x15, 0x11, 0x14, 0x16, 0x33, 0x21, 0x32, 0x36,
    0x35, 0x11, 0x34, 0x26, 0x01, 0x5e, 0x01, 0x90, 0xa2, 0xbc, 0xbb, 0xa3, 0xfe, 0x70, 0xa5, 0xb9,
    0xb9, 0x02, 0x67, 0xfe, 0x0c, 0x29, 0x3b, 0x3b, 0x29, 0x01, 0xf4, 0x29, 0x3b, 0x3b, 0x04, 0x4c,
    0xbb, 0xa3, 0xfe, 0x70, 0xa5, 0xb9, 0xb9, 0xa5, 0x01, 0x90, 0xa5, 0xb9, 0xc8, 0x3b, 0x29, 0xfe,
    0x0c, 0x29, 0x3b, 0x3b, 0x29, 0x01, 0xf4, 0x29, 0x3b, 0x00, 0x00, 0x00, 0x00, 0x03, 0x00, 0x00,
    0x00, 0x00, 0x04, 0x4c, 0x04, 0x4c, 0x00, 0x0f, 0x00, 0x1f, 0x00, 0x2b, 0x00, 0x00, 0x01, 0x21,
    0x32, 0x16, 0x15, 0x11, 0x14, 0x06, 0x23, 0x21, 0x22, 0x26, 0x35, 0x11, 0x34, 0x36, 0x05, 0x21,
    0x22, 0x06, 0x15, 0x11, 0x14, 0x16, 0x33, 0x21, 0x32, 0x36, 0x35, 0x11, 0x34, 0x26, 0x05, 0x17,
    0x16, 0x14, 0x0f, 0x01, 0x06, 0x26, 0x35, 0x11, 0x34, 0x36, 0x01, 0x5e, 0x01, 0x90, 0xa5, 0xb9,
    0xb9, 0xa5, 0xfe, 0x70, 0xa3, 0xbb, 0xbc, 0x02, 0x64, 0xfe, 0x0c, 0x29, 0x3b, 0x3b, 0x29, 0x01,
    0xf4, 0x29, 0x3b, 0x3b, 0xfe, 0x6f, 0xfd, 0x11, 0x11, 0xfd, 0x10, 0x18, 0x18, 0x04, 0x4c, 0xb9,
    0xa5, 0xfe, 0x70, 0xa5, 0xb9, 0xb9, 0xa5, 0x01, 0x90, 0xa3, 0xbb, 0xc8, 0x3b, 0x29, 0xfe, 0x0c,
    0x29, 0x3b, 0x3b, 0x29, 0x01, 0xf4, 0x29, 0x3b, 0x82, 0xbe, 0x0c, 0x24, 0x0c, 0xbe, 0x0c, 0x0b,
    0x15, 0x01, 0x90, 0x15, 0x0b, 0x00, 0x00, 0x00, 0x00, 0x03, 0x00, 0x00, 0x00, 0x00, 0x04, 0x4c,
    0x04, 0x4c, 0x00, 0x0f, 0x00, 0x1f, 0x00, 0x2b, 0x00, 0x00, 0x01, 0x21, 0x32, 0x16, 0x15, 0x11,
    0x14, 0x06, 0x23, 0x21, 0x22, 0x26, 0x35, 0x11, 0x34, 0x36, 0x05, 0x21, 0x22, 0x06, 0x15, 0x11,
    0x14, 0x16, 0x33, 0x21, 0x32, 0x36, 0x35, 0x11, 0x34, 0x26, 0x05, 0x21, 0x32, 0x16, 0x0f, 0x01,
    0x06, 0x22, 0x2f, 0x01, 0x26, 0x36, 0x01, 0x5e, 0x01, 0x90, 0xa3, 0xbb, 0xb9, 0xa5, 0xfe, 0x70,
    0xa5, 0xb9, 0xb9, 0x02, 0x67, 0xfe, 0x0c, 0x29, 0x3b, 0x3b, 0x29, 0x01, 0xf4, 0x29, 0x3b, 0x3b,
    0xfe, 0x15, 0x01, 0x90, 0x15, 0x0b, 0x0c, 0xbe, 0x0c, 0x24, 0x0c, 0xbe, 0x0c, 0x0b, 0x04, 0x4c,
    0xbc, 0xa2, 0xfe, 0x70, 0xa5, 0xb9, 0xb9, 0xa5, 0x01, 0x90, 0xa3, 0xbb, 0xc8, 0x3b, 0x29, 0xfe,
    0x0c, 0x29, 0x3b, 0x3b, 0x29, 0x01, 0xf4, 0x29, 0x3b, 0xc8, 0x18, 0x10, 0xfd, 0x11, 0x11, 0xfd,
    0x10, 0x18, 0x00, 0x00, 0x00, 0x03, 0x00, 0x00, 0x00, 0x00, 0x04, 0x4c, 0x04, 0x4c, 0x00, 0x0f,
    0x00, 0x1f, 0x00, 0x2b, 0x00, 0x00, 0x01, 0x21, 0x32, 0x16, 0x15, 0x11, 0x14, 0x06, 0x23, 0x21,
    0x22, 0x26, 0x35, 0x11, 0x34, 0x36, 0x05, 0x21, 0x22, 0x06, 0x15, 0x11, 0x14, 0x16, 0x33, 0x21,
    0x32, 0x36, 0x35, 0x11, 0x34, 0x26, 0x05, 0x17, 0x16, 0x06, 0x23, 0x21, 0x22, 0x26, 0x3f, 0x01,
    0x36, 0x32, 0x01, 0x5e, 0x01, 0x90, 0xa5, 0xb9, 0xb9, 0xa5, 0xfe, 0x70, 0xa3, 0xbb, 0xb9, 0x02,
    0x67, 0xfe, 0x0c, 0x29, 0x3b, 0x3b, 0x29, 0x01, 0xf4, 0x29, 0x3b, 0x3b, 0xfe, 0xfb, 0xbe, 0x0c,
    0x0b, 0x15, 0xfe, 0x70, 0x15, 0x0b, 0x0c, 0xbe, 0x0c, 0x24, 0x04, 0x4c, 0xb9, 0xa5, 0xfe, 0x70,
    0xa3, 0xbb, 0xbc, 0xa2, 0x01, 0x90, 0xa5, 0xb9, 0xc8, 0x3b, 0x29, 0xfe, 0x0c, 0x29, 0x3b, 0x3b,
    0x29, 0x01, 0xf4, 0x29, 0x3b, 0xcf, 0xfd, 0x10, 0x18, 0x18, 0x10, 0xfd, 0x11, 0x00, 0x00, 0x00,
    0x00, 0x02, 0x00, 0x00, 0x00, 0x00, 0x05, 0x14, 0x04, 0x4c, 0x00, 0x1f, 0x00, 0x35, 0x00, 0x00,
    0x01, 0x21, 0x32, 0x16, 0x15, 0x11, 0x14, 0x06, 0x23, 0x21, 0x22, 0x26, 0x3d, 0x01, 0x34, 0x36,
    0x33, 0x21, 0x32, 0x36, 0x35, 0x11, 0x34, 0x26, 0x23, 0x21, 0x22, 0x26, 0x3d, 0x01, 0x34, 0x36,
    0x07, 0x01, 0x16, 0x14, 0x07, 0x01, 0x06, 0x26, 0x3d, 0x01, 0x23, 0x22, 0x26, 0x3d, 0x01, 0x34,
    0x36, 0x3b, 0x01, 0x35, 0x34, 0x36, 0x02, 0x26, 0x01, 0x90, 0xa5, 0xb9, 0xb9, 0xa5, 0xfe, 0x70,
    0x15, 0x1d, 0x1d, 0x15, 0x01, 0xc2, 0x29, 0x3b, 0x3b, 0x29, 0xfe, 0x3e, 0x15, 0x1d, 0x1d, 0xbf,
    0x01, 0x44, 0x10, 0x10, 0xfe, 0xbc, 0x10, 0x16, 0xfa, 0x15, 0x1d, 0x1d, 0x15, 0xfa, 0x16, 0x04,
    0x4c, 0xb9, 0xa5, 0xfe, 0x70, 0xa5, 0xb9, 0x1d, 0x15, 0x64, 0x15, 0x1d, 0x3b, 0x29, 0x01, 0xf4,
    0x29, 0x3b, 0x1d, 0x15, 0x64, 0x15, 0x1d, 0xe9, 0xfe, 0xe4, 0x0e, 0x26, 0x0e, 0xfe, 0xe4, 0x0e,
    0x0a, 0x15, 0x96, 0x1d, 0x15, 0xc8, 0x15, 0x1d, 0x96, 0x15, 0x0a, 0x00, 0x00, 0x01, 0x00, 0xd9,
    0x00, 0x02, 0x03, 0xd7, 0x04, 0x9e, 0x00, 0x23, 0x00, 0x00, 0x01, 0x17, 0x16, 0x07, 0x06, 0x02,
    0x07, 0x25, 0x32, 0x16, 0x07, 0x22, 0x08, 0x01, 0x07, 0x06, 0x2b, 0x01, 0x27, 0x26, 0x37, 0x3e,
    0x01, 0x3f, 0x01, 0x21, 0x22, 0x27, 0x26, 0x37, 0x36, 0x00, 0x36, 0x37, 0x36, 0x33, 0x03, 0x19,
    0x09, 0x08, 0x03, 0x03, 0x98, 0x02, 0x01, 0x2c, 0x18, 0x11, 0x0e, 0x01, 0xfe, 0xf7, 0xfe, 0xf3,
    0x04, 0x0c, 0x0e, 0x09, 0x09, 0x09, 0x05, 0x02, 0x50, 0x27, 0x27, 0xfe, 0xd2, 0x17, 0x08, 0x0a,
    0x10, 0x4b, 0x01, 0x0d, 0xbb, 0x05, 0x09, 0x10, 0x04, 0x9e, 0x09, 0x0a, 0x11, 0x0b, 0xfe, 0x53,
    0x07, 0x01, 0x23, 0x12, 0xfe, 0xca, 0xfe, 0xc5, 0x05, 0x0f, 0x08, 0x0b, 0x15, 0x09, 0xe5, 0x6e,
    0x6e, 0x13, 0x15, 0x14, 0x56, 0x01, 0x2f, 0xd3, 0x06, 0x10, 0x00, 0x00, 0x00, 0x02, 0x00, 0x00,
    0x00, 0x00, 0x04, 0xfe, 0x04, 0x4c, 0x00, 0x1f, 0x00, 0x35, 0x00, 0x00, 0x01, 0x21, 0x32, 0x16,
    0x1d, 0x01, 0x14, 0x06, 0x23, 0x21, 0x22, 0x06, 0x15, 0x11, 0x14, 0x16, 0x33, 0x21, 0x32, 0x16,
    0x1d, 0x01, 0x14, 0x06, 0x23, 0x21, 0x22, 0x26, 0x35, 0x11, 0x34, 0x36, 0x05, 0x01, 0x16, 0x14,
    0x07, 0x01, 0x06, 0x26, 0x3d, 0x01, 0x23, 0x22, 0x26, 0x3d, 0x01, 0x34, 0x36, 0x3b, 0x01, 0x35,
    0x34, 0x36, 0x01, 0x5e, 0x01, 0x90, 0x15, 0x1d, 0x1d, 0x15, 0xfe, 0x3e, 0x29, 0x3b, 0x3b, 0x29,
    0x01, 0xc2, 0x15, 0x1d, 0x1d, 0x15, 0xfe, 0x70, 0xa5, 0xb9, 0xb9, 0x02, 0xf1, 0x01, 0x44, 0x10,
    0x10, 0xfe, 0xbc, 0x10, 0x16, 0xfa, 0x15, 0x1d, 0x1d, 0x15, 0xfa, 0x16, 0x04, 0x4c, 0x1d, 0x15,
    0x64, 0x15, 0x1d, 0x3b, 0x29, 0xfe, 0x0c, 0x29, 0x3b, 0x1d, 0x15, 0x64, 0x15, 0x1d, 0xb9, 0xa5,
    0x01, 0x90, 0xa5, 0xb9, 0xe9, 0xfe, 0xe4, 0x0e, 0x26, 0x0e, 0xfe, 0xe4, 0x0e, 0x0a, 0x15, 0x96,
    0x1d, 0x15, 0xc8, 0x15, 0x1d, 0x96, 0x15, 0x0a, 0x00, 0x02, 0x00, 0x00, 0x00, 0x00, 0x04, 0xb0,
    0x04, 0xb0, 0x00, 0x15, 0x00, 0x31, 0x00, 0x00, 0x01, 0x21, 0x32, 0x16, 0x15, 0x11, 0x14, 0x06,
    0x2f, 0x01, 0x01, 0x06, 0x22, 0x2f, 0x01, 0x26, 0x34, 0x37, 0x01, 0x27, 0x26, 0x36, 0x01, 0x23,
    0x22, 0x06, 0x15, 0x11, 0x14, 0x16, 0x33, 0x21, 0x32, 0x36, 0x3d, 0x01, 0x37, 0x11, 0x14, 0x06,
    0x23, 0x21, 0x22, 0x26, 0x35, 0x11, 0x34, 0x36, 0x33, 0x21, 0x02, 0xee, 0x01, 0x90, 0x15, 0x1d,
    0x15, 0x0e, 0x6d, 0xfe, 0xc8, 0x0f, 0x29, 0x0f, 0x8d, 0x0f, 0x0f, 0x01, 0x38, 0x6d, 0x0e, 0x08,
    0xfe, 0xef, 0x9c, 0x29, 0x3b, 0x3b, 0x29, 0x01, 0xf4, 0x29, 0x3b, 0xc8, 0xbb, 0xa3, 0xfe, 0x70,
    0xa5, 0xb9, 0xb9, 0xa5, 0x01, 0x2c, 0x04, 0xb0, 0x1d, 0x15, 0xfe, 0x70, 0x15, 0x08, 0x0e, 0x6d,
    0xfe, 0xc8, 0x0f, 0x0f, 0x8d, 0x0f, 0x29, 0x0f, 0x01, 0x38, 0x6d, 0x0e, 0x15, 0xfe, 0xd4, 0x3b,
    0x29, 0xfe, 0x0c, 0x29, 0x3b, 0x3b, 0x29, 0x94, 0xc8, 0xfe, 0xd6, 0xa5, 0xb9, 0xb9, 0xa5, 0x01,
    0x90, 0xa5, 0xb9, 0x00, 0x00, 0x03, 0x00, 0x0e, 0x00, 0x0e, 0x04, 0xa2, 0x04, 0xa2, 0x00, 0x0f,
    0x00, 0x1b, 0x00, 0x23, 0x00, 0x00, 0x00, 0x32, 0x1e, 0x02, 0x14, 0x0e, 0x02, 0x22, 0x2e, 0x02,
    0x34, 0x3e, 0x01, 0x04, 0x22, 0x0e, 0x01, 0x14, 0x1e, 0x01, 0x32, 0x3e, 0x01, 0x34, 0x26, 0x04,
    0x32, 0x16, 0x14, 0x06, 0x22, 0x26, 0x34, 0x01, 0xe1, 0xee, 0xd9, 0x9d, 0x5d, 0x5d, 0x9d, 0xd9,
    0xee, 0xd9, 0x9d, 0x5d, 0x5d, 0x9d, 0x01, 0xc3, 0xe6, 0xc2, 0x71, 0x71, 0xc2, 0xe6, 0xc2, 0x71,
    0x71, 0xfe, 0x7b, 0xa0, 0x72, 0x72, 0xa0, 0x72, 0x04, 0xa2, 0x5d, 0x9d, 0xd9, 0xee, 0xd9, 0x9d,
    0x5d, 0x5d, 0x9d, 0xd9, 0xee, 0xd9, 0x9d, 0x47, 0x71, 0xc2, 0xe6, 0xc2, 0x71, 0x71, 0xc2, 0xe6,
    0xc2, 0x73, 0x72, 0xa0, 0x72, 0x72, 0xa0, 0x00, 0x00, 0x03, 0x00, 0x00, 0x00, 0x00, 0x04, 0x4c,
    0x04, 0xb0, 0x00, 0x15, 0x00, 0x1f, 0x00, 0x23, 0x00, 0x00, 0x01, 0x33, 0x32, 0x16, 0x15, 0x11,
    0x33, 0x32, 0x16, 0x07, 0x01, 0x06, 0x22, 0x27, 0x01, 0x26, 0x36, 0x3b, 0x01, 0x11, 0x34, 0x36,
    0x01, 0x21, 0x32, 0x16, 0x1d, 0x01, 0x21, 0x35, 0x34, 0x36, 0x05, 0x15, 0x33, 0x35, 0x01, 0xc2,
    0xc8, 0x15, 0x1d, 0xf5, 0x14, 0x0a, 0x0e, 0xfe, 0x81, 0x0e, 0x27, 0x0d, 0xfe, 0x85, 0x0d, 0x09,
    0x15, 0xfa, 0x1d, 0xfe, 0x85, 0x03, 0xe8, 0x15, 0x1d, 0xfb, 0xb4, 0x1d, 0x03, 0x67, 0x64, 0x04,
    0xb0, 0x1d, 0x15, 0xfe, 0xa2, 0x16, 0x0f, 0xfe, 0x56, 0x0f, 0x0f, 0x01, 0xaa, 0x0f, 0x16, 0x01,
    0x5e, 0x15, 0x1d, 0xfc, 0x7c, 0x1d, 0x15, 0xfa, 0xfa, 0x15, 0x1d, 0x64, 0x32, 0x32, 0x00, 0x00,
    0x00, 0x03, 0x00, 0x00, 0x00, 0x00, 0x04, 0x4c, 0x04, 0xac, 0x00, 0x15, 0x00, 0x1f, 0x00, 0x23,
    0x00, 0x00, 0x09, 0x01, 0x16, 0x06, 0x2b, 0x01, 0x15, 0x14, 0x06, 0x2b, 0x01, 0x22, 0x26, 0x3d,
    0x01, 0x23, 0x22, 0x26, 0x37, 0x01, 0x3e, 0x01, 0x01, 0x21, 0x32, 0x16, 0x1d, 0x01, 0x21, 0x35,
    0x34, 0x36, 0x05, 0x15, 0x33, 0x35, 0x02, 0x47, 0x01, 0x7a, 0x0e, 0x0a, 0x15, 0xf4, 0x22, 0x16,
    0xc8, 0x14, 0x18, 0xfa, 0x14, 0x0b, 0x0e, 0x01, 0x7f, 0x0e, 0x27, 0xfd, 0xf9, 0x03, 0xe8, 0x15,
    0x1d, 0xfb, 0xb4, 0x1d, 0x03, 0x67, 0x64, 0x04, 0x9e, 0xfe, 0x4d, 0x0f, 0x20, 0xfa, 0x14, 0x1e,
    0x1d, 0x15, 0xfa, 0x21, 0x0f, 0x01, 0xaf, 0x10, 0x02, 0xfc, 0x7f, 0x1d, 0x15, 0xfa, 0xfa, 0x15,
    0x1d, 0x64, 0x32, 0x32, 0x00, 0x03, 0x00, 0x00, 0x00, 0x00, 0x04, 0x4c, 0x04, 0x4b, 0x00, 0x14,
    0x00, 0x1e, 0x00, 0x22, 0x00, 0x00, 0x09, 0x01, 0x36, 0x32, 0x1f, 0x01, 0x16, 0x14, 0x07, 0x01,
    0x06, 0x22, 0x27, 0x01, 0x26, 0x34, 0x3f, 0x01, 0x36, 0x32, 0x17, 0x03, 0x21, 0x32, 0x16, 0x1d,
    0x01, 0x21, 0x35, 0x34, 0x36, 0x05, 0x15, 0x33, 0x35, 0x01, 0x8c, 0x01, 0x71, 0x07, 0x15, 0x07,
    0x8b, 0x07, 0x07, 0xfd, 0xf3, 0x07, 0x15, 0x07, 0xfe, 0xdc, 0x07, 0x07, 0x8b, 0x08, 0x15, 0x07,
    0xd4, 0x03, 0xe8, 0x15, 0x1d, 0xfb, 0xb4, 0x1d, 0x03, 0x67, 0x64, 0x02, 0xd3, 0x01, 0x71, 0x07,
    0x07, 0x8b, 0x08, 0x15, 0x07, 0xfd, 0xf3, 0x08, 0x08, 0x01, 0x23, 0x08, 0x14, 0x08, 0x8b, 0x07,
    0x07, 0xfd, 0xd2, 0x1d, 0x15, 0xfa, 0xfa, 0x15, 0x1d, 0x64, 0x32, 0x32, 0x00, 0x04, 0x00, 0x00,
    0x00, 0x00, 0x04, 0x4c, 0x04, 0x9b, 0x00, 0x09, 0x00, 0x19, 0x00, 0x23, 0x00, 0x27, 0x00, 0x00,
    0x13, 0x37, 0x36, 0x32, 0x1f, 0x01, 0x07, 0x27, 0x26, 0x34, 0x05, 0x37, 0x36, 0x16, 0x15, 0x03,
    0x0e, 0x01, 0x23, 0x05, 0x22, 0x26, 0x3f, 0x01, 0x27, 0x37, 0x01, 0x21, 0x32, 0x16, 0x1d, 0x01,
    0x21, 0x35, 0x34, 0x36, 0x05, 0x15, 0x33, 0x35, 0x87, 0x8e, 0x0e, 0x2a, 0x0e, 0x4d, 0xd4, 0x4d,
    0x0e, 0x02, 0x16, 0xd2, 0x0e, 0x15, 0x02, 0x01, 0x1d, 0x15, 0xfd, 0xab, 0x15, 0x08, 0x0e, 0xd0,
    0x9a, 0xd4, 0xfe, 0x3d, 0x03, 0xe8, 0x15, 0x1d, 0xfb, 0xb4, 0x1d, 0x03, 0x67, 0x64, 0x03, 0xff,
    0x8e, 0x0e, 0x0e, 0x4d, 0xd4, 0x4c, 0x0f, 0x2a, 0x9a, 0xd2, 0x0e, 0x08, 0x15, 0xfd, 0xa9, 0x14,
    0x1e, 0x01, 0x15, 0x0e, 0xd0, 0x9b, 0xd4, 0xfd, 0x3a, 0x1d, 0x15, 0xfa, 0xfa, 0x15, 0x1d, 0x64,
    0x32, 0x32, 0x00, 0x00, 0x00, 0x04, 0x00, 0x00, 0x00, 0x00, 0x04, 0x4c, 0x04, 0xb0, 0x00, 0x0f,
    0x00, 0x19, 0x00, 0x23, 0x00, 0x27, 0x00, 0x00, 0x01, 0x05, 0x1e, 0x01, 0x15, 0x13, 0x14, 0x06,
    0x2f, 0x01, 0x07, 0x27, 0x37, 0x27, 0x26, 0x36, 0x13, 0x07, 0x06, 0x22, 0x2f, 0x01, 0x26, 0x34,
    0x3f, 0x01, 0x01, 0x21, 0x32, 0x16, 0x1d, 0x01, 0x21, 0x35, 0x34, 0x36, 0x05, 0x15, 0x33, 0x35,
    0x01, 0x5e, 0x02, 0x57, 0x14, 0x1e, 0x01, 0x15, 0x0e, 0xd0, 0x9b, 0xd4, 0x9b, 0xd2, 0x0e, 0x08,
    0xc3, 0x4c, 0x0f, 0x2a, 0x0e, 0x8e, 0x0e, 0x0e, 0x4d, 0xfe, 0xfa, 0x03, 0xe8, 0x15, 0x1d, 0xfb,
    0xb4, 0x1d, 0x03, 0x67, 0x64, 0x04, 0xb0, 0x02, 0x01, 0x1d, 0x15, 0xfd, 0xab, 0x15, 0x08, 0x0e,
    0xd0, 0x9a, 0xd4, 0x9a, 0xd2, 0x0e, 0x15, 0xfd, 0x50, 0x4d, 0x0e, 0x0e, 0x8e, 0x0e, 0x2a, 0x0e,
    0x4d, 0xfe, 0x58, 0x1d, 0x15, 0xfa, 0xfa, 0x15, 0x1d, 0x64, 0x32, 0x32, 0x00, 0x02, 0x00, 0x04,
    0xff, 0xec, 0x04, 0xb0, 0x04, 0xaf, 0x00, 0x05, 0x00, 0x08, 0x00, 0x00, 0x25, 0x09, 0x01, 0x11,
    0x21, 0x09, 0x01, 0x15, 0x01, 0x04, 0xb0, 0xfe, 0x1d, 0xfe, 0xc6, 0xfe, 0x71, 0x04, 0xac, 0xfd,
    0x33, 0x02, 0xab, 0x67, 0x01, 0x14, 0xfe, 0x71, 0x01, 0xa7, 0x03, 0x1c, 0xfc, 0xf9, 0xe6, 0x03,
    0xb9, 0x00, 0x00, 0x00, 0x00, 0x02, 0x00, 0x00, 0x00, 0x64, 0x04, 0x4c, 0x04, 0xb0, 0x00, 0x15,
    0x00, 0x19, 0x00, 0x00, 0x01, 0x11, 0x14, 0x06, 0x2b, 0x01, 0x11, 0x21, 0x11, 0x23, 0x22, 0x26,
    0x35, 0x11, 0x34, 0x36, 0x3b, 0x01, 0x11, 0x21, 0x11, 0x33, 0x07, 0x23, 0x35, 0x33, 0x04, 0x4c,
    0x1d, 0x15, 0x96, 0xfd, 0x44, 0x96, 0x15, 0x1d, 0x1d, 0x15, 0xfa, 0x01, 0xf4, 0x64, 0xc8, 0x64,
    0x64, 0x03, 0xe8, 0xfc, 0xae, 0x15, 0x1d, 0x01, 0x90, 0xfe, 0x70, 0x1d, 0x15, 0x03, 0xe8, 0x14,
    0x1e, 0xfe, 0xd4, 0x01, 0x2c, 0xc8, 0xc8, 0x00, 0x00, 0x03, 0x00, 0x00, 0x00, 0x45, 0x04, 0xdd,
    0x04, 0xb0, 0x00, 0x16, 0x00, 0x1a, 0x00, 0x2f, 0x00, 0x00, 0x01, 0x07, 0x01, 0x27, 0x26, 0x22,
    0x0f, 0x01, 0x21, 0x11, 0x23, 0x22, 0x26, 0x35, 0x11, 0x34, 0x36, 0x3b, 0x01, 0x11, 0x21, 0x11,
    0x33, 0x07, 0x23, 0x35, 0x33, 0x01, 0x17, 0x16, 0x14, 0x07, 0x01, 0x06, 0x22, 0x2f, 0x01, 0x26,
    0x34, 0x3f, 0x01, 0x36, 0x32, 0x1f, 0x01, 0x01, 0x36, 0x32, 0x04, 0x4c, 0x02, 0xfe, 0xd5, 0x5f,
    0x09, 0x19, 0x09, 0x95, 0xfe, 0xc8, 0x96, 0x15, 0x1d, 0x1d, 0x15, 0xfa, 0x01, 0xf4, 0x64, 0xc8,
    0x64, 0x64, 0x01, 0xb0, 0x6a, 0x07, 0x07, 0xfe, 0x5c, 0x08, 0x14, 0x08, 0xca, 0x08, 0x08, 0x6a,
    0x07, 0x15, 0x07, 0x4f, 0x01, 0x29, 0x07, 0x15, 0x03, 0xe8, 0x95, 0xfe, 0xd5, 0x5f, 0x09, 0x09,
    0x93, 0xfe, 0x70, 0x1d, 0x15, 0x03, 0xe8, 0x14, 0x1e, 0xfe, 0xd4, 0x01, 0x2c, 0xc8, 0xc8, 0xfd,
    0xce, 0x6a, 0x07, 0x15, 0x07, 0xfe, 0x5b, 0x07, 0x07, 0xcb, 0x07, 0x15, 0x07, 0x6a, 0x08, 0x08,
    0x4f, 0x01, 0x29, 0x07, 0x00, 0x03, 0x00, 0x00, 0x00, 0x0d, 0x05, 0x07, 0x04, 0xb0, 0x00, 0x16,
    0x00, 0x1a, 0x00, 0x3e, 0x00, 0x00, 0x01, 0x11, 0x07, 0x27, 0x2e, 0x01, 0x07, 0x01, 0x21, 0x11,
    0x23, 0x22, 0x26, 0x35, 0x11, 0x34, 0x36, 0x3b, 0x01, 0x11, 0x21, 0x11, 0x33, 0x07, 0x23, 0x35,
    0x33, 0x01, 0x17, 0x16, 0x14, 0x0f, 0x01, 0x17, 0x16, 0x14, 0x0f, 0x01, 0x06, 0x22, 0x2f, 0x01,
    0x07, 0x06, 0x22, 0x2f, 0x01, 0x26, 0x34, 0x3f, 0x01, 0x27, 0x26, 0x34, 0x3f, 0x01, 0x36, 0x32,
    0x1f, 0x01, 0x37, 0x36, 0x32, 0x04, 0x4c, 0x67, 0x86, 0x0f, 0x25, 0x10, 0xfe, 0xf6, 0xfe, 0xb7,
    0x96, 0x15, 0x1d, 0x1d, 0x15, 0xfa, 0x01, 0xf4, 0x64, 0xc8, 0x64, 0x64, 0x01, 0xf6, 0x46, 0x0f,
    0x0f, 0x83, 0x83, 0x0f, 0x0f, 0x46, 0x0f, 0x29, 0x0f, 0x83, 0x83, 0x0f, 0x29, 0x0f, 0x46, 0x0f,
    0x0f, 0x83, 0x83, 0x0f, 0x0f, 0x46, 0x0f, 0x29, 0x0f, 0x83, 0x83, 0x0f, 0x29, 0x03, 0xe8, 0xfe,
    0xf3, 0x67, 0x86, 0x0f, 0x03, 0x0e, 0xfe, 0xf6, 0xfe, 0x70, 0x1d, 0x15, 0x03, 0xe8, 0x14, 0x1e,
    0xfe, 0xd4, 0x01, 0x2c, 0xc8, 0xc8, 0xfd, 0x8c, 0x46, 0x0f, 0x29, 0x0f, 0x83, 0x83, 0x0f, 0x29,
    0x0f, 0x46, 0x0f, 0x0f, 0x83, 0x83, 0x0f, 0x0f, 0x46, 0x0f, 0x29, 0x0f, 0x83, 0x83, 0x0f, 0x29,
    0x0f, 0x46, 0x0f, 0x0f, 0x83, 0x83, 0x0f, 0x00, 0x00, 0x03, 0x00, 0x00, 0x00, 0x15, 0x04, 0x97,
    0x04, 0xb0, 0x00, 0x15, 0x00, 0x19, 0x00, 0x2f, 0x00, 0x00, 0x01, 0x11, 0x21, 0x22, 0x06, 0x1d,
    0x01, 0x21, 0x11, 0x23, 0x22, 0x26, 0x35, 0x11, 0x34, 0x36, 0x3b, 0x01, 0x11, 0x21, 0x11, 0x33,
    0x07, 0x23, 0x35, 0x33, 0x13, 0x33, 0x32, 0x16, 0x1d, 0x01, 0x33, 0x32, 0x16, 0x0f, 0x01, 0x06,
    0x22, 0x2f, 0x01, 0x26, 0x36, 0x3b, 0x01, 0x35, 0x34, 0x36, 0x04, 0x4c, 0xfe, 0xa2, 0x15, 0x1d,
    0xfe, 0x0c, 0x96, 0x15, 0x1d, 0x1d, 0x15, 0xfa, 0x01, 0xf4, 0x64, 0xc8, 0x64, 0x64, 0x96, 0x64,
    0x15, 0x1d, 0x96, 0x15, 0x08, 0x0e, 0xe6, 0x0e, 0x2a, 0x0e, 0xe6, 0x0e, 0x08, 0x15, 0x96, 0x1d,
    0x03, 0xe8, 0xfe, 0xd4, 0x1d, 0x15, 0x96, 0xfe, 0x70, 0x1d, 0x15, 0x03, 0xe8, 0x14, 0x1e, 0xfe,
    0xd4, 0x01, 0x2c, 0xc8, 0xc8, 0xfd, 0xa8, 0x1d, 0x15, 0xfa, 0x15, 0x0e, 0xe6, 0x0e, 0x0e, 0xe6,
    0x0e, 0x15, 0xfa, 0x15, 0x1d, 0x00, 0x00, 0x00, 0x00, 0x03, 0x00, 0x00, 0x00, 0x00, 0x04, 0x97,
    0x04, 0xb0, 0x00, 0x15, 0x00, 0x19, 0x00, 0x2f, 0x00, 0x00, 0x01, 0x11, 0x27, 0x26, 0x22, 0x07,
    0x01, 0x21, 0x11, 0x23, 0x22, 0x26, 0x35, 0x11, 0x34, 0x36, 0x3b, 0x01, 0x11, 0x21, 0x11, 0x33,
    0x07, 0x23, 0x35, 0x33, 0x13, 0x17, 0x16, 0x06, 0x2b, 0x01, 0x15, 0x14, 0x06, 0x2b, 0x01, 0x22,
    0x26, 0x3d, 0x01, 0x23, 0x22, 0x26, 0x3f, 0x01, 0x36, 0x32, 0x04, 0x4c, 0xa5, 0x0e, 0x2a, 0x0e,
    0xfe, 0xf9, 0xfe, 0x6e, 0x96, 0x15, 0x1d, 0x1d, 0x15, 0xfa, 0x01, 0xf4, 0x64, 0xc8, 0x64, 0x64,
    0xeb, 0xe6, 0x0e, 0x08, 0x15, 0x96, 0x1d, 0x15, 0x64, 0x15, 0x1d, 0x96, 0x15, 0x08, 0x0e, 0xe6,
    0x0e, 0x2a, 0x03, 0xe8, 0xfe, 0x70, 0xa5, 0x0f, 0x0f, 0xfe, 0xf7, 0xfe, 0x70, 0x1d, 0x15, 0x03,
    0xe8, 0x14, 0x1e, 0xfe, 0xd4, 0x01, 0x2c, 0xc8, 0xc8, 0xfd, 0x85, 0xe5, 0x0f, 0x15, 0xfa, 0x14,
    0x1e, 0x1e, 0x14, 0xfa, 0x15, 0x0f, 0xe5, 0x0f, 0x00, 0x03, 0x00, 0x00, 0x00, 0xc8, 0x04, 0xb0,
    0x04, 0x4c, 0x00, 0x09, 0x00, 0x13, 0x00, 0x17, 0x00, 0x00, 0x13, 0x21, 0x32, 0x16, 0x1d, 0x01,
    0x21, 0x35, 0x34, 0x36, 0x01, 0x11, 0x14, 0x06, 0x23, 0x21, 0x22, 0x26, 0x35, 0x11, 0x13, 0x15,
    0x21, 0x35, 0x32, 0x04, 0x4c, 0x15, 0x1d, 0xfb, 0x50, 0x1d, 0x04, 0x93, 0x1d, 0x15, 0xfb, 0xb4,
    0x15, 0x1d, 0x64, 0x01, 0x90, 0x04, 0x4c, 0x1d, 0x15, 0x96, 0x96, 0x15, 0x1d, 0xfe, 0xd4, 0xfd,
    0xda, 0x15, 0x1d, 0x1d, 0x15, 0x02, 0x26, 0xfe, 0xd4, 0xc8, 0xc8, 0x00, 0x00, 0x06, 0x00, 0x03,
    0x00, 0x7d, 0x04, 0xad, 0x04, 0x97, 0x00, 0x0f, 0x00, 0x19, 0x00, 0x1d, 0x00, 0x2d, 0x00, 0x31,
    0x00, 0x3b, 0x00, 0x00, 0x01, 0x17, 0x16, 0x14, 0x0f, 0x01, 0x06, 0x26, 0x3d, 0x01, 0x21, 0x35,
    0x21, 0x35, 0x34, 0x36, 0x01, 0x23, 0x22, 0x26, 0x3d, 0x01, 0x34, 0x36, 0x3b, 0x01, 0x17, 0x23,
    0x35, 0x33, 0x01, 0x37, 0x36, 0x16, 0x1d, 0x01, 0x21, 0x15, 0x21, 0x15, 0x14, 0x06, 0x2f, 0x01,
    0x26, 0x34, 0x05, 0x23, 0x35, 0x3b, 0x02, 0x32, 0x16, 0x1d, 0x01, 0x14, 0x06, 0x2b, 0x01, 0x03,
    0xa7, 0xf8, 0x0e, 0x0e, 0xf8, 0x0e, 0x15, 0xfe, 0x70, 0x01, 0x90, 0x15, 0xfd, 0x2f, 0x32, 0x15,
    0x1d, 0x1d, 0x15, 0x32, 0xc8, 0x64, 0x64, 0xfe, 0x82, 0xf7, 0x0e, 0x15, 0x01, 0x90, 0xfe, 0x70,
    0x15, 0x0e, 0xf7, 0x0f, 0x03, 0x81, 0x64, 0x64, 0x64, 0x33, 0x14, 0x1d, 0x1d, 0x14, 0x33, 0x04,
    0x8d, 0xe6, 0x0e, 0x2a, 0x0e, 0xe6, 0x0e, 0x08, 0x15, 0x96, 0xc8, 0x96, 0x15, 0x08, 0xfe, 0x85,
    0x1d, 0x15, 0x64, 0x15, 0x1d, 0xc8, 0xc8, 0xfd, 0xcb, 0xe6, 0x0e, 0x08, 0x15, 0x96, 0xc8, 0x96,
    0x15, 0x08, 0x0e, 0xe6, 0x0e, 0x2a, 0x79, 0xc8, 0x1d, 0x15, 0x64, 0x15, 0x1d, 0x00, 0x00, 0x00,
    0x00, 0x02, 0x00, 0x64, 0x00, 0x00, 0x04, 0xb0, 0x04, 0xb0, 0x00, 0x16, 0x00, 0x51, 0x00, 0x00,
    0x01, 0x25, 0x36, 0x16, 0x15, 0x11, 0x14, 0x06, 0x2b, 0x01, 0x22, 0x26, 0x35, 0x11, 0x2e, 0x04,
    0x35, 0x11, 0x34, 0x36, 0x25, 0x32, 0x16, 0x1f, 0x01, 0x11, 0x14, 0x0e, 0x02, 0x0f, 0x01, 0x11,
    0x14, 0x06, 0x2b, 0x01, 0x22, 0x26, 0x35, 0x11, 0x2e, 0x04, 0x35, 0x11, 0x34, 0x3e, 0x03, 0x33,
    0x32, 0x16, 0x1f, 0x01, 0x11, 0x33, 0x11, 0x3c, 0x01, 0x3e, 0x02, 0x33, 0x32, 0x16, 0x1f, 0x01,
    0x11, 0x33, 0x11, 0x34, 0x3e, 0x03, 0x03, 0x5e, 0x01, 0x14, 0x19, 0x25, 0x1d, 0x15, 0xc8, 0x15,
    0x1d, 0x04, 0x0e, 0x22, 0x1a, 0x16, 0x25, 0xfe, 0xe1, 0x16, 0x19, 0x02, 0x01, 0x15, 0x1d, 0x1d,
    0x0b, 0x0a, 0x1d, 0x15, 0xc8, 0x15, 0x1d, 0x04, 0x0e, 0x22, 0x1a, 0x16, 0x01, 0x07, 0x0a, 0x13,
    0x0d, 0x14, 0x19, 0x02, 0x03, 0x64, 0x05, 0x09, 0x15, 0x0f, 0x17, 0x19, 0x01, 0x01, 0x64, 0x01,
    0x05, 0x09, 0x15, 0x04, 0x31, 0x74, 0x12, 0x14, 0x1f, 0xfb, 0xae, 0x15, 0x1d, 0x1d, 0x15, 0x01,
    0x8d, 0x01, 0x08, 0x1b, 0x1f, 0x35, 0x1e, 0x01, 0x67, 0x1f, 0x44, 0x91, 0x19, 0x0c, 0x0d, 0xfe,
    0x3e, 0x1c, 0x3f, 0x31, 0x29, 0x0b, 0x0b, 0xfe, 0x41, 0x15, 0x1d, 0x1d, 0x15, 0x01, 0xbf, 0x04,
    0x0f, 0x2e, 0x2e, 0x40, 0x1c, 0x01, 0xc2, 0x02, 0x07, 0x11, 0x0d, 0x0b, 0x19, 0x0c, 0x0d, 0xfe,
    0xa2, 0x01, 0x5e, 0x02, 0x07, 0x11, 0x0d, 0x0b, 0x19, 0x0c, 0x0d, 0xfe, 0xa2, 0x01, 0x5e, 0x02,
    0x07, 0x11, 0x0d, 0x0b, 0x00, 0x01, 0x00, 0x64, 0x00, 0x00, 0x04, 0xb0, 0x04, 0x4c, 0x00, 0x33,
    0x00, 0x00, 0x01, 0x15, 0x22, 0x0e, 0x03, 0x15, 0x11, 0x14, 0x16, 0x1f, 0x01, 0x15, 0x21, 0x35,
    0x32, 0x36, 0x35, 0x11, 0x21, 0x11, 0x14, 0x16, 0x33, 0x15, 0x21, 0x35, 0x32, 0x3e, 0x03, 0x35,
    0x11, 0x34, 0x26, 0x2f, 0x01, 0x35, 0x21, 0x15, 0x22, 0x06, 0x15, 0x11, 0x21, 0x11, 0x34, 0x26,
    0x23, 0x35, 0x04, 0xb0, 0x04, 0x0e, 0x22, 0x1a, 0x16, 0x32, 0x19, 0x19, 0xfe, 0x70, 0x4b, 0x19,
    0xfe, 0x0c, 0x19, 0x4b, 0xfe, 0x70, 0x04, 0x0e, 0x22, 0x1a, 0x16, 0x32, 0x19, 0x19, 0x01, 0x90,
    0x4b, 0x19, 0x01, 0xf4, 0x19, 0x4b, 0x04, 0x4c, 0x38, 0x01, 0x05, 0x0a, 0x14, 0x0e, 0xfc, 0x88,
    0x16, 0x19, 0x01, 0x02, 0x38, 0x38, 0x0d, 0x25, 0x01, 0x8a, 0xfe, 0x76, 0x25, 0x0d, 0x38, 0x38,
    0x01, 0x05, 0x0a, 0x14, 0x0e, 0x03, 0x78, 0x16, 0x19, 0x01, 0x02, 0x38, 0x38, 0x0d, 0x25, 0xfe,
    0x76, 0x01, 0x8a, 0x25, 0x0d, 0x38, 0x00, 0x00, 0x00, 0x06, 0x00, 0x00, 0x00, 0x00, 0x04, 0x4c,
    0x04, 0x4c, 0x00, 0x0c, 0x00, 0x1c, 0x00, 0x20, 0x00, 0x24, 0x00, 0x28, 0x00, 0x34, 0x00, 0x00,
    0x01, 0x21, 0x32, 0x16, 0x1d, 0x01, 0x23, 0x05, 0x35, 0x27, 0x21, 0x37, 0x21, 0x05, 0x21, 0x32,
    0x16, 0x15, 0x11, 0x14, 0x06, 0x23, 0x21, 0x22, 0x26, 0x35, 0x11, 0x34, 0x36, 0x17, 0x15, 0x21,
    0x35, 0x01, 0x05, 0x35, 0x25, 0x05, 0x15, 0x21, 0x35, 0x05, 0x15, 0x14, 0x06, 0x23, 0x21, 0x07,
    0x21, 0x27, 0x21, 0x37, 0x33, 0x02, 0xa3, 0x01, 0x77, 0x15, 0x1d, 0x69, 0xfe, 0xd9, 0xc8, 0xfe,
    0x70, 0x64, 0x01, 0x77, 0xfe, 0x25, 0x01, 0x2c, 0x29, 0x3b, 0x3b, 0x29, 0xfe, 0xd4, 0x29, 0x3b,
    0x3b, 0x29, 0x01, 0x2c, 0x02, 0xbc, 0xfe, 0x70, 0x01, 0x90, 0xfc, 0x18, 0x01, 0x2c, 0x02, 0xbc,
    0x1d, 0x15, 0xfe, 0x89, 0x64, 0xfe, 0x89, 0x64, 0x01, 0x90, 0xc8, 0x69, 0x03, 0xe8, 0x1d, 0x15,
    0x96, 0x62, 0x62, 0xc8, 0x64, 0xc8, 0x3b, 0x29, 0xfe, 0x0c, 0x29, 0x3b, 0x3b, 0x29, 0x01, 0xf4,
    0x29, 0x3b, 0x64, 0xc8, 0xc8, 0xfe, 0xf7, 0x85, 0xa3, 0x85, 0xc6, 0xc8, 0xc8, 0x66, 0xf8, 0x15,
    0x1d, 0x64, 0x64, 0xc8, 0x00, 0x01, 0x00, 0x10, 0x00, 0x10, 0x04, 0x9f, 0x04, 0x9f, 0x00, 0x26,
    0x00, 0x00, 0x13, 0x37, 0x36, 0x16, 0x1f, 0x01, 0x16, 0x06, 0x0f, 0x01, 0x1e, 0x01, 0x17, 0x37,
    0x3e, 0x01, 0x1f, 0x01, 0x1e, 0x01, 0x0f, 0x01, 0x06, 0x22, 0x2e, 0x06, 0x27, 0x2e, 0x05, 0x37,
    0x11, 0xa2, 0x11, 0x2e, 0x0e, 0x8b, 0x0e, 0x06, 0x11, 0x77, 0x66, 0xfc, 0x8d, 0x77, 0x11, 0x33,
    0x13, 0xc0, 0x13, 0x07, 0x11, 0xa3, 0x03, 0x0d, 0x2e, 0x31, 0x4c, 0x4f, 0x65, 0x66, 0x78, 0x3b,
    0x4a, 0x77, 0x46, 0x32, 0x13, 0x0b, 0x01, 0x03, 0xef, 0xa2, 0x11, 0x06, 0x13, 0xc2, 0x14, 0x31,
    0x11, 0x76, 0x8e, 0xfc, 0x65, 0x76, 0x11, 0x04, 0x0e, 0x88, 0x0e, 0x2f, 0x11, 0xa2, 0x01, 0x04,
    0x08, 0x15, 0x20, 0x35, 0x43, 0x63, 0x3b, 0x4a, 0x99, 0x7c, 0x73, 0x55, 0x40, 0x10, 0x00, 0x00,
    0x00, 0x02, 0x00, 0x00, 0x00, 0x00, 0x04, 0xb0, 0x04, 0x4c, 0x00, 0x23, 0x00, 0x41, 0x00, 0x00,
    0x00, 0x32, 0x1e, 0x04, 0x1f, 0x01, 0x15, 0x14, 0x06, 0x2f, 0x01, 0x2e, 0x01, 0x3d, 0x01, 0x26,
    0x20, 0x07, 0x15, 0x14, 0x06, 0x0f, 0x01, 0x06, 0x26, 0x3d, 0x01, 0x3e, 0x05, 0x12, 0x32, 0x1e,
    0x02, 0x1f, 0x01, 0x15, 0x01, 0x1e, 0x01, 0x1d, 0x01, 0x14, 0x06, 0x23, 0x21, 0x22, 0x26, 0x3d,
    0x01, 0x34, 0x36, 0x37, 0x01, 0x35, 0x34, 0x3e, 0x02, 0x01, 0xfc, 0xb8, 0xa6, 0x75, 0x64, 0x3f,
    0x2c, 0x09, 0x09, 0x1d, 0x14, 0xca, 0x14, 0x1d, 0x8d, 0xfe, 0xc2, 0x8d, 0x1d, 0x14, 0xca, 0x14,
    0x1d, 0x03, 0x0d, 0x31, 0x3b, 0x66, 0x74, 0xca, 0x70, 0x52, 0x26, 0x16, 0x01, 0x01, 0x01, 0x6d,
    0x0e, 0x15, 0x1d, 0x15, 0xfb, 0xb4, 0x15, 0x1d, 0x15, 0x0e, 0x01, 0x6d, 0x02, 0x16, 0x26, 0x04,
    0x4c, 0x15, 0x21, 0x28, 0x28, 0x22, 0x0a, 0x0a, 0xc8, 0x15, 0x18, 0x03, 0x22, 0x03, 0x22, 0x15,
    0x92, 0x18, 0x18, 0x92, 0x15, 0x22, 0x03, 0x22, 0x03, 0x18, 0x15, 0xc8, 0x04, 0x0d, 0x27, 0x24,
    0x2b, 0x20, 0xfe, 0xe4, 0x13, 0x1c, 0x1c, 0x0a, 0x0a, 0x32, 0xfe, 0xd1, 0x0f, 0x32, 0x14, 0xd4,
    0x15, 0x1d, 0x1d, 0x15, 0xd4, 0x14, 0x32, 0x0f, 0x01, 0x2f, 0x32, 0x04, 0x0d, 0x21, 0x19, 0x00,
    0x00, 0x03, 0x00, 0x00, 0x00, 0x00, 0x04, 0xb0, 0x04, 0xb0, 0x00, 0x0d, 0x00, 0x1d, 0x00, 0x27,
    0x00, 0x00, 0x01, 0x07, 0x21, 0x27, 0x11, 0x33, 0x15, 0x33, 0x35, 0x33, 0x15, 0x33, 0x35, 0x33,
    0x01, 0x21, 0x32, 0x16, 0x14, 0x06, 0x2b, 0x01, 0x17, 0x21, 0x37, 0x23, 0x22, 0x26, 0x34, 0x36,
    0x03, 0x21, 0x32, 0x16, 0x1d, 0x01, 0x21, 0x35, 0x34, 0x36, 0x04, 0x4c, 0xc8, 0xfd, 0xa8, 0xc8,
    0xc8, 0xc8, 0xc8, 0xc8, 0xc8, 0xfc, 0xae, 0x02, 0xbc, 0x15, 0x1d, 0x1d, 0x15, 0x0c, 0x89, 0xfc,
    0x4a, 0x89, 0x0c, 0x15, 0x1d, 0x1d, 0xb3, 0x04, 0x4c, 0x15, 0x1d, 0xfb, 0x50, 0x1d, 0x02, 0xbc,
    0xc8, 0xc8, 0x01, 0xf4, 0xc8, 0xc8, 0xc8, 0xc8, 0xfc, 0xe0, 0x1d, 0x2a, 0x1d, 0x64, 0x64, 0x1d,
    0x2a, 0x1d, 0xfe, 0xd4, 0x1d, 0x15, 0x32, 0x32, 0x15, 0x1d, 0x00, 0x00, 0x00, 0x03, 0x00, 0x64,
    0x00, 0x00, 0x04, 0xb0, 0x04, 0x4c, 0x00, 0x09, 0x00, 0x13, 0x00, 0x1d, 0x00, 0x00, 0x01, 0x23,
    0x22, 0x06, 0x15, 0x11, 0x21, 0x11, 0x34, 0x26, 0x01, 0x23, 0x22, 0x06, 0x15, 0x11, 0x21, 0x11,
    0x34, 0x26, 0x01, 0x21, 0x11, 0x34, 0x36, 0x3b, 0x01, 0x32, 0x16, 0x15, 0x02, 0xbc, 0x64, 0x29,
    0x3b, 0x01, 0x2c, 0x3b, 0x01, 0x67, 0x64, 0x29, 0x3b, 0x01, 0x2c, 0x3b, 0xfd, 0x1b, 0xfe, 0xd4,
    0x3b, 0x29, 0x64, 0x29, 0x3b, 0x04, 0x4c, 0x3b, 0x29, 0xfc, 0x18, 0x03, 0xe8, 0x29, 0x3b, 0xfe,
    0xd4, 0x3b, 0x29, 0xfd, 0x44, 0x02, 0xbc, 0x29, 0x3b, 0xfc, 0xe0, 0x01, 0x90, 0x29, 0x3b, 0x3b,
    0x29, 0x00, 0x00, 0x00, 0x00, 0x05, 0xff, 0x9c, 0x00, 0x00, 0x04, 0xb0, 0x04, 0x4c, 0x00, 0x0f,
    0x00, 0x13, 0x00, 0x1f, 0x00, 0x25, 0x00, 0x29, 0x00, 0x00, 0x13, 0x21, 0x32, 0x16, 0x15, 0x11,
    0x14, 0x06, 0x23, 0x21, 0x22, 0x26, 0x35, 0x11, 0x34, 0x36, 0x17, 0x11, 0x21, 0x11, 0x05, 0x23,
    0x15, 0x33, 0x11, 0x21, 0x35, 0x33, 0x35, 0x23, 0x11, 0x21, 0x05, 0x11, 0x07, 0x23, 0x11, 0x33,
    0x07, 0x11, 0x33, 0x11, 0xc8, 0x02, 0xbc, 0x7c, 0xb0, 0xb0, 0x7c, 0xfd, 0x44, 0x7c, 0xb0, 0xb0,
    0x18, 0x03, 0x84, 0xfe, 0x0c, 0xc8, 0xc8, 0xfe, 0xd4, 0xc8, 0xc8, 0x01, 0x2c, 0x01, 0x90, 0x64,
    0xc8, 0xc8, 0x64, 0x64, 0x04, 0x4c, 0xb0, 0x7c, 0xfe, 0x0c, 0x7c, 0xb0, 0xb0, 0x7c, 0x01, 0xf4,
    0x7c, 0xb0, 0xc8, 0xfd, 0x44, 0x02, 0xbc, 0xc8, 0x64, 0xfe, 0xd4, 0x64, 0x64, 0x01, 0x2c, 0x64,
    0xfe, 0xd4, 0x64, 0x01, 0xf4, 0x64, 0xfe, 0xd4, 0x01, 0x2c, 0x00, 0x00, 0x00, 0x05, 0xff, 0x9c,
    0x00, 0x00, 0x04, 0xb0, 0x04, 0x4c, 0x00, 0x0f, 0x00, 0x13, 0x00, 0x1f, 0x00, 0x25, 0x00, 0x29,
    0x00, 0x00, 0x13, 0x21, 0x32, 0x16, 0x15, 0x11, 0x14, 0x06, 0x23, 0x21, 0x22, 0x26, 0x35, 0x11,
    0x34, 0x36, 0x17, 0x11, 0x21, 0x11, 0x01, 0x23, 0x35, 0x23, 0x15, 0x23, 0x11, 0x33, 0x15, 0x33,
    0x35, 0x33, 0x05, 0x11, 0x07, 0x23, 0x11, 0x33, 0x07, 0x11, 0x33, 0x11, 0xc8, 0x02, 0xbc, 0x7c,
    0xb0, 0xb0, 0x7c, 0xfd, 0x44, 0x7c, 0xb0, 0xb0, 0x18, 0x03, 0x84, 0xfe, 0x0c, 0x64, 0x64, 0x64,
    0x64, 0x64, 0x64, 0x01, 0x90, 0x64, 0xc8, 0xc8, 0x64, 0x64, 0x04, 0x4c, 0xb0, 0x7c, 0xfe, 0x0c,
    0x7c, 0xb0, 0xb0, 0x7c, 0x01, 0xf4, 0x7c, 0xb0, 0xc8, 0xfd, 0x44, 0x02, 0xbc, 0xfd, 0xa8, 0xc8,
    0xc8, 0x01, 0xf4, 0xc8, 0xc8, 0x64, 0xfe, 0xd4, 0x64, 0x01, 0xf4, 0x64, 0xfe, 0xd4, 0x01, 0x2c,
    0x00, 0x04, 0xff, 0x9c, 0x00, 0x00, 0x04, 0xb0, 0x04, 0x4c, 0x00, 0x0f, 0x00, 0x13, 0x00, 0x1b,
    0x00, 0x23, 0x00, 0x00, 0x13, 0x21, 0x32, 0x16, 0x15, 0x11, 0x14, 0x06, 0x23, 0x21, 0x22, 0x26,
    0x35, 0x11, 0x34, 0x36, 0x17, 0x11, 0x21, 0x11, 0x05, 0x23, 0x11, 0x33, 0x15, 0x21, 0x11, 0x21,
    0x05, 0x23, 0x11, 0x33, 0x15, 0x21, 0x11, 0x21, 0xc8, 0x02, 0xbc, 0x7c, 0xb0, 0xb0, 0x7c, 0xfd,
    0x44, 0x7c, 0xb0, 0xb0, 0x18, 0x03, 0x84, 0xfe, 0x0c, 0xc8, 0xc8, 0xfe, 0xd4, 0x01, 0x2c, 0x01,
    0x90, 0xc8, 0xc8, 0xfe, 0xd4, 0x01, 0x2c, 0x04, 0x4c, 0xb0, 0x7c, 0xfe, 0x0c, 0x7c, 0xb0, 0xb0,
    0x7c, 0x01, 0xf4, 0x7c, 0xb0, 0xc8, 0xfd, 0x44, 0x02, 0xbc, 0xc8, 0xfe, 0xd4, 0x64, 0x01, 0xf4,
    0x64, 0xfe, 0xd4, 0x64, 0x01, 0xf4, 0x00, 0x00, 0x00, 0x04, 0xff, 0x9c, 0x00, 0x00, 0x04, 0xb0,
    0x04, 0x4c, 0x00, 0x0f, 0x00, 0x13, 0x00, 0x16, 0x00, 0x19, 0x00, 0x00, 0x13, 0x21, 0x32, 0x16,
    0x15, 0x11, 0x14, 0x06, 0x23, 0x21, 0x22, 0x26, 0x35, 0x11, 0x34, 0x36, 0x17, 0x11, 0x21, 0x11,
    0x01, 0x2d, 0x01, 0x0d, 0x01, 0x11, 0xc8, 0x02, 0xbc, 0x7c, 0xb0, 0xb0, 0x7c, 0xfd, 0x44, 0x7c,
    0xb0, 0xb0, 0x18, 0x03, 0x84, 0xfe, 0x0c, 0xfe, 0xd4, 0x01, 0x2c, 0x01, 0x90, 0xfe, 0xd4, 0x04,
    0x4c, 0xb0, 0x7c, 0xfe, 0x0c, 0x7c, 0xb0, 0xb0, 0x7c, 0x01, 0xf4, 0x7c, 0xb0, 0xc8, 0xfd, 0x44,
    0x02, 0xbc, 0xfe, 0x0c, 0x96, 0x96, 0x96, 0x96, 0x01, 0x2c, 0x00, 0x00, 0x00, 0x05, 0xff, 0x9c,
    0x00, 0x00, 0x04, 0xb0, 0x04, 0x4c, 0x00, 0x0f, 0x00, 0x13, 0x00, 0x17, 0x00, 0x20, 0x00, 0x29,
    0x00, 0x00, 0x13, 0x21, 0x32, 0x16, 0x15, 0x11, 0x14, 0x06, 0x23, 0x21, 0x22, 0x26, 0x35, 0x11,
    0x34, 0x36, 0x17, 0x11, 0x21, 0x11, 0x03, 0x21, 0x11, 0x21, 0x07, 0x23, 0x22, 0x06, 0x15, 0x14,
    0x16, 0x3b, 0x01, 0x01, 0x11, 0x33, 0x32, 0x36, 0x35, 0x34, 0x26, 0x23, 0xc8, 0x02, 0xbc, 0x7c,
    0xb0, 0xb0, 0x7c, 0xfd, 0x44, 0x7c, 0xb0, 0xb0, 0x18, 0x03, 0x84, 0x64, 0xfd, 0x44, 0x02, 0xbc,
    0x64, 0x82, 0x26, 0x39, 0x36, 0x29, 0x82, 0xfe, 0x0c, 0x82, 0x29, 0x36, 0x39, 0x26, 0x04, 0x4c,
    0xb0, 0x7c, 0xfe, 0x0c, 0x7c, 0xb0, 0xb0, 0x7c, 0x01, 0xf4, 0x7c, 0xb0, 0xc8, 0xfd, 0x44, 0x02,
    0xbc, 0xfd, 0xa8, 0x01, 0xf4, 0x64, 0x56, 0x41, 0x41, 0x54, 0x01, 0x2c, 0xfe, 0xd4, 0x54, 0x41,
    0x41, 0x56, 0x00, 0x00, 0x00, 0x05, 0xff, 0x9c, 0x00, 0x00, 0x04, 0xb0, 0x04, 0x4c, 0x00, 0x0f,
    0x00, 0x13, 0x00, 0x1f, 0x00, 0x25, 0x00, 0x29, 0x00, 0x00, 0x13, 0x21, 0x32, 0x16, 0x15, 0x11,
    0x14, 0x06, 0x23, 0x21, 0x22, 0x26, 0x35, 0x11, 0x34, 0x36, 0x17, 0x11, 0x21, 0x11, 0x05, 0x23,
    0x15, 0x33, 0x11, 0x21, 0x35, 0x33, 0x35, 0x23, 0x11, 0x21, 0x01, 0x23, 0x11, 0x23, 0x35, 0x33,
    0x03, 0x23, 0x35, 0x33, 0xc8, 0x02, 0xbc, 0x7c, 0xb0, 0xb0, 0x7c, 0xfd, 0x44, 0x7c, 0xb0, 0xb0,
    0x18, 0x03, 0x84, 0xfe, 0x0c, 0xc8, 0xc8, 0xfe, 0xd4, 0xc8, 0xc8, 0x01, 0x2c, 0x01, 0x90, 0x64,
    0x64, 0xc8, 0xc8, 0x64, 0x64, 0x04, 0x4c, 0xb0, 0x7c, 0xfe, 0x0c, 0x7c, 0xb0, 0xb0, 0x7c, 0x01,
    0xf4, 0x7c, 0xb0, 0xc8, 0xfd, 0x44, 0x02, 0xbc, 0xc8, 0x64, 0xfe, 0xd4, 0x64, 0x64, 0x01, 0x2c,
    0xfe, 0x0c, 0x01, 0x90, 0x64, 0xfe, 0x0c, 0x64, 0x00, 0x06, 0xff, 0x9c, 0x00, 0x00, 0x04, 0xb0,
    0x04, 0x4c, 0x00, 0x0f, 0x00, 0x13, 0x00, 0x19, 0x00, 0x1f, 0x00, 0x23, 0x00, 0x27, 0x00, 0x00,
    0x13, 0x21, 0x32, 0x16, 0x15, 0x11, 0x14, 0x06, 0x23, 0x21, 0x22, 0x26, 0x35, 0x11, 0x34, 0x36,
    0x17, 0x11, 0x21, 0x11, 0x05, 0x33, 0x11, 0x21, 0x11, 0x33, 0x01, 0x23, 0x11, 0x23, 0x35, 0x33,
    0x05, 0x15, 0x33, 0x35, 0x01, 0x23, 0x35, 0x33, 0xc8, 0x02, 0xbc, 0x7c, 0xb0, 0xb0, 0x7c, 0xfd,
    0x44, 0x7c, 0xb0, 0xb0, 0x18, 0x03, 0x84, 0xfd, 0x44, 0xc8, 0xfe, 0xd4, 0x64, 0x02, 0x58, 0x64,
    0x64, 0xc8, 0xfd, 0xa8, 0x64, 0x01, 0x2c, 0x64, 0x64, 0x04, 0x4c, 0xb0, 0x7c, 0xfe, 0x0c, 0x7c,
    0xb0, 0xb0, 0x7c, 0x01, 0xf4, 0x7c, 0xb0, 0xc8, 0xfd, 0x44, 0x02, 0xbc, 0xc8, 0xfe, 0x70, 0x01,
    0xf4, 0xfe, 0x0c, 0x01, 0x90, 0x64, 0xc8, 0xc8, 0xc8, 0xfe, 0xd4, 0x64, 0x00, 0x05, 0xff, 0x9c,
    0x00, 0x00, 0x04, 0xb0, 0x04, 0x4c, 0x00, 0x0f, 0x00, 0x13, 0x00, 0x1c, 0x00, 0x22, 0x00, 0x26,
    0x00, 0x00, 0x13, 0x21, 0x32, 0x16, 0x15, 0x11, 0x14, 0x06, 0x23, 0x21, 0x22, 0x26, 0x35, 0x11,
    0x34, 0x36, 0x17, 0x11, 0x21, 0x11, 0x01, 0x07, 0x23, 0x35, 0x37, 0x35, 0x23, 0x35, 0x21, 0x01,
    0x23, 0x11, 0x23, 0x35, 0x33, 0x03, 0x23, 0x35, 0x33, 0xc8, 0x02, 0xbc, 0x7c, 0xb0, 0xb0, 0x7c,
    0xfd, 0x44, 0x7c, 0xb0, 0xb0, 0x18, 0x03, 0x84, 0xfe, 0x0c, 0xc7, 0x64, 0xc7, 0xc8, 0x01, 0x2c,
    0x01, 0x90, 0x64, 0x64, 0xc8, 0xc7, 0x64, 0x64, 0x04, 0x4c, 0xb0, 0x7c, 0xfe, 0x0c, 0x7c, 0xb0,
    0xb0, 0x7c, 0x01, 0xf4, 0x7c, 0xb0, 0xc8, 0xfd, 0x44, 0x02, 0xbc, 0xfe, 0x70, 0xc8, 0x32, 0xc8,
    0x96, 0x64, 0xfe, 0x0c, 0x01, 0x90, 0x64, 0xfe, 0x0c, 0x64, 0x00, 0x00, 0x00, 0x03, 0x00, 0x09,
    0x00, 0x09, 0x04, 0xa7, 0x04, 0xa7, 0x00, 0x0f, 0x00, 0x1b, 0x00, 0x25, 0x00, 0x00, 0x00, 0x32,
    0x1e, 0x02, 0x14, 0x0e, 0x02, 0x22, 0x2e, 0x02, 0x34, 0x3e, 0x01, 0x04, 0x22, 0x0e, 0x01, 0x14,
    0x1e, 0x01, 0x32, 0x3e, 0x01, 0x34, 0x26, 0x07, 0x21, 0x15, 0x21, 0x15, 0x21, 0x27, 0x35, 0x37,
    0x21, 0x01, 0xe0, 0xf0, 0xdb, 0x9e, 0x5e, 0x5e, 0x9e, 0xdb, 0xf0, 0xdb, 0x9e, 0x5e, 0x5e, 0x9e,
    0x01, 0xc5, 0xe4, 0xc2, 0x71, 0x71, 0xc2, 0xe4, 0xc2, 0x71, 0x71, 0x6c, 0xfe, 0xd4, 0x01, 0x2c,
    0xfe, 0xd4, 0x64, 0x64, 0x01, 0x2c, 0x04, 0xa7, 0x5e, 0x9e, 0xdb, 0xf0, 0xdb, 0x9e, 0x5e, 0x5e,
    0x9e, 0xdb, 0xf0, 0xdb, 0x9e, 0x4c, 0x71, 0xc2, 0xe4, 0xc2, 0x71, 0x71, 0xc2, 0xe4, 0xc2, 0xd0,
    0xc8, 0x64, 0x64, 0xc8, 0x64, 0x00, 0x00, 0x00, 0x00, 0x04, 0x00, 0x09, 0x00, 0x09, 0x04, 0xa7,
    0x04, 0xa7, 0x00, 0x0f, 0x00, 0x1b, 0x00, 0x27, 0x00, 0x2b, 0x00, 0x00, 0x00, 0x32, 0x1e, 0x02,
    0x14, 0x0e, 0x02, 0x22, 0x2e, 0x02, 0x34, 0x3e, 0x01, 0x04, 0x22, 0x0e, 0x01, 0x14, 0x1e, 0x01,
    0x32, 0x3e, 0x01, 0x34, 0x26, 0x07, 0x15, 0x07, 0x17, 0x15, 0x23, 0x27, 0x23, 0x15, 0x23, 0x11,
    0x21, 0x07, 0x15, 0x33, 0x35, 0x01, 0xe0, 0xf0, 0xdb, 0x9e, 0x5e, 0x5e, 0x9e, 0xdb, 0xf0, 0xdb,
    0x9e, 0x5e, 0x5e, 0x9e, 0x01, 0xc5, 0xe4, 0xc2, 0x71, 0x71, 0xc2, 0xe4, 0xc2, 0x71, 0x71, 0x6c,
    0x32, 0x64, 0x64, 0x64, 0x96, 0x64, 0x01, 0x2c, 0xc8, 0xc8, 0x04, 0xa7, 0x5e, 0x9e, 0xdb, 0xf0,
    0xdb, 0x9e, 0x5e, 0x5e, 0x9e, 0xdb, 0xf0, 0xdb, 0x9e, 0x4c, 0x71, 0xc2, 0xe4, 0xc2, 0x71, 0x71,
    0xc2, 0xe4, 0xc2, 0xd0, 0x64, 0x32, 0x64, 0x32, 0x64, 0x64, 0x01, 0x90, 0x64, 0x64, 0x64, 0x00,
    0x00, 0x02, 0xff, 0xf2, 0xff, 0x9d, 0x04, 0xc2, 0x04, 0x41, 0x00, 0x20, 0x00, 0x36, 0x00, 0x00,
    0x01, 0x32, 0x16, 0x17, 0x36, 0x33, 0x32, 0x16, 0x14, 0x06, 0x2b, 0x01, 0x35, 0x34, 0x26, 0x23,
    0x21, 0x22, 0x06, 0x1d, 0x01, 0x23, 0x22, 0x26, 0x35, 0x34, 0x36, 0x37, 0x26, 0x35, 0x34, 0x3e,
    0x01, 0x13, 0x33, 0x32, 0x16, 0x15, 0x11, 0x33, 0x32, 0x16, 0x0f, 0x01, 0x06, 0x22, 0x2f, 0x01,
    0x26, 0x36, 0x3b, 0x01, 0x11, 0x34, 0x36, 0x01, 0xf7, 0x6e, 0xb5, 0x2c, 0x2c, 0x2e, 0x78, 0xaa,
    0xaa, 0x78, 0x80, 0x1d, 0x15, 0xfe, 0xd4, 0x15, 0x1d, 0xde, 0x50, 0x70, 0x56, 0x41, 0x02, 0x62,
    0xaa, 0x7a, 0x96, 0x0a, 0x0f, 0x89, 0x15, 0x0a, 0x0d, 0xdf, 0x0d, 0x26, 0x0d, 0xdf, 0x0d, 0x0a,
    0x15, 0x89, 0x0f, 0x04, 0x41, 0x77, 0x61, 0x0e, 0xad, 0xf1, 0xad, 0xfa, 0x15, 0x1d, 0x1d, 0x15,
    0xfa, 0x73, 0x4f, 0x45, 0x6b, 0x0e, 0x13, 0x12, 0x64, 0xaa, 0x62, 0xfd, 0xb3, 0x0f, 0x0a, 0xfe,
    0xed, 0x17, 0x10, 0xf4, 0x10, 0x10, 0xf4, 0x10, 0x17, 0x01, 0x13, 0x0a, 0x0f, 0x00, 0x00, 0x00,
    0x00, 0x02, 0xff, 0xf2, 0xff, 0x9c, 0x04, 0xc3, 0x04, 0x41, 0x00, 0x1c, 0x00, 0x33, 0x00, 0x00,
    0x01, 0x32, 0x16, 0x17, 0x36, 0x33, 0x32, 0x16, 0x17, 0x14, 0x06, 0x07, 0x01, 0x26, 0x22, 0x07,
    0x01, 0x23, 0x22, 0x26, 0x35, 0x34, 0x36, 0x37, 0x26, 0x35, 0x34, 0x3e, 0x01, 0x13, 0x17, 0x16,
    0x06, 0x2b, 0x01, 0x11, 0x14, 0x06, 0x2b, 0x01, 0x22, 0x26, 0x35, 0x11, 0x23, 0x22, 0x26, 0x37,
    0x36, 0x37, 0x36, 0x32, 0x01, 0xf6, 0x6e, 0xb6, 0x2c, 0x2b, 0x2e, 0x79, 0xaa, 0x01, 0x78, 0x5a,
    0xfe, 0x86, 0x0d, 0x25, 0x0d, 0xfe, 0x83, 0x09, 0x4f, 0x71, 0x56, 0x41, 0x02, 0x62, 0xa9, 0xe6,
    0xdf, 0x0d, 0x0a, 0x15, 0x89, 0x0f, 0x0a, 0x96, 0x0a, 0x0f, 0x89, 0x15, 0x0a, 0x0d, 0xc7, 0x18,
    0x13, 0x19, 0x04, 0x41, 0x77, 0x61, 0x0f, 0xad, 0x78, 0x63, 0xa4, 0x1c, 0x01, 0x68, 0x10, 0x10,
    0xfe, 0x93, 0x73, 0x4f, 0x45, 0x6b, 0x0e, 0x13, 0x13, 0x64, 0xa9, 0x63, 0xfd, 0x92, 0xe4, 0x10,
    0x17, 0xfe, 0xed, 0x0a, 0x0f, 0x0f, 0x0a, 0x01, 0x13, 0x17, 0x10, 0xcc, 0x18, 0x13, 0x00, 0x00,
    0x00, 0x01, 0x00, 0x64, 0x00, 0x00, 0x04, 0x4c, 0x04, 0x6d, 0x00, 0x18, 0x00, 0x00, 0x25, 0x35,
    0x21, 0x01, 0x33, 0x01, 0x33, 0x09, 0x01, 0x33, 0x01, 0x33, 0x01, 0x21, 0x15, 0x23, 0x22, 0x06,
    0x1d, 0x01, 0x21, 0x35, 0x34, 0x26, 0x23, 0x02, 0xbc, 0x01, 0x90, 0xfe, 0xf2, 0xaa, 0xfe, 0xf2,
    0xaa, 0xfe, 0xd4, 0xfe, 0xd4, 0xaa, 0xfe, 0xf2, 0xaa, 0xfe, 0xf2, 0x01, 0x90, 0x32, 0x15, 0x1d,
    0x01, 0x90, 0x1d, 0x15, 0x64, 0x64, 0x01, 0x2c, 0x01, 0x2c, 0x01, 0x4d, 0xfe, 0xb3, 0xfe, 0xd4,
    0xfe, 0xd4, 0x64, 0x1d, 0x15, 0x32, 0x32, 0x15, 0x1d, 0x00, 0x00, 0x00, 0x00, 0x01, 0x00, 0x79,
    0x00, 0x00, 0x04, 0x37, 0x04, 0x9b, 0x00, 0x2f, 0x00, 0x00, 0x01, 0x32, 0x16, 0x17, 0x1e, 0x01,
    0x15, 0x14, 0x06, 0x07, 0x16, 0x15, 0x14, 0x06, 0x23, 0x22, 0x27, 0x15, 0x32, 0x16, 0x1d, 0x01,
    0x21, 0x35, 0x34, 0x36, 0x33, 0x35, 0x06, 0x23, 0x22, 0x26, 0x35, 0x34, 0x37, 0x2e, 0x01, 0x35,
    0x34, 0x36, 0x33, 0x32, 0x17, 0x34, 0x26, 0x35, 0x34, 0x36, 0x02, 0x58, 0x5e, 0x93, 0x1a, 0x59,
    0x7b, 0x3b, 0x32, 0x09, 0x69, 0x4a, 0x37, 0x2d, 0x15, 0x1d, 0xfe, 0xd4, 0x1d, 0x15, 0x2d, 0x37,
    0x4a, 0x69, 0x04, 0x2f, 0x39, 0x69, 0x4a, 0x05, 0x12, 0x02, 0xa3, 0x04, 0x9b, 0x71, 0x59, 0x06,
    0x83, 0x5a, 0x3d, 0x67, 0x1f, 0x1d, 0x1a, 0x4a, 0x69, 0x1e, 0xfb, 0x1d, 0x15, 0x32, 0x32, 0x15,
    0x1d, 0xfb, 0x1e, 0x69, 0x4a, 0x12, 0x14, 0x15, 0x58, 0x35, 0x4a, 0x69, 0x02, 0x02, 0x10, 0x05,
    0x74, 0xa3, 0x00, 0x00, 0x00, 0x06, 0x00, 0x27, 0x00, 0x14, 0x04, 0x89, 0x04, 0x9c, 0x00, 0x11,
    0x00, 0x2a, 0x00, 0x42, 0x00, 0x4a, 0x00, 0x62, 0x00, 0x7b, 0x00, 0x00, 0x01, 0x16, 0x12, 0x02,
    0x07, 0x0e, 0x01, 0x22, 0x26, 0x27, 0x26, 0x02, 0x12, 0x37, 0x3e, 0x01, 0x32, 0x16, 0x05, 0x22,
    0x07, 0x0e, 0x01, 0x07, 0x06, 0x16, 0x1f, 0x01, 0x16, 0x33, 0x32, 0x37, 0x36, 0x37, 0x36, 0x37,
    0x3e, 0x01, 0x2f, 0x01, 0x26, 0x27, 0x26, 0x17, 0x22, 0x07, 0x0e, 0x01, 0x07, 0x06, 0x16, 0x1f,
    0x01, 0x16, 0x33, 0x32, 0x37, 0x3e, 0x01, 0x37, 0x3e, 0x01, 0x2f, 0x01, 0x26, 0x27, 0x26, 0x16,
    0x26, 0x22, 0x06, 0x14, 0x16, 0x32, 0x36, 0x37, 0x22, 0x07, 0x0e, 0x01, 0x07, 0x0e, 0x01, 0x1f,
    0x01, 0x16, 0x17, 0x16, 0x33, 0x32, 0x37, 0x3e, 0x01, 0x37, 0x36, 0x26, 0x2f, 0x01, 0x26, 0x17,
    0x22, 0x07, 0x06, 0x07, 0x06, 0x07, 0x0e, 0x01, 0x1f, 0x01, 0x16, 0x17, 0x16, 0x33, 0x32, 0x37,
    0x3e, 0x01, 0x37, 0x36, 0x26, 0x2f, 0x01, 0x26, 0x03, 0xf2, 0x6f, 0x4f, 0x4f, 0x6f, 0x53, 0xd9,
    0xdc, 0xd9, 0x53, 0x6f, 0x4f, 0x4f, 0x6f, 0x53, 0xd9, 0xdc, 0xd9, 0xfe, 0x3d, 0x04, 0x04, 0x79,
    0xb1, 0x22, 0x04, 0x0d, 0x0c, 0x24, 0x03, 0x04, 0x17, 0x06, 0x1b, 0x47, 0x46, 0x60, 0x0b, 0x0d,
    0x03, 0x09, 0x03, 0x0b, 0x07, 0x1c, 0x04, 0x05, 0x50, 0x75, 0x18, 0x04, 0x0c, 0x0d, 0x22, 0x04,
    0x04, 0x16, 0x06, 0x12, 0x51, 0x39, 0x0c, 0x0c, 0x03, 0x09, 0x03, 0x0b, 0x07, 0xf9, 0x63, 0x8c,
    0x63, 0x63, 0x8c, 0x63, 0x56, 0x16, 0x06, 0x12, 0x51, 0x3a, 0x0b, 0x0c, 0x03, 0x09, 0x03, 0x0b,
    0x07, 0x08, 0x04, 0x05, 0x50, 0x75, 0x18, 0x04, 0x0d, 0x0c, 0x22, 0x04, 0x8d, 0x17, 0x06, 0x1b,
    0x47, 0x46, 0x60, 0x0b, 0x0d, 0x03, 0x09, 0x03, 0x0b, 0x07, 0x08, 0x04, 0x04, 0x79, 0xb1, 0x22,
    0x04, 0x0d, 0x0c, 0x24, 0x03, 0x03, 0xf2, 0x6f, 0xfe, 0xd5, 0xfe, 0xd5, 0x6f, 0x53, 0x57, 0x57,
    0x53, 0x6f, 0x01, 0x2b, 0x01, 0x2b, 0x6f, 0x53, 0x57, 0x57, 0x1c, 0x01, 0x22, 0xb1, 0x79, 0x0c,
    0x16, 0x03, 0x09, 0x01, 0x16, 0x60, 0x46, 0x47, 0x1b, 0x03, 0x15, 0x0c, 0x23, 0x0d, 0x06, 0x04,
    0x91, 0x02, 0x18, 0x75, 0x50, 0x0d, 0x16, 0x03, 0x09, 0x01, 0x15, 0x3a, 0x51, 0x12, 0x03, 0x15,
    0x0b, 0x23, 0x0c, 0x07, 0x04, 0xfa, 0x63, 0x63, 0x8c, 0x63, 0x63, 0x15, 0x15, 0x3a, 0x51, 0x11,
    0x04, 0x15, 0x0b, 0x23, 0x0c, 0x07, 0x04, 0x02, 0x18, 0x75, 0x50, 0x0d, 0x16, 0x03, 0x09, 0x01,
    0x24, 0x16, 0x60, 0x46, 0x47, 0x1b, 0x03, 0x15, 0x0c, 0x23, 0x0d, 0x06, 0x04, 0x01, 0x22, 0xb1,
    0x79, 0x0c, 0x16, 0x03, 0x09, 0x01, 0x00, 0x00, 0x00, 0x05, 0x00, 0x64, 0x00, 0x00, 0x03, 0xe8,
    0x04, 0xb0, 0x00, 0x0c, 0x00, 0x0f, 0x00, 0x16, 0x00, 0x1c, 0x00, 0x22, 0x00, 0x00, 0x01, 0x21,
    0x11, 0x23, 0x35, 0x21, 0x15, 0x21, 0x11, 0x34, 0x36, 0x33, 0x21, 0x01, 0x23, 0x35, 0x03, 0x33,
    0x07, 0x27, 0x33, 0x35, 0x33, 0x03, 0x21, 0x22, 0x26, 0x35, 0x11, 0x05, 0x15, 0x14, 0x06, 0x2b,
    0x01, 0x02, 0xbc, 0x01, 0x2c, 0xb4, 0xfe, 0xac, 0xfe, 0x84, 0x0f, 0x0a, 0x02, 0x3f, 0x01, 0x2c,
    0xc8, 0x64, 0xa2, 0xd4, 0xd4, 0xa2, 0x64, 0xb4, 0xfe, 0x75, 0x0a, 0x0f, 0x03, 0x84, 0x0f, 0x0a,
    0xc3, 0x03, 0x20, 0xfe, 0x84, 0xc8, 0xc8, 0x02, 0xf3, 0x0a, 0x0f, 0xfe, 0xd4, 0xc8, 0xfc, 0xe0,
    0xd4, 0xd4, 0xc8, 0xfe, 0x0c, 0x0f, 0x0a, 0x01, 0x8b, 0xc8, 0xc3, 0x0a, 0x0f, 0x00, 0x00, 0x00,
    0x00, 0x05, 0x00, 0x64, 0x00, 0x00, 0x03, 0xe8, 0x04, 0xb0, 0x00, 0x09, 0x00, 0x0c, 0x00, 0x13,
    0x00, 0x1a, 0x00, 0x21, 0x00, 0x00, 0x01, 0x21, 0x11, 0x09, 0x01, 0x11, 0x34, 0x36, 0x33, 0x21,
    0x01, 0x23, 0x35, 0x13, 0x23, 0x15, 0x23, 0x35, 0x23, 0x37, 0x03, 0x21, 0x22, 0x26, 0x3d, 0x01,
    0x29, 0x01, 0x15, 0x14, 0x06, 0x2b, 0x01, 0x35, 0x02, 0xbc, 0x01, 0x2c, 0xfe, 0xa2, 0xfd, 0xda,
    0x0f, 0x0a, 0x02, 0x3f, 0x01, 0x2c, 0xc8, 0x3e, 0xa2, 0x64, 0xa2, 0xd4, 0xaa, 0xfe, 0x9d, 0x0a,
    0x0f, 0x01, 0x7c, 0x02, 0x08, 0x0f, 0x0a, 0x9b, 0x03, 0x20, 0xfd, 0xf8, 0x01, 0x5e, 0xfd, 0xda,
    0x04, 0x47, 0x0a, 0x0f, 0xfe, 0xd4, 0xc8, 0xfc, 0x7c, 0xc8, 0xc8, 0xd4, 0xfe, 0x64, 0x0f, 0x0a,
    0x37, 0x37, 0x0a, 0x0f, 0x50, 0x00, 0x00, 0x00, 0x00, 0x03, 0x00, 0x00, 0x00, 0x00, 0x04, 0xb0,
    0x03, 0xf4, 0x00, 0x08, 0x00, 0x19, 0x00, 0x1f, 0x00, 0x00, 0x01, 0x23, 0x15, 0x33, 0x17, 0x21,
    0x11, 0x23, 0x37, 0x05, 0x33, 0x32, 0x1e, 0x02, 0x15, 0x21, 0x15, 0x21, 0x03, 0x11, 0x33, 0x34,
    0x3e, 0x02, 0x01, 0x33, 0x03, 0x21, 0x01, 0x21, 0x04, 0x8a, 0xa2, 0x64, 0x64, 0xfe, 0xd4, 0xa2,
    0xd4, 0xfd, 0x12, 0xc8, 0x1b, 0x1a, 0x21, 0x0e, 0x01, 0x2c, 0xfd, 0xa8, 0xc8, 0x64, 0x0e, 0x21,
    0x1a, 0x02, 0x73, 0xf0, 0xf0, 0xfc, 0xe0, 0x01, 0x2c, 0x01, 0xf4, 0x03, 0x20, 0xc8, 0x64, 0x01,
    0x2c, 0xd4, 0xd4, 0x04, 0x11, 0x2b, 0x24, 0x64, 0xfe, 0xa2, 0x01, 0xc2, 0x24, 0x2b, 0x11, 0x04,
    0xfe, 0x70, 0xfe, 0x70, 0x01, 0xf4, 0x00, 0x00, 0x00, 0x03, 0x00, 0x00, 0x00, 0x00, 0x04, 0x4c,
    0x04, 0x4c, 0x00, 0x19, 0x00, 0x32, 0x00, 0x39, 0x00, 0x00, 0x01, 0x33, 0x32, 0x16, 0x1d, 0x01,
    0x33, 0x32, 0x16, 0x1d, 0x01, 0x14, 0x06, 0x23, 0x21, 0x22, 0x26, 0x3d, 0x01, 0x34, 0x36, 0x3b,
    0x01, 0x35, 0x34, 0x36, 0x05, 0x35, 0x32, 0x16, 0x15, 0x11, 0x14, 0x06, 0x23, 0x21, 0x22, 0x27,
    0x37, 0x01, 0x11, 0x34, 0x36, 0x33, 0x15, 0x14, 0x16, 0x33, 0x21, 0x32, 0x36, 0x01, 0x07, 0x35,
    0x23, 0x35, 0x33, 0x35, 0x02, 0x8a, 0x64, 0x15, 0x1d, 0x32, 0x15, 0x1d, 0x1d, 0x15, 0xfe, 0xd4,
    0x15, 0x1d, 0x1d, 0x15, 0x32, 0x1d, 0x01, 0x73, 0x29, 0x3b, 0x3b, 0x29, 0xfd, 0xa8, 0x01, 0x13,
    0xf6, 0xfe, 0xba, 0x3b, 0x29, 0x58, 0x3e, 0x01, 0x2c, 0x3e, 0x58, 0xfd, 0xb4, 0xd4, 0xc8, 0xc8,
    0x04, 0x4c, 0x1d, 0x15, 0x32, 0x1d, 0x15, 0x64, 0x15, 0x1d, 0x1d, 0x15, 0x64, 0x15, 0x1d, 0x32,
    0x15, 0x1d, 0xfa, 0x96, 0x3b, 0x29, 0xfc, 0xe0, 0x29, 0x3b, 0x04, 0xf6, 0x01, 0x46, 0x01, 0x44,
    0x29, 0x3b, 0x96, 0x3e, 0x58, 0x58, 0xfd, 0xe6, 0xd4, 0xa2, 0x64, 0xa2, 0x00, 0x03, 0x00, 0x64,
    0x00, 0x00, 0x04, 0xbc, 0x04, 0x4c, 0x00, 0x19, 0x00, 0x36, 0x00, 0x3d, 0x00, 0x00, 0x01, 0x33,
    0x32, 0x16, 0x1d, 0x01, 0x33, 0x32, 0x16, 0x1d, 0x01, 0x14, 0x06, 0x23, 0x21, 0x22, 0x26, 0x3d,
    0x01, 0x34, 0x36, 0x3b, 0x01, 0x35, 0x34, 0x36, 0x05, 0x35, 0x32, 0x16, 0x15, 0x11, 0x23, 0x11,
    0x33, 0x14, 0x0e, 0x02, 0x23, 0x21, 0x22, 0x26, 0x35, 0x11, 0x34, 0x36, 0x33, 0x15, 0x14, 0x16,
    0x33, 0x21, 0x32, 0x36, 0x01, 0x07, 0x35, 0x23, 0x35, 0x33, 0x35, 0x01, 0xc2, 0x64, 0x15, 0x1d,
    0x32, 0x15, 0x1d, 0x1d, 0x15, 0xfe, 0xd4, 0x15, 0x1d, 0x1d, 0x15, 0x32, 0x1d, 0x01, 0x73, 0x29,
    0x3b, 0xc8, 0xc8, 0x0e, 0x21, 0x1a, 0x1b, 0xfd, 0xa8, 0x29, 0x3b, 0x3b, 0x29, 0x58, 0x3e, 0x01,
    0x2c, 0x3e, 0x58, 0x01, 0x9c, 0xd4, 0xc8, 0xc8, 0x04, 0x4c, 0x1d, 0x15, 0x32, 0x1d, 0x15, 0x64,
    0x15, 0x1d, 0x1d, 0x15, 0x64, 0x15, 0x1d, 0x32, 0x15, 0x1d, 0xfa, 0x96, 0x3b, 0x29, 0xfe, 0x0c,
    0xfe, 0xd4, 0x24, 0x2b, 0x11, 0x04, 0x3b, 0x29, 0x03, 0x20, 0x29, 0x3b, 0x96, 0x3e, 0x58, 0x58,
    0xfd, 0xe6, 0xd4, 0xa2, 0x64, 0xa2, 0x00, 0x00, 0x00, 0x03, 0xff, 0xa2, 0x00, 0x00, 0x05, 0x16,
    0x04, 0xd4, 0x00, 0x0b, 0x00, 0x1b, 0x00, 0x1f, 0x00, 0x00, 0x09, 0x01, 0x16, 0x06, 0x23, 0x21,
    0x22, 0x26, 0x37, 0x01, 0x36, 0x32, 0x13, 0x23, 0x22, 0x06, 0x17, 0x13, 0x1e, 0x01, 0x3b, 0x01,
    0x32, 0x36, 0x37, 0x13, 0x36, 0x26, 0x03, 0x15, 0x33, 0x35, 0x02, 0x92, 0x02, 0x7d, 0x17, 0x20,
    0x2c, 0xfb, 0x04, 0x2c, 0x20, 0x17, 0x02, 0x7d, 0x16, 0x40, 0x44, 0xd0, 0x14, 0x18, 0x04, 0x3a,
    0x04, 0x23, 0x14, 0x36, 0x14, 0x23, 0x04, 0x3a, 0x04, 0x18, 0xe0, 0xc8, 0x04, 0xad, 0xfb, 0xb0,
    0x26, 0x37, 0x37, 0x26, 0x04, 0x50, 0x27, 0xfe, 0x4c, 0x1d, 0x14, 0xfe, 0xd2, 0x14, 0x1d, 0x1d,
    0x14, 0x01, 0x2e, 0x14, 0x1d, 0xfe, 0x0c, 0x64, 0x64, 0x00, 0x00, 0x00, 0x00, 0x09, 0x00, 0x00,
    0x00, 0x00, 0x04, 0x4c, 0x04, 0x4c, 0x00, 0x0f, 0x00, 0x1f, 0x00, 0x2f, 0x00, 0x3f, 0x00, 0x4f,
    0x00, 0x5f, 0x00, 0x6f, 0x00, 0x7f, 0x00, 0x8f, 0x00, 0x00, 0x01, 0x33, 0x32, 0x16, 0x1d, 0x01,
    0x14, 0x06, 0x2b, 0x01, 0x22, 0x26, 0x3d, 0x01, 0x34, 0x36, 0x13, 0x33, 0x32, 0x16, 0x1d, 0x01,
    0x14, 0x06, 0x2b, 0x01, 0x22, 0x26, 0x3d, 0x01, 0x34, 0x36, 0x21, 0x33, 0x32, 0x16, 0x1d, 0x01,
    0x14, 0x06, 0x2b, 0x01, 0x22, 0x26, 0x3d, 0x01, 0x34, 0x36, 0x01, 0x33, 0x32, 0x16, 0x1d, 0x01,
    0x14, 0x06, 0x2b, 0x01, 0x22, 0x26, 0x3d, 0x01, 0x34, 0x36, 0x21, 0x33, 0x32, 0x16, 0x1d, 0x01,
    0x14, 0x06, 0x2b, 0x01, 0x22, 0x26, 0x3d, 0x01, 0x34, 0x36, 0x21, 0x33, 0x32, 0x16, 0x1d, 0x01,
    0x14, 0x06, 0x2b, 0x01, 0x22, 0x26, 0x3d, 0x01, 0x34, 0x36, 0x01, 0x33, 0x32, 0x16, 0x1d, 0x01,
    0x14, 0x06, 0x2b, 0x01, 0x22, 0x26, 0x3d, 0x01, 0x34, 0x36, 0x21, 0x33, 0x32, 0x16, 0x1d, 0x01,
    0x14, 0x06, 0x2b, 0x01, 0x22, 0x26, 0x3d, 0x01, 0x34, 0x36, 0x21, 0x33, 0x32, 0x16, 0x1d, 0x01,
    0x14, 0x06, 0x2b, 0x01, 0x22, 0x26, 0x3d, 0x01, 0x34, 0x36, 0x01, 0xa9, 0xfa, 0x0a, 0x0f, 0x0f,
    0x0a, 0xfa, 0x0a, 0x0f, 0x0f, 0x0a, 0xfa, 0x0a, 0x0f, 0x0f, 0x0a, 0xfa, 0x0a, 0x0f, 0x0f, 0x01,
    0x9a, 0xfa, 0x0a, 0x0f, 0x0f, 0x0a, 0xfa, 0x0a, 0x0f, 0x0f, 0xfc, 0xea, 0xfa, 0x0a, 0x0f, 0x0f,
    0x0a, 0xfa, 0x0a, 0x0f, 0x0f, 0x01, 0x9a, 0xfa, 0x0a, 0x0f, 0x0f, 0x0a, 0xfa, 0x0a, 0x0f, 0x0f,
    0x01, 0x9a, 0xfa, 0x0a, 0x0f, 0x0f, 0x0a, 0xfa, 0x0a, 0x0f, 0x0f, 0xfc, 0xea, 0xfa, 0x0a, 0x0f,
    0x0f, 0x0a, 0xfa, 0x0a, 0x0f, 0x0f, 0x01, 0x9a, 0xfa, 0x0a, 0x0f, 0x0f, 0x0a, 0xfa, 0x0a, 0x0f,
    0x0f, 0x01, 0x9a, 0xfa, 0x0a, 0x0f, 0x0f, 0x0a, 0xfa, 0x0a, 0x0f, 0x0f, 0x04, 0x4c, 0x0f, 0x0a,
    0x96, 0x0a, 0x0f, 0x0f, 0x0a, 0x96, 0x0a, 0x0f, 0xfe, 0xd4, 0x0f, 0x0a, 0x96, 0x0a, 0x0f, 0x0f,
    0x0a, 0x96, 0x0a, 0x0f, 0x0f, 0x0a, 0x96, 0x0a, 0x0f, 0x0f, 0x0a, 0x96, 0x0a, 0x0f, 0xfe, 0xd4,
    0x0f, 0x0a, 0x96, 0x0a, 0x0f, 0x0f, 0x0a, 0x96, 0x0a, 0x0f, 0x0f, 0x0a, 0x96, 0x0a, 0x0f, 0x0f,
    0x0a, 0x96, 0x0a, 0x0f, 0x0f, 0x0a, 0x96, 0x0a, 0x0f, 0x0f, 0x0a, 0x96, 0x0a, 0x0f, 0xfe, 0xd4,
    0x0f, 0x0a, 0x96, 0x0a, 0x0f, 0x0f, 0x0a, 0x96, 0x0a, 0x0f, 0x0f, 0x0a, 0x96, 0x0a, 0x0f, 0x0f,
    0x0a, 0x96, 0x0a, 0x0f, 0x0f, 0x0a, 0x96, 0x0a, 0x0f, 0x0f, 0x0a, 0x96, 0x0a, 0x0f, 0x00, 0x00,
    0x00, 0x03, 0x00, 0x00, 0x00, 0x00, 0x04, 0xb0, 0x05, 0x14, 0x00, 0x19, 0x00, 0x29, 0x00, 0x33,
    0x00, 0x00, 0x01, 0x33, 0x15, 0x23, 0x15, 0x21, 0x32, 0x16, 0x0f, 0x01, 0x06, 0x07, 0x21, 0x26,
    0x2f, 0x01, 0x26, 0x36, 0x33, 0x21, 0x35, 0x23, 0x35, 0x33, 0x35, 0x33, 0x01, 0x21, 0x32, 0x16,
    0x14, 0x06, 0x2b, 0x01, 0x17, 0x21, 0x37, 0x23, 0x22, 0x26, 0x34, 0x36, 0x03, 0x21, 0x32, 0x16,
    0x1d, 0x01, 0x21, 0x35, 0x34, 0x36, 0x02, 0xbc, 0x64, 0x64, 0x01, 0x5e, 0x3e, 0x31, 0x1c, 0x42,
    0x29, 0x28, 0xfc, 0xfc, 0x28, 0x29, 0x42, 0x1c, 0x31, 0x3e, 0x01, 0x5e, 0x64, 0x64, 0xc8, 0xfe,
    0x3e, 0x02, 0xbc, 0x15, 0x1d, 0x1d, 0x15, 0x0c, 0x89, 0xfc, 0x4a, 0x8a, 0x0d, 0x15, 0x1d, 0x1d,
    0xb3, 0x04, 0x4c, 0x15, 0x1d, 0xfb, 0x50, 0x1d, 0x04, 0xb0, 0xc8, 0x64, 0x4f, 0x37, 0x84, 0x53,
    0x33, 0x33, 0x53, 0x84, 0x37, 0x4f, 0x64, 0xc8, 0x64, 0xfc, 0x7c, 0x1d, 0x2a, 0x1d, 0x64, 0x64,
    0x1d, 0x2a, 0x1d, 0xfe, 0xd4, 0x1d, 0x15, 0x32, 0x32, 0x15, 0x1d, 0x00, 0x00, 0x04, 0x00, 0x00,
    0x00, 0x00, 0x04, 0xb0, 0x05, 0x14, 0x00, 0x05, 0x00, 0x19, 0x00, 0x2b, 0x00, 0x35, 0x00, 0x00,
    0x00, 0x32, 0x16, 0x15, 0x23, 0x34, 0x07, 0x21, 0x16, 0x15, 0x14, 0x07, 0x21, 0x32, 0x16, 0x0f,
    0x01, 0x21, 0x27, 0x26, 0x36, 0x33, 0x21, 0x26, 0x35, 0x34, 0x03, 0x21, 0x32, 0x16, 0x14, 0x06,
    0x2b, 0x01, 0x15, 0x05, 0x21, 0x25, 0x35, 0x23, 0x22, 0x26, 0x34, 0x36, 0x03, 0x21, 0x32, 0x16,
    0x1d, 0x01, 0x21, 0x35, 0x34, 0x36, 0x02, 0x30, 0x50, 0x39, 0xc2, 0x3c, 0x01, 0x3a, 0x12, 0x03,
    0x01, 0x48, 0x29, 0x07, 0x22, 0xaf, 0xfd, 0x5a, 0xb2, 0x22, 0x0a, 0x29, 0x01, 0x48, 0x03, 0xaf,
    0x02, 0xbc, 0x15, 0x1d, 0x1d, 0x15, 0x96, 0x01, 0x13, 0xfc, 0x4a, 0x01, 0x13, 0x96, 0x15, 0x1d,
    0x1d, 0xb3, 0x04, 0x4c, 0x15, 0x1d, 0xfb, 0x50, 0x1d, 0x05, 0x14, 0x3b, 0x29, 0x29, 0x8d, 0x25,
    0x26, 0x08, 0x11, 0x21, 0x16, 0x91, 0x91, 0x16, 0x21, 0x11, 0x08, 0x26, 0xfe, 0x95, 0x1d, 0x2a,
    0x1d, 0xc8, 0xc8, 0xc8, 0xc8, 0x1d, 0x2a, 0x1d, 0xfd, 0xa8, 0x1d, 0x15, 0x32, 0x32, 0x15, 0x1d,
    0x00, 0x04, 0x00, 0x00, 0x00, 0x00, 0x04, 0xb0, 0x04, 0x9d, 0x00, 0x07, 0x00, 0x14, 0x00, 0x24,
    0x00, 0x2e, 0x00, 0x00, 0x00, 0x32, 0x16, 0x14, 0x06, 0x22, 0x26, 0x34, 0x13, 0x33, 0x32, 0x16,
    0x15, 0x14, 0x17, 0x21, 0x36, 0x35, 0x34, 0x36, 0x33, 0x01, 0x21, 0x32, 0x16, 0x14, 0x06, 0x2b,
    0x01, 0x17, 0x21, 0x37, 0x23, 0x22, 0x26, 0x34, 0x36, 0x03, 0x21, 0x32, 0x16, 0x1d, 0x01, 0x21,
    0x35, 0x34, 0x36, 0x02, 0x0d, 0x96, 0x6a, 0x6a, 0x96, 0x6a, 0xb7, 0x2e, 0x22, 0x2b, 0x27, 0xfe,
    0xbc, 0x27, 0x2b, 0x23, 0xfe, 0xcd, 0x02, 0xbc, 0x15, 0x1d, 0x1d, 0x15, 0x0d, 0x8a, 0xfc, 0x4a,
    0x89, 0x0c, 0x15, 0x1d, 0x1d, 0xb3, 0x04, 0x4c, 0x15, 0x1d, 0xfb, 0x50, 0x1d, 0x04, 0x9d, 0x6a,
    0x96, 0x6a, 0x6a, 0x96, 0xfe, 0xeb, 0x39, 0x3a, 0x4c, 0x6b, 0x6b, 0x4c, 0x3a, 0x39, 0xfe, 0x72,
    0x1d, 0x2a, 0x1d, 0x64, 0x64, 0x1d, 0x2a, 0x1d, 0xfe, 0xd4, 0x1d, 0x15, 0x32, 0x32, 0x15, 0x1d,
    0x00, 0x04, 0x00, 0x00, 0x00, 0x00, 0x04, 0xb0, 0x05, 0x14, 0x00, 0x0f, 0x00, 0x1c, 0x00, 0x2c,
    0x00, 0x36, 0x00, 0x00, 0x01, 0x32, 0x1e, 0x01, 0x15, 0x14, 0x06, 0x22, 0x26, 0x35, 0x34, 0x37,
    0x17, 0x37, 0x27, 0x36, 0x13, 0x33, 0x32, 0x16, 0x15, 0x14, 0x17, 0x21, 0x36, 0x35, 0x34, 0x36,
    0x33, 0x01, 0x21, 0x32, 0x16, 0x14, 0x06, 0x2b, 0x01, 0x17, 0x21, 0x37, 0x23, 0x22, 0x26, 0x34,
    0x36, 0x03, 0x21, 0x32, 0x16, 0x1d, 0x01, 0x21, 0x35, 0x34, 0x36, 0x02, 0x58, 0x2f, 0x5b, 0x33,
    0x6f, 0x9c, 0x6f, 0x22, 0x90, 0x6f, 0xa3, 0x22, 0x1f, 0x2e, 0x22, 0x2b, 0x27, 0xfe, 0xbc, 0x27,
    0x2b, 0x23, 0xfe, 0xcd, 0x02, 0xbc, 0x15, 0x1d, 0x1d, 0x15, 0x0d, 0x8a, 0xfc, 0x4a, 0x89, 0x0c,
    0x15, 0x1d, 0x1d, 0xb3, 0x04, 0x4c, 0x15, 0x1d, 0xfb, 0x50, 0x1d, 0x05, 0x14, 0x6b, 0x8b, 0x36,
    0x4e, 0x6f, 0x6f, 0x4e, 0x3e, 0x51, 0x8f, 0x6f, 0xa3, 0x1a, 0xfe, 0x0a, 0x39, 0x3a, 0x4c, 0x6b,
    0x6b, 0x4c, 0x3a, 0x39, 0xfe, 0x72, 0x1d, 0x2a, 0x1d, 0x64, 0x64, 0x1d, 0x2a, 0x1d, 0xfe, 0xd4,
    0x1d, 0x15, 0x32, 0x32, 0x15, 0x1d, 0x00, 0x00, 0x00, 0x03, 0x00, 0x00, 0x00, 0x00, 0x04, 0xb0,
    0x05, 0x12, 0x00, 0x12, 0x00, 0x22, 0x00, 0x2c, 0x00, 0x00, 0x01, 0x05, 0x15, 0x21, 0x14, 0x1e,
    0x03, 0x17, 0x21, 0x2e, 0x01, 0x35, 0x34, 0x3e, 0x02, 0x37, 0x01, 0x21, 0x32, 0x16, 0x14, 0x06,
    0x2b, 0x01, 0x17, 0x21, 0x37, 0x23, 0x22, 0x26, 0x34, 0x36, 0x03, 0x21, 0x32, 0x16, 0x1d, 0x01,
    0x21, 0x35, 0x34, 0x36, 0x02, 0x58, 0x01, 0x2c, 0xfe, 0xd4, 0x25, 0x3f, 0x3f, 0x4d, 0x13, 0xfd,
    0xee, 0x3c, 0x3d, 0x42, 0x6d, 0x8f, 0x4a, 0xfe, 0xa2, 0x02, 0xbc, 0x15, 0x1d, 0x1d, 0x15, 0x0d,
    0x8a, 0xfc, 0x4a, 0x89, 0x0c, 0x15, 0x1d, 0x1d, 0xb3, 0x04, 0x4c, 0x15, 0x1d, 0xfb, 0x50, 0x1d,
    0x04, 0xb0, 0xa1, 0x8b, 0x39, 0x66, 0x51, 0x3f, 0x48, 0x19, 0x53, 0xbd, 0x54, 0x54, 0xa1, 0x76,
    0x4b, 0x04, 0xfc, 0x7e, 0x1d, 0x2a, 0x1d, 0x64, 0x64, 0x1d, 0x2a, 0x1d, 0xfe, 0xd4, 0x1d, 0x15,
    0x32, 0x32, 0x15, 0x1d, 0x00, 0x02, 0x00, 0xc8, 0x00, 0x00, 0x03, 0xe8, 0x05, 0x14, 0x00, 0x0f,
    0x00, 0x29, 0x00, 0x00, 0x00, 0x32, 0x16, 0x1d, 0x01, 0x1e, 0x01, 0x1d, 0x01, 0x21, 0x35, 0x34,
    0x36, 0x37, 0x35, 0x34, 0x03, 0x21, 0x32, 0x16, 0x17, 0x23, 0x15, 0x33, 0x15, 0x23, 0x15, 0x33,
    0x15, 0x23, 0x15, 0x33, 0x14, 0x06, 0x23, 0x21, 0x22, 0x26, 0x35, 0x11, 0x34, 0x36, 0x02, 0x2f,
    0x52, 0x3b, 0x2e, 0x36, 0xfe, 0x70, 0x36, 0x2e, 0x64, 0x01, 0x90, 0x36, 0x5c, 0x1a, 0xac, 0xc8,
    0xc8, 0xc8, 0xc8, 0xc8, 0x75, 0x53, 0xfe, 0x70, 0x53, 0x75, 0x75, 0x05, 0x14, 0x3b, 0x29, 0x4e,
    0x1a, 0x5c, 0x36, 0x32, 0x32, 0x36, 0x5c, 0x1a, 0x4e, 0x29, 0xfe, 0x47, 0x36, 0x2e, 0x64, 0x64,
    0x64, 0x64, 0x64, 0x53, 0x75, 0x75, 0x53, 0x01, 0x90, 0x53, 0x75, 0x00, 0x00, 0x03, 0x00, 0x64,
    0xff, 0xff, 0x04, 0x4c, 0x04, 0x4c, 0x00, 0x0f, 0x00, 0x2f, 0x00, 0x33, 0x00, 0x00, 0x13, 0x21,
    0x32, 0x16, 0x15, 0x11, 0x14, 0x06, 0x23, 0x21, 0x22, 0x26, 0x35, 0x11, 0x34, 0x36, 0x03, 0x21,
    0x32, 0x16, 0x1d, 0x01, 0x14, 0x06, 0x23, 0x21, 0x17, 0x16, 0x14, 0x06, 0x22, 0x2f, 0x01, 0x21,
    0x07, 0x06, 0x22, 0x26, 0x34, 0x3f, 0x01, 0x21, 0x22, 0x26, 0x3d, 0x01, 0x34, 0x36, 0x05, 0x07,
    0x21, 0x27, 0x96, 0x03, 0x84, 0x15, 0x1d, 0x1d, 0x15, 0xfc, 0x7c, 0x15, 0x1d, 0x1d, 0x04, 0x03,
    0xb6, 0x0a, 0x0f, 0x0f, 0x0a, 0xfe, 0xe5, 0xe0, 0x0d, 0x1a, 0x25, 0x0d, 0x58, 0xfd, 0xf4, 0x57,
    0x0d, 0x26, 0x1a, 0x0d, 0xe0, 0xfe, 0xdf, 0x0a, 0x0f, 0x0f, 0x01, 0xaa, 0x64, 0x01, 0x44, 0x64,
    0x04, 0x4c, 0x1d, 0x15, 0xfe, 0x0c, 0x15, 0x1d, 0x1d, 0x15, 0x01, 0xf4, 0x15, 0x1d, 0xfd, 0x44,
    0x0f, 0x0a, 0x32, 0x0a, 0x0f, 0xe0, 0x0d, 0x25, 0x1b, 0x0d, 0x58, 0x58, 0x0d, 0x1b, 0x25, 0x0d,
    0xe0, 0x0f, 0x0a, 0x32, 0x0a, 0x0f, 0x64, 0x64, 0x64, 0x00, 0x00, 0x00, 0x00, 0x04, 0x00, 0x00,
    0x00, 0x00, 0x04, 0xb0, 0x04, 0x4c, 0x00, 0x19, 0x00, 0x23, 0x00, 0x2d, 0x00, 0x37, 0x00, 0x00,
    0x13, 0x21, 0x32, 0x16, 0x1d, 0x01, 0x23, 0x34, 0x26, 0x2b, 0x01, 0x22, 0x06, 0x15, 0x23, 0x34,
    0x26, 0x2b, 0x01, 0x22, 0x06, 0x15, 0x23, 0x35, 0x34, 0x36, 0x03, 0x21, 0x32, 0x16, 0x15, 0x11,
    0x21, 0x11, 0x34, 0x36, 0x13, 0x15, 0x14, 0x06, 0x2b, 0x01, 0x22, 0x26, 0x3d, 0x01, 0x21, 0x15,
    0x14, 0x06, 0x2b, 0x01, 0x22, 0x26, 0x3d, 0x01, 0xc8, 0x03, 0x20, 0x53, 0x75, 0x64, 0x3b, 0x29,
    0xfa, 0x29, 0x3b, 0x64, 0x3b, 0x29, 0xfa, 0x29, 0x3b, 0x64, 0x75, 0x11, 0x03, 0xe8, 0x29, 0x3b,
    0xfb, 0x50, 0x3b, 0xf1, 0x1d, 0x15, 0x64, 0x15, 0x1d, 0x03, 0xe8, 0x1d, 0x15, 0x64, 0x15, 0x1d,
    0x04, 0x4c, 0x75, 0x53, 0xc8, 0x29, 0x3b, 0x3b, 0x29, 0x29, 0x3b, 0x3b, 0x29, 0xc8, 0x53, 0x75,
    0xfe, 0x0c, 0x3b, 0x29, 0xfe, 0xd4, 0x01, 0x2c, 0x29, 0x3b, 0xfe, 0x0c, 0x32, 0x15, 0x1d, 0x1d,
    0x15, 0x32, 0x32, 0x15, 0x1d, 0x1d, 0x15, 0x32, 0x00, 0x03, 0x00, 0x01, 0x00, 0x00, 0x04, 0xa9,
    0x04, 0xac, 0x00, 0x0d, 0x00, 0x11, 0x00, 0x1b, 0x00, 0x00, 0x09, 0x01, 0x16, 0x14, 0x0f, 0x01,
    0x21, 0x01, 0x26, 0x34, 0x37, 0x01, 0x36, 0x32, 0x09, 0x03, 0x03, 0x21, 0x32, 0x16, 0x1d, 0x01,
    0x21, 0x35, 0x34, 0x36, 0x01, 0xe0, 0x02, 0xaa, 0x1f, 0x1f, 0x83, 0xfe, 0x1f, 0xfd, 0xfb, 0x20,
    0x20, 0x01, 0x27, 0x1f, 0x59, 0xfe, 0xac, 0x01, 0x56, 0x01, 0x2f, 0xfe, 0xab, 0xa2, 0x03, 0x20,
    0x15, 0x1d, 0xfc, 0x7c, 0x1d, 0x04, 0x8d, 0xfd, 0x55, 0x1f, 0x59, 0x1f, 0x83, 0x02, 0x06, 0x1f,
    0x59, 0x1f, 0x01, 0x28, 0x1f, 0xfe, 0x6e, 0xfe, 0xaa, 0x01, 0x30, 0x01, 0x55, 0xfc, 0x1b, 0x1d,
    0x15, 0x32, 0x32, 0x15, 0x1d, 0x00, 0x00, 0x00, 0x00, 0x02, 0x00, 0x8f, 0x00, 0x00, 0x04, 0x21,
    0x04, 0xb0, 0x00, 0x17, 0x00, 0x2f, 0x00, 0x00, 0x01, 0x03, 0x2e, 0x01, 0x23, 0x21, 0x22, 0x06,
    0x07, 0x03, 0x06, 0x16, 0x33, 0x21, 0x15, 0x14, 0x16, 0x32, 0x36, 0x3d, 0x01, 0x33, 0x32, 0x36,
    0x03, 0x21, 0x35, 0x34, 0x36, 0x3b, 0x01, 0x35, 0x34, 0x36, 0x3b, 0x01, 0x11, 0x33, 0x11, 0x33,
    0x32, 0x16, 0x1d, 0x01, 0x33, 0x32, 0x16, 0x15, 0x04, 0x21, 0xbd, 0x08, 0x27, 0x15, 0xfe, 0x70,
    0x15, 0x27, 0x08, 0xbd, 0x08, 0x13, 0x15, 0x02, 0x71, 0x1d, 0x2a, 0x1d, 0x7d, 0x15, 0x13, 0xa8,
    0xfd, 0xad, 0x1d, 0x15, 0x32, 0x1d, 0x15, 0x30, 0xc8, 0x2f, 0x15, 0x1d, 0x32, 0x15, 0x1d, 0x02,
    0x87, 0x01, 0xfa, 0x13, 0x1c, 0x1c, 0x13, 0xfe, 0x06, 0x13, 0x1c, 0x96, 0x15, 0x1d, 0x1d, 0x15,
    0x96, 0x1c, 0xfd, 0x8c, 0x32, 0x15, 0x1d, 0x32, 0x15, 0x1d, 0x01, 0x2c, 0xfe, 0xd4, 0x1d, 0x15,
    0x32, 0x1d, 0x15, 0x00, 0x00, 0x04, 0x00, 0x00, 0x00, 0x00, 0x04, 0xb0, 0x04, 0xb0, 0x00, 0x0d,
    0x00, 0x10, 0x00, 0x1f, 0x00, 0x22, 0x00, 0x00, 0x01, 0x21, 0x11, 0x14, 0x06, 0x23, 0x21, 0x11,
    0x01, 0x35, 0x34, 0x36, 0x33, 0x21, 0x01, 0x23, 0x35, 0x01, 0x21, 0x11, 0x14, 0x06, 0x23, 0x21,
    0x22, 0x26, 0x35, 0x11, 0x34, 0x36, 0x33, 0x21, 0x01, 0x23, 0x35, 0x03, 0x84, 0x01, 0x2c, 0x0f,
    0x0a, 0xfe, 0x89, 0xfe, 0xd4, 0x0f, 0x0a, 0x01, 0x77, 0x01, 0x2c, 0xc8, 0xfd, 0xa8, 0x01, 0x2c,
    0x0f, 0x0a, 0xfd, 0x76, 0x0a, 0x0f, 0x0f, 0x0a, 0x01, 0x77, 0x01, 0x2c, 0xc8, 0x03, 0x20, 0xfd,
    0xc1, 0x0a, 0x0f, 0x02, 0x4f, 0x01, 0x2c, 0x54, 0x0a, 0x0f, 0xfe, 0xd4, 0xc8, 0xfe, 0x0c, 0xfd,
    0xc1, 0x0a, 0x0f, 0x0f, 0x0a, 0x03, 0xb6, 0x0a, 0x0f, 0xfe, 0xd4, 0xc8, 0x00, 0x02, 0xff, 0x9c,
    0x00, 0x64, 0x05, 0x14, 0x04, 0x47, 0x00, 0x46, 0x00, 0x56, 0x00, 0x00, 0x01, 0x33, 0x32, 0x1e,
    0x02, 0x17, 0x16, 0x17, 0x16, 0x36, 0x37, 0x36, 0x27, 0x26, 0x37, 0x3e, 0x01, 0x16, 0x17, 0x16,
    0x07, 0x0e, 0x01, 0x2b, 0x01, 0x0e, 0x01, 0x0f, 0x01, 0x0e, 0x01, 0x2b, 0x01, 0x22, 0x26, 0x3f,
    0x01, 0x06, 0x2b, 0x01, 0x22, 0x27, 0x07, 0x0e, 0x01, 0x2b, 0x01, 0x22, 0x26, 0x3f, 0x01, 0x26,
    0x2f, 0x01, 0x2e, 0x01, 0x3d, 0x01, 0x34, 0x36, 0x3b, 0x01, 0x36, 0x37, 0x27, 0x26, 0x36, 0x3b,
    0x01, 0x36, 0x05, 0x23, 0x22, 0x06, 0x1d, 0x01, 0x14, 0x16, 0x3b, 0x01, 0x32, 0x36, 0x3d, 0x01,
    0x34, 0x26, 0x01, 0xe4, 0xc3, 0x4b, 0x8e, 0x6a, 0x49, 0x0c, 0x12, 0x11, 0x1f, 0x43, 0x0a, 0x0a,
    0x19, 0x13, 0x0a, 0x05, 0x0f, 0x17, 0x0c, 0x29, 0x02, 0x03, 0x56, 0x3d, 0x3e, 0x07, 0x38, 0x1c,
    0x27, 0x03, 0x22, 0x15, 0x64, 0x15, 0x18, 0x03, 0x0c, 0x31, 0x2a, 0xc3, 0x18, 0x29, 0x0b, 0x03,
    0x22, 0x15, 0x64, 0x15, 0x18, 0x03, 0x1a, 0x54, 0x2c, 0x9f, 0x13, 0x1c, 0x1d, 0x15, 0x7c, 0x0b,
    0x2d, 0x6f, 0x10, 0x07, 0x15, 0xcb, 0x74, 0x01, 0x45, 0xfa, 0x0a, 0x0f, 0x0f, 0x0a, 0xfa, 0x0a,
    0x0f, 0x0f, 0x04, 0x47, 0x41, 0x6b, 0x8a, 0x49, 0x0e, 0x06, 0x0a, 0x21, 0x20, 0x22, 0x25, 0x1b,
    0x10, 0x08, 0x06, 0x08, 0x0c, 0x2c, 0x3d, 0x3f, 0x57, 0x37, 0x7c, 0x26, 0xea, 0x14, 0x1d, 0x1d,
    0x14, 0x46, 0x0e, 0x08, 0x40, 0x14, 0x1d, 0x1d, 0x14, 0x9d, 0x4a, 0x65, 0x35, 0x07, 0x26, 0x15,
    0x32, 0x15, 0x1d, 0x57, 0x4f, 0x5f, 0x0e, 0x13, 0x65, 0x5f, 0x0f, 0x0a, 0x32, 0x0a, 0x0f, 0x0f,
    0x0a, 0x32, 0x0a, 0x0f, 0x00, 0x06, 0xff, 0x9c, 0xff, 0xe6, 0x05, 0x14, 0x04, 0x7e, 0x00, 0x09,
    0x00, 0x24, 0x00, 0x34, 0x00, 0x3c, 0x00, 0x52, 0x00, 0x62, 0x00, 0x00, 0x01, 0x25, 0x36, 0x16,
    0x1f, 0x01, 0x16, 0x06, 0x0f, 0x01, 0x25, 0x33, 0x32, 0x16, 0x1f, 0x01, 0x21, 0x32, 0x16, 0x1d,
    0x01, 0x14, 0x06, 0x07, 0x05, 0x06, 0x26, 0x27, 0x26, 0x23, 0x21, 0x22, 0x26, 0x3d, 0x01, 0x34,
    0x36, 0x17, 0x23, 0x22, 0x06, 0x1d, 0x01, 0x14, 0x3b, 0x01, 0x32, 0x36, 0x35, 0x34, 0x26, 0x27,
    0x26, 0x04, 0x22, 0x06, 0x14, 0x16, 0x32, 0x36, 0x34, 0x01, 0x37, 0x3e, 0x01, 0x1e, 0x01, 0x17,
    0x1e, 0x01, 0x3f, 0x01, 0x17, 0x16, 0x06, 0x0f, 0x01, 0x06, 0x26, 0x2f, 0x01, 0x26, 0x36, 0x25,
    0x07, 0x06, 0x1f, 0x01, 0x1e, 0x01, 0x3f, 0x01, 0x36, 0x27, 0x2e, 0x01, 0x27, 0x2e, 0x01, 0x02,
    0x81, 0x01, 0xa7, 0x13, 0x2e, 0x0e, 0x20, 0x0e, 0x03, 0x10, 0x8b, 0xfc, 0x2b, 0x6a, 0x43, 0x48,
    0x1e, 0x66, 0x03, 0x37, 0x15, 0x1d, 0x1c, 0x13, 0xfd, 0x1f, 0x17, 0x22, 0x09, 0x2a, 0x3a, 0xfe,
    0xd4, 0x3e, 0x58, 0x58, 0xb9, 0x50, 0x13, 0x12, 0x2a, 0x86, 0x10, 0x0b, 0x20, 0x0b, 0x12, 0x01,
    0x80, 0x40, 0x2d, 0x2d, 0x40, 0x2d, 0xfe, 0x0f, 0x98, 0x12, 0x20, 0x1e, 0x13, 0x10, 0x1c, 0x2d,
    0x1a, 0x3f, 0x30, 0x0d, 0x21, 0x33, 0x50, 0x2f, 0x7c, 0x29, 0x82, 0x28, 0x09, 0x01, 0x29, 0x66,
    0x1f, 0x21, 0x25, 0x0d, 0x1d, 0x11, 0x3d, 0x13, 0x05, 0x02, 0x14, 0x07, 0x0b, 0x10, 0x03, 0x84,
    0xf7, 0x08, 0x0b, 0x10, 0x26, 0x0f, 0x2a, 0x0d, 0x78, 0xc8, 0x22, 0x36, 0xd4, 0x1d, 0x15, 0x32,
    0x15, 0x26, 0x07, 0x84, 0x04, 0x14, 0x0f, 0x43, 0x58, 0x3e, 0xc8, 0x3e, 0x58, 0xac, 0x1c, 0x15,
    0x38, 0x33, 0x10, 0x10, 0x0b, 0x44, 0x11, 0x1c, 0xc9, 0x2d, 0x40, 0x2d, 0x2d, 0x40, 0xfe, 0xdb,
    0x82, 0x13, 0x0a, 0x11, 0x12, 0x13, 0x23, 0x20, 0x03, 0x05, 0xb3, 0x3d, 0x49, 0x2b, 0x45, 0x28,
    0x09, 0x2f, 0x97, 0x2f, 0x7d, 0x1c, 0x58, 0x1b, 0x26, 0x2b, 0x0f, 0x09, 0x0b, 0x35, 0x10, 0x21,
    0x14, 0x48, 0x09, 0x0c, 0x04, 0x00, 0x00, 0x00, 0x00, 0x03, 0x00, 0x64, 0x00, 0x00, 0x04, 0x39,
    0x04, 0xb0, 0x00, 0x51, 0x00, 0x60, 0x00, 0x6f, 0x00, 0x00, 0x01, 0x33, 0x32, 0x16, 0x1d, 0x01,
    0x1e, 0x01, 0x17, 0x16, 0x0e, 0x02, 0x0f, 0x01, 0x32, 0x1e, 0x05, 0x15, 0x14, 0x0e, 0x05, 0x23,
    0x15, 0x14, 0x06, 0x2b, 0x01, 0x22, 0x26, 0x3d, 0x01, 0x23, 0x15, 0x14, 0x06, 0x2b, 0x01, 0x22,
    0x26, 0x3d, 0x01, 0x23, 0x22, 0x26, 0x3d, 0x01, 0x34, 0x36, 0x3b, 0x01, 0x11, 0x23, 0x22, 0x26,
    0x3d, 0x01, 0x34, 0x36, 0x3b, 0x01, 0x35, 0x34, 0x36, 0x3b, 0x01, 0x32, 0x16, 0x1d, 0x01, 0x33,
    0x35, 0x34, 0x36, 0x03, 0x15, 0x21, 0x32, 0x3e, 0x02, 0x35, 0x37, 0x34, 0x2e, 0x03, 0x23, 0x01,
    0x15, 0x21, 0x32, 0x3e, 0x02, 0x35, 0x37, 0x34, 0x2e, 0x03, 0x23, 0x02, 0x71, 0x96, 0x0a, 0x0f,
    0x4f, 0x68, 0x01, 0x01, 0x20, 0x2e, 0x2e, 0x10, 0x11, 0x06, 0x12, 0x34, 0x30, 0x3a, 0x2a, 0x1d,
    0x17, 0x22, 0x36, 0x2d, 0x40, 0x23, 0x1a, 0x0f, 0x0a, 0x96, 0x0a, 0x0f, 0x64, 0x0f, 0x0a, 0x96,
    0x0a, 0x0f, 0xaf, 0x0a, 0x0f, 0x0f, 0x0a, 0x4b, 0x4b, 0x0a, 0x0f, 0x0f, 0x0a, 0xaf, 0x0f, 0x0a,
    0x96, 0x0a, 0x0f, 0x64, 0x0f, 0xd7, 0x01, 0x07, 0x1c, 0x29, 0x13, 0x0b, 0x01, 0x01, 0x0b, 0x13,
    0x29, 0x1c, 0xfe, 0xf9, 0x01, 0x6b, 0x1c, 0x29, 0x13, 0x0b, 0x01, 0x01, 0x0b, 0x13, 0x29, 0x1c,
    0x04, 0xb0, 0x0f, 0x0a, 0x6d, 0x21, 0x6d, 0x4a, 0x2e, 0x4d, 0x2d, 0x1f, 0x06, 0x06, 0x03, 0x0f,
    0x14, 0x28, 0x32, 0x4e, 0x2d, 0x3b, 0x5d, 0x3c, 0x2a, 0x15, 0x0b, 0x02, 0x4b, 0x0a, 0x0f, 0x0f,
    0x0a, 0x4b, 0x4b, 0x0a, 0x0f, 0x0f, 0x0a, 0x4b, 0x0f, 0x0a, 0x96, 0x0a, 0x0f, 0x02, 0x58, 0x0f,
    0x0a, 0x96, 0x0a, 0x0f, 0x4b, 0x0a, 0x0f, 0x0f, 0x0a, 0x4b, 0x4b, 0x0a, 0x0f, 0xfe, 0xd4, 0xc8,
    0x15, 0x1d, 0x1d, 0x0b, 0x0a, 0x04, 0x0e, 0x22, 0x1a, 0x16, 0xfe, 0x70, 0xc8, 0x15, 0x1d, 0x1d,
    0x0b, 0x0a, 0x04, 0x0e, 0x22, 0x1a, 0x16, 0x00, 0x00, 0x03, 0x00, 0x04, 0x00, 0x02, 0x04, 0xb0,
    0x04, 0xae, 0x00, 0x17, 0x00, 0x29, 0x00, 0x2c, 0x00, 0x00, 0x13, 0x21, 0x32, 0x16, 0x15, 0x11,
    0x14, 0x06, 0x0f, 0x01, 0x0e, 0x01, 0x23, 0x21, 0x22, 0x26, 0x27, 0x2e, 0x02, 0x35, 0x11, 0x34,
    0x36, 0x04, 0x22, 0x0e, 0x04, 0x0f, 0x01, 0x17, 0x21, 0x37, 0x2e, 0x05, 0x03, 0x23, 0x13, 0xd4,
    0x03, 0x0c, 0x56, 0x7a, 0x24, 0x12, 0x12, 0x1d, 0x81, 0x52, 0xfd, 0xc4, 0x52, 0x82, 0x1c, 0x08,
    0x18, 0x28, 0x7a, 0x02, 0x20, 0x8c, 0x7d, 0x56, 0x47, 0x2b, 0x1d, 0x06, 0x06, 0x9c, 0x02, 0x30,
    0x9c, 0x02, 0x08, 0x20, 0x29, 0x49, 0x55, 0x21, 0x9d, 0xc3, 0x04, 0xae, 0x7a, 0x56, 0xfe, 0x60,
    0x33, 0xb7, 0x42, 0x42, 0x57, 0x77, 0x76, 0x58, 0x1c, 0x5a, 0xc5, 0x33, 0x01, 0xa0, 0x56, 0x7a,
    0x99, 0x17, 0x26, 0x2d, 0x2d, 0x25, 0x0c, 0x0c, 0xf3, 0xf3, 0x05, 0x0f, 0x2c, 0x28, 0x31, 0x23,
    0xfe, 0xc2, 0x01, 0x05, 0x00, 0x02, 0x00, 0xc8, 0x00, 0x00, 0x03, 0x84, 0x05, 0x14, 0x00, 0x0f,
    0x00, 0x19, 0x00, 0x00, 0x01, 0x33, 0x32, 0x16, 0x15, 0x11, 0x14, 0x06, 0x23, 0x21, 0x22, 0x26,
    0x35, 0x11, 0x34, 0x36, 0x01, 0x15, 0x14, 0x06, 0x2b, 0x01, 0x22, 0x26, 0x3d, 0x01, 0x01, 0xdb,
    0x96, 0x67, 0xac, 0x54, 0x29, 0xfe, 0x3e, 0x29, 0x54, 0xac, 0x01, 0x48, 0x36, 0x15, 0x96, 0x15,
    0x36, 0x05, 0x14, 0xac, 0x67, 0xfe, 0x0c, 0x29, 0x54, 0x54, 0x29, 0x01, 0xf4, 0x67, 0xac, 0xfc,
    0x18, 0xe1, 0x15, 0x36, 0x36, 0x15, 0xe1, 0x00, 0x00, 0x02, 0x00, 0xc8, 0x00, 0x00, 0x03, 0x84,
    0x05, 0x14, 0x00, 0x0f, 0x00, 0x19, 0x00, 0x00, 0x01, 0x33, 0x14, 0x16, 0x33, 0x11, 0x14, 0x06,
    0x23, 0x21, 0x22, 0x26, 0x35, 0x11, 0x34, 0x36, 0x01, 0x15, 0x14, 0x06, 0x2b, 0x01, 0x22, 0x26,
    0x3d, 0x01, 0x01, 0xdb, 0x60, 0xb3, 0x96, 0x54, 0x29, 0xfe, 0x3e, 0x29, 0x54, 0xac, 0x01, 0x48,
    0x36, 0x15, 0x96, 0x15, 0x36, 0x05, 0x14, 0x96, 0xb3, 0xfe, 0x42, 0x29, 0x54, 0x54, 0x29, 0x01,
    0xf4, 0x67, 0xac, 0xfc, 0x18, 0xe1, 0x15, 0x36, 0x36, 0x15, 0xe1, 0x00, 0x00, 0x02, 0x00, 0x00,
    0x00, 0x14, 0x05, 0x0e, 0x04, 0x1a, 0x00, 0x14, 0x00, 0x1a, 0x00, 0x00, 0x09, 0x01, 0x25, 0x07,
    0x15, 0x17, 0x15, 0x27, 0x07, 0x35, 0x37, 0x35, 0x34, 0x26, 0x3e, 0x02, 0x3f, 0x01, 0x27, 0x09,
    0x01, 0x05, 0x25, 0x35, 0x05, 0x25, 0x05, 0x0e, 0xfd, 0x82, 0xfe, 0x86, 0x4e, 0x64, 0x96, 0x96,
    0x64, 0x01, 0x01, 0x01, 0x05, 0x04, 0x2f, 0x93, 0x02, 0x82, 0x01, 0x5c, 0xfe, 0xa2, 0xfe, 0xa2,
    0x01, 0x5e, 0x01, 0x5e, 0x02, 0xff, 0xfe, 0xe5, 0xaa, 0x3c, 0xe0, 0x96, 0xc7, 0x94, 0x95, 0xc8,
    0x96, 0xfa, 0x04, 0x0d, 0x06, 0x0a, 0x06, 0x03, 0x28, 0x41, 0x01, 0x1b, 0xfd, 0x62, 0xa6, 0xa6,
    0x93, 0xa5, 0xa5, 0x00, 0x00, 0x03, 0x00, 0x64, 0x01, 0xf4, 0x04, 0xb0, 0x03, 0x20, 0x00, 0x07,
    0x00, 0x0f, 0x00, 0x17, 0x00, 0x00, 0x12, 0x32, 0x16, 0x14, 0x06, 0x22, 0x26, 0x34, 0x24, 0x32,
    0x16, 0x14, 0x06, 0x22, 0x26, 0x34, 0x24, 0x32, 0x16, 0x14, 0x06, 0x22, 0x26, 0x34, 0xbc, 0x7c,
    0x58, 0x58, 0x7c, 0x58, 0x01, 0xe8, 0x7c, 0x58, 0x58, 0x7c, 0x58, 0x01, 0xe8, 0x7c, 0x58, 0x58,
    0x7c, 0x58, 0x03, 0x20, 0x58, 0x7c, 0x58, 0x58, 0x7c, 0x58, 0x58, 0x7c, 0x58, 0x58, 0x7c, 0x58,
    0x58, 0x7c, 0x58, 0x58, 0x7c, 0x00, 0x00, 0x00, 0x00, 0x03, 0x01, 0x90, 0x00, 0x00, 0x02, 0xbc,
    0x04, 0x4c, 0x00, 0x07, 0x00, 0x0f, 0x00, 0x17, 0x00, 0x00, 0x00, 0x32, 0x16, 0x14, 0x06, 0x22,
    0x26, 0x34, 0x12, 0x32, 0x16, 0x14, 0x06, 0x22, 0x26, 0x34, 0x12, 0x32, 0x16, 0x14, 0x06, 0x22,
    0x26, 0x34, 0x01, 0xe8, 0x7c, 0x58, 0x58, 0x7c, 0x58, 0x58, 0x7c, 0x58, 0x58, 0x7c, 0x58, 0x58,
    0x7c, 0x58, 0x58, 0x7c, 0x58, 0x04, 0x4c, 0x58, 0x7c, 0x58, 0x58, 0x7c, 0xfe, 0xc8, 0x58, 0x7c,
    0x58, 0x58, 0x7c, 0xfe, 0xc8, 0x58, 0x7c, 0x58, 0x58, 0x7c, 0x00, 0x00, 0x00, 0x03, 0x00, 0x64,
    0x00, 0x64, 0x04, 0x4c, 0x04, 0x4c, 0x00, 0x0f, 0x00, 0x1f, 0x00, 0x2f, 0x00, 0x00, 0x13, 0x21,
    0x32, 0x16, 0x1d, 0x01, 0x14, 0x06, 0x23, 0x21, 0x22, 0x26, 0x3d, 0x01, 0x34, 0x36, 0x13, 0x21,
    0x32, 0x16, 0x1d, 0x01, 0x14, 0x06, 0x23, 0x21, 0x22, 0x26, 0x3d, 0x01, 0x34, 0x36, 0x13, 0x21,
    0x32, 0x16, 0x1d, 0x01, 0x14, 0x06, 0x23, 0x21, 0x22, 0x26, 0x3d, 0x01, 0x34, 0x36, 0x7d, 0x03,
    0xb6, 0x0a, 0x0f, 0x0f, 0x0a, 0xfc, 0x4a, 0x0a, 0x0f, 0x0f, 0x0a, 0x03, 0xb6, 0x0a, 0x0f, 0x0f,
    0x0a, 0xfc, 0x4a, 0x0a, 0x0f, 0x0f, 0x0a, 0x03, 0xb6, 0x0a, 0x0f, 0x0f, 0x0a, 0xfc, 0x4a, 0x0a,
    0x0f, 0x0f, 0x04, 0x4c, 0x0f, 0x0a, 0x96, 0x0a, 0x0f, 0x0f, 0x0a, 0x96, 0x0a, 0x0f, 0xfe, 0x70,
    0x0f, 0x0a, 0x96, 0x0a, 0x0f, 0x0f, 0x0a, 0x96, 0x0a, 0x0f, 0xfe, 0x70, 0x0f, 0x0a, 0x96, 0x0a,
    0x0f, 0x0f, 0x0a, 0x96, 0x0a, 0x0f, 0x00, 0x00, 0x00, 0x04, 0x00, 0x00, 0x00, 0x00, 0x04, 0xb0,
    0x04, 0xb0, 0x00, 0x0f, 0x00, 0x1f, 0x00, 0x2f, 0x00, 0x33, 0x00, 0x00, 0x01, 0x21, 0x32, 0x16,
    0x15, 0x11, 0x14, 0x06, 0x23, 0x21, 0x22, 0x26, 0x35, 0x11, 0x34, 0x36, 0x05, 0x21, 0x22, 0x06,
    0x15, 0x11, 0x14, 0x16, 0x33, 0x21, 0x32, 0x36, 0x35, 0x11, 0x34, 0x26, 0x05, 0x21, 0x32, 0x16,
    0x15, 0x11, 0x14, 0x06, 0x23, 0x21, 0x22, 0x26, 0x35, 0x11, 0x34, 0x36, 0x17, 0x15, 0x21, 0x35,
    0x01, 0x5e, 0x01, 0xf4, 0xa2, 0xbc, 0xbb, 0xa3, 0xfe, 0x0c, 0xa5, 0xb9, 0xb9, 0x02, 0xcb, 0xfd,
    0xa8, 0x29, 0x3b, 0x3b, 0x29, 0x02, 0x58, 0x29, 0x3b, 0x3b, 0xfd, 0xb1, 0x01, 0xf4, 0x15, 0x1d,
    0x1d, 0x15, 0xfe, 0x0c, 0x15, 0x1d, 0x1d, 0x47, 0x01, 0x90, 0x04, 0xb0, 0xbb, 0xa3, 0xfe, 0x0c,
    0xa5, 0xb9, 0xb9, 0xa5, 0x01, 0xf4, 0xa5, 0xb9, 0xc8, 0x3b, 0x29, 0xfd, 0xa8, 0x29, 0x3b, 0x3b,
    0x29, 0x02, 0x58, 0x29, 0x3b, 0x64, 0x1d, 0x15, 0xfe, 0xd4, 0x15, 0x1d, 0x1d, 0x15, 0x01, 0x2c,
    0x15, 0x1d, 0x64, 0xc8, 0xc8, 0x00, 0x00, 0x00, 0x00, 0x01, 0x00, 0x64, 0x00, 0x64, 0x04, 0xb0,
    0x04, 0x4c, 0x00, 0x3b, 0x00, 0x00, 0x13, 0x21, 0x32, 0x16, 0x14, 0x06, 0x2b, 0x01, 0x15, 0x33,
    0x32, 0x16, 0x14, 0x06, 0x2b, 0x01, 0x15, 0x33, 0x32, 0x16, 0x14, 0x06, 0x2b, 0x01, 0x15, 0x33,
    0x32, 0x16, 0x14, 0x06, 0x23, 0x21, 0x22, 0x26, 0x34, 0x36, 0x3b, 0x01, 0x35, 0x23, 0x22, 0x26,
    0x34, 0x36, 0x3b, 0x01, 0x35, 0x23, 0x22, 0x26, 0x34, 0x36, 0x3b, 0x01, 0x35, 0x23, 0x22, 0x26,
    0x34, 0x36, 0x96, 0x03, 0xe8, 0x15, 0x1d, 0x1d, 0x15, 0x32, 0x32, 0x15, 0x1d, 0x1d, 0x15, 0x32,
    0x32, 0x15, 0x1d, 0x1d, 0x15, 0x32, 0x32, 0x15, 0x1d, 0x1d, 0x15, 0xfc, 0x18, 0x15, 0x1d, 0x1d,
    0x15, 0x32, 0x32, 0x15, 0x1d, 0x1d, 0x15, 0x32, 0x32, 0x15, 0x1d, 0x1d, 0x15, 0x32, 0x32, 0x15,
    0x1d, 0x1d, 0x04, 0x4c, 0x1d, 0x2a, 0x1d, 0xc8, 0x1d, 0x2a, 0x1d, 0xc8, 0x1d, 0x2a, 0x1d, 0xc8,
    0x1d, 0x2a, 0x1d, 0x1d, 0x2a, 0x1d, 0xc8, 0x1d, 0x2a, 0x1d, 0xc8, 0x1d, 0x2a, 0x1d, 0xc8, 0x1d,
    0x2a, 0x1d, 0x00, 0x00, 0x00, 0x06, 0x01, 0x2c, 0x00, 0x05, 0x03, 0xe8, 0x04, 0xa3, 0x00, 0x07,
    0x00, 0x0d, 0x00, 0x13, 0x00, 0x19, 0x00, 0x1f, 0x00, 0x2a, 0x00, 0x00, 0x01, 0x1e, 0x01, 0x06,
    0x07, 0x2e, 0x01, 0x36, 0x01, 0x32, 0x16, 0x15, 0x22, 0x26, 0x25, 0x14, 0x06, 0x23, 0x34, 0x36,
    0x01, 0x32, 0x16, 0x15, 0x22, 0x26, 0x25, 0x14, 0x06, 0x23, 0x34, 0x36, 0x03, 0x15, 0x14, 0x06,
    0x22, 0x26, 0x3d, 0x01, 0x16, 0x33, 0x32, 0x02, 0x8a, 0x57, 0x3f, 0x3f, 0x57, 0x57, 0x3f, 0x3f,
    0xfe, 0xf9, 0x7c, 0xb0, 0x7c, 0xb0, 0x02, 0xbc, 0xb0, 0x7c, 0xb0, 0xfd, 0xc0, 0x7c, 0xb0, 0x7c,
    0xb0, 0x02, 0xbc, 0xb0, 0x7c, 0xb0, 0xb0, 0x1d, 0x2a, 0x1d, 0x28, 0x03, 0x11, 0x04, 0xa3, 0x43,
    0xb2, 0xb2, 0x42, 0x42, 0xb2, 0xb2, 0xfe, 0xc0, 0xb0, 0x7c, 0xb0, 0x7c, 0x7c, 0xb0, 0x7c, 0xb0,
    0xfe, 0xd4, 0xb0, 0x7c, 0xb0, 0x7c, 0x7c, 0xb0, 0x7c, 0xb0, 0xfe, 0xd3, 0x90, 0x15, 0x1d, 0x1d,
    0x15, 0x8e, 0x04, 0x00, 0x00, 0x01, 0xff, 0xb5, 0x00, 0xc8, 0x04, 0x94, 0x03, 0x81, 0x00, 0x42,
    0x00, 0x00, 0x01, 0x37, 0x36, 0x17, 0x01, 0x1e, 0x01, 0x07, 0x0e, 0x01, 0x2b, 0x01, 0x32, 0x15,
    0x14, 0x0e, 0x04, 0x2b, 0x01, 0x22, 0x11, 0x34, 0x37, 0x26, 0x22, 0x07, 0x16, 0x15, 0x10, 0x2b,
    0x01, 0x22, 0x2e, 0x03, 0x35, 0x34, 0x33, 0x23, 0x22, 0x26, 0x27, 0x26, 0x36, 0x37, 0x01, 0x36,
    0x1f, 0x01, 0x1e, 0x01, 0x0e, 0x01, 0x2f, 0x01, 0x07, 0x21, 0x27, 0x07, 0x06, 0x2e, 0x01, 0x36,
    0x02, 0xe9, 0x45, 0x19, 0x14, 0x01, 0x2a, 0x0b, 0x08, 0x06, 0x05, 0x1a, 0x0f, 0x08, 0x01, 0x04,
    0x0d, 0x1b, 0x27, 0x3f, 0x29, 0x92, 0xb8, 0x0a, 0x14, 0x54, 0x15, 0x0b, 0xb8, 0x8e, 0x30, 0x49,
    0x27, 0x19, 0x07, 0x02, 0x07, 0x0f, 0x19, 0x06, 0x06, 0x08, 0x0b, 0x01, 0x2a, 0x14, 0x1a, 0x4c,
    0x14, 0x15, 0x0a, 0x23, 0x14, 0x33, 0xb6, 0x03, 0x7b, 0xb6, 0x2c, 0x14, 0x23, 0x0a, 0x16, 0x03,
    0x6e, 0x13, 0x06, 0x12, 0xfe, 0xd9, 0x0b, 0x1f, 0x0f, 0x0e, 0x13, 0x0d, 0x1d, 0x36, 0x46, 0x38,
    0x32, 0x1c, 0x01, 0x20, 0x18, 0x17, 0x04, 0x04, 0x18, 0x17, 0xfe, 0xe0, 0x2a, 0x3c, 0x53, 0x43,
    0x23, 0x0d, 0x13, 0x0e, 0x0f, 0x1f, 0x0a, 0x01, 0x28, 0x12, 0x07, 0x13, 0x05, 0x23, 0x28, 0x16,
    0x06, 0x0c, 0xc1, 0xc1, 0x0c, 0x05, 0x16, 0x28, 0x23, 0x00, 0x00, 0x00, 0x00, 0x02, 0x00, 0x00,
    0x00, 0x00, 0x04, 0xb0, 0x04, 0xb0, 0x00, 0x25, 0x00, 0x43, 0x00, 0x00, 0x01, 0x23, 0x34, 0x2e,
    0x05, 0x2b, 0x01, 0x11, 0x14, 0x16, 0x1f, 0x01, 0x15, 0x21, 0x35, 0x32, 0x3e, 0x03, 0x35, 0x11,
    0x23, 0x22, 0x0e, 0x05, 0x15, 0x23, 0x11, 0x21, 0x01, 0x23, 0x34, 0x2e, 0x03, 0x2b, 0x01, 0x11,
    0x14, 0x16, 0x17, 0x33, 0x15, 0x23, 0x35, 0x32, 0x35, 0x11, 0x23, 0x22, 0x0e, 0x03, 0x15, 0x23,
    0x35, 0x21, 0x04, 0xb0, 0x32, 0x08, 0x0b, 0x19, 0x13, 0x26, 0x18, 0x19, 0xc8, 0x32, 0x19, 0x19,
    0xfe, 0x70, 0x04, 0x0e, 0x22, 0x1a, 0x16, 0xc8, 0x19, 0x18, 0x26, 0x13, 0x19, 0x0b, 0x08, 0x32,
    0x03, 0xe8, 0xfd, 0x44, 0x19, 0x08, 0x0a, 0x18, 0x10, 0x11, 0x64, 0x19, 0x0d, 0x0c, 0xc8, 0x32,
    0x64, 0x11, 0x10, 0x18, 0x0a, 0x08, 0x19, 0x01, 0xf4, 0x03, 0x84, 0x15, 0x20, 0x15, 0x0e, 0x08,
    0x03, 0x01, 0xfc, 0xae, 0x16, 0x19, 0x01, 0x02, 0x64, 0x64, 0x01, 0x05, 0x09, 0x15, 0x0e, 0x03,
    0x52, 0x01, 0x03, 0x08, 0x0e, 0x15, 0x20, 0x15, 0x01, 0x2c, 0xfd, 0x12, 0x0f, 0x13, 0x0a, 0x05,
    0x01, 0xfe, 0x57, 0x0b, 0x0d, 0x01, 0x32, 0x32, 0x19, 0x01, 0xa9, 0x01, 0x05, 0x0a, 0x13, 0x0f,
    0x96, 0x00, 0x00, 0x00, 0x00, 0x03, 0x00, 0x00, 0x00, 0x00, 0x04, 0x4c, 0x04, 0xae, 0x00, 0x1d,
    0x00, 0x20, 0x00, 0x30, 0x00, 0x00, 0x01, 0x35, 0x22, 0x27, 0x2e, 0x01, 0x2f, 0x01, 0x01, 0x23,
    0x01, 0x06, 0x07, 0x0e, 0x01, 0x0f, 0x01, 0x15, 0x21, 0x35, 0x22, 0x26, 0x3f, 0x01, 0x21, 0x17,
    0x16, 0x06, 0x23, 0x15, 0x01, 0x1b, 0x01, 0x01, 0x15, 0x14, 0x06, 0x23, 0x21, 0x22, 0x26, 0x3d,
    0x01, 0x34, 0x36, 0x33, 0x21, 0x32, 0x16, 0x03, 0xe8, 0x19, 0x1e, 0x0e, 0x16, 0x05, 0x04, 0xfe,
    0xdf, 0x45, 0xfe, 0xd4, 0x12, 0x15, 0x09, 0x1f, 0x0b, 0x0b, 0x01, 0x11, 0x31, 0x3b, 0x12, 0x45,
    0x01, 0x25, 0x3d, 0x0d, 0x21, 0x27, 0xfe, 0xec, 0x86, 0x79, 0x01, 0xb1, 0x1d, 0x15, 0xfc, 0x18,
    0x15, 0x1d, 0x1d, 0x15, 0x03, 0xe8, 0x15, 0x1d, 0x01, 0x2c, 0x32, 0x20, 0x0e, 0x22, 0x0a, 0x0b,
    0x02, 0xeb, 0xfd, 0x0e, 0x23, 0x15, 0x09, 0x13, 0x05, 0x05, 0x32, 0x32, 0x2b, 0x2e, 0xb0, 0xa6,
    0x22, 0x41, 0x32, 0x01, 0x87, 0x01, 0x56, 0xfe, 0xaa, 0xfd, 0xe3, 0x64, 0x15, 0x1d, 0x1d, 0x15,
    0x64, 0x15, 0x1d, 0x1d, 0x00, 0x03, 0x00, 0x00, 0x00, 0x00, 0x04, 0xb0, 0x04, 0xb0, 0x00, 0x0f,
    0x00, 0x47, 0x00, 0x4a, 0x00, 0x00, 0x13, 0x21, 0x32, 0x16, 0x15, 0x11, 0x14, 0x06, 0x23, 0x21,
    0x22, 0x26, 0x35, 0x11, 0x34, 0x36, 0x05, 0x23, 0x22, 0x07, 0x01, 0x06, 0x07, 0x06, 0x07, 0x06,
    0x1d, 0x01, 0x14, 0x16, 0x33, 0x21, 0x32, 0x36, 0x3d, 0x01, 0x34, 0x26, 0x23, 0x22, 0x27, 0x26,
    0x3f, 0x01, 0x21, 0x17, 0x16, 0x07, 0x06, 0x23, 0x22, 0x06, 0x1d, 0x01, 0x14, 0x16, 0x33, 0x21,
    0x32, 0x36, 0x3d, 0x01, 0x34, 0x26, 0x27, 0x22, 0x27, 0x26, 0x27, 0x23, 0x01, 0x26, 0x13, 0x23,
    0x13, 0x32, 0x04, 0x4c, 0x15, 0x1d, 0x1d, 0x15, 0xfb, 0xb4, 0x15, 0x1d, 0x1d, 0x02, 0x46, 0x46,
    0x0d, 0x05, 0xfe, 0xd5, 0x11, 0x12, 0x12, 0x26, 0x0c, 0x0b, 0x09, 0x01, 0x11, 0x08, 0x0c, 0x0c,
    0x08, 0x37, 0x10, 0x0a, 0x0a, 0x3f, 0x01, 0x0a, 0x39, 0x0b, 0x11, 0x0c, 0x18, 0x08, 0x0c, 0x0c,
    0x08, 0x01, 0x39, 0x08, 0x0c, 0x0b, 0x08, 0x11, 0x19, 0x19, 0x0f, 0x01, 0xfe, 0xe0, 0x05, 0x0e,
    0xc5, 0x67, 0x04, 0xb0, 0x1d, 0x15, 0xfb, 0xb4, 0x15, 0x1d, 0x1d, 0x15, 0x04, 0x4c, 0x15, 0x1d,
    0x52, 0x0c, 0xfd, 0x0f, 0x20, 0x13, 0x12, 0x10, 0x05, 0x0d, 0x32, 0x08, 0x0c, 0x0c, 0x08, 0x32,
    0x08, 0x0c, 0x17, 0x0e, 0x19, 0xa3, 0x99, 0x1f, 0x18, 0x11, 0x0c, 0x08, 0x32, 0x08, 0x0c, 0x0c,
    0x08, 0x32, 0x07, 0x0c, 0x01, 0x19, 0x1b, 0x24, 0x02, 0xec, 0x0c, 0xfe, 0x05, 0x01, 0x08, 0x00,
    0x00, 0x04, 0x00, 0x00, 0x00, 0x00, 0x04, 0xb0, 0x04, 0xb0, 0x00, 0x03, 0x00, 0x13, 0x00, 0x23,
    0x00, 0x27, 0x00, 0x00, 0x01, 0x21, 0x35, 0x21, 0x05, 0x21, 0x32, 0x16, 0x15, 0x11, 0x14, 0x06,
    0x23, 0x21, 0x22, 0x26, 0x35, 0x11, 0x34, 0x36, 0x29, 0x01, 0x32, 0x16, 0x15, 0x11, 0x14, 0x06,
    0x23, 0x21, 0x22, 0x26, 0x35, 0x11, 0x34, 0x36, 0x17, 0x11, 0x21, 0x11, 0x04, 0xb0, 0xfb, 0x50,
    0x04, 0xb0, 0xfb, 0x82, 0x01, 0x90, 0x15, 0x1d, 0x1d, 0x15, 0xfe, 0x70, 0x15, 0x1d, 0x1d, 0x02,
    0x6d, 0x01, 0x90, 0x15, 0x1d, 0x1d, 0x15, 0xfe, 0x70, 0x15, 0x1d, 0x1d, 0x47, 0x01, 0x2c, 0x04,
    0x4c, 0x64, 0xc8, 0x1d, 0x15, 0xfc, 0x7c, 0x15, 0x1d, 0x1d, 0x15, 0x03, 0x84, 0x15, 0x1d, 0x1d,
    0x15, 0xfe, 0x70, 0x15, 0x1d, 0x1d, 0x15, 0x01, 0x90, 0x15, 0x1d, 0x64, 0xfe, 0xd4, 0x01, 0x2c,
    0x00, 0x04, 0x00, 0x00, 0x00, 0x00, 0x04, 0xb0, 0x04, 0xb0, 0x00, 0x0f, 0x00, 0x1f, 0x00, 0x23,
    0x00, 0x27, 0x00, 0x00, 0x13, 0x21, 0x32, 0x16, 0x15, 0x11, 0x14, 0x06, 0x23, 0x21, 0x22, 0x26,
    0x35, 0x11, 0x34, 0x36, 0x01, 0x21, 0x32, 0x16, 0x15, 0x11, 0x14, 0x06, 0x23, 0x21, 0x22, 0x26,
    0x35, 0x11, 0x34, 0x36, 0x17, 0x11, 0x21, 0x11, 0x13, 0x21, 0x35, 0x21, 0x32, 0x01, 0x90, 0x15,
    0x1d, 0x1d, 0x15, 0xfe, 0x70, 0x15, 0x1d, 0x1d, 0x02, 0x6d, 0x01, 0x90, 0x15, 0x1d, 0x1d, 0x15,
    0xfe, 0x70, 0x15, 0x1d, 0x1d, 0x47, 0x01, 0x2c, 0xc8, 0xfb, 0x50, 0x04, 0xb0, 0x04, 0xb0, 0x1d,
    0x15, 0xfc, 0x7c, 0x15, 0x1d, 0x1d, 0x15, 0x03, 0x84, 0x15, 0x1d, 0xfe, 0x0c, 0x1d, 0x15, 0xfe,
    0x70, 0x15, 0x1d, 0x1d, 0x15, 0x01, 0x90, 0x15, 0x1d, 0x64, 0xfe, 0xd4, 0x01, 0x2c, 0xfd, 0xa8,
    0x64, 0x00, 0x00, 0x00, 0x00, 0x02, 0x00, 0x00, 0x00, 0x64, 0x04, 0xb0, 0x03, 0xe8, 0x00, 0x27,
    0x00, 0x2b, 0x00, 0x00, 0x13, 0x21, 0x32, 0x16, 0x15, 0x11, 0x33, 0x35, 0x34, 0x36, 0x33, 0x21,
    0x32, 0x16, 0x1d, 0x01, 0x33, 0x15, 0x23, 0x15, 0x14, 0x06, 0x23, 0x21, 0x22, 0x26, 0x3d, 0x01,
    0x23, 0x11, 0x14, 0x06, 0x23, 0x21, 0x22, 0x26, 0x35, 0x11, 0x34, 0x36, 0x01, 0x11, 0x21, 0x11,
    0x32, 0x01, 0x90, 0x15, 0x1d, 0x64, 0x1d, 0x15, 0x01, 0x90, 0x15, 0x1d, 0x64, 0x64, 0x1d, 0x15,
    0xfe, 0x70, 0x15, 0x1d, 0x64, 0x1d, 0x15, 0xfe, 0x70, 0x15, 0x1d, 0x1d, 0x02, 0x9f, 0x01, 0x2c,
    0x03, 0xe8, 0x1d, 0x15, 0xfe, 0xa2, 0x96, 0x15, 0x1d, 0x1d, 0x15, 0x96, 0x64, 0x96, 0x15, 0x1d,
    0x1d, 0x15, 0x96, 0xfe, 0xa2, 0x15, 0x1d, 0x1d, 0x15, 0x03, 0x20, 0x15, 0x1d, 0xfe, 0xd4, 0xfe,
    0xd4, 0x01, 0x2c, 0x00, 0x00, 0x04, 0x00, 0x00, 0x00, 0x00, 0x04, 0xb0, 0x04, 0xb0, 0x00, 0x03,
    0x00, 0x13, 0x00, 0x17, 0x00, 0x27, 0x00, 0x00, 0x33, 0x23, 0x11, 0x33, 0x17, 0x21, 0x32, 0x16,
    0x15, 0x11, 0x14, 0x06, 0x23, 0x21, 0x22, 0x26, 0x35, 0x11, 0x34, 0x36, 0x17, 0x11, 0x21, 0x11,
    0x01, 0x21, 0x32, 0x16, 0x15, 0x11, 0x14, 0x06, 0x23, 0x21, 0x22, 0x26, 0x35, 0x11, 0x34, 0x36,
    0x64, 0x64, 0x64, 0x96, 0x01, 0x90, 0x15, 0x1d, 0x1d, 0x15, 0xfe, 0x70, 0x15, 0x1d, 0x1d, 0x47,
    0x01, 0x2c, 0xfe, 0xa2, 0x03, 0x84, 0x15, 0x1d, 0x1d, 0x15, 0xfc, 0x7c, 0x15, 0x1d, 0x1d, 0x04,
    0xb0, 0x64, 0x1d, 0x15, 0xfe, 0x70, 0x15, 0x1d, 0x1d, 0x15, 0x01, 0x90, 0x15, 0x1d, 0x64, 0xfe,
    0xd4, 0x01, 0x2c, 0xfe, 0x0c, 0x1d, 0x15, 0xfe, 0x70, 0x15, 0x1d, 0x1d, 0x15, 0x01, 0x90, 0x15,
    0x1d, 0x00, 0x00, 0x00, 0x00, 0x02, 0x00, 0x64, 0x00, 0x00, 0x04, 0x4c, 0x04, 0xb0, 0x00, 0x27,
    0x00, 0x2b, 0x00, 0x00, 0x01, 0x33, 0x32, 0x16, 0x15, 0x11, 0x14, 0x06, 0x2b, 0x01, 0x15, 0x21,
    0x32, 0x16, 0x15, 0x11, 0x14, 0x06, 0x23, 0x21, 0x22, 0x26, 0x35, 0x11, 0x34, 0x36, 0x33, 0x21,
    0x35, 0x23, 0x22, 0x26, 0x35, 0x11, 0x34, 0x36, 0x3b, 0x01, 0x35, 0x33, 0x07, 0x11, 0x21, 0x11,
    0x02, 0x58, 0x96, 0x15, 0x1d, 0x1d, 0x15, 0x96, 0x01, 0xc2, 0x15, 0x1d, 0x1d, 0x15, 0xfc, 0x7c,
    0x15, 0x1d, 0x1d, 0x15, 0x01, 0x5e, 0x96, 0x15, 0x1d, 0x1d, 0x15, 0x96, 0x64, 0xc8, 0x01, 0x2c,
    0x04, 0x4c, 0x1d, 0x15, 0xfe, 0x70, 0x15, 0x1d, 0x64, 0x1d, 0x15, 0xfe, 0x70, 0x15, 0x1d, 0x1d,
    0x15, 0x01, 0x90, 0x15, 0x1d, 0x64, 0x1d, 0x15, 0x01, 0x90, 0x15, 0x1d, 0x64, 0xc8, 0xfe, 0xd4,
    0x01, 0x2c, 0x00, 0x00, 0x00, 0x04, 0x00, 0x00, 0x00, 0x00, 0x04, 0xb0, 0x04, 0xb0, 0x00, 0x03,
    0x00, 0x13, 0x00, 0x17, 0x00, 0x27, 0x00, 0x00, 0x21, 0x23, 0x11, 0x33, 0x05, 0x21, 0x32, 0x16,
    0x15, 0x11, 0x14, 0x06, 0x23, 0x21, 0x22, 0x26, 0x35, 0x11, 0x34, 0x36, 0x17, 0x11, 0x21, 0x11,
    0x01, 0x21, 0x32, 0x16, 0x15, 0x11, 0x14, 0x06, 0x23, 0x21, 0x22, 0x26, 0x35, 0x11, 0x34, 0x36,
    0x04, 0xb0, 0x64, 0x64, 0xfd, 0x76, 0x01, 0x90, 0x15, 0x1d, 0x1d, 0x15, 0xfe, 0x70, 0x15, 0x1d,
    0x1d, 0x47, 0x01, 0x2c, 0xfc, 0xae, 0x03, 0x84, 0x15, 0x1d, 0x1d, 0x15, 0xfc, 0x7c, 0x15, 0x1d,
    0x1d, 0x04, 0xb0, 0x64, 0x1d, 0x15, 0xfe, 0x70, 0x15, 0x1d, 0x1d, 0x15, 0x01, 0x90, 0x15, 0x1d,
    0x64, 0xfe, 0xd4, 0x01, 0x2c, 0xfe, 0x0c, 0x1d, 0x15, 0xfe, 0x70, 0x15, 0x1d, 0x1d, 0x15, 0x01,
    0x90, 0x15, 0x1d, 0x00, 0x00, 0x01, 0x01, 0x2c, 0x00, 0x30, 0x03, 0x6f, 0x04, 0x80, 0x00, 0x0f,
    0x00, 0x00, 0x09, 0x01, 0x06, 0x23, 0x22, 0x26, 0x35, 0x11, 0x34, 0x36, 0x33, 0x32, 0x17, 0x01,
    0x16, 0x14, 0x03, 0x61, 0xfe, 0x12, 0x17, 0x12, 0x0e, 0x10, 0x10, 0x0e, 0x12, 0x17, 0x01, 0xee,
    0x0e, 0x02, 0x35, 0xfe, 0x12, 0x17, 0x1b, 0x19, 0x03, 0xe8, 0x19, 0x1b, 0x17, 0xfe, 0x12, 0x0e,
    0x2a, 0x00, 0x00, 0x00, 0x00, 0x01, 0x01, 0x41, 0x00, 0x32, 0x03, 0x84, 0x04, 0x7e, 0x00, 0x0b,
    0x00, 0x00, 0x09, 0x01, 0x36, 0x16, 0x15, 0x11, 0x14, 0x06, 0x27, 0x01, 0x26, 0x34, 0x01, 0x4f,
    0x01, 0xee, 0x1d, 0x2a, 0x2a, 0x1d, 0xfe, 0x12, 0x0e, 0x02, 0x7b, 0x01, 0xee, 0x1d, 0x11, 0x29,
    0xfc, 0x18, 0x29, 0x11, 0x1d, 0x01, 0xee, 0x0e, 0x2a, 0x00, 0x00, 0x00, 0x00, 0x01, 0x00, 0x32,
    0x01, 0x41, 0x04, 0x7e, 0x03, 0x84, 0x00, 0x0b, 0x00, 0x00, 0x13, 0x21, 0x32, 0x16, 0x07, 0x01,
    0x06, 0x22, 0x27, 0x01, 0x26, 0x36, 0x64, 0x03, 0xe8, 0x29, 0x11, 0x1d, 0xfe, 0x12, 0x0e, 0x2a,
    0x0e, 0xfe, 0x12, 0x1d, 0x11, 0x03, 0x84, 0x2a, 0x1d, 0xfe, 0x12, 0x0e, 0x0e, 0x01, 0xee, 0x1d,
    0x2a, 0x00, 0x00, 0x00, 0x00, 0x01, 0x00, 0x32, 0x01, 0x2c, 0x04, 0x7e, 0x03, 0x6f, 0x00, 0x0b,
    0x00, 0x00, 0x09, 0x01, 0x16, 0x06, 0x23, 0x21, 0x22, 0x26, 0x37, 0x01, 0x36, 0x32, 0x02, 0x7b,
    0x01, 0xee, 0x1d, 0x11, 0x29, 0xfc, 0x18, 0x29, 0x11, 0x1d, 0x01, 0xee, 0x0e, 0x2a, 0x03, 0x61,
    0xfe, 0x12, 0x1d, 0x2a, 0x2a, 0x1d, 0x01, 0xee, 0x0e, 0x00, 0x00, 0x00, 0x00, 0x02, 0x00, 0x08,
    0x00, 0x00, 0x04, 0xb0, 0x04, 0x28, 0x00, 0x06, 0x00, 0x0a, 0x00, 0x00, 0x01, 0x15, 0x01, 0x35,
    0x2d, 0x01, 0x35, 0x01, 0x21, 0x35, 0x21, 0x02, 0xbc, 0xfd, 0x4c, 0x01, 0x9d, 0xfe, 0x63, 0x04,
    0xa8, 0xfc, 0xe0, 0x03, 0x20, 0x02, 0xe5, 0xb6, 0xfe, 0xbd, 0xdd, 0xc1, 0xc1, 0xdd, 0xfb, 0xd8,
    0xc8, 0x00, 0x00, 0x00, 0x00, 0x02, 0x00, 0x00, 0x00, 0x64, 0x04, 0xb0, 0x04, 0xb0, 0x00, 0x0b,
    0x00, 0x31, 0x00, 0x00, 0x01, 0x23, 0x15, 0x33, 0x15, 0x21, 0x11, 0x33, 0x35, 0x23, 0x35, 0x21,
    0x01, 0x33, 0x34, 0x3e, 0x05, 0x3b, 0x01, 0x11, 0x14, 0x06, 0x0f, 0x01, 0x15, 0x21, 0x35, 0x22,
    0x2e, 0x03, 0x35, 0x11, 0x33, 0x32, 0x1e, 0x05, 0x15, 0x33, 0x11, 0x21, 0x04, 0xb0, 0xc8, 0xc8,
    0xfe, 0xd4, 0xc8, 0xc8, 0x01, 0x2c, 0xfb, 0x50, 0x32, 0x08, 0x0b, 0x19, 0x13, 0x26, 0x18, 0x19,
    0x64, 0x32, 0x19, 0x19, 0x01, 0x90, 0x04, 0x0e, 0x22, 0x1a, 0x16, 0x64, 0x19, 0x18, 0x26, 0x13,
    0x19, 0x0b, 0x08, 0x32, 0xfc, 0xe0, 0x03, 0x84, 0x64, 0x64, 0x01, 0x2c, 0x64, 0x64, 0xfe, 0x0c,
    0x15, 0x20, 0x15, 0x0e, 0x08, 0x03, 0x01, 0xfd, 0xda, 0x16, 0x19, 0x01, 0x02, 0x64, 0x64, 0x01,
    0x05, 0x09, 0x15, 0x0e, 0x02, 0x26, 0x01, 0x03, 0x08, 0x0e, 0x15, 0x20, 0x15, 0x01, 0x2c, 0x00,
    0x00, 0x02, 0x00, 0x00, 0x00, 0x00, 0x04, 0x4c, 0x03, 0xe8, 0x00, 0x25, 0x00, 0x31, 0x00, 0x00,
    0x01, 0x23, 0x34, 0x2e, 0x05, 0x2b, 0x01, 0x11, 0x14, 0x16, 0x1f, 0x01, 0x15, 0x21, 0x35, 0x32,
    0x3e, 0x03, 0x35, 0x11, 0x23, 0x22, 0x0e, 0x05, 0x15, 0x23, 0x11, 0x21, 0x01, 0x23, 0x15, 0x33,
    0x15, 0x21, 0x11, 0x33, 0x35, 0x23, 0x35, 0x21, 0x03, 0x20, 0x32, 0x08, 0x0b, 0x19, 0x13, 0x26,
    0x18, 0x19, 0x64, 0x32, 0x19, 0x19, 0xfe, 0x70, 0x04, 0x0e, 0x22, 0x1a, 0x16, 0x64, 0x19, 0x18,
    0x26, 0x13, 0x19, 0x0b, 0x08, 0x32, 0x03, 0x20, 0x01, 0x2c, 0xc8, 0xc8, 0xfe, 0xd4, 0xc8, 0xc8,
    0x01, 0x2c, 0x02, 0xbc, 0x15, 0x20, 0x15, 0x0e, 0x08, 0x03, 0x01, 0xfd, 0xda, 0x16, 0x19, 0x02,
    0x01, 0x64, 0x64, 0x01, 0x05, 0x09, 0x15, 0x0e, 0x02, 0x26, 0x01, 0x03, 0x08, 0x0e, 0x15, 0x20,
    0x15, 0x01, 0x2c, 0xfc, 0xe0, 0x64, 0x64, 0x01, 0x2c, 0x64, 0x64, 0x00, 0x00, 0x01, 0x00, 0xc8,
    0x00, 0x66, 0x03, 0x72, 0x04, 0x4a, 0x00, 0x12, 0x00, 0x00, 0x01, 0x33, 0x32, 0x16, 0x07, 0x09,
    0x01, 0x16, 0x06, 0x2b, 0x01, 0x22, 0x27, 0x01, 0x26, 0x34, 0x37, 0x01, 0x36, 0x02, 0xbd, 0xa0,
    0x10, 0x0a, 0x0c, 0xfe, 0x30, 0x01, 0xd0, 0x0c, 0x0a, 0x10, 0xa0, 0x0d, 0x0a, 0xfe, 0x29, 0x07,
    0x07, 0x01, 0xd7, 0x0a, 0x04, 0x4a, 0x16, 0x0c, 0xfe, 0x30, 0xfe, 0x30, 0x0c, 0x16, 0x09, 0x01,
    0xd7, 0x08, 0x14, 0x08, 0x01, 0xd7, 0x09, 0x00, 0x00, 0x01, 0x01, 0x3e, 0x00, 0x66, 0x03, 0xe8,
    0x04, 0x4a, 0x00, 0x12, 0x00, 0x00, 0x01, 0x33, 0x32, 0x17, 0x01, 0x16, 0x14, 0x07, 0x01, 0x06,
    0x2b, 0x01, 0x22, 0x26, 0x37, 0x09, 0x01, 0x26, 0x36, 0x01, 0x53, 0xa0, 0x0d, 0x0a, 0x01, 0xd7,
    0x07, 0x07, 0xfe, 0x29, 0x0a, 0x0d, 0xa0, 0x10, 0x0a, 0x0c, 0x01, 0xd0, 0xfe, 0x30, 0x0c, 0x0a,
    0x04, 0x4a, 0x09, 0xfe, 0x29, 0x08, 0x14, 0x08, 0xfe, 0x29, 0x09, 0x16, 0x0c, 0x01, 0xd0, 0x01,
    0xd0, 0x0c, 0x16, 0x00, 0x00, 0x01, 0x00, 0x66, 0x00, 0xc8, 0x04, 0x4a, 0x03, 0x72, 0x00, 0x12,
    0x00, 0x00, 0x00, 0x16, 0x1d, 0x01, 0x14, 0x07, 0x01, 0x06, 0x22, 0x27, 0x01, 0x26, 0x3d, 0x01,
    0x34, 0x36, 0x17, 0x09, 0x01, 0x04, 0x34, 0x16, 0x09, 0xfe, 0x29, 0x08, 0x14, 0x08, 0xfe, 0x29,
    0x09, 0x16, 0x0c, 0x01, 0xd0, 0x01, 0xd0, 0x03, 0x77, 0x0a, 0x10, 0xa0, 0x0d, 0x0a, 0xfe, 0x29,
    0x07, 0x07, 0x01, 0xd7, 0x0a, 0x0d, 0xa0, 0x10, 0x0a, 0x0c, 0xfe, 0x30, 0x01, 0xd0, 0x00, 0x00,
    0x00, 0x01, 0x00, 0x66, 0x01, 0x3e, 0x04, 0x4a, 0x03, 0xe8, 0x00, 0x12, 0x00, 0x00, 0x09, 0x01,
    0x16, 0x1d, 0x01, 0x14, 0x06, 0x27, 0x09, 0x01, 0x06, 0x26, 0x3d, 0x01, 0x34, 0x37, 0x01, 0x36,
    0x32, 0x02, 0x6a, 0x01, 0xd7, 0x09, 0x16, 0x0c, 0xfe, 0x30, 0xfe, 0x30, 0x0c, 0x16, 0x09, 0x01,
    0xd7, 0x08, 0x14, 0x03, 0xe1, 0xfe, 0x29, 0x0a, 0x0d, 0xa0, 0x10, 0x0a, 0x0c, 0x01, 0xd0, 0xfe,
    0x30, 0x0c, 0x0a, 0x10, 0xa0, 0x0d, 0x0a, 0x01, 0xd7, 0x07, 0x00, 0x00, 0x00, 0x02, 0x00, 0xd9,
    0xff, 0xf9, 0x04, 0x3d, 0x04, 0xb0, 0x00, 0x05, 0x00, 0x3a, 0x00, 0x00, 0x01, 0x14, 0x06, 0x23,
    0x34, 0x36, 0x05, 0x33, 0x32, 0x16, 0x1f, 0x01, 0x36, 0x37, 0x3e, 0x02, 0x1e, 0x04, 0x06, 0x07,
    0x0e, 0x06, 0x07, 0x06, 0x22, 0x26, 0x23, 0x22, 0x06, 0x22, 0x27, 0x2e, 0x03, 0x2f, 0x01, 0x2e,
    0x01, 0x3e, 0x04, 0x1e, 0x01, 0x17, 0x27, 0x26, 0x36, 0x03, 0xe8, 0xb0, 0x7c, 0xb0, 0xfe, 0x56,
    0x64, 0x15, 0x26, 0x07, 0x4f, 0x05, 0x0b, 0x22, 0x28, 0x50, 0x33, 0x47, 0x2a, 0x2b, 0x0f, 0x05,
    0x11, 0x01, 0x04, 0x12, 0x17, 0x2a, 0x33, 0x4d, 0x2c, 0x0d, 0x3a, 0x49, 0x0b, 0x0e, 0x47, 0x37,
    0x10, 0x39, 0x5f, 0x37, 0x26, 0x07, 0x07, 0x0f, 0x06, 0x0f, 0x25, 0x2a, 0x3e, 0x37, 0x46, 0x31,
    0x1f, 0x93, 0x0c, 0x0d, 0x04, 0xb0, 0x7c, 0xb0, 0x7c, 0xb0, 0xc8, 0x1c, 0x13, 0xc2, 0x01, 0x02,
    0x06, 0x07, 0x07, 0x05, 0x0f, 0x1f, 0x35, 0x4b, 0x6d, 0x43, 0x07, 0x19, 0x4b, 0x47, 0x5c, 0x4a,
    0x42, 0x11, 0x05, 0x05, 0x07, 0x07, 0x19, 0x6b, 0x74, 0x6c, 0x24, 0x23, 0x3f, 0x68, 0x49, 0x37,
    0x20, 0x13, 0x07, 0x03, 0x06, 0x05, 0xc0, 0x12, 0x18, 0x00, 0x00, 0x00, 0x00, 0x02, 0x00, 0xc8,
    0x00, 0x15, 0x03, 0x84, 0x04, 0xb0, 0x00, 0x16, 0x00, 0x1a, 0x00, 0x00, 0x13, 0x21, 0x32, 0x16,
    0x15, 0x11, 0x14, 0x06, 0x2b, 0x01, 0x11, 0x07, 0x06, 0x26, 0x35, 0x11, 0x23, 0x22, 0x26, 0x35,
    0x11, 0x34, 0x36, 0x17, 0x15, 0x21, 0x35, 0xfa, 0x02, 0x58, 0x15, 0x1d, 0x1d, 0x15, 0x96, 0xff,
    0x13, 0x1a, 0x96, 0x15, 0x1d, 0x1d, 0xab, 0x01, 0x2c, 0x04, 0xb0, 0x1d, 0x15, 0xfe, 0x70, 0x15,
    0x1d, 0xfe, 0x0c, 0xb2, 0x09, 0x10, 0x15, 0x02, 0x8a, 0x1d, 0x15, 0x01, 0x90, 0x15, 0x1d, 0x64,
    0x64, 0x64, 0x00, 0x00, 0x00, 0x02, 0x00, 0xc8, 0x00, 0x19, 0x04, 0x4c, 0x04, 0xb0, 0x00, 0x0e,
    0x00, 0x12, 0x00, 0x00, 0x13, 0x21, 0x32, 0x16, 0x15, 0x11, 0x05, 0x11, 0x25, 0x21, 0x11, 0x23,
    0x11, 0x34, 0x36, 0x01, 0x15, 0x37, 0x35, 0xfa, 0x02, 0xee, 0x27, 0x3d, 0xfd, 0x44, 0x02, 0x58,
    0xfd, 0x44, 0x64, 0x1f, 0x01, 0x0d, 0x64, 0x04, 0xb0, 0x51, 0x2c, 0xfc, 0x5b, 0x75, 0x03, 0xb6,
    0x7d, 0xfc, 0x18, 0x04, 0x01, 0x17, 0x34, 0xfd, 0x5d, 0x64, 0x14, 0x64, 0x00, 0x01, 0x00, 0x00,
    0x00, 0x01, 0x02, 0x4d, 0x6f, 0xc3, 0x04, 0x5f, 0x5f, 0x0f, 0x3c, 0xf5, 0x00, 0x1f, 0x04, 0xb0,
    0x00, 0x00, 0x00, 0x00, 0xd0, 0x76, 0x73, 0x97, 0x00, 0x00, 0x00, 0x00, 0xd0, 0x76, 0x73, 0x97,
    0xff, 0x51, 0xff, 0x9c, 0x05, 0xdc, 0x05, 0x14, 0x00, 0x00, 0x00, 0x08, 0x00, 0x02, 0x00, 0x00,
    0x00, 0x00, 0x00, 0x00, 0x00, 0x01, 0x00, 0x00, 0x05, 0x14, 0xff, 0x85, 0x00, 0x00, 0x05, 0x14,
    0xff, 0x51, 0xfe, 0xd4, 0x05, 0xdc, 0x00, 0x01, 0x00, 0x00, 0x00, 0x00, 0x00, 0x00, 0x00, 0x00,
    0x00, 0x00, 0x00, 0x00, 0x00, 0x00, 0x00, 0xa3, 0x01, 0xb8, 0x00, 0x28, 0x00, 0x00, 0x00, 0x00,
    0x01, 0x90, 0x00, 0x00, 0x04, 0xb0, 0x00, 0x00, 0x04, 0xb0, 0x00, 0x64, 0x04, 0xb0, 0x00, 0x00,
    0x04, 0xb0, 0x00, 0x00, 0x04, 0xb0, 0x00, 0x70, 0x02, 0x8a, 0x00, 0x00, 0x05, 0x14, 0x00, 0x00,
    0x02, 0x8a, 0x00, 0x00, 0x05, 0x14, 0x00, 0x00, 0x01, 0xb1, 0x00, 0x00, 0x01, 0x45, 0x00, 0x00,
    0x00, 0xd8, 0x00, 0x00, 0x00, 0xd8, 0x00, 0x00, 0x00, 0xa2, 0x00, 0x00, 0x01, 0x04, 0x00, 0x00,
    0x00, 0x48, 0x00, 0x00, 0x01, 0x04, 0x00, 0x00, 0x01, 0x45, 0x00, 0x00, 0x04, 0xb0, 0x00, 0x64,
    0x04, 0xb0, 0x00, 0x7b, 0x04, 0xb0, 0x00, 0xc8, 0x04, 0xb0, 0x00, 0xc8, 0x01, 0xf4, 0x00, 0x00,
    0x04, 0xb0, 0xff, 0xf2, 0x04, 0xb0, 0x00, 0x00, 0x04, 0xb0, 0x00, 0x00, 0x04, 0xb0, 0xff, 0xf0,
    0x04, 0xb0, 0x00, 0x00, 0x04, 0xb0, 0x00, 0x0e, 0x04, 0xb0, 0x00, 0x09, 0x04, 0xb0, 0x00, 0x64,
    0x04, 0xb0, 0xff, 0xd3, 0x04, 0xb0, 0xff, 0xd3, 0x04, 0xb0, 0x00, 0x00, 0x04, 0xb0, 0x00, 0x00,
    0x04, 0xb0, 0x00, 0x00, 0x04, 0xb0, 0x00, 0x00, 0x04, 0xb0, 0x00, 0x00, 0x04, 0xb0, 0x00, 0x26,
    0x04, 0xb0, 0x00, 0x6e, 0x04, 0xb0, 0x00, 0x17, 0x04, 0xb0, 0x00, 0x17, 0x04, 0xb0, 0x00, 0x17,
    0x04, 0xb0, 0x00, 0x64, 0x04, 0xb0, 0x00, 0x1a, 0x04, 0xb0, 0x00, 0x64, 0x04, 0xb0, 0x00, 0x0c,
    0x04, 0xb0, 0x00, 0x64, 0x04, 0xb0, 0x00, 0x17, 0x04, 0xb0, 0xff, 0x9c, 0x04, 0xb0, 0x00, 0x64,
    0x04, 0xb0, 0x00, 0x17, 0x04, 0xb0, 0x00, 0x17, 0x04, 0xb0, 0x00, 0x00, 0x04, 0xb0, 0x00, 0x17,
    0x04, 0xb0, 0x00, 0x17, 0x04, 0xb0, 0x00, 0x17, 0x04, 0xb0, 0x00, 0x64, 0x04, 0xb0, 0x00, 0x00,
    0x04, 0xb0, 0x00, 0x64, 0x04, 0xb0, 0x00, 0x00, 0x04, 0xb0, 0x00, 0x00, 0x04, 0xb0, 0x00, 0x00,
    0x04, 0xb0, 0x00, 0x00, 0x04, 0xb0, 0x00, 0x00, 0x04, 0xb0, 0x00, 0x00, 0x04, 0xb0, 0x00, 0x00,
    0x04, 0xb0, 0x00, 0x00, 0x04, 0xb0, 0x00, 0x64, 0x04, 0xb0, 0x00, 0xc8, 0x04, 0xb0, 0x00, 0x00,
    0x04, 0xb0, 0x00, 0x00, 0x04, 0xb0, 0x00, 0x35, 0x04, 0xb0, 0x00, 0x64, 0x04, 0xb0, 0x00, 0xc8,
    0x04, 0xb0, 0xff, 0xb5, 0x04, 0xb0, 0x00, 0x21, 0x04, 0xb0, 0x00, 0x00, 0x04, 0xb0, 0x00, 0x00,
    0x04, 0xb0, 0x00, 0x00, 0x04, 0xb0, 0x00, 0x00, 0x04, 0xb0, 0x00, 0x00, 0x04, 0xb0, 0xff, 0x9c,
    0x04, 0xb0, 0x00, 0x00, 0x04, 0xb0, 0x00, 0x00, 0x04, 0xb0, 0x00, 0x00, 0x04, 0xb0, 0x00, 0xdb,
    0x04, 0xb0, 0x00, 0x17, 0x04, 0xb0, 0x00, 0x75, 0x04, 0xb0, 0x00, 0x00, 0x04, 0xb0, 0x00, 0x00,
    0x04, 0xb0, 0x00, 0x00, 0x04, 0xb0, 0x00, 0x0a, 0x04, 0xb0, 0x00, 0xc8, 0x04, 0xb0, 0x00, 0x00,
    0x04, 0xb0, 0x00, 0x9d, 0x04, 0xb0, 0x00, 0xc8, 0x04, 0xb0, 0x00, 0xc8, 0x04, 0xb0, 0x00, 0xc8,
    0x04, 0xb0, 0x00, 0x00, 0x04, 0xb0, 0xff, 0xfe, 0x04, 0xb0, 0x01, 0x2c, 0x04, 0xb0, 0x00, 0x64,
    0x04, 0xb0, 0x00, 0x88, 0x04, 0xb0, 0x01, 0x3b, 0x04, 0xb0, 0x00, 0x17, 0x04, 0xb0, 0x00, 0x17,
    0x04, 0xb0, 0x00, 0x17, 0x04, 0xb0, 0x00, 0x17, 0x04, 0xb0, 0x00, 0x17, 0x04, 0xb0, 0x00, 0x17,
    0x04, 0xb0, 0x00, 0x00, 0x04, 0xb0, 0x00, 0x17, 0x04, 0xb0, 0x00, 0x17, 0x04, 0xb0, 0x00, 0x17,
    0x04, 0xb0, 0x00, 0x17, 0x04, 0xb0, 0x00, 0x00, 0x04, 0xb0, 0x00, 0xb7, 0x04, 0xb0, 0x00, 0xb7,
    0x04, 0xb0, 0x00, 0x00, 0x04, 0xb0, 0x00, 0x00, 0x04, 0xb0, 0x00, 0x49, 0x04, 0xb0, 0x00, 0x17,
    0x04, 0xb0, 0x00, 0x00, 0x04, 0xb0, 0x00, 0x00, 0x04, 0xb0, 0x00, 0x5d, 0x04, 0xb0, 0xff, 0xdc,
    0x04, 0xb0, 0xff, 0xdc, 0x04, 0xb0, 0xff, 0x9f, 0x04, 0xb0, 0x00, 0x64, 0x04, 0xb0, 0x00, 0x00,
    0x04, 0xb0, 0x00, 0x00, 0x04, 0xb0, 0x00, 0x00, 0x04, 0xb0, 0x00, 0x64, 0x04, 0xb0, 0xff, 0xff,
    0x04, 0xb0, 0x00, 0x00, 0x04, 0xb0, 0xff, 0x51, 0x04, 0xb0, 0x00, 0x06, 0x04, 0xb0, 0x00, 0x00,
    0x04, 0xb0, 0x00, 0x00, 0x04, 0xb0, 0x01, 0x45, 0x04, 0xb0, 0x00, 0x01, 0x04, 0xb0, 0x00, 0x00,
    0x04, 0xb0, 0xff, 0x9c, 0x04, 0xb0, 0x00, 0x4a, 0x04, 0xb0, 0x00, 0x14, 0x04, 0xb0, 0x00, 0x00,
    0x04, 0xb0, 0x00, 0x00, 0x04, 0xb0, 0x00, 0x00, 0x04, 0xb0, 0xff, 0x9c, 0x04, 0xb0, 0x00, 0x61,
    0x04, 0xb0, 0xff, 0xfd, 0x04, 0xb0, 0x00, 0x16, 0x04, 0xb0, 0x00, 0x16, 0x04, 0xb0, 0x00, 0x16,
    0x04, 0xb0, 0x00, 0x16, 0x04, 0xb0, 0x00, 0x18, 0x04, 0xb0, 0x00, 0x00, 0x04, 0xc4, 0x00, 0x00,
    0x04, 0xb0, 0x00, 0x64, 0x00, 0x00, 0x00, 0x00, 0x00, 0x00, 0xff, 0xd8, 0x00, 0x64, 0x00, 0x39,
    0x00, 0xc8, 0x00, 0x00, 0x01, 0x27, 0x00, 0x64, 0x00, 0x19, 0x00, 0x19, 0x00, 0x19, 0x00, 0x19,
    0x00, 0x19, 0x00, 0x19, 0x00, 0x19, 0x00, 0x00, 0x00, 0x00, 0x00, 0x00, 0x00, 0x00, 0x00, 0x00,
    0x00, 0xd9, 0x00, 0x00, 0x00, 0x00, 0x00, 0x0e, 0x00, 0x00, 0x00, 0x00, 0x00, 0x00, 0x00, 0x00,
    0x00, 0x00, 0x00, 0x04, 0x00, 0x00, 0x00, 0x00, 0x00, 0x00, 0x00, 0x00, 0x00, 0x00, 0x00, 0x00,
    0x00, 0x03, 0x00, 0x64, 0x00, 0x64, 0x00, 0x00, 0x00, 0x10, 0x00, 0x00, 0x00, 0x00, 0x00, 0x64,
    0xff, 0x9c, 0xff, 0x9c, 0xff, 0x9c, 0xff, 0x9c, 0xff, 0x9c, 0xff, 0x9c, 0xff, 0x9c, 0xff, 0x9c,
    0x00, 0x09, 0x00, 0x09, 0xff, 0xf2, 0xff, 0xf2, 0x00, 0x64, 0x00, 0x79, 0x00, 0x27, 0x00, 0x64,
    0x00, 0x64, 0x00, 0x00, 0x00, 0x00, 0x00, 0x64, 0xff, 0xa2, 0x00, 0x00, 0x00, 0x00, 0x00, 0x00,
    0x00, 0x00, 0x00, 0x00, 0x00, 0x00, 0x00, 0xc8, 0x00, 0x64, 0x00, 0x00, 0x00, 0x01, 0x00, 0x8f,
    0x00, 0x00, 0xff, 0x9c, 0xff, 0x9c, 0x00, 0x64, 0x00, 0x04, 0x00, 0xc8, 0x00, 0xc8, 0x00, 0x00,
    0x00, 0x64, 0x01, 0x90, 0x00, 0x64, 0x00, 0x00, 0x00, 0x64, 0x01, 0x2c, 0xff, 0xb5, 0x00, 0x00,
    0x00, 0x00, 0x00, 0x00, 0x00, 0x00, 0x00, 0x00, 0x00, 0x00, 0x00, 0x00, 0x00, 0x64, 0x00, 0x00,
    0x01, 0x2c, 0x01, 0x41, 0x00, 0x32, 0x00, 0x32, 0x00, 0x08, 0x00, 0x00, 0x00, 0x00, 0x00, 0xc8,
    0x01, 0x3e, 0x00, 0x66, 0x00, 0x66, 0x00, 0xd9, 0x00, 0xc8, 0x00, 0xc8, 0x00, 0x00, 0x00, 0x2a,
    0x00, 0x2a, 0x00, 0x2a, 0x00, 0x2a, 0x00, 0xb2, 0x00, 0xe8, 0x00, 0xe8, 0x01, 0x4e, 0x01, 0x4e,
    0x01, 0x4e, 0x01, 0x4e, 0x01, 0x4e, 0x01, 0x4e, 0x01, 0x4e, 0x01, 0x4e, 0x01, 0x4e, 0x01, 0x4e,
    0x01, 0x4e, 0x01, 0x4e, 0x01, 0x4e, 0x01, 0x4e, 0x01, 0xa4, 0x02, 0x06, 0x02, 0x22, 0x02, 0x7e,
    0x02, 0x86, 0x02, 0xac, 0x02, 0xe4, 0x03, 0x46, 0x03, 0x6e, 0x03, 0x8c, 0x03, 0xc4, 0x04, 0x08,
    0x04, 0x32, 0x04, 0x62, 0x04, 0xa2, 0x04, 0xdc, 0x05, 0x5c, 0x05, 0xba, 0x06, 0x72, 0x06, 0xf4,
    0x07, 0x20, 0x07, 0x62, 0x07, 0xca, 0x08, 0x1e, 0x08, 0x62, 0x08, 0xbe, 0x09, 0x36, 0x09, 0x84,
    0x09, 0xb6, 0x09, 0xde, 0x0a, 0x28, 0x0a, 0x4c, 0x0a, 0x94, 0x0a, 0xe2, 0x0b, 0x30, 0x0b, 0x8a,
    0x0b, 0xca, 0x0c, 0x08, 0x0c, 0x58, 0x0d, 0x2a, 0x0d, 0x5e, 0x0d, 0xb0, 0x0e, 0x0e, 0x0e, 0x68,
    0x0e, 0xb4, 0x0f, 0x28, 0x0f, 0xa6, 0x0f, 0xe6, 0x10, 0x12, 0x10, 0x54, 0x10, 0x90, 0x10, 0xaa,
    0x11, 0x2a, 0x11, 0x76, 0x11, 0xb6, 0x12, 0x0a, 0x12, 0x38, 0x12, 0x7c, 0x12, 0xc0, 0x13, 0x1a,
    0x13, 0x74, 0x13, 0xd0, 0x14, 0x2a, 0x14, 0xd4, 0x15, 0x3c, 0x15, 0xa8, 0x15, 0xcc, 0x16, 0x04,
    0x16, 0x36, 0x16, 0x60, 0x16, 0xb0, 0x16, 0xfe, 0x17, 0x52, 0x17, 0xa6, 0x18, 0x02, 0x18, 0x2e,
    0x18, 0x6a, 0x18, 0x96, 0x18, 0xb0, 0x18, 0xe0, 0x18, 0xfe, 0x19, 0x28, 0x19, 0x68, 0x19, 0x94,
    0x19, 0xc4, 0x19, 0xda, 0x19, 0xee, 0x1a, 0x36, 0x1a, 0x68, 0x1a, 0xb8, 0x1a, 0xf6, 0x1b, 0x5e,
    0x1b, 0xb4, 0x1c, 0x32, 0x1c, 0x94, 0x1c, 0xe2, 0x1d, 0x1c, 0x1d, 0x44, 0x1d, 0x6c, 0x1d, 0x94,
    0x1d, 0xbc, 0x1d, 0xe6, 0x1e, 0x2e, 0x1e, 0x76, 0x1e, 0xc0, 0x1f, 0x62, 0x1f, 0xd2, 0x20, 0x46,
    0x20, 0xbe, 0x21, 0x32, 0x21, 0x76, 0x21, 0xb8, 0x22, 0x40, 0x22, 0x96, 0x22, 0xb8, 0x23, 0x0e,
    0x23, 0x22, 0x23, 0x38, 0x23, 0x7a, 0x23, 0xc2, 0x23, 0xe0, 0x24, 0x02, 0x24, 0x30, 0x24, 0x5e,
    0x24, 0x96, 0x24, 0xe2, 0x25, 0x34, 0x25, 0x60, 0x25, 0xbc, 0x26, 0x14, 0x26, 0x7e, 0x26, 0xe6,
    0x27, 0x50, 0x27, 0xbc, 0x27, 0xf8, 0x28, 0x34, 0x28, 0x70, 0x28, 0xac, 0x29, 0xa0, 0x29, 0xcc,
    0x2a, 0x26, 0x2a, 0x4a, 0x2a, 0x84, 0x2b, 0x0a, 0x2b, 0x7a, 0x2c, 0x08, 0x2c, 0x68, 0x2c, 0xba,
    0x2c, 0xec, 0x2d, 0x1c, 0x2d, 0x88, 0x2d, 0xf4, 0x2e, 0x28, 0x2e, 0x66, 0x2e, 0xa2, 0x2e, 0xd8,
    0x2f, 0x0e, 0x2f, 0x46, 0x2f, 0x7e, 0x2f, 0xb2, 0x2f, 0xf8, 0x30, 0x3e, 0x30, 0x84, 0x30, 0xd2,
    0x31, 0x12, 0x31, 0x60, 0x31, 0xae, 0x31, 0xe8, 0x32, 0x24, 0x32, 0x5e, 0x32, 0x9a, 0x32, 0xde,
    0x33, 0x22, 0x33, 0x3e, 0x33, 0x68, 0x33, 0xb6, 0x34, 0x18, 0x34, 0x60, 0x34, 0xa8, 0x34, 0xd2,
    0x35, 0x2c, 0x35, 0x9e, 0x35, 0xe8, 0x36, 0x3e, 0x36, 0x7c, 0x36, 0xdc, 0x37, 0x1a, 0x37, 0x4e,
    0x37, 0x92, 0x37, 0xd4, 0x38, 0x10, 0x38, 0x42, 0x38, 0x86, 0x38, 0xc8, 0x39, 0x0a, 0x39, 0x4a,
    0x39, 0x88, 0x39, 0xcc, 0x3a, 0x1c, 0x3a, 0x6c, 0x3a, 0x9a, 0x3a, 0xde, 0x3b, 0xa0, 0x3b, 0xdc,
    0x3c, 0x18, 0x3c, 0x50, 0x3c, 0xa2, 0x3c, 0xf8, 0x3d, 0x32, 0x3d, 0xec, 0x3e, 0x3a, 0x3e, 0x8c,
    0x3e, 0xd4, 0x3f, 0x28, 0x3f, 0x6e, 0x3f, 0xaa, 0x3f, 0xfa, 0x40, 0x48, 0x40, 0x80, 0x40, 0xc6,
    0x41, 0x02, 0x41, 0x7e, 0x42, 0x18, 0x42, 0xa8, 0x42, 0xee, 0x43, 0x18, 0x43, 0x42, 0x43, 0x76,
    0x43, 0xa0, 0x43, 0xca, 0x44, 0x10, 0x44, 0x60, 0x44, 0xae, 0x44, 0xf6, 0x45, 0x5a, 0x45, 0xb6,
    0x46, 0x06, 0x46, 0x74, 0x46, 0xb4, 0x46, 0xf6, 0x47, 0x36, 0x47, 0x76, 0x47, 0xb6, 0x47, 0xf6,
    0x48, 0x16, 0x48, 0x32, 0x48, 0x4e, 0x48, 0x6a, 0x48, 0x86, 0x48, 0xcc, 0x49, 0x12, 0x49, 0x38,
    0x49, 0x5e, 0x49, 0x84, 0x49, 0xaa, 0x4a, 0x02, 0x4a, 0x2e, 0x4a, 0x52, 0x00, 0x01, 0x00, 0x00,
    0x01, 0x17, 0x00, 0xa7, 0x00, 0x11, 0x00, 0x00, 0x00, 0x00, 0x00, 0x02, 0x00, 0x00, 0x00, 0x01,
    0x00, 0x01, 0x00, 0x00, 0x00, 0x40, 0x00, 0x2e, 0x00, 0x00, 0x00, 0x00, 0x00, 0x00, 0x00, 0x10,
    0x00, 0xc6, 0x00, 0x01, 0x00, 0x00, 0x00, 0x00, 0x00, 0x13, 0x00, 0x12, 0x00, 0x00, 0x00, 0x03,
    0x00, 0x01, 0x04, 0x09, 0x00, 0x00, 0x00, 0x6a, 0x00, 0x12, 0x00, 0x03, 0x00, 0x01, 0x04, 0x09,
    0x00, 0x01, 0x00, 0x28, 0x00, 0x7c, 0x00, 0x03, 0x00, 0x01, 0x04, 0x09, 0x00, 0x02, 0x00, 0x0e,
    0x00, 0xa4, 0x00, 0x03, 0x00, 0x01, 0x04, 0x09, 0x00, 0x03, 0x00, 0x4c, 0x00, 0xb2, 0x00, 0x03,
    0x00, 0x01, 0x04, 0x09, 0x00, 0x04, 0x00, 0x38, 0x00, 0xfe, 0x00, 0x03, 0x00, 0x01, 0x04, 0x09,
    0x00, 0x05, 0x00, 0x78, 0x01, 0x36, 0x00, 0x03, 0x00, 0x01, 0x04, 0x09, 0x00, 0x06, 0x00, 0x36,
    0x01, 0xae, 0x00, 0x03, 0x00, 0x01, 0x04, 0x09, 0x00, 0x08, 0x00, 0x16, 0x01, 0xe4, 0x00, 0x03,
    0x00, 0x01, 0x04, 0x09, 0x00, 0x09, 0x00, 0x16, 0x01, 0xfa, 0x00, 0x03, 0x00, 0x01, 0x04, 0x09,
    0x00, 0x0b, 0x00, 0x24, 0x02, 0x10, 0x00, 0x03, 0x00, 0x01, 0x04, 0x09, 0x00, 0x0c, 0x00, 0x24,
    0x02, 0x34, 0x00, 0x03, 0x00, 0x01, 0x04, 0x09, 0x00, 0x13, 0x00, 0x24, 0x02, 0x58, 0x00, 0x03,
    0x00, 0x01, 0x04, 0x09, 0x00, 0xc8, 0x00, 0x16, 0x02, 0x7c, 0x00, 0x03, 0x00, 0x01, 0x04, 0x09,
    0x00, 0xc9, 0x00, 0x30, 0x02, 0x92, 0x00, 0x03, 0x00, 0x01, 0x04, 0x09, 0xd9, 0x03, 0x00, 0x1a,
    0x02, 0xc2, 0x77, 0x77, 0x77, 0x2e, 0x67, 0x6c, 0x79, 0x70, 0x68, 0x69, 0x63, 0x6f, 0x6e, 0x73,
    0x2e, 0x63, 0x6f, 0x6d, 0x00, 0x43, 0x00, 0x6f, 0x00, 0x70, 0x00, 0x79, 0x00, 0x72, 0x00, 0x69,
    0x00, 0x67, 0x00, 0x68, 0x00, 0x74, 0x00, 0x20, 0x00, 0xa9, 0x00, 0x20, 0x00, 0x32, 0x00, 0x30,
    0x00, 0x31, 0x00, 0x34, 0x00, 0x20, 0x00, 0x62, 0x00, 0x79, 0x00, 0x20, 0x00, 0x4a, 0x00, 0x61,
    0x00, 0x6e, 0x00, 0x20, 0x00, 0x4b, 0x00, 0x6f, 0x00, 0x76, 0x00, 0x61, 0x00, 0x72, 0x00, 0x69,
    0x00, 0x6b, 0x00, 0x2e, 0x00, 0x20, 0x00, 0x41, 0x00, 0x6c, 0x00, 0x6c, 0x00, 0x20, 0x00, 0x72,
    0x00, 0x69, 0x00, 0x67, 0x00, 0x68, 0x00, 0x74, 0x00, 0x73, 0x00, 0x20, 0x00, 0x72, 0x00, 0x65,
    0x00, 0x73, 0x00, 0x65, 0x00, 0x72, 0x00, 0x76, 0x00, 0x65, 0x00, 0x64, 0x00, 0x2e, 0x00, 0x47,
    0x00, 0x4c, 0x00, 0x59, 0x00, 0x50, 0x00, 0x48, 0x00, 0x49, 0x00, 0x43, 0x00, 0x4f, 0x00, 0x4e,
    0x00, 0x53, 0x00, 0x20, 0x00, 0x48, 0x00, 0x61, 0x00, 0x6c, 0x00, 0x66, 0x00, 0x6c, 0x00, 0x69,
    0x00, 0x6e, 0x00, 0x67, 0x00, 0x73, 0x00, 0x52, 0x00, 0x65, 0x00, 0x67, 0x00, 0x75, 0x00, 0x6c,
    0x00, 0x61, 0x00, 0x72, 0x00, 0x31, 0x00, 0x2e, 0x00, 0x30, 0x00, 0x30, 0x00, 0x39, 0x00, 0x3b,
    0x00, 0x55, 0x00, 0x4b, 0x00, 0x57, 0x00, 0x4e, 0x00, 0x3b, 0x00, 0x47, 0x00, 0x4c, 0x00, 0x59,
    0x00, 0x50, 0x00, 0x48, 0x00, 0x49, 0x00, 0x43, 0x00, 0x4f, 0x00, 0x4e, 0x00, 0x53, 0x00, 0x48,
    0x00, 0x61, 0x00, 0x6c, 0x00, 0x66, 0x00, 0x6c, 0x00, 0x69, 0x00, 0x6e, 0x00, 0x67, 0x00, 0x73,
    0x00, 0x2d, 0x00, 0x52, 0x00, 0x65, 0x00, 0x67, 0x00, 0x75, 0x00, 0x6c, 0x00, 0x61, 0x00, 0x72,
    0x00, 0x47, 0x00, 0x4c, 0x00, 0x59, 0x00, 0x50, 0x00, 0x48, 0x00, 0x49, 0x00, 0x43, 0x00, 0x4f,
    0x00, 0x4e, 0x00, 0x53, 0x00, 0x20, 0x00, 0x48, 0x00, 0x61, 0x00, 0x6c, 0x00, 0x66, 0x00, 0x6c,
    0x00, 0x69, 0x00, 0x6e, 0x00, 0x67, 0x00, 0x73, 0x00, 0x20, 0x00, 0x52, 0x00, 0x65, 0x00, 0x67,
    0x00, 0x75, 0x00, 0x6c, 0x00, 0x61, 0x00, 0x72, 0x00, 0x56, 0x00, 0x65, 0x00, 0x72, 0x00, 0x73,
    0x00, 0x69, 0x00, 0x6f, 0x00, 0x6e, 0x00, 0x20, 0x00, 0x31, 0x00, 0x2e, 0x00, 0x30, 0x00, 0x30,
    0x00, 0x39, 0x00, 0x3b, 0x00, 0x50, 0x00, 0x53, 0x00, 0x20, 0x00, 0x30, 0x00, 0x30, 0x00, 0x31,
    0x00, 0x2e, 0x00, 0x30, 0x00, 0x30, 0x00, 0x39, 0x00, 0x3b, 0x00, 0x68, 0x00, 0x6f, 0x00, 0x74,
    0x00, 0x63, 0x00, 0x6f, 0x00, 0x6e, 0x00, 0x76, 0x00, 0x20, 0x00, 0x31, 0x00, 0x2e, 0x00, 0x30,
    0x00, 0x2e, 0x00, 0x37, 0x00, 0x30, 0x00, 0x3b, 0x00, 0x6d, 0x00, 0x61, 0x00, 0x6b, 0x00, 0x65,
    0x00, 0x6f, 0x00, 0x74, 0x00, 0x66, 0x00, 0x2e, 0x00, 0x6c, 0x00, 0x69, 0x00, 0x62, 0x00, 0x32,
    0x00, 0x2e, 0x00, 0x35, 0x00, 0x2e, 0x00, 0x35, 0x00, 0x38, 0x00, 0x33, 0x00, 0x32, 0x00, 0x39,
    0x00, 0x47, 0x00, 0x4c, 0x00, 0x59, 0x00, 0x50, 0x00, 0x48, 0x00, 0x49, 0x00, 0x43, 0x00, 0x4f,
    0x00, 0x4e, 0x00, 0x53, 0x00, 0x48, 0x00, 0x61, 0x00, 0x6c, 0x00, 0x66, 0x00, 0x6c, 0x00, 0x69,
    0x00, 0x6e, 0x00, 0x67, 0x00, 0x73, 0x00, 0x2d, 0x00, 0x52, 0x00, 0x65, 0x00, 0x67, 0x00, 0x75,
    0x00, 0x6c, 0x00, 0x61, 0x00, 0x72, 0x00, 0x4a, 0x00, 0x61, 0x00, 0x6e, 0x00, 0x20, 0x00, 0x4b,
    0x00, 0x6f, 0x00, 0x76, 0x00, 0x61, 0x00, 0x72, 0x00, 0x69, 0x00, 0x6b, 0x00, 0x4a, 0x00, 0x61,
    0x00, 0x6e, 0x00, 0x20, 0x00, 0x4b, 0x00, 0x6f, 0x00, 0x76, 0x00, 0x61, 0x00, 0x72, 0x00, 0x69,
    0x00, 0x6b, 0x00, 0x77, 0x00, 0x77, 0x00, 0x77, 0x00, 0x2e, 0x00, 0x67, 0x00, 0x6c, 0x00, 0x79,
    0x00, 0x70, 0x00, 0x68, 0x00, 0x69, 0x00, 0x63, 0x00, 0x6f, 0x00, 0x6e, 0x00, 0x73, 0x00, 0x2e,
    0x00, 0x63, 0x00, 0x6f, 0x00, 0x6d, 0x00, 0x77, 0x00, 0x77, 0x00, 0x77, 0x00, 0x2e, 0x00, 0x67,
    0x00, 0x6c, 0x00, 0x79, 0x00, 0x70, 0x00, 0x68, 0x00, 0x69, 0x00, 0x63, 0x00, 0x6f, 0x00, 0x6e,
    0x00, 0x73, 0x00, 0x2e, 0x00, 0x63, 0x00, 0x6f, 0x00, 0x6d, 0x00, 0x77, 0x00, 0x77, 0x00, 0x77,
    0x00, 0x2e, 0x00, 0x67, 0x00, 0x6c, 0x00, 0x79, 0x00, 0x70, 0x00, 0x68, 0x00, 0x69, 0x00, 0x63,
    0x00, 0x6f, 0x00, 0x6e, 0x00, 0x73, 0x00, 0x2e, 0x00, 0x63, 0x00, 0x6f, 0x00, 0x6d, 0x00, 0x57,
    0x00, 0x65, 0x00, 0x62, 0x00, 0x66, 0x00, 0x6f, 0x00, 0x6e, 0x00, 0x74, 0x00, 0x20, 0x00, 0x31,
    0x00, 0x2e, 0x00, 0x30, 0x00, 0x57, 0x00, 0x65, 0x00, 0x64, 0x00, 0x20, 0x00, 0x4f, 0x00, 0x63,
    0x00, 0x74, 0x00, 0x20, 0x00, 0x32, 0x00, 0x39, 0x00, 0x20, 0x00, 0x30, 0x00, 0x36, 0x00, 0x3a,
    0x00, 0x33, 0x00, 0x36, 0x00, 0x3a, 0x00, 0x30, 0x00, 0x37, 0x00, 0x20, 0x00, 0x32, 0x00, 0x30,
    0x00, 0x31, 0x00, 0x34, 0x00, 0x46, 0x00, 0x6f, 0x00, 0x6e, 0x00, 0x74, 0x00, 0x20, 0x00, 0x53,
    0x00, 0x71, 0x00, 0x75, 0x00, 0x69, 0x00, 0x72, 0x00, 0x72, 0x00, 0x65, 0x00, 0x6c, 0x00, 0x00,
    0x00, 0x02, 0x00, 0x00, 0x00, 0x00, 0x00, 0x00, 0xff, 0xb5, 0x00, 0x32, 0x00, 0x00, 0x00, 0x00,
    0x00, 0x00, 0x00, 0x00, 0x00, 0x00, 0x00, 0x00, 0x00, 0x00, 0x00, 0x00, 0x00, 0x00, 0x00, 0x00,
    0x01, 0x17, 0x00, 0x00, 0x01, 0x02, 0x01, 0x03, 0x00, 0x03, 0x00, 0x0d, 0x00, 0x0e, 0x01, 0x04,
    0x00, 0x96, 0x01, 0x05, 0x01, 0x06, 0x01, 0x07, 0x01, 0x08, 0x01, 0x09, 0x01, 0x0a, 0x01, 0x0b,
    0x01, 0x0c, 0x01, 0x0d, 0x01, 0x0e, 0x01, 0x0f, 0x01, 0x10, 0x01, 0x11, 0x01, 0x12, 0x01, 0x13,
    0x00, 0xef, 0x01, 0x14, 0x01, 0x15, 0x01, 0x16, 0x01, 0x17, 0x01, 0x18, 0x01, 0x19, 0x01, 0x1a,
    0x01, 0x1b, 0x01, 0x1c, 0x01, 0x1d, 0x01, 0x1e, 0x01, 0x1f, 0x01, 0x20, 0x01, 0x21, 0x01, 0x22,
    0x01, 0x23, 0x01, 0x24, 0x01, 0x25, 0x01, 0x26, 0x01, 0x27, 0x01, 0x28, 0x01, 0x29, 0x01, 0x2a,
    0x01, 0x2b, 0x01, 0x2c, 0x01, 0x2d, 0x01, 0x2e, 0x01, 0x2f, 0x01, 0x30, 0x01, 0x31, 0x01, 0x32,
    0x01, 0x33, 0x01, 0x34, 0x01, 0x35, 0x01, 0x36, 0x01, 0x37, 0x01, 0x38, 0x01, 0x39, 0x01, 0x3a,
    0x01, 0x3b, 0x01, 0x3c, 0x01, 0x3d, 0x01, 0x3e, 0x01, 0x3f, 0x01, 0x40, 0x01, 0x41, 0x01, 0x42,
    0x01, 0x43, 0x01, 0x44, 0x01, 0x45, 0x01, 0x46, 0x01, 0x47, 0x01, 0x48, 0x01, 0x49, 0x01, 0x4a,
    0x01, 0x4b, 0x01, 0x4c, 0x01, 0x4d, 0x01, 0x4e, 0x01, 0x4f, 0x01, 0x50, 0x01, 0x51, 0x01, 0x52,
    0x01, 0x53, 0x01, 0x54, 0x01, 0x55, 0x01, 0x56, 0x01, 0x57, 0x01, 0x58, 0x01, 0x59, 0x01, 0x5a,
    0x01, 0x5b, 0x01, 0x5c, 0x01, 0x5d, 0x01, 0x5e, 0x01, 0x5f, 0x01, 0x60, 0x01, 0x61, 0x01, 0x62,
    0x01, 0x63, 0x01, 0x64, 0x01, 0x65, 0x01, 0x66, 0x01, 0x67, 0x01, 0x68, 0x01, 0x69, 0x01, 0x6a,
    0x01, 0x6b, 0x01, 0x6c, 0x01, 0x6d, 0x01, 0x6e, 0x01, 0x6f, 0x01, 0x70, 0x01, 0x71, 0x01, 0x72,
    0x01, 0x73, 0x01, 0x74, 0x01, 0x75, 0x01, 0x76, 0x01, 0x77, 0x01, 0x78, 0x01, 0x79, 0x01, 0x7a,
    0x01, 0x7b, 0x01, 0x7c, 0x01, 0x7d, 0x01, 0x7e, 0x01, 0x7f, 0x01, 0x80, 0x01, 0x81, 0x01, 0x82,
    0x01, 0x83, 0x01, 0x84, 0x01, 0x85, 0x01, 0x86, 0x01, 0x87, 0x01, 0x88, 0x01, 0x89, 0x01, 0x8a,
    0x01, 0x8b, 0x01, 0x8c, 0x01, 0x8d, 0x01, 0x8e, 0x01, 0x8f, 0x01, 0x90, 0x01, 0x91, 0x01, 0x92,
    0x01, 0x93, 0x01, 0x94, 0x01, 0x95, 0x01, 0x96, 0x01, 0x97, 0x01, 0x98, 0x01, 0x99, 0x01, 0x9a,
    0x01, 0x9b, 0x01, 0x9c, 0x01, 0x9d, 0x01, 0x9e, 0x01, 0x9f, 0x01, 0xa0, 0x01, 0xa1, 0x01, 0xa2,
    0x01, 0xa3, 0x01, 0xa4, 0x01, 0xa5, 0x01, 0xa6, 0x01, 0xa7, 0x01, 0xa8, 0x01, 0xa9, 0x01, 0xaa,
    0x01, 0xab, 0x01, 0xac, 0x01, 0xad, 0x01, 0xae, 0x01, 0xaf, 0x01, 0xb0, 0x01, 0xb1, 0x01, 0xb2,
    0x01, 0xb3, 0x01, 0xb4, 0x01, 0xb5, 0x01, 0xb6, 0x01, 0xb7, 0x01, 0xb8, 0x01, 0xb9, 0x01, 0xba,
    0x01, 0xbb, 0x01, 0xbc, 0x01, 0xbd, 0x01, 0xbe, 0x01, 0xbf, 0x01, 0xc0, 0x01, 0xc1, 0x01, 0xc2,
    0x01, 0xc3, 0x01, 0xc4, 0x01, 0xc5, 0x01, 0xc6, 0x01, 0xc7, 0x01, 0xc8, 0x01, 0xc9, 0x01, 0xca,
    0x01, 0xcb, 0x01, 0xcc, 0x01, 0xcd, 0x01, 0xce, 0x01, 0xcf, 0x01, 0xd0, 0x01, 0xd1, 0x01, 0xd2,
    0x01, 0xd3, 0x01, 0xd4, 0x01, 0xd5, 0x01, 0xd6, 0x01, 0xd7, 0x01, 0xd8, 0x01, 0xd9, 0x01, 0xda,
    0x01, 0xdb, 0x01, 0xdc, 0x01, 0xdd, 0x01, 0xde, 0x01, 0xdf, 0x01, 0xe0, 0x01, 0xe1, 0x01, 0xe2,
    0x01, 0xe3, 0x01, 0xe4, 0x01, 0xe5, 0x01, 0xe6, 0x01, 0xe7, 0x01, 0xe8, 0x01, 0xe9, 0x01, 0xea,
    0x01, 0xeb, 0x01, 0xec, 0x01, 0xed, 0x01, 0xee, 0x01, 0xef, 0x01, 0xf0, 0x01, 0xf1, 0x01, 0xf2,
    0x01, 0xf3, 0x01, 0xf4, 0x01, 0xf5, 0x01, 0xf6, 0x01, 0xf7, 0x01, 0xf8, 0x01, 0xf9, 0x01, 0xfa,
    0x01, 0xfb, 0x01, 0xfc, 0x01, 0xfd, 0x01, 0xfe, 0x01, 0xff, 0x02, 0x00, 0x02, 0x01, 0x02, 0x02,
    0x02, 0x03, 0x02, 0x04, 0x02, 0x05, 0x02, 0x06, 0x02, 0x07, 0x02, 0x08, 0x02, 0x09, 0x02, 0x0a,
    0x02, 0x0b, 0x02, 0x0c, 0x02, 0x0d, 0x02, 0x0e, 0x02, 0x0f, 0x02, 0x10, 0x02, 0x11, 0x02, 0x12,
    0x06, 0x67, 0x6c, 0x79, 0x70, 0x68, 0x31, 0x06, 0x67, 0x6c, 0x79, 0x70, 0x68, 0x32, 0x07, 0x75,
    0x6e, 0x69, 0x30, 0x30, 0x41, 0x30, 0x07, 0x75, 0x6e, 0x69, 0x32, 0x30, 0x30, 0x30, 0x07, 0x75,
    0x6e, 0x69, 0x32, 0x30, 0x30, 0x31, 0x07, 0x75, 0x6e, 0x69, 0x32, 0x30, 0x30, 0x32, 0x07, 0x75,
    0x6e, 0x69, 0x32, 0x30, 0x30, 0x33, 0x07, 0x75, 0x6e, 0x69, 0x32, 0x30, 0x30, 0x34, 0x07, 0x75,
    0x6e, 0x69, 0x32, 0x30, 0x30, 0x35, 0x07, 0x75, 0x6e, 0x69, 0x32, 0x30, 0x30, 0x36, 0x07, 0x75,
    0x6e, 0x69, 0x32, 0x30, 0x30, 0x37, 0x07, 0x75, 0x6e, 0x69, 0x32, 0x30, 0x30, 0x38, 0x07, 0x75,
    0x6e, 0x69, 0x32, 0x30, 0x30, 0x39, 0x07, 0x75, 0x6e, 0x69, 0x32, 0x30, 0x30, 0x41, 0x07, 0x75,
    0x6e, 0x69, 0x32, 0x30, 0x32, 0x46, 0x07, 0x75, 0x6e, 0x69, 0x32, 0x30, 0x35, 0x46, 0x04, 0x45,
    0x75, 0x72, 0x6f, 0x07, 0x75, 0x6e, 0x69, 0x32, 0x30, 0x42, 0x44, 0x07, 0x75, 0x6e, 0x69, 0x32,
    0x33, 0x31, 0x42, 0x07, 0x75, 0x6e, 0x69, 0x32, 0x35, 0x46, 0x43, 0x07, 0x75, 0x6e, 0x69, 0x32,
    0x36, 0x30, 0x31, 0x07, 0x75, 0x6e, 0x69, 0x32, 0x36, 0x46, 0x41, 0x07, 0x75, 0x6e, 0x69, 0x32,
    0x37, 0x30, 0x39, 0x07, 0x75, 0x6e, 0x69, 0x32, 0x37, 0x30, 0x46, 0x07, 0x75, 0x6e, 0x69, 0x45,
    0x30, 0x30, 0x31, 0x07, 0x75, 0x6e, 0x69, 0x45, 0x30, 0x30, 0x32, 0x07, 0x75, 0x6e, 0x69, 0x45,
    0x30, 0x30, 0x33, 0x07, 0x75, 0x6e, 0x69, 0x45, 0x30, 0x30, 0x35, 0x07, 0x75, 0x6e, 0x69, 0x45,
    0x30, 0x30, 0x36, 0x07, 0x75, 0x6e, 0x69, 0x45, 0x30, 0x30, 0x37, 0x07, 0x75, 0x6e, 0x69, 0x45,
    0x30, 0x30, 0x38, 0x07, 0x75, 0x6e, 0x69, 0x45, 0x30, 0x30, 0x39, 0x07, 0x75, 0x6e, 0x69, 0x45,
    0x30, 0x31, 0x30, 0x07, 0x75, 0x6e, 0x69, 0x45, 0x30, 0x31, 0x31, 0x07, 0x75, 0x6e, 0x69, 0x45,
    0x30, 0x31, 0x32, 0x07, 0x75, 0x6e, 0x69, 0x45, 0x30, 0x31, 0x33, 0x07, 0x75, 0x6e, 0x69, 0x45,
    0x30, 0x31, 0x34, 0x07, 0x75, 0x6e, 0x69, 0x45, 0x30, 0x31, 0x35, 0x07, 0x75, 0x6e, 0x69, 0x45,
    0x30, 0x31, 0x36, 0x07, 0x75, 0x6e, 0x69, 0x45, 0x30, 0x31, 0x37, 0x07, 0x75, 0x6e, 0x69, 0x45,
    0x30, 0x31, 0x38, 0x07, 0x75, 0x6e, 0x69, 0x45, 0x30, 0x31, 0x39, 0x07, 0x75, 0x6e, 0x69, 0x45,
    0x30, 0x32, 0x30, 0x07, 0x75, 0x6e, 0x69, 0x45, 0x30, 0x32, 0x31, 0x07, 0x75, 0x6e, 0x69, 0x45,
    0x30, 0x32, 0x32, 0x07, 0x75, 0x6e, 0x69, 0x45, 0x30, 0x32, 0x33, 0x07, 0x75, 0x6e, 0x69, 0x45,
    0x30, 0x32, 0x34, 0x07, 0x75, 0x6e, 0x69, 0x45, 0x30, 0x32, 0x35, 0x07, 0x75, 0x6e, 0x69, 0x45,
    0x30, 0x32, 0x36, 0x07, 0x75, 0x6e, 0x69, 0x45, 0x30, 0x32, 0x37, 0x07, 0x75, 0x6e, 0x69, 0x45,
    0x30, 0x32, 0x38, 0x07, 0x75, 0x6e, 0x69, 0x45, 0x30, 0x32, 0x39, 0x07, 0x75, 0x6e, 0x69, 0x45,
    0x30, 0x33, 0x30, 0x07, 0x75, 0x6e, 0x69, 0x45, 0x30, 0x33, 0x31, 0x07, 0x75, 0x6e, 0x69, 0x45,
    0x30, 0x33, 0x32, 0x07, 0x75, 0x6e, 0x69, 0x45, 0x30, 0x33, 0x33, 0x07, 0x75, 0x6e, 0x69, 0x45,
    0x30, 0x33, 0x34, 0x07, 0x75, 0x6e, 0x69, 0x45, 0x30, 0x33, 0x35, 0x07, 0x75, 0x6e, 0x69, 0x45,
    0x30, 0x33, 0x36, 0x07, 0x75, 0x6e, 0x69, 0x45, 0x30, 0x33, 0x37, 0x07, 0x75, 0x6e, 0x69, 0x45,
    0x30, 0x33, 0x38, 0x07, 0x75, 0x6e, 0x69, 0x45, 0x30, 0x33, 0x39, 0x07, 0x75, 0x6e, 0x69, 0x45,
    0x30, 0x34, 0x30, 0x07, 0x75, 0x6e, 0x69, 0x45, 0x30, 0x34, 0x31, 0x07, 0x75, 0x6e, 0x69, 0x45,
    0x30, 0x34, 0x32, 0x07, 0x75, 0x6e, 0x69, 0x45, 0x30, 0x34, 0x33, 0x07, 0x75, 0x6e, 0x69, 0x45,
    0x30, 0x34, 0x34, 0x07, 0x75, 0x6e, 0x69, 0x45, 0x30, 0x34, 0x35, 0x07, 0x75, 0x6e, 0x69, 0x45,
    0x30, 0x34, 0x36, 0x07, 0x75, 0x6e, 0x69, 0x45, 0x30, 0x34, 0x37, 0x07, 0x75, 0x6e, 0x69, 0x45,
    0x30, 0x34, 0x38, 0x07, 0x75, 0x6e, 0x69, 0x45, 0x30, 0x34, 0x39, 0x07, 0x75, 0x6e, 0x69, 0x45,
    0x30, 0x35, 0x30, 0x07, 0x75, 0x6e, 0x69, 0x45, 0x30, 0x35, 0x31, 0x07, 0x75, 0x6e, 0x69, 0x45,
    0x30, 0x35, 0x32, 0x07, 0x75, 0x6e, 0x69, 0x45, 0x30, 0x35, 0x33, 0x07, 0x75, 0x6e, 0x69, 0x45,
    0x30, 0x35, 0x34, 0x07, 0x75, 0x6e, 0x69, 0x45, 0x30, 0x35, 0x35, 0x07, 0x75, 0x6e, 0x69, 0x45,
    0x30, 0x35, 0x36, 0x07, 0x75, 0x6e, 0x69, 0x45, 0x30, 0x35, 0x37, 0x07, 0x75, 0x6e, 0x69, 0x45,
    0x30, 0x35, 0x38, 0x07, 0x75, 0x6e, 0x69, 0x45, 0x30, 0x35, 0x39, 0x07, 0x75, 0x6e, 0x69, 0x45,
    0x30, 0x36, 0x30, 0x07, 0x75, 0x6e, 0x69, 0x45, 0x30, 0x36, 0x32, 0x07, 0x75, 0x6e, 0x69, 0x45,
    0x30, 0x36, 0x33, 0x07, 0x75, 0x6e, 0x69, 0x45, 0x30, 0x36, 0x34, 0x07, 0x75, 0x6e, 0x69, 0x45,
    0x30, 0x36, 0x35, 0x07, 0x75, 0x6e, 0x69, 0x45, 0x30, 0x36, 0x36, 0x07, 0x75, 0x6e, 0x69, 0x45,
    0x30, 0x36, 0x37, 0x07, 0x75, 0x6e, 0x69, 0x45, 0x30, 0x36, 0x38, 0x07, 0x75, 0x6e, 0x69, 0x45,
    0x30, 0x36, 0x39, 0x07, 0x75, 0x6e, 0x69, 0x45, 0x30, 0x37, 0x30, 0x07, 0x75, 0x6e, 0x69, 0x45,
    0x30, 0x37, 0x31, 0x07, 0x75, 0x6e, 0x69, 0x45, 0x30, 0x37, 0x32, 0x07, 0x75, 0x6e, 0x69, 0x45,
    0x30, 0x37, 0x33, 0x07, 0x75, 0x6e, 0x69, 0x45, 0x30, 0x37, 0x34, 0x07, 0x75, 0x6e, 0x69, 0x45,
    0x30, 0x37, 0x35, 0x07, 0x75, 0x6e, 0x69, 0x45, 0x30, 0x37, 0x36, 0x07, 0x75, 0x6e, 0x69, 0x45,
    0x30, 0x37, 0x37, 0x07, 0x75, 0x6e, 0x69, 0x45, 0x30, 0x37, 0x38, 0x07, 0x75, 0x6e, 0x69, 0x45,
    0x30, 0x37, 0x39, 0x07, 0x75, 0x6e, 0x69, 0x45, 0x30, 0x38, 0x30, 0x07, 0x75, 0x6e, 0x69, 0x45,
    0x30, 0x38, 0x31, 0x07, 0x75, 0x6e, 0x69, 0x45, 0x30, 0x38, 0x32, 0x07, 0x75, 0x6e, 0x69, 0x45,
    0x30, 0x38, 0x33, 0x07, 0x75, 0x6e, 0x69, 0x45, 0x30, 0x38, 0x34, 0x07, 0x75, 0x6e, 0x69, 0x45,
    0x30, 0x38, 0x35, 0x07, 0x75, 0x6e, 0x69, 0x45, 0x30, 0x38, 0x36, 0x07, 0x75, 0x6e, 0x69, 0x45,
    0x30, 0x38, 0x37, 0x07, 0x75, 0x6e, 0x69, 0x45, 0x30, 0x38, 0x38, 0x07, 0x75, 0x6e, 0x69, 0x45,
    0x30, 0x38, 0x39, 0x07, 0x75, 0x6e, 0x69, 0x45, 0x30, 0x39, 0x30, 0x07, 0x75, 0x6e, 0x69, 0x45,
    0x30, 0x39, 0x31, 0x07, 0x75, 0x6e, 0x69, 0x45, 0x30, 0x39, 0x32, 0x07, 0x75, 0x6e, 0x69, 0x45,
    0x30, 0x39, 0x33, 0x07, 0x75, 0x6e, 0x69, 0x45, 0x30, 0x39, 0x34, 0x07, 0x75, 0x6e, 0x69, 0x45,
    0x30, 0x39, 0x35, 0x07, 0x75, 0x6e, 0x69, 0x45, 0x30, 0x39, 0x36, 0x07, 0x75, 0x6e, 0x69, 0x45,
    0x30, 0x39, 0x37, 0x07, 0x75, 0x6e, 0x69, 0x45, 0x31, 0x30, 0x31, 0x07, 0x75, 0x6e, 0x69, 0x45,
    0x31, 0x30, 0x32, 0x07, 0x75, 0x6e, 0x69, 0x45, 0x31, 0x30, 0x33, 0x07, 0x75, 0x6e, 0x69, 0x45,
    0x31, 0x30, 0x34, 0x07, 0x75, 0x6e, 0x69, 0x45, 0x31, 0x30, 0x35, 0x07, 0x75, 0x6e, 0x69, 0x45,
    0x31, 0x30, 0x36, 0x07, 0x75, 0x6e, 0x69, 0x45, 0x31, 0x30, 0x37, 0x07, 0x75, 0x6e, 0x69, 0x45,
    0x31, 0x30, 0x38, 0x07, 0x75, 0x6e, 0x69, 0x45, 0x31, 0x30, 0x39, 0x07, 0x75, 0x6e, 0x69, 0x45,
    0x31, 0x31, 0x30, 0x07, 0x75, 0x6e, 0x69, 0x45, 0x31, 0x31, 0x31, 0x07, 0x75, 0x6e, 0x69, 0x45,
    0x31, 0x31, 0x32, 0x07, 0x75, 0x6e, 0x69, 0x45, 0x31, 0x31, 0x33, 0x07, 0x75, 0x6e, 0x69, 0x45,
    0x31, 0x31, 0x34, 0x07, 0x75, 0x6e, 0x69, 0x45, 0x31, 0x31, 0x35, 0x07, 0x75, 0x6e, 0x69, 0x45,
    0x31, 0x31, 0x36, 0x07, 0x75, 0x6e, 0x69, 0x45, 0x31, 0x31, 0x37, 0x07, 0x75, 0x6e, 0x69, 0x45,
    0x31, 0x31, 0x38, 0x07, 0x75, 0x6e, 0x69, 0x45, 0x31, 0x31, 0x39, 0x07, 0x75, 0x6e, 0x69, 0x45,
    0x31, 0x32, 0x30, 0x07, 0x75, 0x6e, 0x69, 0x45, 0x31, 0x32, 0x31, 0x07, 0x75, 0x6e, 0x69, 0x45,
    0x31, 0x32, 0x32, 0x07, 0x75, 0x6e, 0x69, 0x45, 0x31, 0x32, 0x33, 0x07, 0x75, 0x6e, 0x69, 0x45,
    0x31, 0x32, 0x34, 0x07, 0x75, 0x6e, 0x69, 0x45, 0x31, 0x32, 0x35, 0x07, 0x75, 0x6e, 0x69, 0x45,
    0x31, 0x32, 0x36, 0x07, 0x75, 0x6e, 0x69, 0x45, 0x31, 0x32, 0x37, 0x07, 0x75, 0x6e, 0x69, 0x45,
    0x31, 0x32, 0x38, 0x07, 0x75, 0x6e, 0x69, 0x45, 0x31, 0x32, 0x39, 0x07, 0x75, 0x6e, 0x69, 0x45,
    0x31, 0x33, 0x30, 0x07, 0x75, 0x6e, 0x69, 0x45, 0x31, 0x33, 0x31, 0x07, 0x75, 0x6e, 0x69, 0x45,
    0x31, 0x33, 0x32, 0x07, 0x75, 0x6e, 0x69, 0x45, 0x31, 0x33, 0x33, 0x07, 0x75, 0x6e, 0x69, 0x45,
    0x31, 0x33, 0x34, 0x07, 0x75, 0x6e, 0x69, 0x45, 0x31, 0x33, 0x35, 0x07, 0x75, 0x6e, 0x69, 0x45,
    0x31, 0x33, 0x36, 0x07, 0x75, 0x6e, 0x69, 0x45, 0x31, 0x33, 0x37, 0x07, 0x75, 0x6e, 0x69, 0x45,
    0x31, 0x33, 0x38, 0x07, 0x75, 0x6e, 0x69, 0x45, 0x31, 0x33, 0x39, 0x07, 0x75, 0x6e, 0x69, 0x45,
    0x31, 0x34, 0x30, 0x07, 0x75, 0x6e, 0x69, 0x45, 0x31, 0x34, 0x31, 0x07, 0x75, 0x6e, 0x69, 0x45,
    0x31, 0x34, 0x32, 0x07, 0x75, 0x6e, 0x69, 0x45, 0x31, 0x34, 0x33, 0x07, 0x75, 0x6e, 0x69, 0x45,
    0x31, 0x34, 0x34, 0x07, 0x75, 0x6e, 0x69, 0x45, 0x31, 0x34, 0x35, 0x07, 0x75, 0x6e, 0x69, 0x45,
    0x31, 0x34, 0x36, 0x07, 0x75, 0x6e, 0x69, 0x45, 0x31, 0x34, 0x38, 0x07, 0x75, 0x6e, 0x69, 0x45,
    0x31, 0x34, 0x39, 0x07, 0x75, 0x6e, 0x69, 0x45, 0x31, 0x35, 0x30, 0x07, 0x75, 0x6e, 0x69, 0x45,
    0x31, 0x35, 0x31, 0x07, 0x75, 0x6e, 0x69, 0x45, 0x31, 0x35, 0x32, 0x07, 0x75, 0x6e, 0x69, 0x45,
    0x31, 0x35, 0x33, 0x07, 0x75, 0x6e, 0x69, 0x45, 0x31, 0x35, 0x34, 0x07, 0x75, 0x6e, 0x69, 0x45,
    0x31, 0x35, 0x35, 0x07, 0x75, 0x6e, 0x69, 0x45, 0x31, 0x35, 0x36, 0x07, 0x75, 0x6e, 0x69, 0x45,
    0x31, 0x35, 0x37, 0x07, 0x75, 0x6e, 0x69, 0x45, 0x31, 0x35, 0x38, 0x07, 0x75, 0x6e, 0x69, 0x45,
    0x31, 0x35, 0x39, 0x07, 0x75, 0x6e, 0x69, 0x45, 0x31, 0x36, 0x30, 0x07, 0x75, 0x6e, 0x69, 0x45,
    0x31, 0x36, 0x31, 0x07, 0x75, 0x6e, 0x69, 0x45, 0x31, 0x36, 0x32, 0x07, 0x75, 0x6e, 0x69, 0x45,
    0x31, 0x36, 0x33, 0x07, 0x75, 0x6e, 0x69, 0x45, 0x31, 0x36, 0x34, 0x07, 0x75, 0x6e, 0x69, 0x45,
    0x31, 0x36, 0x35, 0x07, 0x75, 0x6e, 0x69, 0x45, 0x31, 0x36, 0x36, 0x07, 0x75, 0x6e, 0x69, 0x45,
    0x31, 0x36, 0x37, 0x07, 0x75, 0x6e, 0x69, 0x45, 0x31, 0x36, 0x38, 0x07, 0x75, 0x6e, 0x69, 0x45,
    0x31, 0x36, 0x39, 0x07, 0x75, 0x6e, 0x69, 0x45, 0x31, 0x37, 0x30, 0x07, 0x75, 0x6e, 0x69, 0x45,
    0x31, 0x37, 0x31, 0x07, 0x75, 0x6e, 0x69, 0x45, 0x31, 0x37, 0x32, 0x07, 0x75, 0x6e, 0x69, 0x45,
    0x31, 0x37, 0x33, 0x07, 0x75, 0x6e, 0x69, 0x45, 0x31, 0x37, 0x34, 0x07, 0x75, 0x6e, 0x69, 0x45,
    0x31, 0x37, 0x35, 0x07, 0x75, 0x6e, 0x69, 0x45, 0x31, 0x37, 0x36, 0x07, 0x75, 0x6e, 0x69, 0x45,
    0x31, 0x37, 0x37, 0x07, 0x75, 0x6e, 0x69, 0x45, 0x31, 0x37, 0x38, 0x07, 0x75, 0x6e, 0x69, 0x45,
    0x31, 0x37, 0x39, 0x07, 0x75, 0x6e, 0x69, 0x45, 0x31, 0x38, 0x30, 0x07, 0x75, 0x6e, 0x69, 0x45,
    0x31, 0x38, 0x31, 0x07, 0x75, 0x6e, 0x69, 0x45, 0x31, 0x38, 0x32, 0x07, 0x75, 0x6e, 0x69, 0x45,
    0x31, 0x38, 0x33, 0x07, 0x75, 0x6e, 0x69, 0x45, 0x31, 0x38, 0x34, 0x07, 0x75, 0x6e, 0x69, 0x45,
    0x31, 0x38, 0x35, 0x07, 0x75, 0x6e, 0x69, 0x45, 0x31, 0x38, 0x36, 0x07, 0x75, 0x6e, 0x69, 0x45,
    0x31, 0x38, 0x37, 0x07, 0x75, 0x6e, 0x69, 0x45, 0x31, 0x38, 0x38, 0x07, 0x75, 0x6e, 0x69, 0x45,
    0x31, 0x38, 0x39, 0x07, 0x75, 0x6e, 0x69, 0x45, 0x31, 0x39, 0x30, 0x07, 0x75, 0x6e, 0x69, 0x45,
    0x31, 0x39, 0x31, 0x07, 0x75, 0x6e, 0x69, 0x45, 0x31, 0x39, 0x32, 0x07, 0x75, 0x6e, 0x69, 0x45,
    0x31, 0x39, 0x33, 0x07, 0x75, 0x6e, 0x69, 0x45, 0x31, 0x39, 0x34, 0x07, 0x75, 0x6e, 0x69, 0x45,
    0x31, 0x39, 0x35, 0x07, 0x75, 0x6e, 0x69, 0x45, 0x31, 0x39, 0x37, 0x07, 0x75, 0x6e, 0x69, 0x45,
    0x31, 0x39, 0x38, 0x07, 0x75, 0x6e, 0x69, 0x45, 0x31, 0x39, 0x39, 0x07, 0x75, 0x6e, 0x69, 0x45,
    0x32, 0x30, 0x30, 0x07, 0x75, 0x6e, 0x69, 0x45, 0x32, 0x30, 0x31, 0x07, 0x75, 0x6e, 0x69, 0x45,
    0x32, 0x30, 0x32, 0x07, 0x75, 0x6e, 0x69, 0x45, 0x32, 0x30, 0x33, 0x07, 0x75, 0x6e, 0x69, 0x45,
    0x32, 0x30, 0x34, 0x07, 0x75, 0x6e, 0x69, 0x45, 0x32, 0x30, 0x35, 0x07, 0x75, 0x6e, 0x69, 0x45,
    0x32, 0x30, 0x36, 0x07, 0x75, 0x6e, 0x69, 0x45, 0x32, 0x30, 0x39, 0x07, 0x75, 0x6e, 0x69, 0x45,
    0x32, 0x31, 0x30, 0x07, 0x75, 0x6e, 0x69, 0x45, 0x32, 0x31, 0x31, 0x07, 0x75, 0x6e, 0x69, 0x45,
    0x32, 0x31, 0x32, 0x07, 0x75, 0x6e, 0x69, 0x45, 0x32, 0x31, 0x33, 0x07, 0x75, 0x6e, 0x69, 0x45,
    0x32, 0x31, 0x34, 0x07, 0x75, 0x6e, 0x69, 0x45, 0x32, 0x31, 0x35, 0x07, 0x75, 0x6e, 0x69, 0x45,
    0x32, 0x31, 0x36, 0x07, 0x75, 0x6e, 0x69, 0x45, 0x32, 0x31, 0x38, 0x07, 0x75, 0x6e, 0x69, 0x45,
    0x32, 0x31, 0x39, 0x07, 0x75, 0x6e, 0x69, 0x45, 0x32, 0x32, 0x31, 0x07, 0x75, 0x6e, 0x69, 0x45,
    0x32, 0x32, 0x33, 0x07, 0x75, 0x6e, 0x69, 0x45, 0x32, 0x32, 0x34, 0x07, 0x75, 0x6e, 0x69, 0x45,
    0x32, 0x32, 0x35, 0x07, 0x75, 0x6e, 0x69, 0x45, 0x32, 0x32, 0x36, 0x07, 0x75, 0x6e, 0x69, 0x45,
    0x32, 0x32, 0x37, 0x07, 0x75, 0x6e, 0x69, 0x45, 0x32, 0x33, 0x30, 0x07, 0x75, 0x6e, 0x69, 0x45,
    0x32, 0x33, 0x31, 0x07, 0x75, 0x6e, 0x69, 0x45, 0x32, 0x33, 0x32, 0x07, 0x75, 0x6e, 0x69, 0x45,
    0x32, 0x33, 0x33, 0x07, 0x75, 0x6e, 0x69, 0x45, 0x32, 0x33, 0x34, 0x07, 0x75, 0x6e, 0x69, 0x45,
    0x32, 0x33, 0x35, 0x07, 0x75, 0x6e, 0x69, 0x45, 0x32, 0x33, 0x36, 0x07, 0x75, 0x6e, 0x69, 0x45,
    0x32, 0x33, 0x37, 0x07, 0x75, 0x6e, 0x69, 0x45, 0x32, 0x33, 0x38, 0x07, 0x75, 0x6e, 0x69, 0x45,
    0x32, 0x33, 0x39, 0x07, 0x75, 0x6e, 0x69, 0x45, 0x32, 0x34, 0x30, 0x07, 0x75, 0x6e, 0x69, 0x45,
    0x32, 0x34, 0x31, 0x07, 0x75, 0x6e, 0x69, 0x45, 0x32, 0x34, 0x32, 0x07, 0x75, 0x6e, 0x69, 0x45,
    0x32, 0x34, 0x33, 0x07, 0x75, 0x6e, 0x69, 0x45, 0x32, 0x34, 0x34, 0x07, 0x75, 0x6e, 0x69, 0x45,
    0x32, 0x34, 0x35, 0x07, 0x75, 0x6e, 0x69, 0x45, 0x32, 0x34, 0x36, 0x07, 0x75, 0x6e, 0x69, 0x45,
    0x32, 0x34, 0x37, 0x07, 0x75, 0x6e, 0x69, 0x45, 0x32, 0x34, 0x38, 0x07, 0x75, 0x6e, 0x69, 0x45,
    0x32, 0x34, 0x39, 0x07, 0x75, 0x6e, 0x69, 0x45, 0x32, 0x35, 0x30, 0x07, 0x75, 0x6e, 0x69, 0x45,
    0x32, 0x35, 0x31, 0x07, 0x75, 0x6e, 0x69, 0x45, 0x32, 0x35, 0x32, 0x07, 0x75, 0x6e, 0x69, 0x45,
    0x32, 0x35, 0x33, 0x07, 0x75, 0x6e, 0x69, 0x45, 0x32, 0x35, 0x34, 0x07, 0x75, 0x6e, 0x69, 0x45,
    0x32, 0x35, 0x35, 0x07, 0x75, 0x6e, 0x69, 0x45, 0x32, 0x35, 0x36, 0x07, 0x75, 0x6e, 0x69, 0x45,
    0x32, 0x35, 0x37, 0x07, 0x75, 0x6e, 0x69, 0x45, 0x32, 0x35, 0x38, 0x07, 0x75, 0x6e, 0x69, 0x45,
    0x32, 0x35, 0x39, 0x07, 0x75, 0x6e, 0x69, 0x45, 0x32, 0x36, 0x30, 0x07, 0x75, 0x6e, 0x69, 0x46,
    0x38, 0x46, 0x46, 0x06, 0x75, 0x31, 0x46, 0x35, 0x31, 0x31, 0x06, 0x75, 0x31, 0x46, 0x36, 0x41,
    0x41, 0x00, 0x00, 0x00, 0x00, 0x01, 0x54, 0x50, 0xc3, 0x17, 0x00, 0x00
  };
  return (const char *)b;
} //::getBuffer()


